-2.000000000000000000e+00,6.000000000000000000e+00,2.000000000000000000e+00,-4.000000000000000000e+00,-7.000000000000000000e+00,-4.000000000000000000e+00,-8.000000000000000000e+00,-7.000000000000000000e+00,3.314208984375000000e-02,4.647216796875000000e-01,-1.583862304687500000e-01,8.704833984375000000e-01
-1.000000000000000000e+01,-1.300000000000000000e+01,-3.000000000000000000e+00,1.900000000000000000e+01,8.000000000000000000e+00,-2.000000000000000000e+00,4.000000000000000000e+00,2.000000000000000000e+00,3.314208984375000000e-02,4.647216796875000000e-01,-1.583862304687500000e-01,8.704833984375000000e-01
6.000000000000000000e+00,-3.000000000000000000e+00,-9.000000000000000000e+00,-3.900000000000000000e+01,-1.500000000000000000e+01,-2.000000000000000000e+00,-1.000000000000000000e+00,3.000000000000000000e+00,3.167724609375000000e-02,4.635620117187500000e-01,-1.589965820312500000e-01,8.710327148437500000e-01
8.000000000000000000e+00,2.000000000000000000e+00,7.000000000000000000e+00,3.000000000000000000e+00,6.000000000000000000e+00,3.000000000000000000e+00,2.000000000000000000e+00,1.000000000000000000e+00,3.167724609375000000e-02,4.635620117187500000e-01,-1.589965820312500000e-01,8.710327148437500000e-01
-4.000000000000000000e+00,-8.000000000000000000e+00,-9.000000000000000000e+00,1.000000000000000000e+00,-4.000000000000000000e+00,-1.000000000000000000e+00,-2.000000000000000000e+00,-4.000000000000000000e+00,3.167724609375000000e-02,4.635620117187500000e-01,-1.589965820312500000e-01,8.710327148437500000e-01
-4.000000000000000000e+00,1.100000000000000000e+01,6.000000000000000000e+00,-4.000000000000000000e+00,3.000000000000000000e+00,-3.000000000000000000e+00,5.000000000000000000e+00,1.000000000000000000e+00,3.167724609375000000e-02,4.635620117187500000e-01,-1.589965820312500000e-01,8.710327148437500000e-01
-5.000000000000000000e+00,-4.900000000000000000e+01,-1.700000000000000000e+01,-1.800000000000000000e+01,-1.200000000000000000e+01,-6.000000000000000000e+00,-6.000000000000000000e+00,-4.000000000000000000e+00,3.015136718750000000e-02,4.625244140625000000e-01,-1.591796875000000000e-01,8.716430664062500000e-01
6.000000000000000000e+00,4.700000000000000000e+01,1.400000000000000000e+01,9.000000000000000000e+00,-1.000000000000000000e+00,-3.000000000000000000e+00,-6.000000000000000000e+00,0.000000000000000000e+00,3.015136718750000000e-02,4.625244140625000000e-01,-1.591796875000000000e-01,8.716430664062500000e-01
-4.000000000000000000e+00,0.000000000000000000e+00,3.000000000000000000e+00,-1.500000000000000000e+01,-1.000000000000000000e+00,0.000000000000000000e+00,7.000000000000000000e+00,1.000000000000000000e+00,3.015136718750000000e-02,4.625244140625000000e-01,-1.591796875000000000e-01,8.716430664062500000e-01
8.000000000000000000e+00,1.000000000000000000e+00,-8.000000000000000000e+00,1.400000000000000000e+01,-3.000000000000000000e+00,-2.000000000000000000e+00,0.000000000000000000e+00,2.000000000000000000e+00,3.015136718750000000e-02,4.625244140625000000e-01,-1.591796875000000000e-01,8.716430664062500000e-01
0.000000000000000000e+00,-8.000000000000000000e+00,-4.000000000000000000e+00,1.000000000000000000e+00,4.000000000000000000e+00,-2.000000000000000000e+00,-2.000000000000000000e+00,-2.000000000000000000e+00,2.850341796875000000e-02,4.616088867187500000e-01,-1.594848632812500000e-01,8.721313476562500000e-01
-4.000000000000000000e+00,-1.800000000000000000e+01,-7.000000000000000000e+00,-1.000000000000000000e+01,-9.000000000000000000e+00,-2.000000000000000000e+00,0.000000000000000000e+00,-2.000000000000000000e+00,2.850341796875000000e-02,4.616088867187500000e-01,-1.594848632812500000e-01,8.721313476562500000e-01
-8.000000000000000000e+00,-3.000000000000000000e+00,-1.000000000000000000e+00,-3.000000000000000000e+00,2.000000000000000000e+00,-1.000000000000000000e+00,-5.000000000000000000e+00,-5.000000000000000000e+00,2.850341796875000000e-02,4.616088867187500000e-01,-1.594848632812500000e-01,8.721313476562500000e-01
1.000000000000000000e+00,0.000000000000000000e+00,8.000000000000000000e+00,-4.000000000000000000e+00,0.000000000000000000e+00,2.000000000000000000e+00,2.000000000000000000e+00,2.000000000000000000e+00,2.850341796875000000e-02,4.616088867187500000e-01,-1.594848632812500000e-01,8.721313476562500000e-01
-4.000000000000000000e+00,1.100000000000000000e+01,-2.000000000000000000e+00,-1.000000000000000000e+01,-6.000000000000000000e+00,-3.000000000000000000e+00,-4.000000000000000000e+00,-3.000000000000000000e+00,2.709960937500000000e-02,4.606323242187500000e-01,-1.599121093750000000e-01,8.726196289062500000e-01
-3.000000000000000000e+00,-1.000000000000000000e+01,-3.000000000000000000e+00,1.400000000000000000e+01,4.000000000000000000e+00,1.000000000000000000e+00,0.000000000000000000e+00,-1.000000000000000000e+00,2.709960937500000000e-02,4.606323242187500000e-01,-1.599121093750000000e-01,8.726196289062500000e-01
5.000000000000000000e+00,1.000000000000000000e+01,1.000000000000000000e+00,3.000000000000000000e+00,-2.000000000000000000e+00,-3.000000000000000000e+00,-3.000000000000000000e+00,-1.000000000000000000e+00,2.709960937500000000e-02,4.606323242187500000e-01,-1.599121093750000000e-01,8.726196289062500000e-01
-6.000000000000000000e+00,-3.700000000000000000e+01,-1.000000000000000000e+01,-1.900000000000000000e+01,-7.000000000000000000e+00,-1.000000000000000000e+00,-2.000000000000000000e+00,-4.000000000000000000e+00,2.709960937500000000e-02,4.606323242187500000e-01,-1.599121093750000000e-01,8.726196289062500000e-01
-3.000000000000000000e+00,1.900000000000000000e+01,1.300000000000000000e+01,6.000000000000000000e+00,4.000000000000000000e+00,0.000000000000000000e+00,-4.000000000000000000e+00,-2.000000000000000000e+00,2.630615234375000000e-02,4.597167968750000000e-01,-1.599731445312500000e-01,8.731079101562500000e-01
0.000000000000000000e+00,2.000000000000000000e+00,-5.000000000000000000e+00,-1.200000000000000000e+01,6.000000000000000000e+00,-1.000000000000000000e+00,-1.000000000000000000e+01,-2.000000000000000000e+00,2.630615234375000000e-02,4.597167968750000000e-01,-1.599731445312500000e-01,8.731079101562500000e-01
-9.000000000000000000e+00,1.400000000000000000e+01,1.200000000000000000e+01,1.000000000000000000e+01,1.000000000000000000e+00,2.000000000000000000e+00,1.200000000000000000e+01,5.000000000000000000e+00,2.630615234375000000e-02,4.597167968750000000e-01,-1.599731445312500000e-01,8.731079101562500000e-01
2.000000000000000000e+00,-5.000000000000000000e+00,-9.000000000000000000e+00,-4.000000000000000000e+00,-2.000000000000000000e+00,0.000000000000000000e+00,4.000000000000000000e+00,-4.000000000000000000e+00,2.630615234375000000e-02,4.597167968750000000e-01,-1.599731445312500000e-01,8.731079101562500000e-01
-1.000000000000000000e+00,1.900000000000000000e+01,1.000000000000000000e+00,7.000000000000000000e+00,-1.000000000000000000e+00,-3.000000000000000000e+00,-5.000000000000000000e+00,1.000000000000000000e+00,2.484130859375000000e-02,4.588623046875000000e-01,-1.594238281250000000e-01,8.737182617187500000e-01
-6.000000000000000000e+00,-2.500000000000000000e+01,-5.000000000000000000e+00,-1.000000000000000000e+01,-1.000000000000000000e+01,-2.000000000000000000e+00,-2.000000000000000000e+00,-2.000000000000000000e+00,2.484130859375000000e-02,4.588623046875000000e-01,-1.594238281250000000e-01,8.737182617187500000e-01
4.000000000000000000e+00,4.000000000000000000e+00,2.000000000000000000e+00,1.000000000000000000e+00,4.000000000000000000e+00,-2.000000000000000000e+00,-1.300000000000000000e+01,-3.000000000000000000e+00,2.484130859375000000e-02,4.588623046875000000e-01,-1.594238281250000000e-01,8.737182617187500000e-01
0.000000000000000000e+00,1.700000000000000000e+01,3.000000000000000000e+00,1.000000000000000000e+01,4.000000000000000000e+00,-1.000000000000000000e+00,3.000000000000000000e+00,0.000000000000000000e+00,2.484130859375000000e-02,4.588623046875000000e-01,-1.594238281250000000e-01,8.737182617187500000e-01
-3.000000000000000000e+00,4.000000000000000000e+00,2.000000000000000000e+00,5.000000000000000000e+00,2.000000000000000000e+00,1.000000000000000000e+00,0.000000000000000000e+00,-3.000000000000000000e+00,2.313232421875000000e-02,4.580078125000000000e-01,-1.587524414062500000e-01,8.743286132812500000e-01
0.000000000000000000e+00,-1.000000000000000000e+01,-7.000000000000000000e+00,-6.000000000000000000e+00,-8.000000000000000000e+00,-1.000000000000000000e+00,1.000000000000000000e+00,-1.000000000000000000e+00,2.313232421875000000e-02,4.580078125000000000e-01,-1.587524414062500000e-01,8.743286132812500000e-01
2.000000000000000000e+00,-4.000000000000000000e+00,-4.000000000000000000e+00,-3.000000000000000000e+00,-3.000000000000000000e+00,0.000000000000000000e+00,-4.000000000000000000e+00,-1.000000000000000000e+00,2.313232421875000000e-02,4.580078125000000000e-01,-1.587524414062500000e-01,8.743286132812500000e-01
-6.000000000000000000e+00,7.000000000000000000e+00,6.000000000000000000e+00,-7.000000000000000000e+00,-1.000000000000000000e+00,-1.000000000000000000e+00,1.000000000000000000e+00,-4.000000000000000000e+00,2.313232421875000000e-02,4.580078125000000000e-01,-1.587524414062500000e-01,8.743286132812500000e-01
-2.000000000000000000e+00,-1.800000000000000000e+01,-1.400000000000000000e+01,8.000000000000000000e+00,1.000000000000000000e+00,-3.000000000000000000e+00,-3.000000000000000000e+00,-1.000000000000000000e+00,2.203369140625000000e-02,4.573974609375000000e-01,-1.583862304687500000e-01,8.746948242187500000e-01
-2.000000000000000000e+00,1.700000000000000000e+01,7.000000000000000000e+00,-2.000000000000000000e+00,-2.000000000000000000e+00,-1.000000000000000000e+00,2.000000000000000000e+00,-3.000000000000000000e+00,2.203369140625000000e-02,4.573974609375000000e-01,-1.583862304687500000e-01,8.746948242187500000e-01
1.000000000000000000e+01,-1.000000000000000000e+00,-3.000000000000000000e+00,-1.100000000000000000e+01,-3.000000000000000000e+00,1.000000000000000000e+00,0.000000000000000000e+00,8.000000000000000000e+00,2.203369140625000000e-02,4.573974609375000000e-01,-1.583862304687500000e-01,8.746948242187500000e-01
-2.000000000000000000e+00,1.900000000000000000e+01,7.000000000000000000e+00,9.000000000000000000e+00,0.000000000000000000e+00,1.000000000000000000e+00,3.000000000000000000e+00,2.000000000000000000e+00,2.203369140625000000e-02,4.573974609375000000e-01,-1.583862304687500000e-01,8.746948242187500000e-01
1.000000000000000000e+00,6.000000000000000000e+00,6.000000000000000000e+00,3.000000000000000000e+00,3.000000000000000000e+00,1.000000000000000000e+00,-1.000000000000000000e+00,-1.000000000000000000e+00,2.124023437500000000e-02,4.568481445312500000e-01,-1.580200195312500000e-01,8.751220703125000000e-01
-6.000000000000000000e+00,-1.200000000000000000e+01,-6.000000000000000000e+00,4.000000000000000000e+00,6.000000000000000000e+00,1.000000000000000000e+00,3.000000000000000000e+00,-2.000000000000000000e+00,2.124023437500000000e-02,4.568481445312500000e-01,-1.580200195312500000e-01,8.751220703125000000e-01
-4.000000000000000000e+00,-5.000000000000000000e+00,-2.000000000000000000e+00,-8.000000000000000000e+00,-3.000000000000000000e+00,-2.000000000000000000e+00,-1.000000000000000000e+00,-3.000000000000000000e+00,2.124023437500000000e-02,4.568481445312500000e-01,-1.580200195312500000e-01,8.751220703125000000e-01
0.000000000000000000e+00,-1.300000000000000000e+01,-5.000000000000000000e+00,-1.000000000000000000e+00,-2.000000000000000000e+00,-3.000000000000000000e+00,-8.000000000000000000e+00,-2.000000000000000000e+00,2.124023437500000000e-02,4.568481445312500000e-01,-1.580200195312500000e-01,8.751220703125000000e-01
-1.000000000000000000e+00,-4.000000000000000000e+00,-9.000000000000000000e+00,1.000000000000000000e+00,-2.000000000000000000e+00,0.000000000000000000e+00,-2.000000000000000000e+00,2.000000000000000000e+00,2.020263671875000000e-02,4.562988281250000000e-01,-1.574707031250000000e-01,8.754882812500000000e-01
4.000000000000000000e+00,3.000000000000000000e+00,8.000000000000000000e+00,2.000000000000000000e+01,8.000000000000000000e+00,3.000000000000000000e+00,4.000000000000000000e+00,1.400000000000000000e+01,2.020263671875000000e-02,4.562988281250000000e-01,-1.574707031250000000e-01,8.754882812500000000e-01
-1.200000000000000000e+01,-2.000000000000000000e+01,-8.000000000000000000e+00,1.000000000000000000e+01,-1.000000000000000000e+00,-8.000000000000000000e+00,-1.000000000000000000e+01,-2.100000000000000000e+01,2.020263671875000000e-02,4.562988281250000000e-01,-1.574707031250000000e-01,8.754882812500000000e-01
5.000000000000000000e+00,-8.000000000000000000e+00,-7.000000000000000000e+00,-2.100000000000000000e+01,-1.000000000000000000e+01,-7.000000000000000000e+00,-2.000000000000000000e+00,-4.000000000000000000e+00,2.020263671875000000e-02,4.562988281250000000e-01,-1.574707031250000000e-01,8.754882812500000000e-01
-2.500000000000000000e+01,-1.000000000000000000e+00,-2.700000000000000000e+01,-2.800000000000000000e+01,-7.000000000000000000e+00,-9.000000000000000000e+00,-4.000000000000000000e+00,-2.000000000000000000e+00,1.885986328125000000e-02,4.560546875000000000e-01,-1.567993164062500000e-01,8.757934570312500000e-01
3.100000000000000000e+01,-4.000000000000000000e+00,3.200000000000000000e+01,2.900000000000000000e+01,1.000000000000000000e+01,-8.000000000000000000e+00,1.000000000000000000e+00,1.600000000000000000e+01,1.885986328125000000e-02,4.560546875000000000e-01,-1.567993164062500000e-01,8.757934570312500000e-01
-6.000000000000000000e+01,-2.500000000000000000e+01,-2.700000000000000000e+01,-1.400000000000000000e+01,-1.800000000000000000e+01,-1.000000000000000000e+00,-1.800000000000000000e+01,-4.000000000000000000e+01,1.885986328125000000e-02,4.560546875000000000e-01,-1.567993164062500000e-01,8.757934570312500000e-01
-4.000000000000000000e+01,1.500000000000000000e+01,5.100000000000000000e+01,4.500000000000000000e+01,1.300000000000000000e+01,2.500000000000000000e+01,2.500000000000000000e+01,3.100000000000000000e+01,1.885986328125000000e-02,4.560546875000000000e-01,-1.567993164062500000e-01,8.757934570312500000e-01
2.400000000000000000e+01,-1.800000000000000000e+01,6.000000000000000000e+00,-3.800000000000000000e+01,-1.000000000000000000e+00,8.000000000000000000e+00,1.300000000000000000e+01,-7.000000000000000000e+00,1.672363281250000000e-02,4.561767578125000000e-01,-1.559448242187500000e-01,8.759155273437500000e-01
-7.000000000000000000e+00,1.200000000000000000e+01,-3.200000000000000000e+01,1.000000000000000000e+00,-3.000000000000000000e+00,-1.900000000000000000e+01,1.900000000000000000e+01,-5.000000000000000000e+00,1.672363281250000000e-02,4.561767578125000000e-01,-1.559448242187500000e-01,8.759155273437500000e-01
1.200000000000000000e+01,-8.000000000000000000e+00,-2.100000000000000000e+01,-3.200000000000000000e+01,-1.100000000000000000e+01,-2.400000000000000000e+01,-6.000000000000000000e+01,4.000000000000000000e+00,1.672363281250000000e-02,4.561767578125000000e-01,-1.559448242187500000e-01,8.759155273437500000e-01
-2.300000000000000000e+01,8.000000000000000000e+00,-2.900000000000000000e+01,-5.000000000000000000e+00,0.000000000000000000e+00,-1.400000000000000000e+01,-1.700000000000000000e+01,-1.700000000000000000e+01,1.672363281250000000e-02,4.561767578125000000e-01,-1.559448242187500000e-01,8.759155273437500000e-01
-3.000000000000000000e+00,-1.100000000000000000e+01,5.000000000000000000e+00,2.800000000000000000e+01,1.200000000000000000e+01,3.700000000000000000e+01,2.400000000000000000e+01,2.000000000000000000e+01,1.361083984375000000e-02,4.574584960937500000e-01,-1.567993164062500000e-01,8.751220703125000000e-01
5.000000000000000000e+00,0.000000000000000000e+00,2.100000000000000000e+01,-1.000000000000000000e+00,-3.000000000000000000e+00,4.000000000000000000e+00,1.000000000000000000e+00,-8.000000000000000000e+00,1.361083984375000000e-02,4.574584960937500000e-01,-1.567993164062500000e-01,8.751220703125000000e-01
2.700000000000000000e+01,1.200000000000000000e+01,8.000000000000000000e+00,2.000000000000000000e+00,5.000000000000000000e+00,4.000000000000000000e+00,2.100000000000000000e+01,-1.000000000000000000e+00,1.361083984375000000e-02,4.574584960937500000e-01,-1.567993164062500000e-01,8.751220703125000000e-01
-1.000000000000000000e+00,-1.500000000000000000e+01,-2.500000000000000000e+01,-2.400000000000000000e+01,-1.100000000000000000e+01,-1.500000000000000000e+01,-1.300000000000000000e+01,-7.000000000000000000e+00,1.361083984375000000e-02,4.574584960937500000e-01,-1.567993164062500000e-01,8.751220703125000000e-01
1.200000000000000000e+01,1.400000000000000000e+01,-4.000000000000000000e+00,2.300000000000000000e+01,3.000000000000000000e+00,-9.000000000000000000e+00,-1.500000000000000000e+01,8.000000000000000000e+00,1.470947265625000000e-02,4.580078125000000000e-01,-1.584472656250000000e-01,8.745117187500000000e-01
-7.000000000000000000e+00,-1.200000000000000000e+01,-2.000000000000000000e+01,3.000000000000000000e+00,-4.000000000000000000e+00,-1.600000000000000000e+01,-2.600000000000000000e+01,-9.000000000000000000e+00,1.470947265625000000e-02,4.580078125000000000e-01,-1.584472656250000000e-01,8.745117187500000000e-01
-2.000000000000000000e+00,1.000000000000000000e+01,1.800000000000000000e+01,-7.700000000000000000e+01,-1.000000000000000000e+01,-1.800000000000000000e+01,-2.000000000000000000e+00,3.000000000000000000e+00,1.470947265625000000e-02,4.580078125000000000e-01,-1.584472656250000000e-01,8.745117187500000000e-01
2.000000000000000000e+01,8.000000000000000000e+00,1.200000000000000000e+01,-8.000000000000000000e+00,3.000000000000000000e+00,3.100000000000000000e+01,2.600000000000000000e+01,1.200000000000000000e+01,1.470947265625000000e-02,4.580078125000000000e-01,-1.584472656250000000e-01,8.745117187500000000e-01
-8.000000000000000000e+00,9.000000000000000000e+00,2.200000000000000000e+01,2.700000000000000000e+01,-5.000000000000000000e+00,-3.400000000000000000e+01,-2.600000000000000000e+01,-1.700000000000000000e+01,1.971435546875000000e-02,4.586181640625000000e-01,-1.597900390625000000e-01,8.739013671875000000e-01
-7.000000000000000000e+00,-2.000000000000000000e+00,2.900000000000000000e+01,7.300000000000000000e+01,-1.100000000000000000e+01,-5.400000000000000000e+01,-4.100000000000000000e+01,-9.000000000000000000e+00,1.971435546875000000e-02,4.586181640625000000e-01,-1.597900390625000000e-01,8.739013671875000000e-01
4.600000000000000000e+01,-1.300000000000000000e+01,-7.500000000000000000e+01,-3.500000000000000000e+01,1.500000000000000000e+01,3.800000000000000000e+01,5.000000000000000000e+01,1.700000000000000000e+01,1.971435546875000000e-02,4.586181640625000000e-01,-1.597900390625000000e-01,8.739013671875000000e-01
-3.400000000000000000e+01,0.000000000000000000e+00,4.200000000000000000e+01,-1.000000000000000000e+00,5.000000000000000000e+00,9.100000000000000000e+01,5.500000000000000000e+01,-1.000000000000000000e+01,1.971435546875000000e-02,4.586181640625000000e-01,-1.597900390625000000e-01,8.739013671875000000e-01
-1.600000000000000000e+01,-4.000000000000000000e+00,-6.000000000000000000e+00,1.600000000000000000e+01,-7.000000000000000000e+00,8.000000000000000000e+00,1.300000000000000000e+01,2.000000000000000000e+01,2.319335937500000000e-02,4.590454101562500000e-01,-1.602783203125000000e-01,8.734741210937500000e-01
-2.000000000000000000e+00,1.100000000000000000e+01,-4.400000000000000000e+01,-3.400000000000000000e+01,1.000000000000000000e+00,-2.000000000000000000e+00,-2.300000000000000000e+01,1.100000000000000000e+01,2.319335937500000000e-02,4.590454101562500000e-01,-1.602783203125000000e-01,8.734741210937500000e-01
-2.000000000000000000e+00,1.100000000000000000e+01,9.000000000000000000e+00,7.300000000000000000e+01,1.000000000000000000e+00,-4.700000000000000000e+01,-2.200000000000000000e+01,-1.000000000000000000e+00,2.319335937500000000e-02,4.590454101562500000e-01,-1.602783203125000000e-01,8.734741210937500000e-01
2.300000000000000000e+01,-1.100000000000000000e+01,-3.200000000000000000e+01,-2.600000000000000000e+01,-1.000000000000000000e+00,-3.600000000000000000e+01,-2.700000000000000000e+01,-1.700000000000000000e+01,2.319335937500000000e-02,4.590454101562500000e-01,-1.602783203125000000e-01,8.734741210937500000e-01
-8.000000000000000000e+00,-6.000000000000000000e+00,7.900000000000000000e+01,4.600000000000000000e+01,1.500000000000000000e+01,5.100000000000000000e+01,3.800000000000000000e+01,-1.000000000000000000e+00,2.539062500000000000e-02,4.591064453125000000e-01,-1.625976562500000000e-01,8.729858398437500000e-01
-5.700000000000000000e+01,-6.000000000000000000e+00,6.000000000000000000e+00,-2.400000000000000000e+01,-6.000000000000000000e+00,8.000000000000000000e+00,4.000000000000000000e+00,-2.200000000000000000e+01,2.539062500000000000e-02,4.591064453125000000e-01,-1.625976562500000000e-01,8.729858398437500000e-01
1.100000000000000000e+01,0.000000000000000000e+00,2.800000000000000000e+01,7.000000000000000000e+00,4.000000000000000000e+00,5.000000000000000000e+00,2.000000000000000000e+00,1.100000000000000000e+01,2.539062500000000000e-02,4.591064453125000000e-01,-1.625976562500000000e-01,8.729858398437500000e-01
4.000000000000000000e+00,1.100000000000000000e+01,-2.100000000000000000e+01,-1.700000000000000000e+01,-5.000000000000000000e+00,-2.400000000000000000e+01,-1.800000000000000000e+01,-6.000000000000000000e+00,2.539062500000000000e-02,4.591064453125000000e-01,-1.625976562500000000e-01,8.729858398437500000e-01
-2.000000000000000000e+00,4.000000000000000000e+00,-1.800000000000000000e+01,5.000000000000000000e+00,-5.000000000000000000e+00,-2.300000000000000000e+01,-1.800000000000000000e+01,-2.000000000000000000e+00,2.954101562500000000e-02,4.592285156250000000e-01,-1.621093750000000000e-01,8.728637695312500000e-01
1.600000000000000000e+01,-8.000000000000000000e+00,-1.800000000000000000e+01,-2.800000000000000000e+01,1.000000000000000000e+00,1.400000000000000000e+01,1.500000000000000000e+01,7.000000000000000000e+00,2.954101562500000000e-02,4.592285156250000000e-01,-1.621093750000000000e-01,8.728637695312500000e-01
-6.000000000000000000e+00,2.400000000000000000e+01,5.400000000000000000e+01,8.000000000000000000e+00,-1.000000000000000000e+00,1.500000000000000000e+01,9.000000000000000000e+00,1.000000000000000000e+00,2.954101562500000000e-02,4.592285156250000000e-01,-1.621093750000000000e-01,8.728637695312500000e-01
-9.000000000000000000e+00,-3.500000000000000000e+01,-3.800000000000000000e+01,1.000000000000000000e+00,-4.100000000000000000e+01,-3.000000000000000000e+01,-1.600000000000000000e+01,2.000000000000000000e+00,2.954101562500000000e-02,4.592285156250000000e-01,-1.621093750000000000e-01,8.728637695312500000e-01
1.700000000000000000e+01,1.500000000000000000e+01,1.900000000000000000e+01,4.600000000000000000e+01,7.300000000000000000e+01,9.000000000000000000e+00,-4.000000000000000000e+00,-4.000000000000000000e+00,3.265380859375000000e-02,4.618530273437500000e-01,-1.585693359375000000e-01,8.720092773437500000e-01
1.000000000000000000e+01,-1.400000000000000000e+01,-4.000000000000000000e+01,-1.700000000000000000e+01,0.000000000000000000e+00,2.200000000000000000e+01,1.400000000000000000e+01,3.000000000000000000e+00,3.265380859375000000e-02,4.618530273437500000e-01,-1.585693359375000000e-01,8.720092773437500000e-01
-7.000000000000000000e+00,7.000000000000000000e+00,2.700000000000000000e+01,2.000000000000000000e+01,0.000000000000000000e+00,3.000000000000000000e+00,8.000000000000000000e+00,2.000000000000000000e+00,3.265380859375000000e-02,4.618530273437500000e-01,-1.585693359375000000e-01,8.720092773437500000e-01
1.700000000000000000e+01,1.000000000000000000e+00,1.500000000000000000e+01,-2.800000000000000000e+01,-2.500000000000000000e+01,-1.300000000000000000e+01,-1.300000000000000000e+01,1.000000000000000000e+00,3.265380859375000000e-02,4.618530273437500000e-01,-1.585693359375000000e-01,8.720092773437500000e-01
1.000000000000000000e+00,-8.000000000000000000e+00,-3.200000000000000000e+01,-3.700000000000000000e+01,-3.000000000000000000e+00,-3.000000000000000000e+00,-5.000000000000000000e+00,-5.000000000000000000e+00,3.363037109375000000e-02,4.638061523437500000e-01,-1.542358398437500000e-01,8.717041015625000000e-01
-4.000000000000000000e+00,-1.400000000000000000e+01,-5.200000000000000000e+01,-2.000000000000000000e+00,4.000000000000000000e+00,1.600000000000000000e+01,1.200000000000000000e+01,-3.000000000000000000e+00,3.363037109375000000e-02,4.638061523437500000e-01,-1.542358398437500000e-01,8.717041015625000000e-01
-3.000000000000000000e+00,3.200000000000000000e+01,1.110000000000000000e+02,8.500000000000000000e+01,2.000000000000000000e+01,8.000000000000000000e+00,-1.000000000000000000e+00,2.000000000000000000e+00,3.363037109375000000e-02,4.638061523437500000e-01,-1.542358398437500000e-01,8.717041015625000000e-01
-2.000000000000000000e+00,-4.000000000000000000e+01,-5.700000000000000000e+01,-4.200000000000000000e+01,-1.400000000000000000e+01,-1.400000000000000000e+01,-1.000000000000000000e+01,0.000000000000000000e+00,3.363037109375000000e-02,4.638061523437500000e-01,-1.542358398437500000e-01,8.717041015625000000e-01
-1.000000000000000000e+00,1.100000000000000000e+01,4.900000000000000000e+01,4.500000000000000000e+01,-1.400000000000000000e+01,-1.000000000000000000e+01,-7.000000000000000000e+00,-9.000000000000000000e+00,2.789306640625000000e-02,4.655761718750000000e-01,-1.531982421875000000e-01,8.711547851562500000e-01
5.000000000000000000e+00,1.800000000000000000e+01,1.600000000000000000e+01,-3.500000000000000000e+01,-1.000000000000000000e+00,3.000000000000000000e+00,5.000000000000000000e+00,5.000000000000000000e+00,2.789306640625000000e-02,4.655761718750000000e-01,-1.531982421875000000e-01,8.711547851562500000e-01
0.000000000000000000e+00,-1.100000000000000000e+01,-1.700000000000000000e+01,1.900000000000000000e+01,-8.000000000000000000e+00,-4.000000000000000000e+00,-1.000000000000000000e+00,-2.000000000000000000e+00,2.789306640625000000e-02,4.655761718750000000e-01,-1.531982421875000000e-01,8.711547851562500000e-01
7.000000000000000000e+00,1.000000000000000000e+01,-3.700000000000000000e+01,1.000000000000000000e+01,1.700000000000000000e+01,3.000000000000000000e+00,-1.000000000000000000e+00,6.000000000000000000e+00,2.789306640625000000e-02,4.655761718750000000e-01,-1.531982421875000000e-01,8.711547851562500000e-01
-1.000000000000000000e+00,-4.000000000000000000e+00,-2.700000000000000000e+01,-4.500000000000000000e+01,-2.100000000000000000e+01,-1.000000000000000000e+01,-1.000000000000000000e+00,-3.000000000000000000e+00,1.812744140625000000e-02,4.646606445312500000e-01,-1.530761718750000000e-01,8.719482421875000000e-01
1.000000000000000000e+00,-7.000000000000000000e+00,-2.000000000000000000e+00,-7.000000000000000000e+00,-9.000000000000000000e+00,1.000000000000000000e+00,0.000000000000000000e+00,-2.000000000000000000e+00,1.812744140625000000e-02,4.646606445312500000e-01,-1.530761718750000000e-01,8.719482421875000000e-01
1.200000000000000000e+01,-2.000000000000000000e+00,-5.300000000000000000e+01,-1.000000000000000000e+01,1.000000000000000000e+00,5.000000000000000000e+00,4.000000000000000000e+00,4.000000000000000000e+00,2.038574218750000000e-02,4.599609375000000000e-01,-1.573486328125000000e-01,8.735961914062500000e-01
0.000000000000000000e+00,2.000000000000000000e+01,2.800000000000000000e+01,4.100000000000000000e+01,2.100000000000000000e+01,4.000000000000000000e+00,1.000000000000000000e+00,0.000000000000000000e+00,2.038574218750000000e-02,4.599609375000000000e-01,-1.573486328125000000e-01,8.735961914062500000e-01
-7.000000000000000000e+00,-2.100000000000000000e+01,-3.200000000000000000e+01,-2.200000000000000000e+01,-1.600000000000000000e+01,-9.000000000000000000e+00,-6.000000000000000000e+00,-5.000000000000000000e+00,2.038574218750000000e-02,4.599609375000000000e-01,-1.573486328125000000e-01,8.735961914062500000e-01
1.000000000000000000e+00,3.000000000000000000e+00,1.700000000000000000e+01,-1.500000000000000000e+01,-5.000000000000000000e+00,0.000000000000000000e+00,2.000000000000000000e+00,-3.000000000000000000e+00,2.038574218750000000e-02,4.599609375000000000e-01,-1.573486328125000000e-01,8.735961914062500000e-01
-5.000000000000000000e+00,-8.000000000000000000e+00,1.000000000000000000e+01,-1.000000000000000000e+01,2.000000000000000000e+00,3.000000000000000000e+00,7.000000000000000000e+00,2.100000000000000000e+01,2.856445312500000000e-02,4.550781250000000000e-01,-1.614990234375000000e-01,8.751831054687500000e-01
3.000000000000000000e+00,7.000000000000000000e+00,1.100000000000000000e+01,2.400000000000000000e+01,1.500000000000000000e+01,1.000000000000000000e+00,-3.000000000000000000e+00,-6.000000000000000000e+00,2.856445312500000000e-02,4.550781250000000000e-01,-1.614990234375000000e-01,8.751831054687500000e-01
0.000000000000000000e+00,1.400000000000000000e+01,1.400000000000000000e+01,1.900000000000000000e+01,-1.100000000000000000e+01,-1.100000000000000000e+01,-1.100000000000000000e+01,-3.000000000000000000e+00,2.856445312500000000e-02,4.550781250000000000e-01,-1.614990234375000000e-01,8.751831054687500000e-01
-5.000000000000000000e+00,-7.000000000000000000e+00,9.200000000000000000e+01,-1.500000000000000000e+01,-1.100000000000000000e+01,-2.000000000000000000e+00,-6.000000000000000000e+00,-6.000000000000000000e+00,2.856445312500000000e-02,4.550781250000000000e-01,-1.614990234375000000e-01,8.751831054687500000e-01
-9.000000000000000000e+00,-9.000000000000000000e+00,-3.200000000000000000e+01,-4.100000000000000000e+01,-5.000000000000000000e+00,-5.000000000000000000e+00,8.000000000000000000e+00,-2.000000000000000000e+00,3.503417968750000000e-02,4.537963867187500000e-01,-1.615600585937500000e-01,8.756103515625000000e-01
7.000000000000000000e+00,1.300000000000000000e+01,4.700000000000000000e+01,6.100000000000000000e+01,8.000000000000000000e+00,1.500000000000000000e+01,6.000000000000000000e+00,1.000000000000000000e+00,3.503417968750000000e-02,4.537963867187500000e-01,-1.615600585937500000e-01,8.756103515625000000e-01
6.000000000000000000e+00,-1.000000000000000000e+00,-8.500000000000000000e+01,-1.800000000000000000e+01,4.000000000000000000e+00,8.000000000000000000e+00,9.000000000000000000e+00,5.000000000000000000e+00,3.503417968750000000e-02,4.537963867187500000e-01,-1.615600585937500000e-01,8.756103515625000000e-01
-6.000000000000000000e+00,-1.200000000000000000e+01,4.700000000000000000e+01,-5.100000000000000000e+01,-1.700000000000000000e+01,-1.300000000000000000e+01,-1.100000000000000000e+01,-7.000000000000000000e+00,3.503417968750000000e-02,4.537963867187500000e-01,-1.615600585937500000e-01,8.756103515625000000e-01
0.000000000000000000e+00,-5.000000000000000000e+00,-4.100000000000000000e+01,6.000000000000000000e+00,-2.000000000000000000e+00,-2.000000000000000000e+00,-4.000000000000000000e+00,-4.000000000000000000e+00,3.491210937500000000e-02,4.549560546875000000e-01,-1.589355468750000000e-01,8.754882812500000000e-01
-1.000000000000000000e+00,-1.300000000000000000e+01,8.400000000000000000e+01,3.000000000000000000e+01,8.000000000000000000e+00,-1.000000000000000000e+01,-6.000000000000000000e+00,-2.000000000000000000e+00,3.491210937500000000e-02,4.549560546875000000e-01,-1.589355468750000000e-01,8.754882812500000000e-01
2.000000000000000000e+00,3.000000000000000000e+00,-3.000000000000000000e+00,-2.200000000000000000e+01,-8.000000000000000000e+00,-3.000000000000000000e+00,-5.000000000000000000e+00,-2.000000000000000000e+00,3.491210937500000000e-02,4.549560546875000000e-01,-1.589355468750000000e-01,8.754882812500000000e-01
2.000000000000000000e+00,5.000000000000000000e+00,-2.300000000000000000e+01,3.700000000000000000e+01,5.000000000000000000e+00,2.000000000000000000e+00,5.000000000000000000e+00,2.000000000000000000e+00,3.491210937500000000e-02,4.549560546875000000e-01,-1.589355468750000000e-01,8.754882812500000000e-01
4.000000000000000000e+00,-6.000000000000000000e+00,-6.000000000000000000e+00,-1.500000000000000000e+01,-5.000000000000000000e+00,-1.000000000000000000e+00,-5.000000000000000000e+00,2.000000000000000000e+00,3.436279296875000000e-02,4.552001953125000000e-01,-1.575927734375000000e-01,8.756103515625000000e-01
-9.000000000000000000e+00,-4.000000000000000000e+00,-4.000000000000000000e+01,-7.000000000000000000e+00,0.000000000000000000e+00,-1.000000000000000000e+01,8.000000000000000000e+00,-1.000000000000000000e+01,3.436279296875000000e-02,4.552001953125000000e-01,-1.575927734375000000e-01,8.756103515625000000e-01
-2.600000000000000000e+01,-9.000000000000000000e+00,-8.000000000000000000e+00,-3.200000000000000000e+01,-1.800000000000000000e+01,-3.500000000000000000e+01,-4.700000000000000000e+01,-9.000000000000000000e+00,3.436279296875000000e-02,4.552001953125000000e-01,-1.575927734375000000e-01,8.756103515625000000e-01
1.400000000000000000e+01,2.000000000000000000e+00,1.800000000000000000e+01,2.700000000000000000e+01,6.000000000000000000e+00,1.000000000000000000e+00,2.700000000000000000e+01,9.000000000000000000e+00,3.436279296875000000e-02,4.552001953125000000e-01,-1.575927734375000000e-01,8.756103515625000000e-01
5.000000000000000000e+00,-5.000000000000000000e+00,1.200000000000000000e+01,-4.000000000000000000e+00,1.000000000000000000e+00,3.700000000000000000e+01,-2.000000000000000000e+00,0.000000000000000000e+00,3.405761718750000000e-02,4.550781250000000000e-01,-1.563110351562500000e-01,8.759155273437500000e-01
-1.900000000000000000e+01,1.000000000000000000e+00,-7.700000000000000000e+01,3.000000000000000000e+00,7.000000000000000000e+00,-3.000000000000000000e+00,2.000000000000000000e+00,1.900000000000000000e+01,3.405761718750000000e-02,4.550781250000000000e-01,-1.563110351562500000e-01,8.759155273437500000e-01
-2.000000000000000000e+00,4.000000000000000000e+00,1.020000000000000000e+02,3.000000000000000000e+01,-1.000000000000000000e+00,-1.000000000000000000e+00,3.000000000000000000e+00,-2.000000000000000000e+01,3.405761718750000000e-02,4.550781250000000000e-01,-1.563110351562500000e-01,8.759155273437500000e-01
-5.000000000000000000e+00,-1.000000000000000000e+01,-4.000000000000000000e+01,5.300000000000000000e+01,1.400000000000000000e+01,2.400000000000000000e+01,1.700000000000000000e+01,6.000000000000000000e+00,3.405761718750000000e-02,4.550781250000000000e-01,-1.563110351562500000e-01,8.759155273437500000e-01
1.000000000000000000e+01,1.200000000000000000e+01,-8.000000000000000000e+00,-5.200000000000000000e+01,-8.000000000000000000e+00,-8.000000000000000000e+00,8.000000000000000000e+00,-8.000000000000000000e+00,3.649902343750000000e-02,4.570922851562500000e-01,-1.561889648437500000e-01,8.748168945312500000e-01
1.000000000000000000e+00,-1.000000000000000000e+00,1.600000000000000000e+01,-1.800000000000000000e+01,-2.000000000000000000e+00,-4.000000000000000000e+00,-1.500000000000000000e+01,1.000000000000000000e+01,3.649902343750000000e-02,4.570922851562500000e-01,-1.561889648437500000e-01,8.748168945312500000e-01
0.000000000000000000e+00,-7.000000000000000000e+00,-3.400000000000000000e+01,-2.400000000000000000e+01,-2.000000000000000000e+00,-6.000000000000000000e+00,-5.000000000000000000e+00,3.000000000000000000e+00,3.649902343750000000e-02,4.570922851562500000e-01,-1.561889648437500000e-01,8.748168945312500000e-01
3.000000000000000000e+00,3.500000000000000000e+01,3.000000000000000000e+00,1.600000000000000000e+01,2.000000000000000000e+00,-6.000000000000000000e+00,-6.000000000000000000e+00,1.000000000000000000e+00,3.649902343750000000e-02,4.570922851562500000e-01,-1.561889648437500000e-01,8.748168945312500000e-01
-2.400000000000000000e+01,-3.400000000000000000e+01,3.300000000000000000e+01,5.000000000000000000e+00,-1.500000000000000000e+01,-1.500000000000000000e+01,-5.000000000000000000e+00,-1.200000000000000000e+01,4.272460937500000000e-02,4.605102539062500000e-01,-1.578369140625000000e-01,8.724365234375000000e-01
7.000000000000000000e+00,-1.100000000000000000e+01,-9.700000000000000000e+01,-9.200000000000000000e+01,-2.000000000000000000e+01,-1.400000000000000000e+01,-1.200000000000000000e+01,-9.000000000000000000e+00,4.272460937500000000e-02,4.605102539062500000e-01,-1.578369140625000000e-01,8.724365234375000000e-01
3.000000000000000000e+00,7.000000000000000000e+00,5.500000000000000000e+01,4.300000000000000000e+01,8.000000000000000000e+00,8.000000000000000000e+00,1.200000000000000000e+01,4.000000000000000000e+00,4.272460937500000000e-02,4.605102539062500000e-01,-1.578369140625000000e-01,8.724365234375000000e-01
3.000000000000000000e+00,1.000000000000000000e+00,-2.000000000000000000e+00,-1.200000000000000000e+01,7.000000000000000000e+00,1.700000000000000000e+01,2.000000000000000000e+00,-3.000000000000000000e+00,4.272460937500000000e-02,4.605102539062500000e-01,-1.578369140625000000e-01,8.724365234375000000e-01
7.000000000000000000e+00,-2.200000000000000000e+01,-5.200000000000000000e+01,-5.000000000000000000e+00,0.000000000000000000e+00,-7.000000000000000000e+00,-6.000000000000000000e+00,5.000000000000000000e+00,4.766845703125000000e-02,4.631958007812500000e-01,-1.572875976562500000e-01,8.708496093750000000e-01
-1.700000000000000000e+01,1.100000000000000000e+01,9.000000000000000000e+00,-1.300000000000000000e+01,-1.300000000000000000e+01,-2.200000000000000000e+01,-9.000000000000000000e+00,-2.200000000000000000e+01,4.766845703125000000e-02,4.631958007812500000e-01,-1.572875976562500000e-01,8.708496093750000000e-01
1.400000000000000000e+01,4.000000000000000000e+00,-1.400000000000000000e+01,-3.000000000000000000e+01,-8.000000000000000000e+00,-1.300000000000000000e+01,-9.000000000000000000e+00,1.600000000000000000e+01,4.766845703125000000e-02,4.631958007812500000e-01,-1.572875976562500000e-01,8.708496093750000000e-01
-1.200000000000000000e+01,-1.600000000000000000e+01,-2.100000000000000000e+01,-1.000000000000000000e+00,-5.000000000000000000e+00,-1.000000000000000000e+00,-5.000000000000000000e+00,-1.900000000000000000e+01,4.766845703125000000e-02,4.631958007812500000e-01,-1.572875976562500000e-01,8.708496093750000000e-01
-5.000000000000000000e+00,1.000000000000000000e+01,5.900000000000000000e+01,3.600000000000000000e+01,1.700000000000000000e+01,3.400000000000000000e+01,1.700000000000000000e+01,-1.300000000000000000e+01,4.583740234375000000e-02,4.639282226562500000e-01,-1.558837890625000000e-01,8.707885742187500000e-01
0.000000000000000000e+00,-4.000000000000000000e+00,1.700000000000000000e+01,3.700000000000000000e+01,1.500000000000000000e+01,1.700000000000000000e+01,1.000000000000000000e+01,1.700000000000000000e+01,4.583740234375000000e-02,4.639282226562500000e-01,-1.558837890625000000e-01,8.707885742187500000e-01
-3.600000000000000000e+01,-5.000000000000000000e+00,-3.100000000000000000e+01,-1.900000000000000000e+01,1.000000000000000000e+00,9.000000000000000000e+00,-1.000000000000000000e+00,1.500000000000000000e+01,4.583740234375000000e-02,4.639282226562500000e-01,-1.558837890625000000e-01,8.707885742187500000e-01
1.400000000000000000e+01,-5.000000000000000000e+00,3.900000000000000000e+01,1.000000000000000000e+00,-3.000000000000000000e+00,-2.200000000000000000e+01,-1.600000000000000000e+01,-1.000000000000000000e+00,4.583740234375000000e-02,4.639282226562500000e-01,-1.558837890625000000e-01,8.707885742187500000e-01
1.200000000000000000e+01,2.100000000000000000e+01,-3.400000000000000000e+01,-1.000000000000000000e+01,-9.000000000000000000e+00,-2.600000000000000000e+01,-1.400000000000000000e+01,1.300000000000000000e+01,4.455566406250000000e-02,4.635009765625000000e-01,-1.570434570312500000e-01,8.709106445312500000e-01
3.700000000000000000e+01,1.000000000000000000e+00,-2.000000000000000000e+01,4.000000000000000000e+01,1.200000000000000000e+01,7.000000000000000000e+00,-6.000000000000000000e+00,-8.000000000000000000e+00,4.455566406250000000e-02,4.635009765625000000e-01,-1.570434570312500000e-01,8.709106445312500000e-01
-2.300000000000000000e+01,1.500000000000000000e+01,9.000000000000000000e+01,-1.300000000000000000e+01,-7.000000000000000000e+00,9.000000000000000000e+00,2.500000000000000000e+01,3.000000000000000000e+00,4.455566406250000000e-02,4.635009765625000000e-01,-1.570434570312500000e-01,8.709106445312500000e-01
1.800000000000000000e+01,-2.400000000000000000e+01,-1.090000000000000000e+02,-4.800000000000000000e+01,-1.200000000000000000e+01,-1.000000000000000000e+01,-7.000000000000000000e+00,-1.100000000000000000e+01,4.455566406250000000e-02,4.635009765625000000e-01,-1.570434570312500000e-01,8.709106445312500000e-01
-1.600000000000000000e+01,-1.000000000000000000e+00,1.800000000000000000e+01,1.800000000000000000e+01,-2.000000000000000000e+00,-2.000000000000000000e+00,1.000000000000000000e+00,-1.100000000000000000e+01,4.803466796875000000e-02,4.639282226562500000e-01,-1.588745117187500000e-01,8.701782226562500000e-01
1.900000000000000000e+01,1.700000000000000000e+01,-2.100000000000000000e+01,-1.000000000000000000e+01,7.000000000000000000e+00,1.200000000000000000e+01,8.000000000000000000e+00,5.000000000000000000e+00,4.803466796875000000e-02,4.639282226562500000e-01,-1.588745117187500000e-01,8.701782226562500000e-01
9.000000000000000000e+00,-1.400000000000000000e+01,-5.300000000000000000e+01,-3.100000000000000000e+01,-2.100000000000000000e+01,-2.100000000000000000e+01,-1.100000000000000000e+01,1.000000000000000000e+00,4.803466796875000000e-02,4.639282226562500000e-01,-1.588745117187500000e-01,8.701782226562500000e-01
-1.400000000000000000e+01,-3.000000000000000000e+00,1.300000000000000000e+01,1.200000000000000000e+01,3.000000000000000000e+00,3.000000000000000000e+00,-3.000000000000000000e+00,0.000000000000000000e+00,4.803466796875000000e-02,4.639282226562500000e-01,-1.588745117187500000e-01,8.701782226562500000e-01
3.100000000000000000e+01,1.600000000000000000e+01,4.000000000000000000e+00,1.300000000000000000e+01,-1.000000000000000000e+00,-1.000000000000000000e+01,-2.000000000000000000e+00,5.000000000000000000e+00,4.925537109375000000e-02,4.642944335937500000e-01,-1.590576171875000000e-01,8.698730468750000000e-01
-2.900000000000000000e+01,-3.000000000000000000e+00,1.900000000000000000e+01,-2.000000000000000000e+01,-9.000000000000000000e+00,5.000000000000000000e+00,-1.800000000000000000e+01,-8.000000000000000000e+00,4.925537109375000000e-02,4.642944335937500000e-01,-1.590576171875000000e-01,8.698730468750000000e-01
-1.800000000000000000e+01,-1.200000000000000000e+01,-9.000000000000000000e+00,1.600000000000000000e+01,1.100000000000000000e+01,8.000000000000000000e+00,9.000000000000000000e+00,-3.000000000000000000e+00,4.925537109375000000e-02,4.642944335937500000e-01,-1.590576171875000000e-01,8.698730468750000000e-01
-1.300000000000000000e+01,1.300000000000000000e+01,-3.700000000000000000e+01,-3.000000000000000000e+00,0.000000000000000000e+00,9.000000000000000000e+00,2.200000000000000000e+01,1.000000000000000000e+00,4.925537109375000000e-02,4.642944335937500000e-01,-1.590576171875000000e-01,8.698730468750000000e-01
-5.000000000000000000e+00,-1.300000000000000000e+01,-7.300000000000000000e+01,-3.500000000000000000e+01,-9.000000000000000000e+00,-9.000000000000000000e+00,-7.000000000000000000e+00,-2.000000000000000000e+00,4.699707031250000000e-02,4.628906250000000000e-01,-1.598510742187500000e-01,8.706054687500000000e-01
-1.000000000000000000e+00,5.000000000000000000e+00,3.500000000000000000e+01,1.800000000000000000e+01,-1.000000000000000000e+00,-4.000000000000000000e+00,-2.000000000000000000e+01,1.000000000000000000e+00,4.699707031250000000e-02,4.628906250000000000e-01,-1.598510742187500000e-01,8.706054687500000000e-01
2.800000000000000000e+01,-3.000000000000000000e+00,9.000000000000000000e+00,-6.000000000000000000e+00,0.000000000000000000e+00,-2.000000000000000000e+00,-4.000000000000000000e+00,-1.100000000000000000e+01,4.699707031250000000e-02,4.628906250000000000e-01,-1.598510742187500000e-01,8.706054687500000000e-01
6.000000000000000000e+00,0.000000000000000000e+00,-2.700000000000000000e+01,5.000000000000000000e+00,1.000000000000000000e+00,-5.000000000000000000e+00,-3.200000000000000000e+01,2.100000000000000000e+01,4.699707031250000000e-02,4.628906250000000000e-01,-1.598510742187500000e-01,8.706054687500000000e-01
-3.400000000000000000e+01,2.000000000000000000e+00,-1.800000000000000000e+01,7.000000000000000000e+00,8.000000000000000000e+00,-4.000000000000000000e+00,7.000000000000000000e+00,-3.000000000000000000e+01,4.522705078125000000e-02,4.603271484375000000e-01,-1.622314453125000000e-01,8.715820312500000000e-01
-5.000000000000000000e+00,-4.000000000000000000e+00,6.900000000000000000e+01,1.600000000000000000e+01,-5.000000000000000000e+00,4.000000000000000000e+00,2.700000000000000000e+01,7.000000000000000000e+00,4.522705078125000000e-02,4.603271484375000000e-01,-1.622314453125000000e-01,8.715820312500000000e-01
3.300000000000000000e+01,-1.200000000000000000e+01,7.000000000000000000e+00,-7.000000000000000000e+00,2.000000000000000000e+00,6.000000000000000000e+00,9.000000000000000000e+00,-2.000000000000000000e+00,4.522705078125000000e-02,4.603271484375000000e-01,-1.622314453125000000e-01,8.715820312500000000e-01
-1.000000000000000000e+01,0.000000000000000000e+00,-1.600000000000000000e+01,0.000000000000000000e+00,-6.000000000000000000e+00,-7.000000000000000000e+00,-9.000000000000000000e+00,-2.000000000000000000e+00,4.522705078125000000e-02,4.603271484375000000e-01,-1.622314453125000000e-01,8.715820312500000000e-01
8.000000000000000000e+00,1.700000000000000000e+01,-4.400000000000000000e+01,-1.800000000000000000e+01,-5.000000000000000000e+00,-4.000000000000000000e+00,-1.600000000000000000e+01,1.300000000000000000e+01,4.583740234375000000e-02,4.587402343750000000e-01,-1.654052734375000000e-01,8.718261718750000000e-01
1.600000000000000000e+01,-1.400000000000000000e+01,-3.200000000000000000e+01,-3.400000000000000000e+01,-1.700000000000000000e+01,-1.000000000000000000e+01,-1.200000000000000000e+01,-1.700000000000000000e+01,4.583740234375000000e-02,4.587402343750000000e-01,-1.654052734375000000e-01,8.718261718750000000e-01
-3.200000000000000000e+01,5.000000000000000000e+00,-1.700000000000000000e+01,1.800000000000000000e+01,9.000000000000000000e+00,1.600000000000000000e+01,2.100000000000000000e+01,0.000000000000000000e+00,4.583740234375000000e-02,4.587402343750000000e-01,-1.654052734375000000e-01,8.718261718750000000e-01
1.300000000000000000e+01,-2.000000000000000000e+01,1.300000000000000000e+01,-4.000000000000000000e+00,0.000000000000000000e+00,1.000000000000000000e+00,6.000000000000000000e+00,4.000000000000000000e+00,4.583740234375000000e-02,4.587402343750000000e-01,-1.654052734375000000e-01,8.718261718750000000e-01
-1.200000000000000000e+01,1.300000000000000000e+01,1.100000000000000000e+01,-2.400000000000000000e+01,-1.400000000000000000e+01,-1.700000000000000000e+01,-1.400000000000000000e+01,-1.100000000000000000e+01,4.553222656250000000e-02,4.570312500000000000e-01,-1.677856445312500000e-01,8.722534179687500000e-01
8.000000000000000000e+00,1.000000000000000000e+01,3.700000000000000000e+01,8.600000000000000000e+01,1.800000000000000000e+01,2.000000000000000000e+00,7.000000000000000000e+00,2.000000000000000000e+00,4.553222656250000000e-02,4.570312500000000000e-01,-1.677856445312500000e-01,8.722534179687500000e-01
4.000000000000000000e+00,-7.000000000000000000e+00,5.600000000000000000e+01,-3.400000000000000000e+01,-1.100000000000000000e+01,-1.000000000000000000e+01,1.000000000000000000e+00,3.000000000000000000e+00,4.553222656250000000e-02,4.570312500000000000e-01,-1.677856445312500000e-01,8.722534179687500000e-01
5.000000000000000000e+00,-4.000000000000000000e+01,-2.000000000000000000e+00,2.800000000000000000e+01,5.000000000000000000e+00,1.000000000000000000e+01,0.000000000000000000e+00,-7.000000000000000000e+00,4.553222656250000000e-02,4.570312500000000000e-01,-1.677856445312500000e-01,8.722534179687500000e-01
-1.600000000000000000e+01,5.400000000000000000e+01,2.000000000000000000e+00,-2.400000000000000000e+01,-1.800000000000000000e+01,4.000000000000000000e+00,-2.000000000000000000e+00,1.000000000000000000e+00,4.492187500000000000e-02,4.539794921875000000e-01,-1.688842773437500000e-01,8.736572265625000000e-01
6.000000000000000000e+00,-2.000000000000000000e+00,1.700000000000000000e+01,1.400000000000000000e+01,3.800000000000000000e+01,7.000000000000000000e+00,2.500000000000000000e+01,1.400000000000000000e+01,4.492187500000000000e-02,4.539794921875000000e-01,-1.688842773437500000e-01,8.736572265625000000e-01
1.100000000000000000e+01,3.000000000000000000e+00,-4.100000000000000000e+01,1.000000000000000000e+00,-4.000000000000000000e+00,7.000000000000000000e+00,-2.500000000000000000e+01,-3.000000000000000000e+01,4.492187500000000000e-02,4.539794921875000000e-01,-1.688842773437500000e-01,8.736572265625000000e-01
1.000000000000000000e+01,1.700000000000000000e+01,3.200000000000000000e+01,1.900000000000000000e+01,8.000000000000000000e+00,-5.000000000000000000e+00,-3.000000000000000000e+00,0.000000000000000000e+00,4.492187500000000000e-02,4.539794921875000000e-01,-1.688842773437500000e-01,8.736572265625000000e-01
-1.300000000000000000e+01,-2.900000000000000000e+01,-1.100000000000000000e+01,1.000000000000000000e+00,9.000000000000000000e+00,3.600000000000000000e+01,3.100000000000000000e+01,2.700000000000000000e+01,4.254150390625000000e-02,4.508666992187500000e-01,-1.694946289062500000e-01,8.753051757812500000e-01
-1.400000000000000000e+01,-1.900000000000000000e+01,-2.900000000000000000e+01,-3.400000000000000000e+01,-1.900000000000000000e+01,-2.800000000000000000e+01,-3.100000000000000000e+01,-5.000000000000000000e+00,4.254150390625000000e-02,4.508666992187500000e-01,-1.694946289062500000e-01,8.753051757812500000e-01
4.000000000000000000e+00,2.000000000000000000e+01,-2.200000000000000000e+01,1.100000000000000000e+01,0.000000000000000000e+00,1.000000000000000000e+01,-2.800000000000000000e+01,-1.000000000000000000e+01,4.254150390625000000e-02,4.508666992187500000e-01,-1.694946289062500000e-01,8.753051757812500000e-01
1.600000000000000000e+01,2.000000000000000000e+01,9.000000000000000000e+00,-2.300000000000000000e+01,-2.000000000000000000e+00,-7.000000000000000000e+00,2.300000000000000000e+01,1.600000000000000000e+01,4.254150390625000000e-02,4.508666992187500000e-01,-1.694946289062500000e-01,8.753051757812500000e-01
-1.200000000000000000e+01,-3.500000000000000000e+01,-3.000000000000000000e+00,6.000000000000000000e+00,1.000000000000000000e+00,-2.000000000000000000e+00,-1.200000000000000000e+01,-1.100000000000000000e+01,3.930664062500000000e-02,4.495239257812500000e-01,-1.703491210937500000e-01,8.759155273437500000e-01
-2.000000000000000000e+00,2.400000000000000000e+01,-2.000000000000000000e+01,-5.600000000000000000e+01,-1.300000000000000000e+01,-3.000000000000000000e+00,0.000000000000000000e+00,-2.000000000000000000e+00,3.930664062500000000e-02,4.495239257812500000e-01,-1.703491210937500000e-01,8.759155273437500000e-01
-8.000000000000000000e+00,7.000000000000000000e+00,1.300000000000000000e+01,7.500000000000000000e+01,1.200000000000000000e+01,-8.000000000000000000e+00,-4.000000000000000000e+00,-4.000000000000000000e+00,3.930664062500000000e-02,4.495239257812500000e-01,-1.703491210937500000e-01,8.759155273437500000e-01
-1.100000000000000000e+01,1.700000000000000000e+01,3.700000000000000000e+01,-1.500000000000000000e+01,-1.800000000000000000e+01,-1.600000000000000000e+01,-2.700000000000000000e+01,-1.200000000000000000e+01,3.930664062500000000e-02,4.495239257812500000e-01,-1.703491210937500000e-01,8.759155273437500000e-01
1.800000000000000000e+01,-1.000000000000000000e+00,1.700000000000000000e+01,2.800000000000000000e+01,3.200000000000000000e+01,5.000000000000000000e+00,4.000000000000000000e+00,7.000000000000000000e+00,3.857421875000000000e-02,4.491577148437500000e-01,-1.716308593750000000e-01,8.759155273437500000e-01
-1.000000000000000000e+00,-3.000000000000000000e+01,1.100000000000000000e+01,1.300000000000000000e+01,-3.000000000000000000e+00,0.000000000000000000e+00,-2.000000000000000000e+00,-6.000000000000000000e+00,3.857421875000000000e-02,4.491577148437500000e-01,-1.716308593750000000e-01,8.759155273437500000e-01
2.000000000000000000e+00,-1.400000000000000000e+01,-1.100000000000000000e+01,-2.200000000000000000e+01,-1.400000000000000000e+01,-7.000000000000000000e+00,8.000000000000000000e+00,-3.000000000000000000e+00,3.857421875000000000e-02,4.491577148437500000e-01,-1.716308593750000000e-01,8.759155273437500000e-01
1.000000000000000000e+00,0.000000000000000000e+00,5.000000000000000000e+00,-4.700000000000000000e+01,-1.800000000000000000e+01,3.000000000000000000e+00,1.400000000000000000e+01,6.000000000000000000e+00,3.857421875000000000e-02,4.491577148437500000e-01,-1.716308593750000000e-01,8.759155273437500000e-01
5.000000000000000000e+00,3.300000000000000000e+01,2.200000000000000000e+01,5.800000000000000000e+01,1.100000000000000000e+01,-3.000000000000000000e+00,-1.300000000000000000e+01,7.000000000000000000e+00,4.101562500000000000e-02,4.479980468750000000e-01,-1.732788085937500000e-01,8.760986328125000000e-01
-2.400000000000000000e+01,-3.400000000000000000e+01,-1.400000000000000000e+01,-1.100000000000000000e+01,1.300000000000000000e+01,1.000000000000000000e+00,6.000000000000000000e+00,-1.500000000000000000e+01,4.101562500000000000e-02,4.479980468750000000e-01,-1.732788085937500000e-01,8.760986328125000000e-01
3.000000000000000000e+00,4.000000000000000000e+00,0.000000000000000000e+00,-2.800000000000000000e+01,-5.000000000000000000e+00,-7.000000000000000000e+00,-6.000000000000000000e+00,5.000000000000000000e+00,4.101562500000000000e-02,4.479980468750000000e-01,-1.732788085937500000e-01,8.760986328125000000e-01
-1.100000000000000000e+01,2.000000000000000000e+00,4.000000000000000000e+00,2.000000000000000000e+00,-2.000000000000000000e+00,-4.000000000000000000e+00,-8.000000000000000000e+00,-2.100000000000000000e+01,4.101562500000000000e-02,4.479980468750000000e-01,-1.732788085937500000e-01,8.760986328125000000e-01
-1.100000000000000000e+01,-2.900000000000000000e+01,3.200000000000000000e+01,-2.200000000000000000e+01,-1.600000000000000000e+01,-2.300000000000000000e+01,-2.200000000000000000e+01,9.000000000000000000e+00,4.229736328125000000e-02,4.468383789062500000e-01,-1.741943359375000000e-01,8.764038085937500000e-01
2.200000000000000000e+01,1.100000000000000000e+01,-3.000000000000000000e+00,1.100000000000000000e+01,-3.000000000000000000e+00,5.500000000000000000e+01,6.600000000000000000e+01,1.100000000000000000e+01,4.229736328125000000e-02,4.468383789062500000e-01,-1.741943359375000000e-01,8.764038085937500000e-01
8.000000000000000000e+00,3.000000000000000000e+00,-1.300000000000000000e+01,2.400000000000000000e+01,3.000000000000000000e+00,-1.200000000000000000e+01,-1.100000000000000000e+01,1.000000000000000000e+01,4.229736328125000000e-02,4.468383789062500000e-01,-1.741943359375000000e-01,8.764038085937500000e-01
-3.100000000000000000e+01,2.000000000000000000e+00,2.100000000000000000e+01,-6.000000000000000000e+00,7.000000000000000000e+00,1.200000000000000000e+01,5.600000000000000000e+01,5.000000000000000000e+00,4.229736328125000000e-02,4.468383789062500000e-01,-1.741943359375000000e-01,8.764038085937500000e-01
1.600000000000000000e+01,1.600000000000000000e+01,1.700000000000000000e+01,7.000000000000000000e+00,1.000000000000000000e+00,4.000000000000000000e+00,5.000000000000000000e+00,-5.000000000000000000e+00,4.144287109375000000e-02,4.461059570312500000e-01,-1.739501953125000000e-01,8.768920898437500000e-01
2.700000000000000000e+01,-2.000000000000000000e+00,-2.200000000000000000e+01,-1.600000000000000000e+01,1.000000000000000000e+00,1.200000000000000000e+01,3.500000000000000000e+01,1.200000000000000000e+01,4.144287109375000000e-02,4.461059570312500000e-01,-1.739501953125000000e-01,8.768920898437500000e-01
-5.200000000000000000e+01,-3.100000000000000000e+01,6.000000000000000000e+00,8.000000000000000000e+00,3.000000000000000000e+00,6.000000000000000000e+00,-1.700000000000000000e+01,-1.000000000000000000e+01,4.144287109375000000e-02,4.461059570312500000e-01,-1.739501953125000000e-01,8.768920898437500000e-01
1.300000000000000000e+01,4.300000000000000000e+01,7.100000000000000000e+01,1.100000000000000000e+01,4.000000000000000000e+00,-8.000000000000000000e+00,-2.200000000000000000e+01,5.000000000000000000e+00,4.144287109375000000e-02,4.461059570312500000e-01,-1.739501953125000000e-01,8.768920898437500000e-01
2.000000000000000000e+00,3.000000000000000000e+00,-9.000000000000000000e+00,-2.400000000000000000e+01,-1.000000000000000000e+01,-1.400000000000000000e+01,-4.000000000000000000e+00,-1.200000000000000000e+01,3.942871093750000000e-02,4.461059570312500000e-01,-1.735839843750000000e-01,8.770751953125000000e-01
-9.000000000000000000e+00,-4.800000000000000000e+01,-1.300000000000000000e+01,-2.300000000000000000e+01,-1.500000000000000000e+01,-2.100000000000000000e+01,-4.600000000000000000e+01,-4.000000000000000000e+00,3.942871093750000000e-02,4.461059570312500000e-01,-1.735839843750000000e-01,8.770751953125000000e-01
1.100000000000000000e+01,8.600000000000000000e+01,-2.000000000000000000e+00,3.300000000000000000e+01,-1.000000000000000000e+01,9.000000000000000000e+00,1.200000000000000000e+01,2.000000000000000000e+00,3.942871093750000000e-02,4.461059570312500000e-01,-1.735839843750000000e-01,8.770751953125000000e-01
-4.000000000000000000e+00,-6.400000000000000000e+01,-7.300000000000000000e+01,4.400000000000000000e+01,5.200000000000000000e+01,1.100000000000000000e+01,-1.100000000000000000e+01,0.000000000000000000e+00,3.942871093750000000e-02,4.461059570312500000e-01,-1.735839843750000000e-01,8.770751953125000000e-01
-1.500000000000000000e+01,-7.200000000000000000e+01,-3.000000000000000000e+00,1.200000000000000000e+01,-9.000000000000000000e+00,-3.000000000000000000e+00,1.500000000000000000e+01,-8.000000000000000000e+00,4.229736328125000000e-02,4.456176757812500000e-01,-1.740112304687500000e-01,8.770751953125000000e-01
4.000000000000000000e+00,6.000000000000000000e+00,2.200000000000000000e+01,-3.000000000000000000e+01,-5.000000000000000000e+00,-1.300000000000000000e+01,-1.800000000000000000e+01,-1.000000000000000000e+00,4.229736328125000000e-02,4.456176757812500000e-01,-1.740112304687500000e-01,8.770751953125000000e-01
6.000000000000000000e+00,-3.700000000000000000e+01,-2.600000000000000000e+01,-3.900000000000000000e+01,-1.700000000000000000e+01,3.000000000000000000e+00,1.100000000000000000e+01,8.000000000000000000e+00,4.229736328125000000e-02,4.456176757812500000e-01,-1.740112304687500000e-01,8.770751953125000000e-01
-9.000000000000000000e+00,3.000000000000000000e+01,1.000000000000000000e+00,1.000000000000000000e+00,-1.100000000000000000e+01,-5.000000000000000000e+00,-2.800000000000000000e+01,-1.100000000000000000e+01,4.229736328125000000e-02,4.456176757812500000e-01,-1.740112304687500000e-01,8.770751953125000000e-01
8.000000000000000000e+00,4.500000000000000000e+01,-3.900000000000000000e+01,-1.000000000000000000e+00,1.000000000000000000e+00,3.000000000000000000e+00,3.500000000000000000e+01,5.000000000000000000e+00,4.370117187500000000e-02,4.450683593750000000e-01,-1.747436523437500000e-01,8.771362304687500000e-01
-4.000000000000000000e+00,3.400000000000000000e+01,-1.600000000000000000e+01,-2.000000000000000000e+00,-1.300000000000000000e+01,-3.100000000000000000e+01,-4.200000000000000000e+01,-6.000000000000000000e+00,4.370117187500000000e-02,4.450683593750000000e-01,-1.747436523437500000e-01,8.771362304687500000e-01
6.000000000000000000e+00,-1.200000000000000000e+01,3.000000000000000000e+00,-1.000000000000000000e+00,9.000000000000000000e+00,3.300000000000000000e+01,6.200000000000000000e+01,-3.000000000000000000e+00,4.370117187500000000e-02,4.450683593750000000e-01,-1.747436523437500000e-01,8.771362304687500000e-01
2.700000000000000000e+01,5.000000000000000000e+00,2.700000000000000000e+01,-3.000000000000000000e+00,-5.000000000000000000e+00,3.000000000000000000e+00,-1.900000000000000000e+01,5.000000000000000000e+00,4.370117187500000000e-02,4.450683593750000000e-01,-1.747436523437500000e-01,8.771362304687500000e-01
-4.100000000000000000e+01,-7.000000000000000000e+00,-5.200000000000000000e+01,7.000000000000000000e+00,1.100000000000000000e+01,4.400000000000000000e+01,4.600000000000000000e+01,1.000000000000000000e+00,4.418945312500000000e-02,4.441528320312500000e-01,-1.750488281250000000e-01,8.775024414062500000e-01
-2.600000000000000000e+01,1.000000000000000000e+01,-2.700000000000000000e+01,-1.500000000000000000e+01,-1.200000000000000000e+01,-2.500000000000000000e+01,-3.000000000000000000e+00,-1.700000000000000000e+01,4.418945312500000000e-02,4.441528320312500000e-01,-1.750488281250000000e-01,8.775024414062500000e-01
8.000000000000000000e+00,2.700000000000000000e+01,2.700000000000000000e+01,-3.000000000000000000e+00,6.000000000000000000e+00,-1.600000000000000000e+01,-1.000000000000000000e+01,5.000000000000000000e+00,4.418945312500000000e-02,4.441528320312500000e-01,-1.750488281250000000e-01,8.775024414062500000e-01
8.000000000000000000e+00,9.000000000000000000e+00,4.000000000000000000e+00,1.200000000000000000e+01,-7.000000000000000000e+00,1.000000000000000000e+00,-2.400000000000000000e+01,-7.000000000000000000e+00,4.418945312500000000e-02,4.441528320312500000e-01,-1.750488281250000000e-01,8.775024414062500000e-01
2.000000000000000000e+00,9.000000000000000000e+00,2.300000000000000000e+01,-3.000000000000000000e+00,-1.300000000000000000e+01,-2.000000000000000000e+01,-2.500000000000000000e+01,-9.000000000000000000e+00,4.351806640625000000e-02,4.443969726562500000e-01,-1.748046875000000000e-01,8.775024414062500000e-01
-2.000000000000000000e+00,1.000000000000000000e+00,4.300000000000000000e+01,-1.500000000000000000e+01,9.000000000000000000e+00,9.000000000000000000e+00,1.600000000000000000e+01,6.000000000000000000e+00,4.351806640625000000e-02,4.443969726562500000e-01,-1.748046875000000000e-01,8.775024414062500000e-01
1.100000000000000000e+01,3.200000000000000000e+01,-7.600000000000000000e+01,-5.300000000000000000e+01,-2.800000000000000000e+01,-9.000000000000000000e+00,-1.900000000000000000e+01,-2.000000000000000000e+00,4.351806640625000000e-02,4.443969726562500000e-01,-1.748046875000000000e-01,8.775024414062500000e-01
-1.700000000000000000e+01,-4.700000000000000000e+01,-4.500000000000000000e+01,5.300000000000000000e+01,6.800000000000000000e+01,1.600000000000000000e+01,1.900000000000000000e+01,1.000000000000000000e+00,4.351806640625000000e-02,4.443969726562500000e-01,-1.748046875000000000e-01,8.775024414062500000e-01
1.600000000000000000e+01,1.200000000000000000e+01,5.500000000000000000e+01,3.000000000000000000e+00,-5.000000000000000000e+00,-1.500000000000000000e+01,-3.500000000000000000e+01,-1.000000000000000000e+00,4.504394531250000000e-02,4.447631835937500000e-01,-1.754760742187500000e-01,8.770751953125000000e-01
-1.900000000000000000e+01,-4.000000000000000000e+00,-4.900000000000000000e+01,6.100000000000000000e+01,1.500000000000000000e+01,1.300000000000000000e+01,1.800000000000000000e+01,4.000000000000000000e+00,4.504394531250000000e-02,4.447631835937500000e-01,-1.754760742187500000e-01,8.770751953125000000e-01
2.000000000000000000e+01,-3.000000000000000000e+01,-5.000000000000000000e+00,-5.000000000000000000e+01,-1.300000000000000000e+01,-1.800000000000000000e+01,-2.000000000000000000e+01,-1.000000000000000000e+01,4.504394531250000000e-02,4.447631835937500000e-01,-1.754760742187500000e-01,8.770751953125000000e-01
-1.000000000000000000e+00,1.200000000000000000e+01,3.500000000000000000e+01,-2.000000000000000000e+01,-3.300000000000000000e+01,-1.500000000000000000e+01,8.000000000000000000e+00,6.000000000000000000e+00,4.504394531250000000e-02,4.447631835937500000e-01,-1.754760742187500000e-01,8.770751953125000000e-01
-8.000000000000000000e+00,-2.200000000000000000e+01,-1.800000000000000000e+01,3.000000000000000000e+00,4.000000000000000000e+00,-7.000000000000000000e+00,-3.600000000000000000e+01,-8.000000000000000000e+00,4.595947265625000000e-02,4.447631835937500000e-01,-1.766357421875000000e-01,8.768310546875000000e-01
5.000000000000000000e+00,4.500000000000000000e+01,2.500000000000000000e+01,0.000000000000000000e+00,3.000000000000000000e+00,-1.600000000000000000e+01,1.400000000000000000e+01,2.000000000000000000e+00,4.595947265625000000e-02,4.447631835937500000e-01,-1.766357421875000000e-01,8.768310546875000000e-01
4.000000000000000000e+00,8.000000000000000000e+00,6.000000000000000000e+00,1.500000000000000000e+01,9.000000000000000000e+00,3.500000000000000000e+01,2.700000000000000000e+01,2.000000000000000000e+01,4.595947265625000000e-02,4.447631835937500000e-01,-1.766357421875000000e-01,8.768310546875000000e-01
-6.000000000000000000e+00,2.000000000000000000e+00,-3.400000000000000000e+01,6.000000000000000000e+00,-1.300000000000000000e+01,1.000000000000000000e+00,1.000000000000000000e+01,8.000000000000000000e+00,4.595947265625000000e-02,4.447631835937500000e-01,-1.766357421875000000e-01,8.768310546875000000e-01
4.400000000000000000e+01,1.000000000000000000e+00,4.900000000000000000e+01,3.300000000000000000e+01,2.200000000000000000e+01,1.600000000000000000e+01,-8.000000000000000000e+00,8.000000000000000000e+00,4.675292968750000000e-02,4.445800781250000000e-01,-1.776733398437500000e-01,8.766479492187500000e-01
-9.400000000000000000e+01,-2.900000000000000000e+01,-4.000000000000000000e+01,-3.300000000000000000e+01,-2.700000000000000000e+01,-6.000000000000000000e+00,-3.800000000000000000e+01,-3.300000000000000000e+01,4.675292968750000000e-02,4.445800781250000000e-01,-1.776733398437500000e-01,8.766479492187500000e-01
1.000000000000000000e+00,1.000000000000000000e+00,-2.000000000000000000e+00,2.400000000000000000e+01,2.200000000000000000e+01,-2.200000000000000000e+01,1.000000000000000000e+01,0.000000000000000000e+00,4.675292968750000000e-02,4.445800781250000000e-01,-1.776733398437500000e-01,8.766479492187500000e-01
-8.000000000000000000e+00,1.000000000000000000e+00,-1.200000000000000000e+01,-4.000000000000000000e+01,-1.900000000000000000e+01,2.200000000000000000e+01,3.100000000000000000e+01,5.000000000000000000e+00,4.675292968750000000e-02,4.445800781250000000e-01,-1.776733398437500000e-01,8.766479492187500000e-01
1.200000000000000000e+01,4.000000000000000000e+01,2.000000000000000000e+01,-2.100000000000000000e+01,7.000000000000000000e+00,-1.100000000000000000e+01,-1.900000000000000000e+01,-2.000000000000000000e+00,4.620361328125000000e-02,4.448852539062500000e-01,-1.781616210937500000e-01,8.764038085937500000e-01
2.500000000000000000e+01,2.400000000000000000e+01,2.100000000000000000e+01,8.000000000000000000e+00,-2.900000000000000000e+01,-1.300000000000000000e+01,-1.000000000000000000e+01,1.000000000000000000e+00,4.620361328125000000e-02,4.448852539062500000e-01,-1.781616210937500000e-01,8.764038085937500000e-01
5.000000000000000000e+00,-9.000000000000000000e+00,-7.500000000000000000e+01,3.500000000000000000e+01,3.900000000000000000e+01,8.000000000000000000e+00,5.000000000000000000e+00,0.000000000000000000e+00,4.620361328125000000e-02,4.448852539062500000e-01,-1.781616210937500000e-01,8.764038085937500000e-01
-2.400000000000000000e+01,1.500000000000000000e+01,5.500000000000000000e+01,1.100000000000000000e+01,-3.000000000000000000e+00,-5.000000000000000000e+00,-2.100000000000000000e+01,-8.000000000000000000e+00,4.620361328125000000e-02,4.448852539062500000e-01,-1.781616210937500000e-01,8.764038085937500000e-01
0.000000000000000000e+00,-4.300000000000000000e+01,-5.000000000000000000e+01,-4.200000000000000000e+01,-2.000000000000000000e+01,-1.000000000000000000e+01,1.000000000000000000e+01,-2.000000000000000000e+00,4.656982421875000000e-02,4.456787109375000000e-01,-1.788940429687500000e-01,8.758544921875000000e-01
1.400000000000000000e+01,-8.200000000000000000e+01,2.000000000000000000e+01,-9.000000000000000000e+00,5.000000000000000000e+00,7.000000000000000000e+00,2.000000000000000000e+00,5.000000000000000000e+00,4.656982421875000000e-02,4.456787109375000000e-01,-1.788940429687500000e-01,8.758544921875000000e-01
0.000000000000000000e+00,2.600000000000000000e+01,3.700000000000000000e+01,7.000000000000000000e+00,-4.000000000000000000e+00,-8.000000000000000000e+00,-1.900000000000000000e+01,-5.000000000000000000e+00,4.656982421875000000e-02,4.456787109375000000e-01,-1.788940429687500000e-01,8.758544921875000000e-01
-1.200000000000000000e+01,-3.900000000000000000e+01,-5.100000000000000000e+01,-3.000000000000000000e+00,-8.000000000000000000e+00,-1.100000000000000000e+01,2.100000000000000000e+01,2.000000000000000000e+00,4.656982421875000000e-02,4.456787109375000000e-01,-1.788940429687500000e-01,8.758544921875000000e-01
-1.000000000000000000e+01,-8.000000000000000000e+00,1.500000000000000000e+01,5.000000000000000000e+00,-3.000000000000000000e+00,1.000000000000000000e+00,-8.000000000000000000e+00,-1.700000000000000000e+01,4.620361328125000000e-02,4.461669921875000000e-01,-1.798095703125000000e-01,8.754272460937500000e-01
1.700000000000000000e+01,1.500000000000000000e+01,3.600000000000000000e+01,2.600000000000000000e+01,9.000000000000000000e+00,-5.000000000000000000e+00,-3.000000000000000000e+00,1.500000000000000000e+01,4.620361328125000000e-02,4.461669921875000000e-01,-1.798095703125000000e-01,8.754272460937500000e-01
-2.700000000000000000e+01,-1.500000000000000000e+01,1.100000000000000000e+01,-5.000000000000000000e+00,-6.000000000000000000e+00,-3.000000000000000000e+00,-1.700000000000000000e+01,3.000000000000000000e+00,4.620361328125000000e-02,4.461669921875000000e-01,-1.798095703125000000e-01,8.754272460937500000e-01
6.000000000000000000e+00,2.500000000000000000e+01,1.300000000000000000e+01,-7.000000000000000000e+00,-5.000000000000000000e+00,9.000000000000000000e+00,3.900000000000000000e+01,-1.300000000000000000e+01,4.620361328125000000e-02,4.461669921875000000e-01,-1.798095703125000000e-01,8.754272460937500000e-01
-1.500000000000000000e+01,-3.400000000000000000e+01,-4.700000000000000000e+01,-1.100000000000000000e+01,-3.000000000000000000e+00,5.000000000000000000e+00,-7.000000000000000000e+00,3.000000000000000000e+00,4.730224609375000000e-02,4.464721679687500000e-01,-1.805419921875000000e-01,8.751220703125000000e-01
-4.000000000000000000e+00,-2.000000000000000000e+00,1.100000000000000000e+01,1.100000000000000000e+01,9.000000000000000000e+00,1.000000000000000000e+01,-2.100000000000000000e+01,-7.000000000000000000e+00,4.730224609375000000e-02,4.464721679687500000e-01,-1.805419921875000000e-01,8.751220703125000000e-01
-3.000000000000000000e+00,-3.100000000000000000e+01,-9.000000000000000000e+00,0.000000000000000000e+00,-7.000000000000000000e+00,-1.800000000000000000e+01,1.000000000000000000e+00,-9.000000000000000000e+00,4.730224609375000000e-02,4.464721679687500000e-01,-1.805419921875000000e-01,8.751220703125000000e-01
-7.000000000000000000e+00,-1.000000000000000000e+00,4.600000000000000000e+01,-9.000000000000000000e+00,-1.400000000000000000e+01,0.000000000000000000e+00,-1.000000000000000000e+01,6.000000000000000000e+00,4.730224609375000000e-02,4.464721679687500000e-01,-1.805419921875000000e-01,8.751220703125000000e-01
-1.200000000000000000e+01,-2.100000000000000000e+01,-7.000000000000000000e+00,1.300000000000000000e+01,2.400000000000000000e+01,9.000000000000000000e+00,2.000000000000000000e+01,-2.000000000000000000e+00,4.705810546875000000e-02,4.472045898437500000e-01,-1.806030273437500000e-01,8.746948242187500000e-01
1.200000000000000000e+01,-2.000000000000000000e+01,5.000000000000000000e+00,3.000000000000000000e+00,1.000000000000000000e+00,-8.000000000000000000e+00,-8.000000000000000000e+00,-6.000000000000000000e+00,4.705810546875000000e-02,4.472045898437500000e-01,-1.806030273437500000e-01,8.746948242187500000e-01
1.000000000000000000e+00,-2.700000000000000000e+01,-1.400000000000000000e+01,-6.000000000000000000e+00,-2.200000000000000000e+01,-5.000000000000000000e+00,-7.000000000000000000e+00,5.000000000000000000e+00,4.705810546875000000e-02,4.472045898437500000e-01,-1.806030273437500000e-01,8.746948242187500000e-01
2.200000000000000000e+01,7.400000000000000000e+01,6.000000000000000000e+01,2.100000000000000000e+01,1.900000000000000000e+01,-4.000000000000000000e+00,-7.000000000000000000e+00,1.000000000000000000e+00,4.705810546875000000e-02,4.472045898437500000e-01,-1.806030273437500000e-01,8.746948242187500000e-01
1.500000000000000000e+01,3.000000000000000000e+00,1.900000000000000000e+01,-7.000000000000000000e+00,-1.000000000000000000e+01,-5.000000000000000000e+00,2.000000000000000000e+00,5.000000000000000000e+00,4.821777343750000000e-02,4.478149414062500000e-01,-1.810302734375000000e-01,8.742675781250000000e-01
-4.000000000000000000e+00,-1.700000000000000000e+01,-6.800000000000000000e+01,-2.400000000000000000e+01,-1.100000000000000000e+01,3.000000000000000000e+00,-4.000000000000000000e+00,-3.000000000000000000e+00,4.821777343750000000e-02,4.478149414062500000e-01,-1.810302734375000000e-01,8.742675781250000000e-01
4.000000000000000000e+00,-4.000000000000000000e+00,4.800000000000000000e+01,-1.300000000000000000e+01,8.000000000000000000e+00,4.000000000000000000e+00,-2.600000000000000000e+01,1.000000000000000000e+00,4.821777343750000000e-02,4.478149414062500000e-01,-1.810302734375000000e-01,8.742675781250000000e-01
0.000000000000000000e+00,-2.000000000000000000e+01,-5.800000000000000000e+01,-8.000000000000000000e+00,-1.000000000000000000e+00,-2.000000000000000000e+00,3.600000000000000000e+01,3.000000000000000000e+00,4.821777343750000000e-02,4.478149414062500000e-01,-1.810302734375000000e-01,8.742675781250000000e-01
1.200000000000000000e+01,2.600000000000000000e+01,-4.000000000000000000e+00,1.700000000000000000e+01,-1.000000000000000000e+00,-5.000000000000000000e+00,-8.000000000000000000e+00,-1.200000000000000000e+01,4.772949218750000000e-02,4.479980468750000000e-01,-1.813964843750000000e-01,8.740844726562500000e-01
-1.700000000000000000e+01,-6.000000000000000000e+00,-1.000000000000000000e+00,-6.000000000000000000e+00,-1.000000000000000000e+00,-1.000000000000000000e+01,1.300000000000000000e+01,4.000000000000000000e+00,4.772949218750000000e-02,4.479980468750000000e-01,-1.813964843750000000e-01,8.740844726562500000e-01
0.000000000000000000e+00,-4.000000000000000000e+00,-1.100000000000000000e+01,-5.000000000000000000e+00,7.000000000000000000e+00,2.900000000000000000e+01,1.000000000000000000e+01,1.900000000000000000e+01,4.772949218750000000e-02,4.479980468750000000e-01,-1.813964843750000000e-01,8.740844726562500000e-01
2.000000000000000000e+00,-2.400000000000000000e+01,-4.000000000000000000e+01,-6.000000000000000000e+00,-5.000000000000000000e+00,1.000000000000000000e+01,1.600000000000000000e+01,-6.000000000000000000e+00,4.772949218750000000e-02,4.479980468750000000e-01,-1.813964843750000000e-01,8.740844726562500000e-01
7.000000000000000000e+00,6.000000000000000000e+00,4.000000000000000000e+00,-2.000000000000000000e+00,-1.000000000000000000e+00,-1.000000000000000000e+00,-4.000000000000000000e+00,6.000000000000000000e+00,4.766845703125000000e-02,4.481201171875000000e-01,-1.817626953125000000e-01,8.739624023437500000e-01
1.100000000000000000e+01,-1.900000000000000000e+01,-1.000000000000000000e+00,1.000000000000000000e+00,-1.000000000000000000e+00,0.000000000000000000e+00,-7.000000000000000000e+00,-1.000000000000000000e+00,4.766845703125000000e-02,4.481201171875000000e-01,-1.817626953125000000e-01,8.739624023437500000e-01
-9.000000000000000000e+00,2.900000000000000000e+01,3.100000000000000000e+01,-1.000000000000000000e+01,-5.000000000000000000e+00,-1.800000000000000000e+01,0.000000000000000000e+00,-9.000000000000000000e+00,4.766845703125000000e-02,4.481201171875000000e-01,-1.817626953125000000e-01,8.739624023437500000e-01
0.000000000000000000e+00,-1.900000000000000000e+01,-1.300000000000000000e+01,-2.000000000000000000e+00,-3.000000000000000000e+00,-4.000000000000000000e+00,-3.800000000000000000e+01,-1.000000000000000000e+00,4.766845703125000000e-02,4.481201171875000000e-01,-1.817626953125000000e-01,8.739624023437500000e-01
-1.200000000000000000e+01,1.000000000000000000e+00,3.000000000000000000e+01,-1.700000000000000000e+01,1.000000000000000000e+00,2.000000000000000000e+00,1.400000000000000000e+01,-1.000000000000000000e+00,4.803466796875000000e-02,4.481811523437500000e-01,-1.821289062500000000e-01,8.738403320312500000e-01
7.000000000000000000e+00,2.900000000000000000e+01,2.200000000000000000e+01,3.400000000000000000e+01,2.000000000000000000e+01,7.000000000000000000e+00,4.000000000000000000e+00,-1.000000000000000000e+00,4.803466796875000000e-02,4.481811523437500000e-01,-1.821289062500000000e-01,8.738403320312500000e-01
