-2.000000000000000000e+00,3.000000000000000000e+00,1.600000000000000000e+01,-1.400000000000000000e+01,-1.200000000000000000e+01,-5.000000000000000000e+00,-1.400000000000000000e+01,-7.000000000000000000e+00,-2.106933593750000000e-01,4.568481445312500000e-01,6.072998046875000000e-02,8.620605468750000000e-01
-1.000000000000000000e+00,-1.000000000000000000e+00,2.000000000000000000e+00,6.200000000000000000e+01,4.700000000000000000e+01,9.000000000000000000e+00,1.100000000000000000e+01,3.000000000000000000e+00,-2.106933593750000000e-01,4.568481445312500000e-01,6.072998046875000000e-02,8.620605468750000000e-01
1.000000000000000000e+00,-3.000000000000000000e+00,-2.500000000000000000e+01,7.000000000000000000e+00,2.100000000000000000e+01,3.000000000000000000e+00,0.000000000000000000e+00,2.000000000000000000e+00,-2.109375000000000000e-01,4.571533203125000000e-01,6.060791015625000000e-02,8.618164062500000000e-01
3.000000000000000000e+00,2.000000000000000000e+00,1.900000000000000000e+01,-3.000000000000000000e+01,-1.300000000000000000e+01,-6.000000000000000000e+00,3.000000000000000000e+00,2.000000000000000000e+00,-2.109375000000000000e-01,4.571533203125000000e-01,6.060791015625000000e-02,8.618164062500000000e-01
-3.000000000000000000e+00,-4.000000000000000000e+00,-2.700000000000000000e+01,2.700000000000000000e+01,-6.000000000000000000e+00,-1.000000000000000000e+00,0.000000000000000000e+00,0.000000000000000000e+00,-2.109375000000000000e-01,4.571533203125000000e-01,6.060791015625000000e-02,8.618164062500000000e-01
-3.000000000000000000e+00,-7.000000000000000000e+00,-1.000000000000000000e+00,3.000000000000000000e+00,3.000000000000000000e+00,1.000000000000000000e+00,-6.000000000000000000e+00,-2.000000000000000000e+00,-2.109375000000000000e-01,4.571533203125000000e-01,6.060791015625000000e-02,8.618164062500000000e-01
-2.000000000000000000e+00,-2.000000000000000000e+00,-3.000000000000000000e+00,-3.900000000000000000e+01,-1.200000000000000000e+01,-7.000000000000000000e+00,-4.000000000000000000e+00,-5.000000000000000000e+00,-2.116699218750000000e-01,4.572143554687500000e-01,6.060791015625000000e-02,8.616333007812500000e-01
-5.000000000000000000e+00,-1.000000000000000000e+00,-5.000000000000000000e+00,1.900000000000000000e+01,-1.000000000000000000e+00,-3.000000000000000000e+00,-3.000000000000000000e+00,-2.000000000000000000e+00,-2.116699218750000000e-01,4.572143554687500000e-01,6.060791015625000000e-02,8.616333007812500000e-01
4.000000000000000000e+00,1.000000000000000000e+00,1.400000000000000000e+01,5.000000000000000000e+00,4.000000000000000000e+00,1.000000000000000000e+00,-2.000000000000000000e+00,1.000000000000000000e+00,-2.116699218750000000e-01,4.572143554687500000e-01,6.060791015625000000e-02,8.616333007812500000e-01
-2.000000000000000000e+00,-1.000000000000000000e+00,-9.000000000000000000e+00,1.100000000000000000e+01,-2.000000000000000000e+00,-1.000000000000000000e+00,3.000000000000000000e+00,0.000000000000000000e+00,-2.116699218750000000e-01,4.572143554687500000e-01,6.060791015625000000e-02,8.616333007812500000e-01
-4.000000000000000000e+00,-4.000000000000000000e+00,0.000000000000000000e+00,-3.000000000000000000e+00,0.000000000000000000e+00,0.000000000000000000e+00,-4.000000000000000000e+00,-3.000000000000000000e+00,-2.124633789062500000e-01,4.570312500000000000e-01,6.060791015625000000e-02,8.615112304687500000e-01
0.000000000000000000e+00,0.000000000000000000e+00,-5.000000000000000000e+00,-7.100000000000000000e+01,-2.200000000000000000e+01,-4.000000000000000000e+00,0.000000000000000000e+00,-3.000000000000000000e+00,-2.124633789062500000e-01,4.570312500000000000e-01,6.060791015625000000e-02,8.615112304687500000e-01
0.000000000000000000e+00,1.000000000000000000e+00,2.000000000000000000e+00,2.200000000000000000e+01,1.600000000000000000e+01,-1.000000000000000000e+00,8.000000000000000000e+00,8.000000000000000000e+00,-2.124633789062500000e-01,4.570312500000000000e-01,6.060791015625000000e-02,8.615112304687500000e-01
1.000000000000000000e+00,-1.000000000000000000e+00,8.000000000000000000e+00,2.600000000000000000e+01,1.800000000000000000e+01,1.000000000000000000e+00,0.000000000000000000e+00,-4.000000000000000000e+00,-2.124633789062500000e-01,4.570312500000000000e-01,6.060791015625000000e-02,8.615112304687500000e-01
1.000000000000000000e+00,0.000000000000000000e+00,-1.200000000000000000e+01,2.400000000000000000e+01,-1.200000000000000000e+01,-5.000000000000000000e+00,-1.000000000000000000e+00,3.000000000000000000e+00,-2.130126953125000000e-01,4.566040039062500000e-01,6.042480468750000000e-02,8.616333007812500000e-01
-4.000000000000000000e+00,-3.000000000000000000e+00,5.000000000000000000e+00,8.000000000000000000e+00,2.400000000000000000e+01,6.000000000000000000e+00,-1.000000000000000000e+01,-9.000000000000000000e+00,-2.130126953125000000e-01,4.566040039062500000e-01,6.042480468750000000e-02,8.616333007812500000e-01
0.000000000000000000e+00,-2.000000000000000000e+00,-1.700000000000000000e+01,-2.900000000000000000e+01,1.000000000000000000e+00,0.000000000000000000e+00,3.000000000000000000e+00,-4.000000000000000000e+00,-2.130126953125000000e-01,4.566040039062500000e-01,6.042480468750000000e-02,8.616333007812500000e-01
1.000000000000000000e+00,-4.000000000000000000e+00,-1.200000000000000000e+01,1.800000000000000000e+01,-1.200000000000000000e+01,-3.000000000000000000e+00,9.000000000000000000e+00,9.000000000000000000e+00,-2.130126953125000000e-01,4.566040039062500000e-01,6.042480468750000000e-02,8.616333007812500000e-01
3.000000000000000000e+00,2.000000000000000000e+00,8.000000000000000000e+00,-1.800000000000000000e+01,-2.600000000000000000e+01,-6.000000000000000000e+00,-1.000000000000000000e+00,-2.000000000000000000e+00,-2.132568359375000000e-01,4.558715820312500000e-01,6.042480468750000000e-02,8.619384765625000000e-01
-2.000000000000000000e+00,0.000000000000000000e+00,-1.400000000000000000e+01,-1.200000000000000000e+01,1.100000000000000000e+01,6.000000000000000000e+00,-4.000000000000000000e+00,-4.000000000000000000e+00,-2.132568359375000000e-01,4.558715820312500000e-01,6.042480468750000000e-02,8.619384765625000000e-01
-3.000000000000000000e+00,-4.000000000000000000e+00,6.000000000000000000e+00,3.400000000000000000e+01,1.000000000000000000e+00,0.000000000000000000e+00,-6.000000000000000000e+00,-4.000000000000000000e+00,-2.132568359375000000e-01,4.558715820312500000e-01,6.042480468750000000e-02,8.619384765625000000e-01
-3.000000000000000000e+00,0.000000000000000000e+00,-6.000000000000000000e+00,-2.700000000000000000e+01,-2.600000000000000000e+01,-7.000000000000000000e+00,-3.000000000000000000e+00,-2.000000000000000000e+00,-2.132568359375000000e-01,4.558715820312500000e-01,6.042480468750000000e-02,8.619384765625000000e-01
2.000000000000000000e+00,1.000000000000000000e+00,4.000000000000000000e+00,6.300000000000000000e+01,3.000000000000000000e+01,6.000000000000000000e+00,1.400000000000000000e+01,5.000000000000000000e+00,-2.137451171875000000e-01,4.548339843750000000e-01,6.079101562500000000e-02,8.623657226562500000e-01
1.000000000000000000e+00,0.000000000000000000e+00,2.100000000000000000e+01,1.100000000000000000e+01,-9.000000000000000000e+00,-5.000000000000000000e+00,-5.000000000000000000e+00,-1.000000000000000000e+00,-2.137451171875000000e-01,4.548339843750000000e-01,6.079101562500000000e-02,8.623657226562500000e-01
0.000000000000000000e+00,1.000000000000000000e+00,8.000000000000000000e+00,-2.100000000000000000e+01,-2.000000000000000000e+00,1.000000000000000000e+00,2.000000000000000000e+00,0.000000000000000000e+00,-2.137451171875000000e-01,4.548339843750000000e-01,6.079101562500000000e-02,8.623657226562500000e-01
2.000000000000000000e+00,3.000000000000000000e+00,1.700000000000000000e+01,-1.500000000000000000e+01,-1.300000000000000000e+01,-3.000000000000000000e+00,-5.000000000000000000e+00,0.000000000000000000e+00,-2.137451171875000000e-01,4.548339843750000000e-01,6.079101562500000000e-02,8.623657226562500000e-01
-8.000000000000000000e+00,-6.000000000000000000e+00,1.300000000000000000e+01,-6.000000000000000000e+00,4.000000000000000000e+00,-1.000000000000000000e+00,-9.000000000000000000e+00,-1.000000000000000000e+01,-2.144165039062500000e-01,4.534912109375000000e-01,6.109619140625000000e-02,8.629150390625000000e-01
3.000000000000000000e+00,-2.000000000000000000e+00,-5.000000000000000000e+01,-6.000000000000000000e+00,-8.000000000000000000e+00,-1.000000000000000000e+00,8.000000000000000000e+00,7.000000000000000000e+00,-2.144165039062500000e-01,4.534912109375000000e-01,6.109619140625000000e-02,8.629150390625000000e-01
-1.000000000000000000e+00,1.000000000000000000e+00,1.200000000000000000e+01,1.200000000000000000e+01,9.000000000000000000e+00,0.000000000000000000e+00,-1.300000000000000000e+01,-7.000000000000000000e+00,-2.144165039062500000e-01,4.534912109375000000e-01,6.109619140625000000e-02,8.629150390625000000e-01
-2.000000000000000000e+00,-2.000000000000000000e+00,-5.000000000000000000e+00,-9.000000000000000000e+00,-3.000000000000000000e+00,-1.000000000000000000e+00,2.000000000000000000e+00,-2.000000000000000000e+00,-2.144165039062500000e-01,4.534912109375000000e-01,6.109619140625000000e-02,8.629150390625000000e-01
0.000000000000000000e+00,0.000000000000000000e+00,0.000000000000000000e+00,-2.600000000000000000e+01,-3.000000000000000000e+01,-5.000000000000000000e+00,-1.000000000000000000e+00,1.000000000000000000e+00,-2.149658203125000000e-01,4.520263671875000000e-01,6.121826171875000000e-02,8.634643554687500000e-01
-2.000000000000000000e+00,0.000000000000000000e+00,1.300000000000000000e+01,5.300000000000000000e+01,3.600000000000000000e+01,8.000000000000000000e+00,-1.000000000000000000e+00,-1.000000000000000000e+00,-2.149658203125000000e-01,4.520263671875000000e-01,6.121826171875000000e-02,8.634643554687500000e-01
-2.000000000000000000e+00,-2.000000000000000000e+00,-5.000000000000000000e+00,-1.900000000000000000e+01,-2.100000000000000000e+01,-6.000000000000000000e+00,1.000000000000000000e+00,-5.000000000000000000e+00,-2.149658203125000000e-01,4.520263671875000000e-01,6.121826171875000000e-02,8.634643554687500000e-01
-1.000000000000000000e+00,-2.000000000000000000e+00,4.000000000000000000e+00,2.000000000000000000e+00,2.300000000000000000e+01,5.000000000000000000e+00,7.000000000000000000e+00,4.000000000000000000e+00,-2.149658203125000000e-01,4.520263671875000000e-01,6.121826171875000000e-02,8.634643554687500000e-01
0.000000000000000000e+00,0.000000000000000000e+00,2.000000000000000000e+00,-1.200000000000000000e+01,3.000000000000000000e+00,-1.000000000000000000e+00,-3.000000000000000000e+00,-3.000000000000000000e+00,-2.152099609375000000e-01,4.508056640625000000e-01,6.103515625000000000e-02,8.640747070312500000e-01
-1.000000000000000000e+00,-4.000000000000000000e+00,7.000000000000000000e+00,1.000000000000000000e+01,-2.200000000000000000e+01,-6.000000000000000000e+00,0.000000000000000000e+00,-2.000000000000000000e+00,-2.152099609375000000e-01,4.508056640625000000e-01,6.103515625000000000e-02,8.640747070312500000e-01
-1.000000000000000000e+00,-1.000000000000000000e+00,-2.000000000000000000e+00,-7.000000000000000000e+00,-2.000000000000000000e+00,-2.000000000000000000e+00,-7.000000000000000000e+00,-4.000000000000000000e+00,-2.152099609375000000e-01,4.508056640625000000e-01,6.103515625000000000e-02,8.640747070312500000e-01
-6.000000000000000000e+00,-5.000000000000000000e+00,-1.700000000000000000e+01,-2.800000000000000000e+01,4.000000000000000000e+00,-2.000000000000000000e+00,-1.100000000000000000e+01,-1.100000000000000000e+01,-2.152099609375000000e-01,4.508056640625000000e-01,6.103515625000000000e-02,8.640747070312500000e-01
0.000000000000000000e+00,0.000000000000000000e+00,-1.000000000000000000e+00,1.000000000000000000e+00,-4.000000000000000000e+00,-2.000000000000000000e+00,1.600000000000000000e+01,1.000000000000000000e+01,-2.153930664062500000e-01,4.494628906250000000e-01,6.054687500000000000e-02,8.648071289062500000e-01
6.000000000000000000e+00,4.000000000000000000e+00,1.400000000000000000e+01,-6.000000000000000000e+00,-1.300000000000000000e+01,1.000000000000000000e+00,3.000000000000000000e+00,6.000000000000000000e+00,-2.153930664062500000e-01,4.494628906250000000e-01,6.054687500000000000e-02,8.648071289062500000e-01
-1.000000000000000000e+00,-4.000000000000000000e+00,4.000000000000000000e+00,7.000000000000000000e+00,1.000000000000000000e+00,-3.000000000000000000e+00,0.000000000000000000e+00,1.000000000000000000e+00,-2.153930664062500000e-01,4.494628906250000000e-01,6.054687500000000000e-02,8.648071289062500000e-01
-2.000000000000000000e+00,-1.000000000000000000e+00,-1.100000000000000000e+01,2.400000000000000000e+01,-1.400000000000000000e+01,-4.000000000000000000e+00,-5.000000000000000000e+00,-5.000000000000000000e+00,-2.153930664062500000e-01,4.494628906250000000e-01,6.054687500000000000e-02,8.648071289062500000e-01
-4.000000000000000000e+00,-4.000000000000000000e+00,-1.400000000000000000e+01,4.000000000000000000e+00,2.400000000000000000e+01,5.000000000000000000e+00,-1.200000000000000000e+01,-9.000000000000000000e+00,-2.155761718750000000e-01,4.483642578125000000e-01,6.005859375000000000e-02,8.653564453125000000e-01
-1.000000000000000000e+00,0.000000000000000000e+00,2.000000000000000000e+00,-5.600000000000000000e+01,-1.300000000000000000e+01,-4.000000000000000000e+00,5.000000000000000000e+00,2.000000000000000000e+00,-2.155761718750000000e-01,4.483642578125000000e-01,6.005859375000000000e-02,8.653564453125000000e-01
1.000000000000000000e+00,-2.000000000000000000e+00,-1.300000000000000000e+01,5.000000000000000000e+00,-4.000000000000000000e+00,0.000000000000000000e+00,-8.000000000000000000e+00,0.000000000000000000e+00,-2.155761718750000000e-01,4.483642578125000000e-01,6.005859375000000000e-02,8.653564453125000000e-01
0.000000000000000000e+00,2.000000000000000000e+00,-2.000000000000000000e+00,1.000000000000000000e+01,3.000000000000000000e+00,1.000000000000000000e+00,7.000000000000000000e+00,2.000000000000000000e+00,-2.155761718750000000e-01,4.483642578125000000e-01,6.005859375000000000e-02,8.653564453125000000e-01
1.000000000000000000e+00,-1.000000000000000000e+00,-4.000000000000000000e+00,2.400000000000000000e+01,2.100000000000000000e+01,4.000000000000000000e+00,3.000000000000000000e+00,2.000000000000000000e+00,-2.161254882812500000e-01,4.477539062500000000e-01,5.975341796875000000e-02,8.655395507812500000e-01
-4.000000000000000000e+00,-1.000000000000000000e+00,2.800000000000000000e+01,0.000000000000000000e+00,-1.200000000000000000e+01,-7.000000000000000000e+00,-3.000000000000000000e+00,-3.000000000000000000e+00,-2.161254882812500000e-01,4.477539062500000000e-01,5.975341796875000000e-02,8.655395507812500000e-01
-2.000000000000000000e+00,0.000000000000000000e+00,5.000000000000000000e+00,-1.200000000000000000e+01,-1.000000000000000000e+00,4.000000000000000000e+00,5.000000000000000000e+00,1.000000000000000000e+00,-2.161254882812500000e-01,4.477539062500000000e-01,5.975341796875000000e-02,8.655395507812500000e-01
1.000000000000000000e+00,3.000000000000000000e+00,9.000000000000000000e+00,-5.000000000000000000e+00,3.000000000000000000e+00,-1.000000000000000000e+00,-9.000000000000000000e+00,-4.000000000000000000e+00,-2.161254882812500000e-01,4.477539062500000000e-01,5.975341796875000000e-02,8.655395507812500000e-01
-5.000000000000000000e+00,-5.000000000000000000e+00,-4.200000000000000000e+01,-8.400000000000000000e+01,-2.400000000000000000e+01,-5.000000000000000000e+00,-2.000000000000000000e+01,-1.200000000000000000e+01,-2.164916992187500000e-01,4.462890625000000000e-01,5.920410156250000000e-02,8.662719726562500000e-01
0.000000000000000000e+00,-2.000000000000000000e+00,8.000000000000000000e+00,8.100000000000000000e+01,2.700000000000000000e+01,3.000000000000000000e+00,1.900000000000000000e+01,6.000000000000000000e+00,-2.164916992187500000e-01,4.462890625000000000e-01,5.920410156250000000e-02,8.662719726562500000e-01
2.000000000000000000e+00,-1.000000000000000000e+00,-3.000000000000000000e+01,-4.000000000000000000e+01,-9.000000000000000000e+00,-2.000000000000000000e+00,8.000000000000000000e+00,7.000000000000000000e+00,-2.164916992187500000e-01,4.462890625000000000e-01,5.920410156250000000e-02,8.662719726562500000e-01
-2.000000000000000000e+00,-2.000000000000000000e+00,3.000000000000000000e+01,8.000000000000000000e+00,-1.600000000000000000e+01,-6.000000000000000000e+00,-6.000000000000000000e+00,-1.000000000000000000e+00,-2.164916992187500000e-01,4.462890625000000000e-01,5.920410156250000000e-02,8.662719726562500000e-01
-2.000000000000000000e+00,-2.000000000000000000e+00,-8.000000000000000000e+00,1.800000000000000000e+01,1.100000000000000000e+01,0.000000000000000000e+00,3.000000000000000000e+00,1.000000000000000000e+00,-2.164916992187500000e-01,4.450073242187500000e-01,5.944824218750000000e-02,8.668823242187500000e-01
-4.000000000000000000e+00,-2.000000000000000000e+00,-1.000000000000000000e+01,1.300000000000000000e+01,0.000000000000000000e+00,0.000000000000000000e+00,-1.100000000000000000e+01,-8.000000000000000000e+00,-2.164916992187500000e-01,4.450073242187500000e-01,5.944824218750000000e-02,8.668823242187500000e-01
-4.000000000000000000e+00,-2.000000000000000000e+00,-5.000000000000000000e+00,-1.600000000000000000e+01,-9.000000000000000000e+00,0.000000000000000000e+00,-7.000000000000000000e+00,-5.000000000000000000e+00,-2.164916992187500000e-01,4.450073242187500000e-01,5.944824218750000000e-02,8.668823242187500000e-01
1.000000000000000000e+00,2.000000000000000000e+00,1.400000000000000000e+01,-1.500000000000000000e+01,5.000000000000000000e+00,1.000000000000000000e+00,5.000000000000000000e+00,5.000000000000000000e+00,-2.164916992187500000e-01,4.450073242187500000e-01,5.944824218750000000e-02,8.668823242187500000e-01
0.000000000000000000e+00,-4.000000000000000000e+00,-7.000000000000000000e+00,2.000000000000000000e+00,-4.000000000000000000e+00,-2.000000000000000000e+00,-5.000000000000000000e+00,1.000000000000000000e+00,-2.166137695312500000e-01,4.443359375000000000e-01,5.963134765625000000e-02,8.671875000000000000e-01
1.000000000000000000e+00,0.000000000000000000e+00,-1.400000000000000000e+01,-1.600000000000000000e+01,-3.000000000000000000e+00,-3.000000000000000000e+00,-5.000000000000000000e+00,-3.000000000000000000e+00,-2.166137695312500000e-01,4.443359375000000000e-01,5.963134765625000000e-02,8.671875000000000000e-01
0.000000000000000000e+00,1.000000000000000000e+00,0.000000000000000000e+00,2.300000000000000000e+01,4.000000000000000000e+00,1.000000000000000000e+00,9.000000000000000000e+00,3.000000000000000000e+00,-2.166137695312500000e-01,4.443359375000000000e-01,5.963134765625000000e-02,8.671875000000000000e-01
-4.000000000000000000e+00,-4.000000000000000000e+00,-9.000000000000000000e+00,7.000000000000000000e+00,1.500000000000000000e+01,-3.000000000000000000e+00,-9.000000000000000000e+00,-6.000000000000000000e+00,-2.166137695312500000e-01,4.443359375000000000e-01,5.963134765625000000e-02,8.671875000000000000e-01
0.000000000000000000e+00,3.000000000000000000e+00,2.900000000000000000e+01,1.100000000000000000e+01,-9.000000000000000000e+00,1.000000000000000000e+00,0.000000000000000000e+00,1.000000000000000000e+00,-2.168579101562500000e-01,4.432373046875000000e-01,5.950927734375000000e-02,8.676757812500000000e-01
-1.000000000000000000e+00,-7.000000000000000000e+00,-1.800000000000000000e+01,-1.900000000000000000e+01,1.000000000000000000e+00,-2.000000000000000000e+00,0.000000000000000000e+00,0.000000000000000000e+00,-2.168579101562500000e-01,4.432373046875000000e-01,5.950927734375000000e-02,8.676757812500000000e-01
0.000000000000000000e+00,-4.000000000000000000e+00,-2.000000000000000000e+00,-6.100000000000000000e+01,-7.000000000000000000e+00,0.000000000000000000e+00,0.000000000000000000e+00,0.000000000000000000e+00,-2.168579101562500000e-01,4.432373046875000000e-01,5.950927734375000000e-02,8.676757812500000000e-01
-7.000000000000000000e+00,-6.000000000000000000e+00,-2.000000000000000000e+00,8.500000000000000000e+01,9.000000000000000000e+00,-3.000000000000000000e+00,-2.500000000000000000e+01,-1.500000000000000000e+01,-2.168579101562500000e-01,4.432373046875000000e-01,5.950927734375000000e-02,8.676757812500000000e-01
0.000000000000000000e+00,2.000000000000000000e+00,-7.000000000000000000e+00,-4.000000000000000000e+00,2.000000000000000000e+01,5.000000000000000000e+00,1.900000000000000000e+01,6.000000000000000000e+00,-2.173461914062500000e-01,4.431762695312500000e-01,6.005859375000000000e-02,8.675537109375000000e-01
5.000000000000000000e+00,4.000000000000000000e+00,-2.000000000000000000e+00,1.000000000000000000e+01,2.000000000000000000e+00,2.000000000000000000e+00,9.000000000000000000e+00,1.300000000000000000e+01,-2.173461914062500000e-01,4.431762695312500000e-01,6.005859375000000000e-02,8.675537109375000000e-01
-2.000000000000000000e+00,-1.000000000000000000e+00,-9.000000000000000000e+00,-2.000000000000000000e+01,-1.900000000000000000e+01,-8.000000000000000000e+00,-4.000000000000000000e+00,-4.000000000000000000e+00,-2.173461914062500000e-01,4.431762695312500000e-01,6.005859375000000000e-02,8.675537109375000000e-01
0.000000000000000000e+00,2.000000000000000000e+00,3.100000000000000000e+01,-2.000000000000000000e+00,2.800000000000000000e+01,7.000000000000000000e+00,3.000000000000000000e+00,1.000000000000000000e+00,-2.173461914062500000e-01,4.431762695312500000e-01,6.005859375000000000e-02,8.675537109375000000e-01
-3.000000000000000000e+00,-4.000000000000000000e+00,-1.500000000000000000e+01,2.300000000000000000e+01,-1.200000000000000000e+01,-1.000000000000000000e+00,-8.000000000000000000e+00,-4.000000000000000000e+00,-2.176513671875000000e-01,4.432373046875000000e-01,6.011962890625000000e-02,8.674926757812500000e-01
-4.000000000000000000e+00,-3.000000000000000000e+00,1.000000000000000000e+01,-1.900000000000000000e+01,-1.300000000000000000e+01,-4.000000000000000000e+00,-9.000000000000000000e+00,-7.000000000000000000e+00,-2.176513671875000000e-01,4.432373046875000000e-01,6.011962890625000000e-02,8.674926757812500000e-01
-1.000000000000000000e+00,-4.000000000000000000e+00,-7.000000000000000000e+00,2.800000000000000000e+01,2.000000000000000000e+00,-4.000000000000000000e+00,3.000000000000000000e+00,-1.000000000000000000e+00,-2.176513671875000000e-01,4.432373046875000000e-01,6.011962890625000000e-02,8.674926757812500000e-01
2.000000000000000000e+00,1.000000000000000000e+00,-1.200000000000000000e+01,-2.100000000000000000e+01,-1.700000000000000000e+01,-6.000000000000000000e+00,0.000000000000000000e+00,0.000000000000000000e+00,-2.176513671875000000e-01,4.432373046875000000e-01,6.011962890625000000e-02,8.674926757812500000e-01
1.000000000000000000e+00,4.000000000000000000e+00,1.200000000000000000e+01,-1.000000000000000000e+00,1.200000000000000000e+01,2.000000000000000000e+00,-5.000000000000000000e+00,-2.000000000000000000e+00,-2.174072265625000000e-01,4.430541992187500000e-01,6.011962890625000000e-02,8.676147460937500000e-01
-1.000000000000000000e+00,-1.000000000000000000e+00,-1.000000000000000000e+01,7.000000000000000000e+00,-9.000000000000000000e+00,-1.000000000000000000e+00,-2.000000000000000000e+00,-2.000000000000000000e+00,-2.174072265625000000e-01,4.430541992187500000e-01,6.011962890625000000e-02,8.676147460937500000e-01
-2.000000000000000000e+00,-1.000000000000000000e+00,5.000000000000000000e+00,1.700000000000000000e+01,-4.000000000000000000e+00,-6.000000000000000000e+00,-7.000000000000000000e+00,0.000000000000000000e+00,-2.174072265625000000e-01,4.430541992187500000e-01,6.011962890625000000e-02,8.676147460937500000e-01
2.000000000000000000e+00,3.000000000000000000e+00,2.000000000000000000e+00,-1.900000000000000000e+01,1.100000000000000000e+01,4.000000000000000000e+00,8.000000000000000000e+00,5.000000000000000000e+00,-2.174072265625000000e-01,4.430541992187500000e-01,6.011962890625000000e-02,8.676147460937500000e-01
0.000000000000000000e+00,-4.000000000000000000e+00,6.000000000000000000e+00,1.100000000000000000e+01,-2.000000000000000000e+00,-6.000000000000000000e+00,5.000000000000000000e+00,6.000000000000000000e+00,-2.168579101562500000e-01,4.430541992187500000e-01,6.036376953125000000e-02,8.677368164062500000e-01
-4.000000000000000000e+00,-1.000000000000000000e+00,-9.000000000000000000e+00,-3.200000000000000000e+01,-1.500000000000000000e+01,-4.000000000000000000e+00,-1.000000000000000000e+00,-3.000000000000000000e+00,-2.168579101562500000e-01,4.430541992187500000e-01,6.036376953125000000e-02,8.677368164062500000e-01
0.000000000000000000e+00,-2.000000000000000000e+00,-5.000000000000000000e+00,1.600000000000000000e+01,1.000000000000000000e+00,3.000000000000000000e+00,-1.000000000000000000e+00,-2.000000000000000000e+00,-2.168579101562500000e-01,4.430541992187500000e-01,6.036376953125000000e-02,8.677368164062500000e-01
4.000000000000000000e+00,7.000000000000000000e+00,-3.000000000000000000e+00,-7.000000000000000000e+00,-1.000000000000000000e+01,3.000000000000000000e+00,1.000000000000000000e+00,4.000000000000000000e+00,-2.168579101562500000e-01,4.430541992187500000e-01,6.036376953125000000e-02,8.677368164062500000e-01
-3.000000000000000000e+00,-4.000000000000000000e+00,-2.000000000000000000e+00,-2.700000000000000000e+01,-4.800000000000000000e+01,-1.200000000000000000e+01,-7.000000000000000000e+00,-6.000000000000000000e+00,-2.163696289062500000e-01,4.430541992187500000e-01,6.036376953125000000e-02,8.678588867187500000e-01
-1.000000000000000000e+00,0.000000000000000000e+00,-6.000000000000000000e+00,3.100000000000000000e+01,5.800000000000000000e+01,1.100000000000000000e+01,-4.000000000000000000e+00,-2.000000000000000000e+00,-2.163696289062500000e-01,4.430541992187500000e-01,6.036376953125000000e-02,8.678588867187500000e-01
0.000000000000000000e+00,0.000000000000000000e+00,3.000000000000000000e+00,3.000000000000000000e+00,8.000000000000000000e+00,0.000000000000000000e+00,5.000000000000000000e+00,1.000000000000000000e+00,-2.163696289062500000e-01,4.430541992187500000e-01,6.036376953125000000e-02,8.678588867187500000e-01
1.000000000000000000e+00,-4.000000000000000000e+00,-6.000000000000000000e+00,8.000000000000000000e+00,-6.000000000000000000e+00,-2.000000000000000000e+00,6.000000000000000000e+00,4.000000000000000000e+00,-2.163696289062500000e-01,4.430541992187500000e-01,6.036376953125000000e-02,8.678588867187500000e-01
1.000000000000000000e+00,4.000000000000000000e+00,-1.200000000000000000e+01,-5.500000000000000000e+01,-1.100000000000000000e+01,1.000000000000000000e+00,-2.000000000000000000e+00,-1.000000000000000000e+00,-2.159423828125000000e-01,4.431152343750000000e-01,6.036376953125000000e-02,8.679199218750000000e-01
-1.000000000000000000e+00,3.000000000000000000e+00,2.100000000000000000e+01,5.700000000000000000e+01,6.000000000000000000e+00,-1.000000000000000000e+00,-4.000000000000000000e+00,-2.000000000000000000e+00,-2.159423828125000000e-01,4.431152343750000000e-01,6.036376953125000000e-02,8.679199218750000000e-01
1.000000000000000000e+00,2.000000000000000000e+00,2.000000000000000000e+00,1.600000000000000000e+01,1.900000000000000000e+01,3.000000000000000000e+00,-3.000000000000000000e+00,0.000000000000000000e+00,-2.159423828125000000e-01,4.431152343750000000e-01,6.036376953125000000e-02,8.679199218750000000e-01
-1.000000000000000000e+00,-2.000000000000000000e+00,-1.900000000000000000e+01,-1.700000000000000000e+01,-1.400000000000000000e+01,-2.000000000000000000e+00,6.000000000000000000e+00,3.000000000000000000e+00,-2.159423828125000000e-01,4.431152343750000000e-01,6.036376953125000000e-02,8.679199218750000000e-01
3.000000000000000000e+00,2.000000000000000000e+00,1.000000000000000000e+01,-9.000000000000000000e+00,1.000000000000000000e+00,1.000000000000000000e+00,1.000000000000000000e+00,1.000000000000000000e+00,-2.159423828125000000e-01,4.431152343750000000e-01,6.036376953125000000e-02,8.679199218750000000e-01
-3.000000000000000000e+00,0.000000000000000000e+00,2.700000000000000000e+01,2.400000000000000000e+01,-1.300000000000000000e+01,-7.000000000000000000e+00,-7.000000000000000000e+00,-6.000000000000000000e+00,-2.159423828125000000e-01,4.431152343750000000e-01,6.036376953125000000e-02,8.679199218750000000e-01
2.000000000000000000e+00,-1.000000000000000000e+00,-1.000000000000000000e+01,-1.200000000000000000e+01,1.300000000000000000e+01,4.000000000000000000e+00,4.000000000000000000e+00,3.000000000000000000e+00,-2.159423828125000000e-01,4.431152343750000000e-01,6.036376953125000000e-02,8.679199218750000000e-01
-2.000000000000000000e+00,-4.000000000000000000e+00,-1.200000000000000000e+01,-1.100000000000000000e+01,-1.300000000000000000e+01,-3.000000000000000000e+00,-8.000000000000000000e+00,-6.000000000000000000e+00,-2.159423828125000000e-01,4.431152343750000000e-01,6.036376953125000000e-02,8.679199218750000000e-01
-4.000000000000000000e+00,-5.000000000000000000e+00,8.000000000000000000e+00,2.000000000000000000e+00,-1.900000000000000000e+01,-7.000000000000000000e+00,-1.500000000000000000e+01,-9.000000000000000000e+00,-2.153930664062500000e-01,4.431762695312500000e-01,5.993652343750000000e-02,8.681030273437500000e-01
4.000000000000000000e+00,5.000000000000000000e+00,-1.200000000000000000e+01,-3.500000000000000000e+01,3.000000000000000000e+00,4.000000000000000000e+00,2.100000000000000000e+01,1.100000000000000000e+01,-2.153930664062500000e-01,4.431762695312500000e-01,5.993652343750000000e-02,8.681030273437500000e-01
3.000000000000000000e+00,3.000000000000000000e+00,2.700000000000000000e+01,1.700000000000000000e+01,6.000000000000000000e+00,1.000000000000000000e+00,1.000000000000000000e+00,4.000000000000000000e+00,-2.153930664062500000e-01,4.431762695312500000e-01,5.993652343750000000e-02,8.681030273437500000e-01
-7.000000000000000000e+00,-9.000000000000000000e+00,-2.900000000000000000e+01,-1.900000000000000000e+01,-1.700000000000000000e+01,-6.000000000000000000e+00,-6.000000000000000000e+00,-3.000000000000000000e+00,-2.153930664062500000e-01,4.431762695312500000e-01,5.993652343750000000e-02,8.681030273437500000e-01
0.000000000000000000e+00,-1.000000000000000000e+00,-9.000000000000000000e+00,1.200000000000000000e+01,2.900000000000000000e+01,5.000000000000000000e+00,2.000000000000000000e+00,1.000000000000000000e+00,-2.149047851562500000e-01,4.436035156250000000e-01,5.963134765625000000e-02,8.679809570312500000e-01
0.000000000000000000e+00,-2.000000000000000000e+00,-2.200000000000000000e+01,-1.800000000000000000e+01,-2.200000000000000000e+01,-5.000000000000000000e+00,-1.100000000000000000e+01,-7.000000000000000000e+00,-2.149047851562500000e-01,4.436035156250000000e-01,5.963134765625000000e-02,8.679809570312500000e-01
-6.000000000000000000e+00,-6.000000000000000000e+00,6.000000000000000000e+00,3.000000000000000000e+00,6.000000000000000000e+00,1.000000000000000000e+00,-2.000000000000000000e+00,-5.000000000000000000e+00,-2.149047851562500000e-01,4.436035156250000000e-01,5.963134765625000000e-02,8.679809570312500000e-01
-1.000000000000000000e+00,-2.000000000000000000e+00,-1.600000000000000000e+01,-1.900000000000000000e+01,1.000000000000000000e+00,-1.000000000000000000e+00,-1.000000000000000000e+00,0.000000000000000000e+00,-2.149047851562500000e-01,4.436035156250000000e-01,5.963134765625000000e-02,8.679809570312500000e-01
-3.000000000000000000e+00,0.000000000000000000e+00,1.900000000000000000e+01,1.700000000000000000e+01,0.000000000000000000e+00,-3.000000000000000000e+00,-1.000000000000000000e+00,-5.000000000000000000e+00,-2.145385742187500000e-01,4.443969726562500000e-01,5.950927734375000000e-02,8.676757812500000000e-01
2.000000000000000000e+00,-2.000000000000000000e+00,-3.300000000000000000e+01,-2.800000000000000000e+01,-1.800000000000000000e+01,-3.000000000000000000e+00,4.000000000000000000e+00,3.000000000000000000e+00,-2.145385742187500000e-01,4.443969726562500000e-01,5.950927734375000000e-02,8.676757812500000000e-01
0.000000000000000000e+00,0.000000000000000000e+00,2.200000000000000000e+01,6.000000000000000000e+00,-9.000000000000000000e+00,-4.000000000000000000e+00,0.000000000000000000e+00,0.000000000000000000e+00,-2.145385742187500000e-01,4.443969726562500000e-01,5.950927734375000000e-02,8.676757812500000000e-01
-1.000000000000000000e+00,-1.000000000000000000e+00,1.000000000000000000e+00,5.500000000000000000e+01,2.300000000000000000e+01,4.000000000000000000e+00,-2.000000000000000000e+00,-1.000000000000000000e+00,-2.145385742187500000e-01,4.443969726562500000e-01,5.950927734375000000e-02,8.676757812500000000e-01
0.000000000000000000e+00,3.000000000000000000e+00,-6.000000000000000000e+00,-3.200000000000000000e+01,-5.000000000000000000e+00,0.000000000000000000e+00,-2.000000000000000000e+00,0.000000000000000000e+00,-2.142333984375000000e-01,4.457397460937500000e-01,5.963134765625000000e-02,8.670654296875000000e-01
-2.000000000000000000e+00,-4.000000000000000000e+00,1.700000000000000000e+01,-3.000000000000000000e+00,-1.500000000000000000e+01,-8.000000000000000000e+00,2.000000000000000000e+00,0.000000000000000000e+00,-2.142333984375000000e-01,4.457397460937500000e-01,5.963134765625000000e-02,8.670654296875000000e-01
-2.000000000000000000e+00,3.000000000000000000e+00,2.000000000000000000e+00,-1.400000000000000000e+01,-1.800000000000000000e+01,0.000000000000000000e+00,-9.000000000000000000e+00,-6.000000000000000000e+00,-2.142333984375000000e-01,4.457397460937500000e-01,5.963134765625000000e-02,8.670654296875000000e-01
-3.000000000000000000e+00,-1.000000000000000000e+00,6.000000000000000000e+00,5.900000000000000000e+01,1.300000000000000000e+01,2.000000000000000000e+00,-2.000000000000000000e+00,-4.000000000000000000e+00,-2.142333984375000000e-01,4.457397460937500000e-01,5.963134765625000000e-02,8.670654296875000000e-01
2.000000000000000000e+00,-4.000000000000000000e+00,1.000000000000000000e+00,7.000000000000000000e+00,2.000000000000000000e+00,2.000000000000000000e+00,1.600000000000000000e+01,1.300000000000000000e+01,-2.144775390625000000e-01,4.470214843750000000e-01,6.011962890625000000e-02,8.663330078125000000e-01
-3.000000000000000000e+00,-5.000000000000000000e+00,-2.100000000000000000e+01,-2.300000000000000000e+01,-1.200000000000000000e+01,-3.000000000000000000e+00,-4.000000000000000000e+00,-4.000000000000000000e+00,-2.144775390625000000e-01,4.470214843750000000e-01,6.011962890625000000e-02,8.663330078125000000e-01
-1.000000000000000000e+00,-1.000000000000000000e+00,-1.500000000000000000e+01,-1.500000000000000000e+01,-1.000000000000000000e+00,-2.000000000000000000e+00,-6.000000000000000000e+00,-2.000000000000000000e+00,-2.144775390625000000e-01,4.470214843750000000e-01,6.011962890625000000e-02,8.663330078125000000e-01
-2.000000000000000000e+00,0.000000000000000000e+00,1.600000000000000000e+01,-8.000000000000000000e+00,3.000000000000000000e+00,1.000000000000000000e+00,-5.000000000000000000e+00,-2.000000000000000000e+00,-2.144775390625000000e-01,4.470214843750000000e-01,6.011962890625000000e-02,8.663330078125000000e-01
-3.000000000000000000e+00,-4.000000000000000000e+00,-1.000000000000000000e+00,2.500000000000000000e+01,8.000000000000000000e+00,-2.000000000000000000e+00,-3.000000000000000000e+00,-3.000000000000000000e+00,-2.142944335937500000e-01,4.482421875000000000e-01,6.054687500000000000e-02,8.657226562500000000e-01
2.000000000000000000e+00,3.000000000000000000e+00,7.000000000000000000e+00,-1.000000000000000000e+01,-7.000000000000000000e+00,0.000000000000000000e+00,2.000000000000000000e+00,4.000000000000000000e+00,-2.142944335937500000e-01,4.482421875000000000e-01,6.054687500000000000e-02,8.657226562500000000e-01
-4.000000000000000000e+00,-9.000000000000000000e+00,-3.300000000000000000e+01,-1.700000000000000000e+01,-1.500000000000000000e+01,-5.000000000000000000e+00,-4.000000000000000000e+00,-3.000000000000000000e+00,-2.142944335937500000e-01,4.482421875000000000e-01,6.054687500000000000e-02,8.657226562500000000e-01
1.000000000000000000e+00,1.000000000000000000e+00,1.000000000000000000e+01,-2.100000000000000000e+01,7.000000000000000000e+00,0.000000000000000000e+00,3.000000000000000000e+00,-1.000000000000000000e+00,-2.142944335937500000e-01,4.482421875000000000e-01,6.054687500000000000e-02,8.657226562500000000e-01
1.000000000000000000e+00,1.000000000000000000e+00,-5.000000000000000000e+00,9.000000000000000000e+00,2.000000000000000000e+00,-2.000000000000000000e+00,1.000000000000000000e+00,0.000000000000000000e+00,-2.142333984375000000e-01,4.493408203125000000e-01,6.097412109375000000e-02,8.651123046875000000e-01
-6.000000000000000000e+00,-3.000000000000000000e+00,-6.000000000000000000e+00,-6.400000000000000000e+01,-2.500000000000000000e+01,-8.000000000000000000e+00,-1.000000000000000000e+01,-8.000000000000000000e+00,-2.142333984375000000e-01,4.493408203125000000e-01,6.097412109375000000e-02,8.651123046875000000e-01
5.000000000000000000e+00,8.000000000000000000e+00,3.200000000000000000e+01,8.100000000000000000e+01,7.400000000000000000e+01,1.900000000000000000e+01,1.200000000000000000e+01,1.000000000000000000e+01,-2.142333984375000000e-01,4.493408203125000000e-01,6.097412109375000000e-02,8.651123046875000000e-01
2.000000000000000000e+00,1.000000000000000000e+00,-9.000000000000000000e+00,4.000000000000000000e+00,-1.000000000000000000e+00,2.000000000000000000e+00,6.000000000000000000e+00,2.000000000000000000e+00,-2.142333984375000000e-01,4.493408203125000000e-01,6.097412109375000000e-02,8.651123046875000000e-01
-4.000000000000000000e+00,-3.000000000000000000e+00,6.000000000000000000e+00,-2.100000000000000000e+01,-9.000000000000000000e+00,-6.000000000000000000e+00,0.000000000000000000e+00,-2.000000000000000000e+00,-2.140502929687500000e-01,4.504394531250000000e-01,6.152343750000000000e-02,8.645019531250000000e-01
0.000000000000000000e+00,0.000000000000000000e+00,1.000000000000000000e+00,2.500000000000000000e+01,9.000000000000000000e+00,-1.000000000000000000e+00,-5.000000000000000000e+00,-2.000000000000000000e+00,-2.140502929687500000e-01,4.504394531250000000e-01,6.152343750000000000e-02,8.645019531250000000e-01
-5.000000000000000000e+00,0.000000000000000000e+00,-5.000000000000000000e+00,2.500000000000000000e+01,-2.000000000000000000e+00,-3.000000000000000000e+00,-1.000000000000000000e+00,-5.000000000000000000e+00,-2.140502929687500000e-01,4.504394531250000000e-01,6.152343750000000000e-02,8.645019531250000000e-01
0.000000000000000000e+00,-1.000000000000000000e+00,9.000000000000000000e+00,-2.900000000000000000e+01,-2.700000000000000000e+01,-5.000000000000000000e+00,0.000000000000000000e+00,2.000000000000000000e+00,-2.140502929687500000e-01,4.504394531250000000e-01,6.152343750000000000e-02,8.645019531250000000e-01
5.000000000000000000e+00,7.000000000000000000e+00,2.200000000000000000e+01,4.100000000000000000e+01,6.100000000000000000e+01,7.000000000000000000e+00,-3.000000000000000000e+00,0.000000000000000000e+00,-2.141113281250000000e-01,4.511718750000000000e-01,6.188964843750000000e-02,8.641357421875000000e-01
-2.000000000000000000e+00,-4.000000000000000000e+00,2.000000000000000000e+00,2.000000000000000000e+00,-3.000000000000000000e+00,0.000000000000000000e+00,-9.000000000000000000e+00,-6.000000000000000000e+00,-2.141113281250000000e-01,4.511718750000000000e-01,6.188964843750000000e-02,8.641357421875000000e-01
-2.000000000000000000e+00,-5.000000000000000000e+00,-4.000000000000000000e+01,-3.800000000000000000e+01,-3.500000000000000000e+01,-8.000000000000000000e+00,-4.000000000000000000e+00,-3.000000000000000000e+00,-2.141113281250000000e-01,4.511718750000000000e-01,6.188964843750000000e-02,8.641357421875000000e-01
-2.000000000000000000e+00,-5.000000000000000000e+00,-2.000000000000000000e+00,-3.900000000000000000e+01,-5.000000000000000000e+00,-1.000000000000000000e+00,5.000000000000000000e+00,2.000000000000000000e+00,-2.141113281250000000e-01,4.511718750000000000e-01,6.188964843750000000e-02,8.641357421875000000e-01
-2.000000000000000000e+00,0.000000000000000000e+00,-9.000000000000000000e+00,-1.900000000000000000e+01,-4.300000000000000000e+01,-1.100000000000000000e+01,-2.000000000000000000e+00,-1.000000000000000000e+00,-2.140502929687500000e-01,4.516601562500000000e-01,6.225585937500000000e-02,8.638916015625000000e-01
-1.000000000000000000e+00,1.000000000000000000e+00,5.000000000000000000e+00,6.100000000000000000e+01,5.000000000000000000e+01,1.100000000000000000e+01,-8.000000000000000000e+00,-4.000000000000000000e+00,-2.140502929687500000e-01,4.516601562500000000e-01,6.225585937500000000e-02,8.638916015625000000e-01
1.000000000000000000e+00,-2.000000000000000000e+00,0.000000000000000000e+00,-2.400000000000000000e+01,-1.500000000000000000e+01,-6.000000000000000000e+00,6.000000000000000000e+00,3.000000000000000000e+00,-2.140502929687500000e-01,4.516601562500000000e-01,6.225585937500000000e-02,8.638916015625000000e-01
0.000000000000000000e+00,-4.000000000000000000e+00,-1.600000000000000000e+01,2.000000000000000000e+00,-3.000000000000000000e+00,-4.000000000000000000e+00,0.000000000000000000e+00,3.000000000000000000e+00,-2.140502929687500000e-01,4.516601562500000000e-01,6.225585937500000000e-02,8.638916015625000000e-01
1.000000000000000000e+00,4.000000000000000000e+00,1.500000000000000000e+01,-6.000000000000000000e+00,-4.000000000000000000e+00,1.000000000000000000e+00,3.000000000000000000e+00,-2.000000000000000000e+00,-2.138671875000000000e-01,4.519042968750000000e-01,6.256103515625000000e-02,8.637695312500000000e-01
2.000000000000000000e+00,-1.000000000000000000e+00,8.000000000000000000e+00,-2.000000000000000000e+00,-4.000000000000000000e+00,-2.000000000000000000e+00,1.000000000000000000e+00,2.000000000000000000e+00,-2.138671875000000000e-01,4.519042968750000000e-01,6.256103515625000000e-02,8.637695312500000000e-01
-3.000000000000000000e+00,-3.000000000000000000e+00,-1.000000000000000000e+00,-1.900000000000000000e+01,-1.000000000000000000e+01,1.000000000000000000e+00,-6.000000000000000000e+00,-4.000000000000000000e+00,-2.138671875000000000e-01,4.519042968750000000e-01,6.256103515625000000e-02,8.637695312500000000e-01
2.000000000000000000e+00,6.000000000000000000e+00,1.800000000000000000e+01,-2.000000000000000000e+00,-2.000000000000000000e+00,0.000000000000000000e+00,2.000000000000000000e+00,-1.000000000000000000e+00,-2.138671875000000000e-01,4.519042968750000000e-01,6.256103515625000000e-02,8.637695312500000000e-01
0.000000000000000000e+00,-5.000000000000000000e+00,-2.900000000000000000e+01,5.000000000000000000e+00,0.000000000000000000e+00,-3.000000000000000000e+00,-8.000000000000000000e+00,-2.000000000000000000e+00,-2.142944335937500000e-01,4.519042968750000000e-01,6.280517578125000000e-02,8.636474609375000000e-01
-4.000000000000000000e+00,-8.000000000000000000e+00,3.000000000000000000e+00,-1.000000000000000000e+00,-1.700000000000000000e+01,-2.000000000000000000e+00,1.100000000000000000e+01,4.000000000000000000e+00,-2.142944335937500000e-01,4.519042968750000000e-01,6.280517578125000000e-02,8.636474609375000000e-01
-1.000000000000000000e+00,-2.000000000000000000e+00,-1.400000000000000000e+01,-6.000000000000000000e+00,0.000000000000000000e+00,-2.000000000000000000e+00,-5.000000000000000000e+00,-3.000000000000000000e+00,-2.142944335937500000e-01,4.519042968750000000e-01,6.280517578125000000e-02,8.636474609375000000e-01
-1.000000000000000000e+00,1.000000000000000000e+00,1.500000000000000000e+01,-6.000000000000000000e+00,0.000000000000000000e+00,-2.000000000000000000e+00,-3.000000000000000000e+00,-5.000000000000000000e+00,-2.142944335937500000e-01,4.519042968750000000e-01,6.280517578125000000e-02,8.636474609375000000e-01
0.000000000000000000e+00,0.000000000000000000e+00,-2.000000000000000000e+00,1.500000000000000000e+01,-1.500000000000000000e+01,-1.000000000000000000e+00,2.000000000000000000e+00,1.000000000000000000e+00,-2.147216796875000000e-01,4.517211914062500000e-01,6.292724609375000000e-02,8.635864257812500000e-01
-3.000000000000000000e+00,0.000000000000000000e+00,2.000000000000000000e+00,-4.800000000000000000e+01,-7.000000000000000000e+00,-3.000000000000000000e+00,-5.000000000000000000e+00,-4.000000000000000000e+00,-2.147216796875000000e-01,4.517211914062500000e-01,6.292724609375000000e-02,8.635864257812500000e-01
1.000000000000000000e+00,1.000000000000000000e+00,6.000000000000000000e+00,5.400000000000000000e+01,1.300000000000000000e+01,0.000000000000000000e+00,2.000000000000000000e+00,0.000000000000000000e+00,-2.150268554687500000e-01,4.515991210937500000e-01,6.274414062500000000e-02,8.635864257812500000e-01
-3.000000000000000000e+00,1.000000000000000000e+00,-3.000000000000000000e+00,-3.200000000000000000e+01,7.000000000000000000e+00,-1.000000000000000000e+00,-8.000000000000000000e+00,-2.000000000000000000e+00,-2.150268554687500000e-01,4.515991210937500000e-01,6.274414062500000000e-02,8.635864257812500000e-01
-2.000000000000000000e+00,-3.000000000000000000e+00,1.100000000000000000e+01,3.400000000000000000e+01,1.500000000000000000e+01,2.000000000000000000e+00,0.000000000000000000e+00,0.000000000000000000e+00,-2.150268554687500000e-01,4.515991210937500000e-01,6.274414062500000000e-02,8.635864257812500000e-01
-1.000000000000000000e+00,-1.000000000000000000e+00,-1.000000000000000000e+01,-2.400000000000000000e+01,-8.000000000000000000e+00,-2.000000000000000000e+00,1.000000000000000000e+00,0.000000000000000000e+00,-2.150268554687500000e-01,4.515991210937500000e-01,6.274414062500000000e-02,8.635864257812500000e-01
1.000000000000000000e+00,3.000000000000000000e+00,3.000000000000000000e+01,-2.000000000000000000e+00,-3.000000000000000000e+00,-2.000000000000000000e+00,8.000000000000000000e+00,6.000000000000000000e+00,-2.155761718750000000e-01,4.513549804687500000e-01,6.237792968750000000e-02,8.636474609375000000e-01
-3.000000000000000000e+00,-7.000000000000000000e+00,-1.600000000000000000e+01,-1.600000000000000000e+01,-9.000000000000000000e+00,-6.000000000000000000e+00,-2.000000000000000000e+00,-2.000000000000000000e+00,-2.155761718750000000e-01,4.513549804687500000e-01,6.237792968750000000e-02,8.636474609375000000e-01
2.000000000000000000e+00,5.000000000000000000e+00,1.500000000000000000e+01,-6.000000000000000000e+00,-2.000000000000000000e+00,2.000000000000000000e+00,-1.000000000000000000e+00,-1.000000000000000000e+00,-2.155761718750000000e-01,4.513549804687500000e-01,6.237792968750000000e-02,8.636474609375000000e-01
1.000000000000000000e+00,0.000000000000000000e+00,-1.800000000000000000e+01,-4.000000000000000000e+00,4.000000000000000000e+00,0.000000000000000000e+00,1.000000000000000000e+00,1.000000000000000000e+00,-2.155761718750000000e-01,4.513549804687500000e-01,6.237792968750000000e-02,8.636474609375000000e-01
-1.000000000000000000e+00,-2.000000000000000000e+00,8.000000000000000000e+00,3.000000000000000000e+00,2.000000000000000000e+00,1.000000000000000000e+00,-3.000000000000000000e+00,-4.000000000000000000e+00,-2.157592773437500000e-01,4.511718750000000000e-01,6.182861328125000000e-02,8.637084960937500000e-01
-1.000000000000000000e+00,-1.000000000000000000e+00,-1.400000000000000000e+01,1.000000000000000000e+01,-1.000000000000000000e+00,0.000000000000000000e+00,1.000000000000000000e+00,-2.000000000000000000e+00,-2.157592773437500000e-01,4.511718750000000000e-01,6.182861328125000000e-02,8.637084960937500000e-01
-3.000000000000000000e+00,-4.000000000000000000e+00,-9.000000000000000000e+00,-3.300000000000000000e+01,-1.300000000000000000e+01,-3.000000000000000000e+00,-3.000000000000000000e+00,-2.000000000000000000e+00,-2.157592773437500000e-01,4.511718750000000000e-01,6.182861328125000000e-02,8.637084960937500000e-01
0.000000000000000000e+00,-1.000000000000000000e+00,8.000000000000000000e+00,3.500000000000000000e+01,1.100000000000000000e+01,4.000000000000000000e+00,-3.000000000000000000e+00,-2.000000000000000000e+00,-2.157592773437500000e-01,4.511718750000000000e-01,6.182861328125000000e-02,8.637084960937500000e-01
0.000000000000000000e+00,0.000000000000000000e+00,-5.000000000000000000e+00,-3.000000000000000000e+00,-1.200000000000000000e+01,-4.000000000000000000e+00,6.000000000000000000e+00,1.000000000000000000e+00,-2.158203125000000000e-01,4.511108398437500000e-01,6.127929687500000000e-02,8.637695312500000000e-01
2.000000000000000000e+00,-2.000000000000000000e+00,-1.600000000000000000e+01,-6.000000000000000000e+00,2.000000000000000000e+00,-1.000000000000000000e+00,3.000000000000000000e+00,2.000000000000000000e+00,-2.158203125000000000e-01,4.511108398437500000e-01,6.127929687500000000e-02,8.637695312500000000e-01
-2.000000000000000000e+00,-2.000000000000000000e+00,0.000000000000000000e+00,-2.000000000000000000e+01,-6.000000000000000000e+00,0.000000000000000000e+00,-1.000000000000000000e+00,-1.000000000000000000e+00,-2.158203125000000000e-01,4.511108398437500000e-01,6.127929687500000000e-02,8.637695312500000000e-01
-3.000000000000000000e+00,-2.000000000000000000e+00,-4.000000000000000000e+00,6.600000000000000000e+01,1.100000000000000000e+01,-3.000000000000000000e+00,-1.000000000000000000e+00,-4.000000000000000000e+00,-2.158203125000000000e-01,4.511108398437500000e-01,6.127929687500000000e-02,8.637695312500000000e-01
-1.000000000000000000e+00,3.000000000000000000e+00,-5.000000000000000000e+00,-6.000000000000000000e+01,-1.700000000000000000e+01,-3.000000000000000000e+00,-3.000000000000000000e+00,0.000000000000000000e+00,-2.161865234375000000e-01,4.511718750000000000e-01,6.072998046875000000e-02,8.636474609375000000e-01
0.000000000000000000e+00,1.000000000000000000e+00,3.100000000000000000e+01,9.000000000000000000e+00,4.000000000000000000e+00,4.000000000000000000e+00,1.000000000000000000e+00,0.000000000000000000e+00,-2.161865234375000000e-01,4.511718750000000000e-01,6.072998046875000000e-02,8.636474609375000000e-01
-2.000000000000000000e+00,-4.000000000000000000e+00,-5.000000000000000000e+01,-1.000000000000000000e+00,1.500000000000000000e+01,2.000000000000000000e+00,-2.000000000000000000e+00,-2.000000000000000000e+00,-2.161865234375000000e-01,4.511718750000000000e-01,6.072998046875000000e-02,8.636474609375000000e-01
-2.000000000000000000e+00,0.000000000000000000e+00,-5.000000000000000000e+00,-1.600000000000000000e+01,-1.300000000000000000e+01,-4.000000000000000000e+00,-2.000000000000000000e+00,-3.000000000000000000e+00,-2.161865234375000000e-01,4.511718750000000000e-01,6.072998046875000000e-02,8.636474609375000000e-01
0.000000000000000000e+00,4.000000000000000000e+00,2.300000000000000000e+01,-9.000000000000000000e+00,-6.000000000000000000e+00,-1.000000000000000000e+00,-4.000000000000000000e+00,-2.000000000000000000e+00,-2.161254882812500000e-01,4.515991210937500000e-01,5.999755859375000000e-02,8.635253906250000000e-01
-2.000000000000000000e+00,-7.000000000000000000e+00,-1.100000000000000000e+01,-2.000000000000000000e+00,-1.000000000000000000e+01,-4.000000000000000000e+00,1.000000000000000000e+00,-2.000000000000000000e+00,-2.161254882812500000e-01,4.515991210937500000e-01,5.999755859375000000e-02,8.635253906250000000e-01
0.000000000000000000e+00,0.000000000000000000e+00,8.000000000000000000e+00,4.500000000000000000e+01,1.600000000000000000e+01,3.000000000000000000e+00,1.000000000000000000e+00,-1.000000000000000000e+00,-2.161254882812500000e-01,4.515991210937500000e-01,5.999755859375000000e-02,8.635253906250000000e-01
-1.000000000000000000e+00,-1.000000000000000000e+00,3.000000000000000000e+00,-1.500000000000000000e+01,-6.000000000000000000e+00,-2.000000000000000000e+00,-1.000000000000000000e+00,1.000000000000000000e+00,-2.161254882812500000e-01,4.515991210937500000e-01,5.999755859375000000e-02,8.635253906250000000e-01
0.000000000000000000e+00,-1.000000000000000000e+00,-5.000000000000000000e+00,-5.000000000000000000e+00,1.100000000000000000e+01,0.000000000000000000e+00,-5.000000000000000000e+00,-2.000000000000000000e+00,-2.158203125000000000e-01,4.521484375000000000e-01,5.920410156250000000e-02,8.633422851562500000e-01
1.000000000000000000e+00,2.000000000000000000e+00,5.000000000000000000e+00,-1.200000000000000000e+01,-1.500000000000000000e+01,-3.000000000000000000e+00,0.000000000000000000e+00,-1.000000000000000000e+00,-2.158203125000000000e-01,4.521484375000000000e-01,5.920410156250000000e-02,8.633422851562500000e-01
-2.000000000000000000e+00,1.000000000000000000e+00,7.000000000000000000e+00,-4.000000000000000000e+00,-5.000000000000000000e+00,-1.000000000000000000e+00,0.000000000000000000e+00,0.000000000000000000e+00,-2.158203125000000000e-01,4.521484375000000000e-01,5.920410156250000000e-02,8.633422851562500000e-01
-2.000000000000000000e+00,-2.000000000000000000e+00,0.000000000000000000e+00,-9.000000000000000000e+00,0.000000000000000000e+00,0.000000000000000000e+00,2.000000000000000000e+00,-1.000000000000000000e+00,-2.158203125000000000e-01,4.521484375000000000e-01,5.920410156250000000e-02,8.633422851562500000e-01
-1.000000000000000000e+00,-2.000000000000000000e+00,-1.400000000000000000e+01,5.000000000000000000e+00,1.000000000000000000e+01,1.000000000000000000e+00,0.000000000000000000e+00,2.000000000000000000e+00,-2.151489257812500000e-01,4.526977539062500000e-01,5.853271484375000000e-02,8.632812500000000000e-01
-3.000000000000000000e+00,-4.000000000000000000e+00,-1.000000000000000000e+01,-1.600000000000000000e+01,-1.600000000000000000e+01,-5.000000000000000000e+00,-7.000000000000000000e+00,-4.000000000000000000e+00,-2.151489257812500000e-01,4.526977539062500000e-01,5.853271484375000000e-02,8.632812500000000000e-01
-3.000000000000000000e+00,-6.000000000000000000e+00,-4.000000000000000000e+00,-2.000000000000000000e+00,-6.000000000000000000e+00,-6.000000000000000000e+00,-7.000000000000000000e+00,-5.000000000000000000e+00,-2.151489257812500000e-01,4.526977539062500000e-01,5.853271484375000000e-02,8.632812500000000000e-01
6.000000000000000000e+00,7.000000000000000000e+00,1.000000000000000000e+01,-1.000000000000000000e+00,1.700000000000000000e+01,5.000000000000000000e+00,9.000000000000000000e+00,6.000000000000000000e+00,-2.151489257812500000e-01,4.526977539062500000e-01,5.853271484375000000e-02,8.632812500000000000e-01
-4.000000000000000000e+00,-6.000000000000000000e+00,-1.000000000000000000e+00,5.000000000000000000e+00,-3.000000000000000000e+00,-5.000000000000000000e+00,-6.000000000000000000e+00,-4.000000000000000000e+00,-2.148437500000000000e-01,4.533691406250000000e-01,5.810546875000000000e-02,8.630371093750000000e-01
0.000000000000000000e+00,-2.000000000000000000e+00,-6.000000000000000000e+00,8.000000000000000000e+00,9.000000000000000000e+00,2.000000000000000000e+00,2.000000000000000000e+00,-1.000000000000000000e+00,-2.148437500000000000e-01,4.533691406250000000e-01,5.810546875000000000e-02,8.630371093750000000e-01
-2.000000000000000000e+00,1.000000000000000000e+00,5.000000000000000000e+00,2.000000000000000000e+00,-3.000000000000000000e+00,4.000000000000000000e+00,-3.000000000000000000e+00,-2.000000000000000000e+00,-2.148437500000000000e-01,4.533691406250000000e-01,5.810546875000000000e-02,8.630371093750000000e-01
-1.000000000000000000e+00,3.000000000000000000e+00,1.900000000000000000e+01,-3.000000000000000000e+00,-1.900000000000000000e+01,-6.000000000000000000e+00,-4.000000000000000000e+00,-3.000000000000000000e+00,-2.148437500000000000e-01,4.533691406250000000e-01,5.810546875000000000e-02,8.630371093750000000e-01
-3.000000000000000000e+00,-5.000000000000000000e+00,-2.600000000000000000e+01,6.000000000000000000e+00,7.000000000000000000e+00,0.000000000000000000e+00,-2.000000000000000000e+00,-3.000000000000000000e+00,-2.144775390625000000e-01,4.539794921875000000e-01,5.773925781250000000e-02,8.628540039062500000e-01
-1.000000000000000000e+00,1.000000000000000000e+00,-1.000000000000000000e+01,2.000000000000000000e+00,1.500000000000000000e+01,4.000000000000000000e+00,3.000000000000000000e+00,1.000000000000000000e+00,-2.144775390625000000e-01,4.539794921875000000e-01,5.773925781250000000e-02,8.628540039062500000e-01
3.000000000000000000e+00,2.000000000000000000e+00,1.100000000000000000e+01,3.700000000000000000e+01,1.300000000000000000e+01,3.000000000000000000e+00,4.000000000000000000e+00,2.000000000000000000e+00,-2.144775390625000000e-01,4.539794921875000000e-01,5.773925781250000000e-02,8.628540039062500000e-01
-2.000000000000000000e+00,-2.000000000000000000e+00,-7.000000000000000000e+00,-4.100000000000000000e+01,-1.700000000000000000e+01,-8.000000000000000000e+00,-8.000000000000000000e+00,-5.000000000000000000e+00,-2.144775390625000000e-01,4.539794921875000000e-01,5.773925781250000000e-02,8.628540039062500000e-01
2.000000000000000000e+00,1.000000000000000000e+00,1.300000000000000000e+01,7.000000000000000000e+00,-9.000000000000000000e+00,-2.000000000000000000e+00,4.000000000000000000e+00,2.000000000000000000e+00,-2.141113281250000000e-01,4.544677734375000000e-01,5.743408203125000000e-02,8.627319335937500000e-01
0.000000000000000000e+00,-1.000000000000000000e+00,-1.000000000000000000e+00,1.500000000000000000e+01,2.600000000000000000e+01,4.000000000000000000e+00,-5.000000000000000000e+00,-2.000000000000000000e+00,-2.141113281250000000e-01,4.544677734375000000e-01,5.743408203125000000e-02,8.627319335937500000e-01
-4.000000000000000000e+00,-2.000000000000000000e+00,-6.000000000000000000e+00,-2.300000000000000000e+01,-1.100000000000000000e+01,-4.000000000000000000e+00,2.000000000000000000e+00,-1.000000000000000000e+00,-2.141113281250000000e-01,4.544677734375000000e-01,5.743408203125000000e-02,8.627319335937500000e-01
-4.000000000000000000e+00,-6.000000000000000000e+00,0.000000000000000000e+00,0.000000000000000000e+00,-3.000000000000000000e+00,1.000000000000000000e+00,1.000000000000000000e+00,-1.000000000000000000e+00,-2.141113281250000000e-01,4.544677734375000000e-01,5.743408203125000000e-02,8.627319335937500000e-01
-1.000000000000000000e+00,-1.000000000000000000e+00,-1.000000000000000000e+00,7.000000000000000000e+00,3.000000000000000000e+00,-1.000000000000000000e+00,-6.000000000000000000e+00,-7.000000000000000000e+00,-2.137451171875000000e-01,4.546508789062500000e-01,5.743408203125000000e-02,8.626708984375000000e-01
1.000000000000000000e+00,2.000000000000000000e+00,8.000000000000000000e+00,-8.000000000000000000e+00,3.000000000000000000e+00,-2.000000000000000000e+00,3.000000000000000000e+00,3.000000000000000000e+00,-2.137451171875000000e-01,4.546508789062500000e-01,5.743408203125000000e-02,8.626708984375000000e-01
2.000000000000000000e+00,-3.000000000000000000e+00,1.100000000000000000e+01,2.000000000000000000e+01,-4.000000000000000000e+00,1.000000000000000000e+00,3.000000000000000000e+00,3.000000000000000000e+00,-2.137451171875000000e-01,4.546508789062500000e-01,5.743408203125000000e-02,8.626708984375000000e-01
-3.000000000000000000e+00,-7.000000000000000000e+00,-3.500000000000000000e+01,-4.000000000000000000e+00,-7.000000000000000000e+00,-3.000000000000000000e+00,-7.000000000000000000e+00,-4.000000000000000000e+00,-2.137451171875000000e-01,4.546508789062500000e-01,5.743408203125000000e-02,8.626708984375000000e-01
-1.000000000000000000e+00,-1.000000000000000000e+00,-2.000000000000000000e+00,-9.000000000000000000e+00,5.000000000000000000e+00,2.000000000000000000e+00,5.000000000000000000e+00,1.000000000000000000e+00,-2.133789062500000000e-01,4.548339843750000000e-01,5.749511718750000000e-02,8.626708984375000000e-01
0.000000000000000000e+00,2.000000000000000000e+00,-5.000000000000000000e+00,-1.800000000000000000e+01,-2.400000000000000000e+01,-5.000000000000000000e+00,-8.000000000000000000e+00,-5.000000000000000000e+00,-2.133789062500000000e-01,4.548339843750000000e-01,5.749511718750000000e-02,8.626708984375000000e-01
-2.000000000000000000e+00,-1.000000000000000000e+00,1.200000000000000000e+01,1.100000000000000000e+01,1.200000000000000000e+01,0.000000000000000000e+00,2.000000000000000000e+00,0.000000000000000000e+00,-2.133789062500000000e-01,4.548339843750000000e-01,5.749511718750000000e-02,8.626708984375000000e-01
0.000000000000000000e+00,-1.000000000000000000e+00,1.000000000000000000e+00,-4.000000000000000000e+00,-9.000000000000000000e+00,-3.000000000000000000e+00,-6.000000000000000000e+00,0.000000000000000000e+00,-2.133789062500000000e-01,4.548339843750000000e-01,5.749511718750000000e-02,8.626708984375000000e-01
-1.000000000000000000e+00,1.000000000000000000e+00,-3.000000000000000000e+00,-2.400000000000000000e+01,-4.000000000000000000e+00,1.000000000000000000e+00,2.000000000000000000e+00,1.000000000000000000e+00,-2.130737304687500000e-01,4.548950195312500000e-01,5.761718750000000000e-02,8.627319335937500000e-01
0.000000000000000000e+00,-2.000000000000000000e+00,7.000000000000000000e+00,3.700000000000000000e+01,-1.900000000000000000e+01,-7.000000000000000000e+00,1.000000000000000000e+00,0.000000000000000000e+00,-2.130737304687500000e-01,4.548950195312500000e-01,5.761718750000000000e-02,8.627319335937500000e-01
-1.000000000000000000e+00,-2.000000000000000000e+00,-2.500000000000000000e+01,-3.400000000000000000e+01,0.000000000000000000e+00,-2.000000000000000000e+00,-4.000000000000000000e+00,-2.000000000000000000e+00,-2.130737304687500000e-01,4.548950195312500000e-01,5.761718750000000000e-02,8.627319335937500000e-01
2.000000000000000000e+00,1.000000000000000000e+00,0.000000000000000000e+00,1.700000000000000000e+01,2.400000000000000000e+01,4.000000000000000000e+00,3.000000000000000000e+00,2.000000000000000000e+00,-2.130737304687500000e-01,4.548950195312500000e-01,5.761718750000000000e-02,8.627319335937500000e-01
-4.000000000000000000e+00,-2.000000000000000000e+00,-7.000000000000000000e+00,-4.800000000000000000e+01,-1.900000000000000000e+01,-5.000000000000000000e+00,-7.000000000000000000e+00,-5.000000000000000000e+00,-2.126464843750000000e-01,4.549560546875000000e-01,5.773925781250000000e-02,8.627929687500000000e-01
4.000000000000000000e+00,3.000000000000000000e+00,1.200000000000000000e+01,4.300000000000000000e+01,3.400000000000000000e+01,7.000000000000000000e+00,1.200000000000000000e+01,5.000000000000000000e+00,-2.126464843750000000e-01,4.549560546875000000e-01,5.773925781250000000e-02,8.627929687500000000e-01
-4.000000000000000000e+00,-5.000000000000000000e+00,-3.000000000000000000e+00,-8.000000000000000000e+00,-1.000000000000000000e+01,-6.000000000000000000e+00,-5.000000000000000000e+00,-2.000000000000000000e+00,-2.126464843750000000e-01,4.549560546875000000e-01,5.773925781250000000e-02,8.627929687500000000e-01
0.000000000000000000e+00,-1.000000000000000000e+00,4.000000000000000000e+00,-1.000000000000000000e+00,-9.000000000000000000e+00,-6.000000000000000000e+00,-8.000000000000000000e+00,-4.000000000000000000e+00,-2.126464843750000000e-01,4.549560546875000000e-01,5.773925781250000000e-02,8.627929687500000000e-01
0.000000000000000000e+00,-1.000000000000000000e+00,8.000000000000000000e+00,1.000000000000000000e+00,-1.000000000000000000e+00,-1.000000000000000000e+00,3.000000000000000000e+00,1.000000000000000000e+00,-2.120361328125000000e-01,4.550781250000000000e-01,5.798339843750000000e-02,8.628540039062500000e-01
-3.000000000000000000e+00,0.000000000000000000e+00,-2.000000000000000000e+00,-2.900000000000000000e+01,-9.000000000000000000e+00,-3.000000000000000000e+00,2.000000000000000000e+00,3.000000000000000000e+00,-2.120361328125000000e-01,4.550781250000000000e-01,5.798339843750000000e-02,8.628540039062500000e-01
-2.000000000000000000e+00,-8.000000000000000000e+00,-5.000000000000000000e+01,-2.500000000000000000e+01,-9.000000000000000000e+00,-4.000000000000000000e+00,-2.000000000000000000e+00,-2.000000000000000000e+00,-2.120361328125000000e-01,4.550781250000000000e-01,5.798339843750000000e-02,8.628540039062500000e-01
-1.000000000000000000e+00,1.000000000000000000e+00,3.000000000000000000e+00,1.500000000000000000e+01,1.800000000000000000e+01,4.000000000000000000e+00,1.000000000000000000e+00,-1.000000000000000000e+00,-2.120361328125000000e-01,4.550781250000000000e-01,5.798339843750000000e-02,8.628540039062500000e-01
4.000000000000000000e+00,3.000000000000000000e+00,5.000000000000000000e+00,3.100000000000000000e+01,-4.000000000000000000e+00,0.000000000000000000e+00,-4.000000000000000000e+00,2.000000000000000000e+00,-2.117919921875000000e-01,4.551391601562500000e-01,5.828857421875000000e-02,8.628540039062500000e-01
-1.000000000000000000e+00,-1.000000000000000000e+00,9.000000000000000000e+00,1.400000000000000000e+01,1.600000000000000000e+01,4.000000000000000000e+00,-3.000000000000000000e+00,-2.000000000000000000e+00,-2.117919921875000000e-01,4.551391601562500000e-01,5.828857421875000000e-02,8.628540039062500000e-01
-2.000000000000000000e+00,-6.000000000000000000e+00,-2.900000000000000000e+01,-1.800000000000000000e+01,-8.000000000000000000e+00,-1.000000000000000000e+00,-2.000000000000000000e+00,-3.000000000000000000e+00,-2.117919921875000000e-01,4.551391601562500000e-01,5.828857421875000000e-02,8.628540039062500000e-01
0.000000000000000000e+00,2.000000000000000000e+00,1.000000000000000000e+01,1.000000000000000000e+00,-4.000000000000000000e+00,-6.000000000000000000e+00,3.000000000000000000e+00,2.000000000000000000e+00,-2.117919921875000000e-01,4.551391601562500000e-01,5.828857421875000000e-02,8.628540039062500000e-01
-1.000000000000000000e+00,-1.000000000000000000e+00,7.000000000000000000e+00,1.200000000000000000e+01,-2.000000000000000000e+00,-1.000000000000000000e+00,0.000000000000000000e+00,2.000000000000000000e+00,-2.117919921875000000e-01,4.549560546875000000e-01,5.859375000000000000e-02,8.629150390625000000e-01
-2.000000000000000000e+00,-1.000000000000000000e+00,-1.300000000000000000e+01,-6.900000000000000000e+01,-1.600000000000000000e+01,-5.000000000000000000e+00,-6.000000000000000000e+00,-5.000000000000000000e+00,-2.117919921875000000e-01,4.549560546875000000e-01,5.859375000000000000e-02,8.629150390625000000e-01
-3.000000000000000000e+00,1.000000000000000000e+00,2.100000000000000000e+01,6.400000000000000000e+01,2.100000000000000000e+01,-2.000000000000000000e+00,0.000000000000000000e+00,-2.000000000000000000e+00,-2.117919921875000000e-01,4.549560546875000000e-01,5.859375000000000000e-02,8.629150390625000000e-01
-3.000000000000000000e+00,-3.000000000000000000e+00,2.000000000000000000e+00,-4.000000000000000000e+00,1.300000000000000000e+01,4.000000000000000000e+00,5.000000000000000000e+00,2.000000000000000000e+00,-2.117919921875000000e-01,4.549560546875000000e-01,5.859375000000000000e-02,8.629150390625000000e-01
-1.000000000000000000e+00,-3.000000000000000000e+00,-7.000000000000000000e+00,2.000000000000000000e+00,-1.000000000000000000e+00,0.000000000000000000e+00,0.000000000000000000e+00,-3.000000000000000000e+00,-2.117919921875000000e-01,4.547119140625000000e-01,5.883789062500000000e-02,8.630371093750000000e-01
0.000000000000000000e+00,-2.000000000000000000e+00,-3.000000000000000000e+00,-3.300000000000000000e+01,-2.500000000000000000e+01,-8.000000000000000000e+00,-5.000000000000000000e+00,-1.000000000000000000e+00,-2.117919921875000000e-01,4.547119140625000000e-01,5.883789062500000000e-02,8.630371093750000000e-01
-2.000000000000000000e+00,1.000000000000000000e+00,7.000000000000000000e+00,1.100000000000000000e+01,1.200000000000000000e+01,3.000000000000000000e+00,-2.000000000000000000e+00,-4.000000000000000000e+00,-2.117919921875000000e-01,4.547119140625000000e-01,5.883789062500000000e-02,8.630371093750000000e-01
-3.000000000000000000e+00,-4.000000000000000000e+00,-1.000000000000000000e+00,-2.400000000000000000e+01,-6.000000000000000000e+00,-2.000000000000000000e+00,-8.000000000000000000e+00,-6.000000000000000000e+00,-2.117919921875000000e-01,4.547119140625000000e-01,5.883789062500000000e-02,8.630371093750000000e-01
6.000000000000000000e+00,3.000000000000000000e+00,3.000000000000000000e+00,4.300000000000000000e+01,2.600000000000000000e+01,3.000000000000000000e+00,1.200000000000000000e+01,8.000000000000000000e+00,-2.115478515625000000e-01,4.545288085937500000e-01,5.895996093750000000e-02,8.632202148437500000e-01
-3.000000000000000000e+00,-3.000000000000000000e+00,-6.000000000000000000e+00,1.600000000000000000e+01,-1.100000000000000000e+01,-3.000000000000000000e+00,-6.000000000000000000e+00,-3.000000000000000000e+00,-2.115478515625000000e-01,4.545288085937500000e-01,5.895996093750000000e-02,8.632202148437500000e-01
-1.000000000000000000e+00,5.000000000000000000e+00,3.700000000000000000e+01,-3.200000000000000000e+01,-1.100000000000000000e+01,-2.000000000000000000e+00,-9.000000000000000000e+00,-4.000000000000000000e+00,-2.115478515625000000e-01,4.545288085937500000e-01,5.895996093750000000e-02,8.632202148437500000e-01
1.000000000000000000e+00,-2.000000000000000000e+00,-3.700000000000000000e+01,2.400000000000000000e+01,1.000000000000000000e+00,-1.000000000000000000e+00,7.000000000000000000e+00,2.000000000000000000e+00,-2.115478515625000000e-01,4.545288085937500000e-01,5.895996093750000000e-02,8.632202148437500000e-01
1.000000000000000000e+00,0.000000000000000000e+00,-1.000000000000000000e+01,-1.000000000000000000e+01,1.200000000000000000e+01,8.000000000000000000e+00,5.000000000000000000e+00,3.000000000000000000e+00,-2.114257812500000000e-01,4.541625976562500000e-01,5.895996093750000000e-02,8.634033203125000000e-01
-5.000000000000000000e+00,-7.000000000000000000e+00,-1.000000000000000000e+00,0.000000000000000000e+00,-1.000000000000000000e+01,-5.000000000000000000e+00,-4.000000000000000000e+00,0.000000000000000000e+00,-2.114257812500000000e-01,4.541625976562500000e-01,5.895996093750000000e-02,8.634033203125000000e-01
2.000000000000000000e+00,2.000000000000000000e+00,1.100000000000000000e+01,0.000000000000000000e+00,6.000000000000000000e+00,4.000000000000000000e+00,8.000000000000000000e+00,5.000000000000000000e+00,-2.114257812500000000e-01,4.541625976562500000e-01,5.895996093750000000e-02,8.634033203125000000e-01
0.000000000000000000e+00,0.000000000000000000e+00,1.300000000000000000e+01,-6.000000000000000000e+00,1.000000000000000000e+00,0.000000000000000000e+00,-7.000000000000000000e+00,-3.000000000000000000e+00,-2.114257812500000000e-01,4.541625976562500000e-01,5.895996093750000000e-02,8.634033203125000000e-01
-5.000000000000000000e+00,-4.000000000000000000e+00,-9.000000000000000000e+00,-1.000000000000000000e+01,4.000000000000000000e+00,-4.000000000000000000e+00,-8.000000000000000000e+00,-8.000000000000000000e+00,-2.114868164062500000e-01,4.537353515625000000e-01,5.908203125000000000e-02,8.635864257812500000e-01
-1.000000000000000000e+00,-1.000000000000000000e+00,-5.000000000000000000e+00,1.400000000000000000e+01,5.000000000000000000e+00,0.000000000000000000e+00,2.000000000000000000e+00,-2.000000000000000000e+00,-2.114868164062500000e-01,4.537353515625000000e-01,5.908203125000000000e-02,8.635864257812500000e-01
0.000000000000000000e+00,0.000000000000000000e+00,9.000000000000000000e+00,1.200000000000000000e+01,-9.000000000000000000e+00,-3.000000000000000000e+00,-4.000000000000000000e+00,0.000000000000000000e+00,-2.114868164062500000e-01,4.537353515625000000e-01,5.908203125000000000e-02,8.635864257812500000e-01
1.000000000000000000e+00,1.000000000000000000e+00,1.300000000000000000e+01,-5.000000000000000000e+00,-5.000000000000000000e+00,1.000000000000000000e+00,4.000000000000000000e+00,1.000000000000000000e+00,-2.114868164062500000e-01,4.537353515625000000e-01,5.908203125000000000e-02,8.635864257812500000e-01
-5.000000000000000000e+00,-5.000000000000000000e+00,-4.000000000000000000e+01,-1.700000000000000000e+01,-9.000000000000000000e+00,-7.000000000000000000e+00,-7.000000000000000000e+00,-6.000000000000000000e+00,-2.118530273437500000e-01,4.533081054687500000e-01,5.932617187500000000e-02,8.637695312500000000e-01
-2.000000000000000000e+00,0.000000000000000000e+00,7.000000000000000000e+00,3.300000000000000000e+01,2.000000000000000000e+01,7.000000000000000000e+00,4.000000000000000000e+00,-1.000000000000000000e+00,-2.118530273437500000e-01,4.533081054687500000e-01,5.932617187500000000e-02,8.637695312500000000e-01
0.000000000000000000e+00,2.000000000000000000e+00,1.400000000000000000e+01,3.000000000000000000e+00,-1.300000000000000000e+01,-2.000000000000000000e+00,-4.000000000000000000e+00,-1.000000000000000000e+00,-2.118530273437500000e-01,4.533081054687500000e-01,5.932617187500000000e-02,8.637695312500000000e-01
-3.000000000000000000e+00,-4.000000000000000000e+00,-4.000000000000000000e+01,4.000000000000000000e+00,1.100000000000000000e+01,-1.000000000000000000e+00,-7.000000000000000000e+00,-4.000000000000000000e+00,-2.118530273437500000e-01,4.533081054687500000e-01,5.932617187500000000e-02,8.637695312500000000e-01
-2.000000000000000000e+00,-1.000000000000000000e+00,2.700000000000000000e+01,-5.300000000000000000e+01,-1.600000000000000000e+01,-3.000000000000000000e+00,0.000000000000000000e+00,-2.000000000000000000e+00,-2.122802734375000000e-01,4.529418945312500000e-01,5.963134765625000000e-02,8.638305664062500000e-01
1.000000000000000000e+00,-2.000000000000000000e+00,-5.000000000000000000e+00,6.000000000000000000e+00,-2.000000000000000000e+00,-1.000000000000000000e+00,5.000000000000000000e+00,5.000000000000000000e+00,-2.122802734375000000e-01,4.529418945312500000e-01,5.963134765625000000e-02,8.638305664062500000e-01
-1.000000000000000000e+00,-2.000000000000000000e+00,-2.000000000000000000e+00,2.000000000000000000e+00,-1.000000000000000000e+00,-2.000000000000000000e+00,1.000000000000000000e+00,-1.000000000000000000e+00,-2.122802734375000000e-01,4.529418945312500000e-01,5.963134765625000000e-02,8.638305664062500000e-01
0.000000000000000000e+00,1.000000000000000000e+00,3.000000000000000000e+00,-6.000000000000000000e+00,-5.000000000000000000e+00,-2.000000000000000000e+00,1.000000000000000000e+00,4.000000000000000000e+00,-2.122802734375000000e-01,4.529418945312500000e-01,5.963134765625000000e-02,8.638305664062500000e-01
-1.000000000000000000e+00,3.000000000000000000e+00,1.300000000000000000e+01,6.000000000000000000e+00,3.000000000000000000e+00,-2.000000000000000000e+00,-5.000000000000000000e+00,-3.000000000000000000e+00,-2.127075195312500000e-01,4.526367187500000000e-01,5.969238281250000000e-02,8.638305664062500000e-01
-4.000000000000000000e+00,-5.000000000000000000e+00,-1.800000000000000000e+01,-4.000000000000000000e+00,-2.000000000000000000e+00,1.000000000000000000e+00,-3.000000000000000000e+00,-3.000000000000000000e+00,-2.127075195312500000e-01,4.526367187500000000e-01,5.969238281250000000e-02,8.638305664062500000e-01
-3.000000000000000000e+00,1.000000000000000000e+00,3.000000000000000000e+00,-3.800000000000000000e+01,-1.400000000000000000e+01,-4.000000000000000000e+00,0.000000000000000000e+00,-1.000000000000000000e+00,-2.127075195312500000e-01,4.526367187500000000e-01,5.969238281250000000e-02,8.638305664062500000e-01
-2.000000000000000000e+00,-2.000000000000000000e+00,5.000000000000000000e+00,4.000000000000000000e+00,-3.000000000000000000e+00,-2.000000000000000000e+00,0.000000000000000000e+00,-3.000000000000000000e+00,-2.127075195312500000e-01,4.526367187500000000e-01,5.969238281250000000e-02,8.638305664062500000e-01
-3.000000000000000000e+00,-5.000000000000000000e+00,-1.800000000000000000e+01,4.100000000000000000e+01,2.000000000000000000e+00,1.000000000000000000e+00,1.000000000000000000e+00,-2.000000000000000000e+00,-2.125854492187500000e-01,4.524536132812500000e-01,5.963134765625000000e-02,8.639526367187500000e-01
0.000000000000000000e+00,1.000000000000000000e+00,7.000000000000000000e+00,-1.300000000000000000e+01,-1.000000000000000000e+01,-1.000000000000000000e+00,0.000000000000000000e+00,-1.000000000000000000e+00,-2.125854492187500000e-01,4.524536132812500000e-01,5.963134765625000000e-02,8.639526367187500000e-01
2.000000000000000000e+00,-1.000000000000000000e+00,2.000000000000000000e+00,-4.200000000000000000e+01,-4.000000000000000000e+00,-2.000000000000000000e+00,-1.000000000000000000e+00,2.000000000000000000e+00,-2.125854492187500000e-01,4.524536132812500000e-01,5.963134765625000000e-02,8.639526367187500000e-01
-3.000000000000000000e+00,-4.000000000000000000e+00,-1.900000000000000000e+01,3.900000000000000000e+01,1.000000000000000000e+01,1.000000000000000000e+00,-4.000000000000000000e+00,-3.000000000000000000e+00,-2.125854492187500000e-01,4.524536132812500000e-01,5.963134765625000000e-02,8.639526367187500000e-01
-2.000000000000000000e+00,-5.000000000000000000e+00,-3.000000000000000000e+00,3.100000000000000000e+01,-7.000000000000000000e+00,-5.000000000000000000e+00,1.000000000000000000e+00,0.000000000000000000e+00,-2.122802734375000000e-01,4.522094726562500000e-01,5.969238281250000000e-02,8.641967773437500000e-01
0.000000000000000000e+00,-2.000000000000000000e+00,-7.000000000000000000e+00,-3.500000000000000000e+01,1.500000000000000000e+01,1.000000000000000000e+00,0.000000000000000000e+00,0.000000000000000000e+00,-2.122802734375000000e-01,4.522094726562500000e-01,5.969238281250000000e-02,8.641967773437500000e-01
