9.000000000000000000e+00,-1.000000000000000000e+00,-7.000000000000000000e+00,-3.300000000000000000e+01,-6.000000000000000000e+00,-4.000000000000000000e+00,-3.000000000000000000e+00,-2.000000000000000000e+00,-3.490600585937500000e-01,3.412475585937500000e-01,4.720458984375000000e-01,7.340087890625000000e-01
-1.500000000000000000e+01,-6.000000000000000000e+00,-7.000000000000000000e+00,1.000000000000000000e+01,2.000000000000000000e+00,3.000000000000000000e+00,3.000000000000000000e+00,4.000000000000000000e+00,-3.490600585937500000e-01,3.412475585937500000e-01,4.720458984375000000e-01,7.340087890625000000e-01
5.000000000000000000e+00,2.000000000000000000e+00,2.000000000000000000e+00,1.600000000000000000e+01,2.000000000000000000e+00,0.000000000000000000e+00,-4.000000000000000000e+00,0.000000000000000000e+00,-3.487548828125000000e-01,3.400268554687500000e-01,4.739379882812500000e-01,7.335205078125000000e-01
8.000000000000000000e+00,4.000000000000000000e+00,1.600000000000000000e+01,-5.000000000000000000e+00,-4.000000000000000000e+00,-2.000000000000000000e+00,4.000000000000000000e+00,-3.000000000000000000e+00,-3.487548828125000000e-01,3.400268554687500000e-01,4.739379882812500000e-01,7.335205078125000000e-01
-5.000000000000000000e+00,1.000000000000000000e+00,-1.000000000000000000e+00,-8.000000000000000000e+00,-4.000000000000000000e+00,-2.000000000000000000e+00,-1.000000000000000000e+00,-3.000000000000000000e+00,-3.487548828125000000e-01,3.400268554687500000e-01,4.739379882812500000e-01,7.335205078125000000e-01
2.000000000000000000e+00,0.000000000000000000e+00,-3.000000000000000000e+00,-5.000000000000000000e+00,0.000000000000000000e+00,-1.000000000000000000e+00,0.000000000000000000e+00,-1.000000000000000000e+00,-3.487548828125000000e-01,3.400268554687500000e-01,4.739379882812500000e-01,7.335205078125000000e-01
3.000000000000000000e+00,0.000000000000000000e+00,-2.000000000000000000e+00,2.200000000000000000e+01,5.000000000000000000e+00,2.000000000000000000e+00,0.000000000000000000e+00,1.100000000000000000e+01,-3.479614257812500000e-01,3.385009765625000000e-01,4.758911132812500000e-01,7.333374023437500000e-01
-2.000000000000000000e+00,-1.000000000000000000e+00,8.000000000000000000e+00,-3.300000000000000000e+01,-5.000000000000000000e+00,-4.000000000000000000e+00,-3.000000000000000000e+00,5.000000000000000000e+00,-3.479614257812500000e-01,3.385009765625000000e-01,4.758911132812500000e-01,7.333374023437500000e-01
-3.500000000000000000e+01,-2.000000000000000000e+00,0.000000000000000000e+00,1.000000000000000000e+00,-1.000000000000000000e+00,0.000000000000000000e+00,1.000000000000000000e+00,-8.000000000000000000e+00,-3.479614257812500000e-01,3.385009765625000000e-01,4.758911132812500000e-01,7.333374023437500000e-01
-1.000000000000000000e+00,-6.000000000000000000e+00,8.000000000000000000e+00,1.700000000000000000e+01,-4.000000000000000000e+00,-8.000000000000000000e+00,-4.000000000000000000e+00,1.000000000000000000e+00,-3.479614257812500000e-01,3.385009765625000000e-01,4.758911132812500000e-01,7.333374023437500000e-01
5.000000000000000000e+00,-1.000000000000000000e+00,3.000000000000000000e+00,6.000000000000000000e+00,3.000000000000000000e+00,0.000000000000000000e+00,-2.000000000000000000e+00,-3.000000000000000000e+00,-3.461303710937500000e-01,3.380126953125000000e-01,4.777221679687500000e-01,7.332153320312500000e-01
-5.000000000000000000e+00,-4.000000000000000000e+00,-1.500000000000000000e+01,-6.000000000000000000e+00,-1.000000000000000000e+00,-2.000000000000000000e+00,1.000000000000000000e+00,0.000000000000000000e+00,-3.461303710937500000e-01,3.380126953125000000e-01,4.777221679687500000e-01,7.332153320312500000e-01
9.000000000000000000e+00,0.000000000000000000e+00,1.000000000000000000e+00,-2.100000000000000000e+01,-7.000000000000000000e+00,-2.000000000000000000e+00,-3.000000000000000000e+00,5.000000000000000000e+00,-3.461303710937500000e-01,3.380126953125000000e-01,4.777221679687500000e-01,7.332153320312500000e-01
-5.000000000000000000e+00,-3.000000000000000000e+00,-3.200000000000000000e+01,1.100000000000000000e+01,6.000000000000000000e+00,1.000000000000000000e+00,-1.000000000000000000e+00,-5.000000000000000000e+00,-3.461303710937500000e-01,3.380126953125000000e-01,4.777221679687500000e-01,7.332153320312500000e-01
1.200000000000000000e+01,3.000000000000000000e+00,2.400000000000000000e+01,-1.900000000000000000e+01,-7.000000000000000000e+00,-1.000000000000000000e+00,0.000000000000000000e+00,-1.000000000000000000e+00,-3.441162109375000000e-01,3.377685546875000000e-01,4.800415039062500000e-01,7.327880859375000000e-01
-2.000000000000000000e+01,-6.000000000000000000e+00,-1.100000000000000000e+01,-7.000000000000000000e+00,-2.000000000000000000e+00,-1.000000000000000000e+00,-5.000000000000000000e+00,-9.000000000000000000e+00,-3.441162109375000000e-01,3.377685546875000000e-01,4.800415039062500000e-01,7.327880859375000000e-01
4.000000000000000000e+00,-5.000000000000000000e+00,-1.700000000000000000e+01,-9.000000000000000000e+00,2.000000000000000000e+00,1.000000000000000000e+00,0.000000000000000000e+00,1.000000000000000000e+00,-3.441162109375000000e-01,3.377685546875000000e-01,4.800415039062500000e-01,7.327880859375000000e-01
2.000000000000000000e+00,5.000000000000000000e+00,3.300000000000000000e+01,2.000000000000000000e+01,1.000000000000000000e+00,2.000000000000000000e+00,2.000000000000000000e+00,-1.000000000000000000e+00,-3.441162109375000000e-01,3.377685546875000000e-01,4.800415039062500000e-01,7.327880859375000000e-01
3.000000000000000000e+00,-2.000000000000000000e+00,-2.000000000000000000e+01,1.700000000000000000e+01,-3.000000000000000000e+00,-3.000000000000000000e+00,-4.000000000000000000e+00,-5.000000000000000000e+00,-3.424682617187500000e-01,3.369140625000000000e-01,4.823608398437500000e-01,7.324829101562500000e-01
5.000000000000000000e+00,-3.000000000000000000e+00,1.000000000000000000e+00,-2.600000000000000000e+01,-3.000000000000000000e+00,1.000000000000000000e+00,1.000000000000000000e+00,3.000000000000000000e+00,-3.424682617187500000e-01,3.369140625000000000e-01,4.823608398437500000e-01,7.324829101562500000e-01
-1.000000000000000000e+00,-1.000000000000000000e+00,9.000000000000000000e+00,1.500000000000000000e+01,6.000000000000000000e+00,4.000000000000000000e+00,3.000000000000000000e+00,4.000000000000000000e+00,-3.424682617187500000e-01,3.369140625000000000e-01,4.823608398437500000e-01,7.324829101562500000e-01
4.000000000000000000e+00,2.000000000000000000e+00,-7.000000000000000000e+00,-1.000000000000000000e+01,0.000000000000000000e+00,0.000000000000000000e+00,2.000000000000000000e+00,-3.000000000000000000e+00,-3.424682617187500000e-01,3.369140625000000000e-01,4.823608398437500000e-01,7.324829101562500000e-01
-5.000000000000000000e+00,-2.000000000000000000e+00,-5.000000000000000000e+00,1.000000000000000000e+00,-1.000000000000000000e+00,-1.000000000000000000e+00,-2.000000000000000000e+00,-3.000000000000000000e+00,-3.406372070312500000e-01,3.353881835937500000e-01,4.837646484375000000e-01,7.330932617187500000e-01
0.000000000000000000e+00,3.000000000000000000e+00,7.000000000000000000e+00,1.300000000000000000e+01,-2.000000000000000000e+00,-4.000000000000000000e+00,-2.000000000000000000e+00,4.000000000000000000e+00,-3.406372070312500000e-01,3.353881835937500000e-01,4.837646484375000000e-01,7.330932617187500000e-01
0.000000000000000000e+00,-1.000000000000000000e+00,-2.000000000000000000e+00,8.000000000000000000e+00,-3.000000000000000000e+00,-7.000000000000000000e+00,-9.000000000000000000e+00,-1.500000000000000000e+01,-3.406372070312500000e-01,3.353881835937500000e-01,4.837646484375000000e-01,7.330932617187500000e-01
-2.000000000000000000e+00,8.000000000000000000e+00,3.200000000000000000e+01,-1.100000000000000000e+01,0.000000000000000000e+00,4.000000000000000000e+00,6.000000000000000000e+00,0.000000000000000000e+00,-3.406372070312500000e-01,3.353881835937500000e-01,4.837646484375000000e-01,7.330932617187500000e-01
-1.400000000000000000e+01,-1.100000000000000000e+01,-5.600000000000000000e+01,-1.500000000000000000e+01,-5.000000000000000000e+00,0.000000000000000000e+00,1.000000000000000000e+00,1.000000000000000000e+00,-3.385009765625000000e-01,3.342895507812500000e-01,4.843139648437500000e-01,7.341918945312500000e-01
1.000000000000000000e+01,-1.000000000000000000e+00,1.900000000000000000e+01,2.500000000000000000e+01,0.000000000000000000e+00,3.000000000000000000e+00,0.000000000000000000e+00,-5.000000000000000000e+00,-3.385009765625000000e-01,3.342895507812500000e-01,4.843139648437500000e-01,7.341918945312500000e-01
6.000000000000000000e+00,-3.000000000000000000e+00,-1.900000000000000000e+01,1.000000000000000000e+00,-2.000000000000000000e+00,-7.000000000000000000e+00,-6.000000000000000000e+00,1.000000000000000000e+00,-3.385009765625000000e-01,3.342895507812500000e-01,4.843139648437500000e-01,7.341918945312500000e-01
1.000000000000000000e+00,-3.000000000000000000e+00,-7.000000000000000000e+00,-2.000000000000000000e+00,-2.000000000000000000e+00,-1.000000000000000000e+00,-4.000000000000000000e+00,1.000000000000000000e+00,-3.385009765625000000e-01,3.342895507812500000e-01,4.843139648437500000e-01,7.341918945312500000e-01
0.000000000000000000e+00,6.000000000000000000e+00,4.000000000000000000e+00,-3.900000000000000000e+01,1.000000000000000000e+00,2.000000000000000000e+00,5.000000000000000000e+00,0.000000000000000000e+00,-3.363647460937500000e-01,3.342895507812500000e-01,4.844360351562500000e-01,7.351074218750000000e-01
-1.000000000000000000e+00,-3.000000000000000000e+00,-3.000000000000000000e+00,1.300000000000000000e+01,2.000000000000000000e+00,-1.000000000000000000e+00,-2.000000000000000000e+00,-1.000000000000000000e+00,-3.363647460937500000e-01,3.342895507812500000e-01,4.844360351562500000e-01,7.351074218750000000e-01
-4.000000000000000000e+00,0.000000000000000000e+00,-7.000000000000000000e+00,8.000000000000000000e+00,-2.000000000000000000e+00,0.000000000000000000e+00,-1.000000000000000000e+00,3.000000000000000000e+00,-3.363647460937500000e-01,3.342895507812500000e-01,4.844360351562500000e-01,7.351074218750000000e-01
1.000000000000000000e+00,-2.000000000000000000e+00,-4.000000000000000000e+00,1.000000000000000000e+01,-3.000000000000000000e+00,-2.000000000000000000e+00,-1.000000000000000000e+00,-2.000000000000000000e+00,-3.363647460937500000e-01,3.342895507812500000e-01,4.844360351562500000e-01,7.351074218750000000e-01
-9.000000000000000000e+00,-1.000000000000000000e+00,7.000000000000000000e+00,1.100000000000000000e+01,0.000000000000000000e+00,-2.000000000000000000e+00,-4.000000000000000000e+00,-6.000000000000000000e+00,-3.355102539062500000e-01,3.340454101562500000e-01,4.845581054687500000e-01,7.354736328125000000e-01
7.000000000000000000e+00,2.000000000000000000e+00,2.000000000000000000e+00,-7.000000000000000000e+00,5.000000000000000000e+00,3.000000000000000000e+00,2.000000000000000000e+00,1.000000000000000000e+00,-3.355102539062500000e-01,3.340454101562500000e-01,4.845581054687500000e-01,7.354736328125000000e-01
3.000000000000000000e+00,-1.000000000000000000e+00,-5.000000000000000000e+00,1.600000000000000000e+01,1.000000000000000000e+00,-5.000000000000000000e+00,-1.000000000000000000e+00,1.000000000000000000e+00,-3.355102539062500000e-01,3.340454101562500000e-01,4.845581054687500000e-01,7.354736328125000000e-01
-1.000000000000000000e+01,0.000000000000000000e+00,5.000000000000000000e+00,-2.400000000000000000e+01,-6.000000000000000000e+00,-4.000000000000000000e+00,-6.000000000000000000e+00,-2.000000000000000000e+00,-3.355102539062500000e-01,3.340454101562500000e-01,4.845581054687500000e-01,7.354736328125000000e-01
1.500000000000000000e+01,0.000000000000000000e+00,8.000000000000000000e+00,1.100000000000000000e+01,1.000000000000000000e+00,3.000000000000000000e+00,8.000000000000000000e+00,2.000000000000000000e+00,-3.357543945312500000e-01,3.330078125000000000e-01,4.845581054687500000e-01,7.358398437500000000e-01
-8.000000000000000000e+00,-3.000000000000000000e+00,-1.700000000000000000e+01,-1.100000000000000000e+01,2.000000000000000000e+00,6.000000000000000000e+00,4.000000000000000000e+00,-4.000000000000000000e+00,-3.357543945312500000e-01,3.330078125000000000e-01,4.845581054687500000e-01,7.358398437500000000e-01
-1.000000000000000000e+00,0.000000000000000000e+00,6.000000000000000000e+00,2.300000000000000000e+01,3.000000000000000000e+00,0.000000000000000000e+00,1.000000000000000000e+00,-2.000000000000000000e+00,-3.357543945312500000e-01,3.330078125000000000e-01,4.845581054687500000e-01,7.358398437500000000e-01
0.000000000000000000e+00,-5.000000000000000000e+00,-2.300000000000000000e+01,-3.300000000000000000e+01,-8.000000000000000000e+00,-3.000000000000000000e+00,-6.000000000000000000e+00,3.000000000000000000e+00,-3.357543945312500000e-01,3.330078125000000000e-01,4.845581054687500000e-01,7.358398437500000000e-01
1.000000000000000000e+00,-1.000000000000000000e+00,-1.000000000000000000e+00,0.000000000000000000e+00,1.000000000000000000e+00,-4.000000000000000000e+00,-4.000000000000000000e+00,-1.000000000000000000e+00,-3.365478515625000000e-01,3.318481445312500000e-01,4.840087890625000000e-01,7.363891601562500000e-01
-6.000000000000000000e+00,3.000000000000000000e+00,3.400000000000000000e+01,2.700000000000000000e+01,2.000000000000000000e+00,-2.000000000000000000e+00,2.000000000000000000e+00,-9.000000000000000000e+00,-3.365478515625000000e-01,3.318481445312500000e-01,4.840087890625000000e-01,7.363891601562500000e-01
2.000000000000000000e+01,0.000000000000000000e+00,1.200000000000000000e+01,-9.000000000000000000e+00,0.000000000000000000e+00,2.000000000000000000e+00,-4.000000000000000000e+00,1.000000000000000000e+01,-3.365478515625000000e-01,3.318481445312500000e-01,4.840087890625000000e-01,7.363891601562500000e-01
-4.100000000000000000e+01,-1.000000000000000000e+00,-2.900000000000000000e+01,0.000000000000000000e+00,2.000000000000000000e+00,-1.000000000000000000e+00,3.000000000000000000e+00,7.000000000000000000e+00,-3.365478515625000000e-01,3.318481445312500000e-01,4.840087890625000000e-01,7.363891601562500000e-01
-7.000000000000000000e+00,-1.400000000000000000e+01,-3.700000000000000000e+01,-2.000000000000000000e+00,-6.000000000000000000e+00,-4.000000000000000000e+00,-8.000000000000000000e+00,-1.600000000000000000e+01,-3.374023437500000000e-01,3.318481445312500000e-01,4.826660156250000000e-01,7.368774414062500000e-01
-1.000000000000000000e+00,1.000000000000000000e+00,1.100000000000000000e+01,0.000000000000000000e+00,-2.000000000000000000e+00,0.000000000000000000e+00,-2.000000000000000000e+00,0.000000000000000000e+00,-3.374023437500000000e-01,3.318481445312500000e-01,4.826660156250000000e-01,7.368774414062500000e-01
3.000000000000000000e+00,-2.000000000000000000e+00,-9.000000000000000000e+00,-1.700000000000000000e+01,-1.000000000000000000e+00,-1.000000000000000000e+00,1.000000000000000000e+00,2.000000000000000000e+00,-3.374023437500000000e-01,3.318481445312500000e-01,4.826660156250000000e-01,7.368774414062500000e-01
1.600000000000000000e+01,0.000000000000000000e+00,2.000000000000000000e+01,2.300000000000000000e+01,4.000000000000000000e+00,2.000000000000000000e+00,2.000000000000000000e+00,0.000000000000000000e+00,-3.374023437500000000e-01,3.318481445312500000e-01,4.826660156250000000e-01,7.368774414062500000e-01
-1.000000000000000000e+00,4.000000000000000000e+00,1.500000000000000000e+01,1.300000000000000000e+01,2.000000000000000000e+00,0.000000000000000000e+00,1.000000000000000000e+00,3.000000000000000000e+00,-3.387451171875000000e-01,3.330688476562500000e-01,4.811401367187500000e-01,7.367553710937500000e-01
-4.000000000000000000e+00,3.000000000000000000e+00,-7.000000000000000000e+00,-2.400000000000000000e+01,-4.000000000000000000e+00,-1.000000000000000000e+00,1.000000000000000000e+00,0.000000000000000000e+00,-3.387451171875000000e-01,3.330688476562500000e-01,4.811401367187500000e-01,7.367553710937500000e-01
-2.000000000000000000e+00,-1.000000000000000000e+00,-7.000000000000000000e+00,0.000000000000000000e+00,-2.000000000000000000e+00,0.000000000000000000e+00,-1.000000000000000000e+00,-3.000000000000000000e+00,-3.387451171875000000e-01,3.330688476562500000e-01,4.811401367187500000e-01,7.367553710937500000e-01
3.000000000000000000e+00,-3.000000000000000000e+00,-8.000000000000000000e+00,-1.100000000000000000e+01,-4.000000000000000000e+00,-1.000000000000000000e+00,1.000000000000000000e+00,-3.000000000000000000e+00,-3.387451171875000000e-01,3.330688476562500000e-01,4.811401367187500000e-01,7.367553710937500000e-01
0.000000000000000000e+00,-4.000000000000000000e+00,-9.000000000000000000e+00,1.400000000000000000e+01,4.000000000000000000e+00,-2.000000000000000000e+00,-3.000000000000000000e+00,-1.000000000000000000e+00,-3.404541015625000000e-01,3.340454101562500000e-01,4.802856445312500000e-01,7.360229492187500000e-01
1.000000000000000000e+00,-2.000000000000000000e+00,6.000000000000000000e+00,2.000000000000000000e+00,-1.000000000000000000e+00,-5.000000000000000000e+00,-6.000000000000000000e+00,3.000000000000000000e+00,-3.404541015625000000e-01,3.340454101562500000e-01,4.802856445312500000e-01,7.360229492187500000e-01
-5.000000000000000000e+00,3.000000000000000000e+00,5.000000000000000000e+00,-9.000000000000000000e+00,-3.000000000000000000e+00,-4.000000000000000000e+00,-2.000000000000000000e+00,-5.000000000000000000e+00,-3.404541015625000000e-01,3.340454101562500000e-01,4.802856445312500000e-01,7.360229492187500000e-01
3.000000000000000000e+00,-4.000000000000000000e+00,-3.000000000000000000e+00,-4.000000000000000000e+00,-3.000000000000000000e+00,2.000000000000000000e+00,-1.000000000000000000e+00,-4.000000000000000000e+00,-3.404541015625000000e-01,3.340454101562500000e-01,4.802856445312500000e-01,7.360229492187500000e-01
0.000000000000000000e+00,2.000000000000000000e+00,2.000000000000000000e+00,-4.000000000000000000e+00,1.000000000000000000e+00,1.000000000000000000e+00,4.000000000000000000e+00,2.000000000000000000e+00,-3.423461914062500000e-01,3.344116210937500000e-01,4.795532226562500000e-01,7.354736328125000000e-01
-1.000000000000000000e+00,2.000000000000000000e+00,6.000000000000000000e+00,8.000000000000000000e+00,2.000000000000000000e+00,-3.000000000000000000e+00,-3.000000000000000000e+00,-1.000000000000000000e+00,-3.423461914062500000e-01,3.344116210937500000e-01,4.795532226562500000e-01,7.354736328125000000e-01
-2.000000000000000000e+00,-3.000000000000000000e+00,-2.000000000000000000e+00,-6.000000000000000000e+00,-3.000000000000000000e+00,-3.000000000000000000e+00,2.000000000000000000e+00,1.000000000000000000e+01,-3.423461914062500000e-01,3.344116210937500000e-01,4.795532226562500000e-01,7.354736328125000000e-01
2.000000000000000000e+00,2.000000000000000000e+00,5.000000000000000000e+00,1.300000000000000000e+01,2.000000000000000000e+00,-3.000000000000000000e+00,-6.000000000000000000e+00,-1.500000000000000000e+01,-3.423461914062500000e-01,3.344116210937500000e-01,4.795532226562500000e-01,7.354736328125000000e-01
-1.000000000000000000e+01,2.000000000000000000e+00,1.200000000000000000e+01,-1.200000000000000000e+01,-3.000000000000000000e+00,-4.000000000000000000e+00,1.000000000000000000e+00,1.000000000000000000e+00,-3.436279296875000000e-01,3.352050781250000000e-01,4.785766601562500000e-01,7.351684570312500000e-01
-3.000000000000000000e+00,0.000000000000000000e+00,5.000000000000000000e+00,-1.000000000000000000e+01,-9.000000000000000000e+00,-7.000000000000000000e+00,-9.000000000000000000e+00,-2.000000000000000000e+00,-3.436279296875000000e-01,3.352050781250000000e-01,4.785766601562500000e-01,7.351684570312500000e-01
-4.000000000000000000e+00,0.000000000000000000e+00,6.000000000000000000e+00,6.000000000000000000e+00,3.000000000000000000e+00,3.000000000000000000e+00,2.000000000000000000e+00,-5.000000000000000000e+00,-3.436279296875000000e-01,3.352050781250000000e-01,4.785766601562500000e-01,7.351684570312500000e-01
8.000000000000000000e+00,-5.000000000000000000e+00,1.100000000000000000e+01,2.700000000000000000e+01,-2.000000000000000000e+00,-2.000000000000000000e+00,-1.000000000000000000e+00,1.000000000000000000e+00,-3.436279296875000000e-01,3.352050781250000000e-01,4.785766601562500000e-01,7.351684570312500000e-01
-1.000000000000000000e+00,-1.000000000000000000e+00,-4.000000000000000000e+01,-6.000000000000000000e+01,-7.000000000000000000e+00,-2.000000000000000000e+00,-5.000000000000000000e+00,0.000000000000000000e+00,-3.438720703125000000e-01,3.366699218750000000e-01,4.776000976562500000e-01,7.349853515625000000e-01
-1.000000000000000000e+00,7.000000000000000000e+00,2.100000000000000000e+01,4.400000000000000000e+01,2.000000000000000000e+00,0.000000000000000000e+00,0.000000000000000000e+00,-3.000000000000000000e+00,-3.438720703125000000e-01,3.366699218750000000e-01,4.776000976562500000e-01,7.349853515625000000e-01
-1.000000000000000000e+00,-8.000000000000000000e+00,1.000000000000000000e+00,-2.200000000000000000e+01,-7.000000000000000000e+00,-3.000000000000000000e+00,-3.000000000000000000e+00,-2.000000000000000000e+00,-3.438720703125000000e-01,3.366699218750000000e-01,4.776000976562500000e-01,7.349853515625000000e-01
0.000000000000000000e+00,1.000000000000000000e+00,-1.300000000000000000e+01,2.000000000000000000e+00,2.000000000000000000e+00,1.000000000000000000e+00,-1.000000000000000000e+00,2.000000000000000000e+00,-3.438720703125000000e-01,3.366699218750000000e-01,4.776000976562500000e-01,7.349853515625000000e-01
5.000000000000000000e+00,2.000000000000000000e+00,2.200000000000000000e+01,1.900000000000000000e+01,0.000000000000000000e+00,0.000000000000000000e+00,-2.000000000000000000e+00,0.000000000000000000e+00,-3.443603515625000000e-01,3.378295898437500000e-01,4.776000976562500000e-01,7.342529296875000000e-01
-4.000000000000000000e+00,-3.000000000000000000e+00,-1.300000000000000000e+01,-1.000000000000000000e+01,1.000000000000000000e+00,3.000000000000000000e+00,3.000000000000000000e+00,3.000000000000000000e+00,-3.443603515625000000e-01,3.378295898437500000e-01,4.776000976562500000e-01,7.342529296875000000e-01
0.000000000000000000e+00,1.000000000000000000e+00,3.000000000000000000e+00,-3.000000000000000000e+00,-2.000000000000000000e+00,2.000000000000000000e+00,0.000000000000000000e+00,-4.000000000000000000e+00,-3.443603515625000000e-01,3.378295898437500000e-01,4.776000976562500000e-01,7.342529296875000000e-01
-6.000000000000000000e+00,-7.000000000000000000e+00,-3.000000000000000000e+01,-4.000000000000000000e+00,3.000000000000000000e+00,-2.000000000000000000e+00,1.000000000000000000e+00,-3.000000000000000000e+00,-3.443603515625000000e-01,3.378295898437500000e-01,4.776000976562500000e-01,7.342529296875000000e-01
4.000000000000000000e+00,3.000000000000000000e+00,1.500000000000000000e+01,-4.000000000000000000e+00,-5.000000000000000000e+00,-5.000000000000000000e+00,-3.000000000000000000e+00,-1.000000000000000000e+00,-3.442382812500000000e-01,3.382568359375000000e-01,4.780273437500000000e-01,7.338256835937500000e-01
2.000000000000000000e+00,0.000000000000000000e+00,-2.000000000000000000e+00,-9.000000000000000000e+00,0.000000000000000000e+00,2.000000000000000000e+00,4.000000000000000000e+00,1.000000000000000000e+00,-3.442382812500000000e-01,3.382568359375000000e-01,4.780273437500000000e-01,7.338256835937500000e-01
-4.000000000000000000e+00,1.000000000000000000e+00,-1.000000000000000000e+00,6.000000000000000000e+00,-1.000000000000000000e+00,-4.000000000000000000e+00,-2.000000000000000000e+00,-5.000000000000000000e+00,-3.442382812500000000e-01,3.382568359375000000e-01,4.780273437500000000e-01,7.338256835937500000e-01
1.100000000000000000e+01,-3.000000000000000000e+00,0.000000000000000000e+00,-3.000000000000000000e+00,-2.000000000000000000e+00,-6.000000000000000000e+00,-4.000000000000000000e+00,-4.000000000000000000e+00,-3.442382812500000000e-01,3.382568359375000000e-01,4.780273437500000000e-01,7.338256835937500000e-01
-1.900000000000000000e+01,0.000000000000000000e+00,5.000000000000000000e+00,-3.000000000000000000e+00,5.000000000000000000e+00,9.000000000000000000e+00,3.000000000000000000e+00,3.000000000000000000e+00,-3.439941406250000000e-01,3.375854492187500000e-01,4.788208007812500000e-01,7.337036132812500000e-01
2.000000000000000000e+00,0.000000000000000000e+00,4.000000000000000000e+00,1.400000000000000000e+01,4.000000000000000000e+00,4.000000000000000000e+00,4.000000000000000000e+00,0.000000000000000000e+00,-3.439941406250000000e-01,3.375854492187500000e-01,4.788208007812500000e-01,7.337036132812500000e-01
-6.000000000000000000e+00,-1.000000000000000000e+01,-3.700000000000000000e+01,-5.300000000000000000e+01,-1.200000000000000000e+01,-7.000000000000000000e+00,-2.000000000000000000e+00,-3.000000000000000000e+00,-3.439941406250000000e-01,3.375854492187500000e-01,4.788208007812500000e-01,7.337036132812500000e-01
0.000000000000000000e+00,4.000000000000000000e+00,8.000000000000000000e+00,1.300000000000000000e+01,-6.000000000000000000e+00,-5.000000000000000000e+00,-4.000000000000000000e+00,-4.000000000000000000e+00,-3.439941406250000000e-01,3.375854492187500000e-01,4.788208007812500000e-01,7.337036132812500000e-01
5.000000000000000000e+00,-3.000000000000000000e+00,-1.000000000000000000e+01,1.800000000000000000e+01,-2.000000000000000000e+00,-4.000000000000000000e+00,-5.000000000000000000e+00,1.000000000000000000e+00,-3.430786132812500000e-01,3.370971679687500000e-01,4.798583984375000000e-01,7.337036132812500000e-01
-2.000000000000000000e+00,-6.000000000000000000e+00,-2.500000000000000000e+01,-1.800000000000000000e+01,-4.000000000000000000e+00,-2.000000000000000000e+00,-2.000000000000000000e+00,-2.000000000000000000e+00,-3.430786132812500000e-01,3.370971679687500000e-01,4.798583984375000000e-01,7.337036132812500000e-01
-6.000000000000000000e+00,4.000000000000000000e+00,4.000000000000000000e+00,1.200000000000000000e+01,6.000000000000000000e+00,3.000000000000000000e+00,2.000000000000000000e+00,-4.000000000000000000e+00,-3.430786132812500000e-01,3.370971679687500000e-01,4.798583984375000000e-01,7.337036132812500000e-01
7.000000000000000000e+00,0.000000000000000000e+00,2.000000000000000000e+01,-1.900000000000000000e+01,-4.000000000000000000e+00,-1.000000000000000000e+00,-2.000000000000000000e+00,1.000000000000000000e+00,-3.430786132812500000e-01,3.370971679687500000e-01,4.798583984375000000e-01,7.337036132812500000e-01
0.000000000000000000e+00,1.000000000000000000e+00,1.700000000000000000e+01,2.700000000000000000e+01,2.000000000000000000e+00,0.000000000000000000e+00,1.000000000000000000e+00,-3.000000000000000000e+00,-3.418579101562500000e-01,3.368530273437500000e-01,4.809570312500000000e-01,7.337036132812500000e-01
-3.000000000000000000e+00,-3.000000000000000000e+00,-7.000000000000000000e+00,-7.000000000000000000e+00,-2.000000000000000000e+00,0.000000000000000000e+00,-1.000000000000000000e+00,1.000000000000000000e+00,-3.418579101562500000e-01,3.368530273437500000e-01,4.809570312500000000e-01,7.337036132812500000e-01
5.000000000000000000e+00,1.000000000000000000e+00,-3.000000000000000000e+00,1.000000000000000000e+01,0.000000000000000000e+00,-1.000000000000000000e+00,-1.000000000000000000e+00,1.000000000000000000e+00,-3.418579101562500000e-01,3.368530273437500000e-01,4.809570312500000000e-01,7.337036132812500000e-01
-7.000000000000000000e+00,-2.000000000000000000e+00,-7.000000000000000000e+00,-1.300000000000000000e+01,-1.000000000000000000e+00,1.000000000000000000e+00,2.000000000000000000e+00,-2.000000000000000000e+00,-3.418579101562500000e-01,3.368530273437500000e-01,4.809570312500000000e-01,7.337036132812500000e-01
4.000000000000000000e+00,6.000000000000000000e+00,7.000000000000000000e+00,-5.000000000000000000e+00,3.000000000000000000e+00,3.000000000000000000e+00,2.000000000000000000e+00,0.000000000000000000e+00,-3.410644531250000000e-01,3.359375000000000000e-01,4.824218750000000000e-01,7.335205078125000000e-01
-1.000000000000000000e+00,-2.000000000000000000e+00,2.200000000000000000e+01,4.000000000000000000e+00,1.000000000000000000e+00,-1.000000000000000000e+00,-1.000000000000000000e+00,1.000000000000000000e+00,-3.410644531250000000e-01,3.359375000000000000e-01,4.824218750000000000e-01,7.335205078125000000e-01
-4.000000000000000000e+00,-5.000000000000000000e+00,-1.200000000000000000e+01,-4.000000000000000000e+00,-5.000000000000000000e+00,-2.000000000000000000e+00,-1.000000000000000000e+00,-4.000000000000000000e+00,-3.410644531250000000e-01,3.359375000000000000e-01,4.824218750000000000e-01,7.335205078125000000e-01
-5.000000000000000000e+00,0.000000000000000000e+00,7.000000000000000000e+00,-6.000000000000000000e+00,-5.000000000000000000e+00,-3.000000000000000000e+00,0.000000000000000000e+00,3.000000000000000000e+00,-3.410644531250000000e-01,3.359375000000000000e-01,4.824218750000000000e-01,7.335205078125000000e-01
3.000000000000000000e+00,1.000000000000000000e+00,1.500000000000000000e+01,2.000000000000000000e+00,3.000000000000000000e+00,0.000000000000000000e+00,0.000000000000000000e+00,0.000000000000000000e+00,-3.400878906250000000e-01,3.346557617187500000e-01,4.842529296875000000e-01,7.333374023437500000e-01
-1.000000000000000000e+00,-6.000000000000000000e+00,-1.500000000000000000e+01,1.600000000000000000e+01,1.000000000000000000e+00,-9.000000000000000000e+00,-1.500000000000000000e+01,-1.000000000000000000e+00,-3.400878906250000000e-01,3.346557617187500000e-01,4.842529296875000000e-01,7.333374023437500000e-01
1.000000000000000000e+00,3.000000000000000000e+00,1.700000000000000000e+01,1.400000000000000000e+01,0.000000000000000000e+00,1.100000000000000000e+01,9.000000000000000000e+00,-1.000000000000000000e+00,-3.400878906250000000e-01,3.346557617187500000e-01,4.842529296875000000e-01,7.333374023437500000e-01
1.000000000000000000e+00,4.000000000000000000e+00,2.000000000000000000e+00,-1.100000000000000000e+01,-2.000000000000000000e+00,7.000000000000000000e+00,9.000000000000000000e+00,2.000000000000000000e+00,-3.400878906250000000e-01,3.346557617187500000e-01,4.842529296875000000e-01,7.333374023437500000e-01
-4.000000000000000000e+00,-4.000000000000000000e+00,-3.000000000000000000e+00,9.000000000000000000e+00,1.000000000000000000e+00,-1.000000000000000000e+00,0.000000000000000000e+00,-3.000000000000000000e+00,-3.398437500000000000e-01,3.328857421875000000e-01,4.862060546875000000e-01,7.329711914062500000e-01
-5.000000000000000000e+00,-1.100000000000000000e+01,2.100000000000000000e+01,-9.000000000000000000e+00,-6.000000000000000000e+00,-4.000000000000000000e+00,1.000000000000000000e+00,-3.000000000000000000e+00,-3.398437500000000000e-01,3.328857421875000000e-01,4.862060546875000000e-01,7.329711914062500000e-01
6.000000000000000000e+00,2.000000000000000000e+00,8.000000000000000000e+00,9.000000000000000000e+00,5.000000000000000000e+00,-3.000000000000000000e+00,-9.000000000000000000e+00,1.000000000000000000e+00,-3.398437500000000000e-01,3.328857421875000000e-01,4.862060546875000000e-01,7.329711914062500000e-01
0.000000000000000000e+00,-1.000000000000000000e+00,8.000000000000000000e+00,1.600000000000000000e+01,-2.000000000000000000e+00,-2.000000000000000000e+00,-3.000000000000000000e+00,-2.000000000000000000e+00,-3.398437500000000000e-01,3.328857421875000000e-01,4.862060546875000000e-01,7.329711914062500000e-01
-2.000000000000000000e+00,-4.000000000000000000e+00,4.000000000000000000e+00,-2.800000000000000000e+01,-8.000000000000000000e+00,-5.000000000000000000e+00,-1.000000000000000000e+00,-3.000000000000000000e+00,-3.402099609375000000e-01,3.308105468750000000e-01,4.883422851562500000e-01,7.322998046875000000e-01
4.000000000000000000e+00,6.000000000000000000e+00,1.000000000000000000e+00,3.100000000000000000e+01,5.000000000000000000e+00,2.000000000000000000e+00,0.000000000000000000e+00,1.000000000000000000e+00,-3.402099609375000000e-01,3.308105468750000000e-01,4.883422851562500000e-01,7.322998046875000000e-01
3.000000000000000000e+00,3.000000000000000000e+00,-2.000000000000000000e+00,-2.600000000000000000e+01,-6.000000000000000000e+00,-1.000000000000000000e+00,-1.000000000000000000e+00,2.000000000000000000e+00,-3.402099609375000000e-01,3.308105468750000000e-01,4.883422851562500000e-01,7.322998046875000000e-01
3.000000000000000000e+00,8.000000000000000000e+00,6.000000000000000000e+00,1.300000000000000000e+01,5.000000000000000000e+00,3.000000000000000000e+00,3.000000000000000000e+00,2.000000000000000000e+00,-3.402099609375000000e-01,3.308105468750000000e-01,4.883422851562500000e-01,7.322998046875000000e-01
-1.000000000000000000e+01,-5.000000000000000000e+00,-8.000000000000000000e+00,-1.000000000000000000e+01,-2.000000000000000000e+00,-4.000000000000000000e+00,-4.000000000000000000e+00,-5.000000000000000000e+00,-3.410644531250000000e-01,3.284301757812500000e-01,4.907836914062500000e-01,7.313232421875000000e-01
0.000000000000000000e+00,1.000000000000000000e+00,-1.600000000000000000e+01,-2.000000000000000000e+00,1.000000000000000000e+00,-1.000000000000000000e+00,-1.000000000000000000e+00,1.000000000000000000e+00,-3.410644531250000000e-01,3.284301757812500000e-01,4.907836914062500000e-01,7.313232421875000000e-01
-9.000000000000000000e+00,-1.100000000000000000e+01,-3.100000000000000000e+01,-2.000000000000000000e+01,-5.000000000000000000e+00,-5.000000000000000000e+00,-1.000000000000000000e+00,-1.000000000000000000e+00,-3.410644531250000000e-01,3.284301757812500000e-01,4.907836914062500000e-01,7.313232421875000000e-01
-4.000000000000000000e+00,-4.000000000000000000e+00,-2.000000000000000000e+00,-5.000000000000000000e+00,2.000000000000000000e+00,-1.000000000000000000e+00,-4.000000000000000000e+00,-1.000000000000000000e+00,-3.410644531250000000e-01,3.284301757812500000e-01,4.907836914062500000e-01,7.313232421875000000e-01
1.100000000000000000e+01,0.000000000000000000e+00,1.000000000000000000e+01,1.600000000000000000e+01,-1.000000000000000000e+00,1.000000000000000000e+00,5.000000000000000000e+00,2.000000000000000000e+00,-3.410034179687500000e-01,3.261108398437500000e-01,4.938354492187500000e-01,7.303466796875000000e-01
-1.100000000000000000e+01,-2.000000000000000000e+00,-2.000000000000000000e+00,-1.600000000000000000e+01,-3.000000000000000000e+00,3.000000000000000000e+00,5.000000000000000000e+00,-3.000000000000000000e+00,-3.410034179687500000e-01,3.261108398437500000e-01,4.938354492187500000e-01,7.303466796875000000e-01
-5.000000000000000000e+00,3.000000000000000000e+00,1.600000000000000000e+01,-1.000000000000000000e+00,0.000000000000000000e+00,-2.000000000000000000e+00,-5.000000000000000000e+00,-2.000000000000000000e+00,-3.410034179687500000e-01,3.261108398437500000e-01,4.938354492187500000e-01,7.303466796875000000e-01
2.000000000000000000e+00,-7.000000000000000000e+00,-2.000000000000000000e+00,1.500000000000000000e+01,2.000000000000000000e+00,-2.000000000000000000e+00,-5.000000000000000000e+00,-2.000000000000000000e+00,-3.410034179687500000e-01,3.261108398437500000e-01,4.938354492187500000e-01,7.303466796875000000e-01
3.000000000000000000e+00,-4.000000000000000000e+00,-4.000000000000000000e+00,8.000000000000000000e+00,1.000000000000000000e+00,-3.000000000000000000e+00,-3.000000000000000000e+00,4.000000000000000000e+00,-3.413696289062500000e-01,3.238525390625000000e-01,4.970092773437500000e-01,7.290039062500000000e-01
-1.000000000000000000e+00,-4.000000000000000000e+00,-3.500000000000000000e+01,1.500000000000000000e+01,1.000000000000000000e+00,9.000000000000000000e+00,1.700000000000000000e+01,-3.000000000000000000e+00,-3.413696289062500000e-01,3.238525390625000000e-01,4.970092773437500000e-01,7.290039062500000000e-01
1.000000000000000000e+00,3.000000000000000000e+00,7.000000000000000000e+00,-3.600000000000000000e+01,-2.000000000000000000e+00,-4.000000000000000000e+00,-7.000000000000000000e+00,-5.000000000000000000e+00,-3.413696289062500000e-01,3.238525390625000000e-01,4.970092773437500000e-01,7.290039062500000000e-01
-9.000000000000000000e+00,-5.000000000000000000e+00,5.000000000000000000e+00,-2.100000000000000000e+01,-1.000000000000000000e+01,-3.000000000000000000e+00,-3.000000000000000000e+00,-3.000000000000000000e+00,-3.413696289062500000e-01,3.238525390625000000e-01,4.970092773437500000e-01,7.290039062500000000e-01
1.100000000000000000e+01,4.000000000000000000e+00,3.000000000000000000e+00,3.000000000000000000e+00,1.000000000000000000e+00,-1.000000000000000000e+00,-6.000000000000000000e+00,1.000000000000000000e+00,-3.418579101562500000e-01,3.218994140625000000e-01,4.994506835937500000e-01,7.280273437500000000e-01
4.000000000000000000e+00,2.000000000000000000e+00,2.000000000000000000e+00,-2.000000000000000000e+00,-4.000000000000000000e+00,-5.000000000000000000e+00,-5.000000000000000000e+00,6.000000000000000000e+00,-3.418579101562500000e-01,3.218994140625000000e-01,4.994506835937500000e-01,7.280273437500000000e-01
6.000000000000000000e+00,7.000000000000000000e+00,4.000000000000000000e+00,4.300000000000000000e+01,9.000000000000000000e+00,4.000000000000000000e+00,3.000000000000000000e+00,2.000000000000000000e+00,-3.418579101562500000e-01,3.218994140625000000e-01,4.994506835937500000e-01,7.280273437500000000e-01
-2.000000000000000000e+00,-5.000000000000000000e+00,1.700000000000000000e+01,-2.200000000000000000e+01,0.000000000000000000e+00,0.000000000000000000e+00,1.000000000000000000e+00,-1.000000000000000000e+00,-3.418579101562500000e-01,3.218994140625000000e-01,4.994506835937500000e-01,7.280273437500000000e-01
-1.000000000000000000e+01,-6.000000000000000000e+00,-1.500000000000000000e+01,1.400000000000000000e+01,-1.000000000000000000e+00,2.000000000000000000e+00,1.000000000000000000e+00,2.000000000000000000e+00,-3.403930664062500000e-01,3.220214843750000000e-01,5.003662109375000000e-01,7.280273437500000000e-01
-3.000000000000000000e+00,3.000000000000000000e+00,-5.000000000000000000e+00,-3.600000000000000000e+01,-7.000000000000000000e+00,-4.000000000000000000e+00,-3.000000000000000000e+00,-1.000000000000000000e+00,-3.403930664062500000e-01,3.220214843750000000e-01,5.003662109375000000e-01,7.280273437500000000e-01
5.000000000000000000e+00,8.000000000000000000e+00,-3.000000000000000000e+00,7.000000000000000000e+00,1.000000000000000000e+00,1.000000000000000000e+00,-1.000000000000000000e+00,0.000000000000000000e+00,-3.403930664062500000e-01,3.220214843750000000e-01,5.003662109375000000e-01,7.280273437500000000e-01
-1.000000000000000000e+00,-9.000000000000000000e+00,3.000000000000000000e+00,1.600000000000000000e+01,4.000000000000000000e+00,-1.000000000000000000e+00,-1.000000000000000000e+00,1.000000000000000000e+00,-3.403930664062500000e-01,3.220214843750000000e-01,5.003662109375000000e-01,7.280273437500000000e-01
-4.000000000000000000e+00,-6.000000000000000000e+00,-1.200000000000000000e+01,-1.100000000000000000e+01,0.000000000000000000e+00,-1.000000000000000000e+00,1.000000000000000000e+00,-2.000000000000000000e+00,-3.376464843750000000e-01,3.233642578125000000e-01,5.009155273437500000e-01,7.283325195312500000e-01
0.000000000000000000e+00,3.000000000000000000e+00,2.000000000000000000e+00,-1.000000000000000000e+01,-4.000000000000000000e+00,-4.000000000000000000e+00,-2.000000000000000000e+00,-3.000000000000000000e+00,-3.376464843750000000e-01,3.233642578125000000e-01,5.009155273437500000e-01,7.283325195312500000e-01
1.000000000000000000e+00,-4.000000000000000000e+00,1.000000000000000000e+00,-5.000000000000000000e+00,-1.000000000000000000e+00,-2.000000000000000000e+00,-3.000000000000000000e+00,-2.000000000000000000e+00,-3.376464843750000000e-01,3.233642578125000000e-01,5.009155273437500000e-01,7.283325195312500000e-01
1.000000000000000000e+00,5.000000000000000000e+00,-2.000000000000000000e+01,5.000000000000000000e+00,1.000000000000000000e+00,3.000000000000000000e+00,5.000000000000000000e+00,0.000000000000000000e+00,-3.376464843750000000e-01,3.233642578125000000e-01,5.009155273437500000e-01,7.283325195312500000e-01
1.400000000000000000e+01,1.000000000000000000e+00,1.800000000000000000e+01,2.100000000000000000e+01,0.000000000000000000e+00,-1.000000000000000000e+00,-1.000000000000000000e+00,4.000000000000000000e+00,-3.355712890625000000e-01,3.239746093750000000e-01,5.021362304687500000e-01,7.281494140625000000e-01
-2.200000000000000000e+01,-8.000000000000000000e+00,-2.700000000000000000e+01,-1.400000000000000000e+01,-1.000000000000000000e+00,0.000000000000000000e+00,-3.000000000000000000e+00,-7.000000000000000000e+00,-3.355712890625000000e-01,3.239746093750000000e-01,5.021362304687500000e-01,7.281494140625000000e-01
-6.000000000000000000e+00,6.000000000000000000e+00,2.700000000000000000e+01,5.000000000000000000e+00,1.000000000000000000e+00,-3.000000000000000000e+00,-1.000000000000000000e+00,-1.000000000000000000e+00,-3.355712890625000000e-01,3.239746093750000000e-01,5.021362304687500000e-01,7.281494140625000000e-01
3.000000000000000000e+00,-6.000000000000000000e+00,-3.600000000000000000e+01,-7.000000000000000000e+00,-1.000000000000000000e+00,-3.000000000000000000e+00,-3.000000000000000000e+00,3.000000000000000000e+00,-3.355712890625000000e-01,3.239746093750000000e-01,5.021362304687500000e-01,7.281494140625000000e-01
-7.000000000000000000e+00,-3.000000000000000000e+00,1.400000000000000000e+01,-5.000000000000000000e+00,-3.000000000000000000e+00,3.000000000000000000e+00,3.000000000000000000e+00,5.000000000000000000e+00,-3.345947265625000000e-01,3.237304687500000000e-01,5.036010742187500000e-01,7.277221679687500000e-01
1.000000000000000000e+01,8.000000000000000000e+00,1.600000000000000000e+01,-6.000000000000000000e+00,-4.000000000000000000e+00,-4.000000000000000000e+00,-6.000000000000000000e+00,-9.000000000000000000e+00,-3.345947265625000000e-01,3.237304687500000000e-01,5.036010742187500000e-01,7.277221679687500000e-01
-7.000000000000000000e+00,-6.000000000000000000e+00,3.000000000000000000e+00,1.600000000000000000e+01,-3.000000000000000000e+00,2.000000000000000000e+00,1.000000000000000000e+00,-2.000000000000000000e+00,-3.345947265625000000e-01,3.237304687500000000e-01,5.036010742187500000e-01,7.277221679687500000e-01
-4.000000000000000000e+00,1.000000000000000000e+00,-2.200000000000000000e+01,-1.500000000000000000e+01,3.000000000000000000e+00,0.000000000000000000e+00,3.000000000000000000e+00,-4.000000000000000000e+00,-3.345947265625000000e-01,3.237304687500000000e-01,5.036010742187500000e-01,7.277221679687500000e-01
3.000000000000000000e+00,3.000000000000000000e+00,0.000000000000000000e+00,-1.600000000000000000e+01,-3.000000000000000000e+00,-2.000000000000000000e+00,-3.000000000000000000e+00,0.000000000000000000e+00,-3.346557617187500000e-01,3.232421875000000000e-01,5.046386718750000000e-01,7.271728515625000000e-01
4.000000000000000000e+00,-2.000000000000000000e+00,1.600000000000000000e+01,5.000000000000000000e+00,0.000000000000000000e+00,1.000000000000000000e+00,1.000000000000000000e+00,3.000000000000000000e+00,-3.346557617187500000e-01,3.232421875000000000e-01,5.046386718750000000e-01,7.271728515625000000e-01
-8.000000000000000000e+00,-6.000000000000000000e+00,-2.900000000000000000e+01,2.000000000000000000e+00,0.000000000000000000e+00,-1.000000000000000000e+00,0.000000000000000000e+00,-2.000000000000000000e+00,-3.346557617187500000e-01,3.232421875000000000e-01,5.046386718750000000e-01,7.271728515625000000e-01
4.000000000000000000e+00,4.000000000000000000e+00,3.200000000000000000e+01,3.000000000000000000e+00,-1.000000000000000000e+00,-2.000000000000000000e+00,-3.000000000000000000e+00,1.000000000000000000e+00,-3.346557617187500000e-01,3.232421875000000000e-01,5.046386718750000000e-01,7.271728515625000000e-01
-8.000000000000000000e+00,-7.000000000000000000e+00,-5.600000000000000000e+01,-1.200000000000000000e+01,-2.000000000000000000e+00,-4.000000000000000000e+00,-2.000000000000000000e+00,-7.000000000000000000e+00,-3.348388671875000000e-01,3.235473632812500000e-01,5.046997070312500000e-01,7.269287109375000000e-01
3.000000000000000000e+00,2.000000000000000000e+00,1.900000000000000000e+01,2.000000000000000000e+00,0.000000000000000000e+00,2.000000000000000000e+00,-2.000000000000000000e+00,1.000000000000000000e+00,-3.348388671875000000e-01,3.235473632812500000e-01,5.046997070312500000e-01,7.269287109375000000e-01
0.000000000000000000e+00,-6.000000000000000000e+00,-7.000000000000000000e+00,3.000000000000000000e+00,0.000000000000000000e+00,-1.000000000000000000e+00,2.000000000000000000e+00,-3.000000000000000000e+00,-3.348388671875000000e-01,3.235473632812500000e-01,5.046997070312500000e-01,7.269287109375000000e-01
-6.000000000000000000e+00,1.000000000000000000e+00,2.200000000000000000e+01,1.400000000000000000e+01,-3.000000000000000000e+00,-4.000000000000000000e+00,-5.000000000000000000e+00,-4.000000000000000000e+00,-3.348388671875000000e-01,3.235473632812500000e-01,5.046997070312500000e-01,7.269287109375000000e-01
3.000000000000000000e+00,1.000000000000000000e+00,-6.000000000000000000e+00,5.000000000000000000e+00,0.000000000000000000e+00,0.000000000000000000e+00,2.000000000000000000e+00,-3.000000000000000000e+00,-3.342285156250000000e-01,3.246459960937500000e-01,5.043945312500000000e-01,7.269287109375000000e-01
-6.000000000000000000e+00,-3.000000000000000000e+00,-2.300000000000000000e+01,-4.000000000000000000e+00,-2.000000000000000000e+00,-5.000000000000000000e+00,-4.000000000000000000e+00,-4.000000000000000000e+00,-3.342285156250000000e-01,3.246459960937500000e-01,5.043945312500000000e-01,7.269287109375000000e-01
4.000000000000000000e+00,1.000000000000000000e+00,1.000000000000000000e+00,1.000000000000000000e+00,1.000000000000000000e+00,2.000000000000000000e+00,1.000000000000000000e+00,5.000000000000000000e+00,-3.342285156250000000e-01,3.246459960937500000e-01,5.043945312500000000e-01,7.269287109375000000e-01
-6.000000000000000000e+00,-3.000000000000000000e+00,3.000000000000000000e+00,9.000000000000000000e+00,-2.000000000000000000e+00,-2.000000000000000000e+00,0.000000000000000000e+00,-9.000000000000000000e+00,-3.342285156250000000e-01,3.246459960937500000e-01,5.043945312500000000e-01,7.269287109375000000e-01
-7.000000000000000000e+00,0.000000000000000000e+00,1.900000000000000000e+01,-2.100000000000000000e+01,-6.000000000000000000e+00,-5.000000000000000000e+00,-5.000000000000000000e+00,-3.000000000000000000e+00,-3.334960937500000000e-01,3.253784179687500000e-01,5.044555664062500000e-01,7.268676757812500000e-01
6.000000000000000000e+00,-1.000000000000000000e+00,-4.000000000000000000e+00,0.000000000000000000e+00,2.000000000000000000e+00,3.000000000000000000e+00,2.000000000000000000e+00,8.000000000000000000e+00,-3.334960937500000000e-01,3.253784179687500000e-01,5.044555664062500000e-01,7.268676757812500000e-01
0.000000000000000000e+00,-4.000000000000000000e+00,7.000000000000000000e+00,1.300000000000000000e+01,1.000000000000000000e+00,2.000000000000000000e+00,-4.000000000000000000e+00,-1.400000000000000000e+01,-3.334960937500000000e-01,3.253784179687500000e-01,5.044555664062500000e-01,7.268676757812500000e-01
2.000000000000000000e+00,6.000000000000000000e+00,-7.000000000000000000e+00,-9.000000000000000000e+00,3.000000000000000000e+00,1.000000000000000000e+00,0.000000000000000000e+00,-1.000000000000000000e+00,-3.334960937500000000e-01,3.253784179687500000e-01,5.044555664062500000e-01,7.268676757812500000e-01
-5.000000000000000000e+00,0.000000000000000000e+00,1.900000000000000000e+01,2.700000000000000000e+01,2.000000000000000000e+00,-2.000000000000000000e+00,-5.000000000000000000e+00,-7.000000000000000000e+00,-3.340454101562500000e-01,3.250122070312500000e-01,5.046997070312500000e-01,7.266235351562500000e-01
9.000000000000000000e+00,0.000000000000000000e+00,-4.000000000000000000e+00,-2.900000000000000000e+01,-6.000000000000000000e+00,1.000000000000000000e+00,5.000000000000000000e+00,3.000000000000000000e+00,-3.340454101562500000e-01,3.250122070312500000e-01,5.046997070312500000e-01,7.266235351562500000e-01
-4.000000000000000000e+00,-5.000000000000000000e+00,-5.000000000000000000e+00,-1.900000000000000000e+01,-6.000000000000000000e+00,-3.000000000000000000e+00,1.000000000000000000e+00,5.000000000000000000e+00,-3.340454101562500000e-01,3.250122070312500000e-01,5.046997070312500000e-01,7.266235351562500000e-01
-1.000000000000000000e+00,-6.000000000000000000e+00,-1.100000000000000000e+01,-1.700000000000000000e+01,-3.000000000000000000e+00,-6.000000000000000000e+00,-5.000000000000000000e+00,2.000000000000000000e+00,-3.340454101562500000e-01,3.250122070312500000e-01,5.046997070312500000e-01,7.266235351562500000e-01
-2.000000000000000000e+00,-1.000000000000000000e+00,5.000000000000000000e+00,2.500000000000000000e+01,4.000000000000000000e+00,2.000000000000000000e+00,-1.000000000000000000e+00,-4.000000000000000000e+00,-3.353881835937500000e-01,3.242797851562500000e-01,5.046997070312500000e-01,7.263183593750000000e-01
0.000000000000000000e+00,-4.000000000000000000e+00,-3.300000000000000000e+01,-1.500000000000000000e+01,-7.000000000000000000e+00,-3.000000000000000000e+00,-2.000000000000000000e+00,-1.000000000000000000e+00,-3.353881835937500000e-01,3.242797851562500000e-01,5.046997070312500000e-01,7.263183593750000000e-01
-2.000000000000000000e+00,1.000000000000000000e+00,5.000000000000000000e+00,7.000000000000000000e+00,2.000000000000000000e+00,3.000000000000000000e+00,2.000000000000000000e+00,0.000000000000000000e+00,-3.353881835937500000e-01,3.242797851562500000e-01,5.046997070312500000e-01,7.263183593750000000e-01
4.000000000000000000e+00,-4.000000000000000000e+00,-1.600000000000000000e+01,-1.600000000000000000e+01,-5.000000000000000000e+00,-2.000000000000000000e+00,-1.000000000000000000e+00,1.000000000000000000e+00,-3.353881835937500000e-01,3.242797851562500000e-01,5.046997070312500000e-01,7.263183593750000000e-01
0.000000000000000000e+00,-4.000000000000000000e+00,-9.000000000000000000e+00,-8.000000000000000000e+00,-2.000000000000000000e+00,-3.000000000000000000e+00,-2.000000000000000000e+00,2.000000000000000000e+00,-3.358154296875000000e-01,3.245239257812500000e-01,5.042114257812500000e-01,7.263183593750000000e-01
1.000000000000000000e+00,9.000000000000000000e+00,1.900000000000000000e+01,1.800000000000000000e+01,1.100000000000000000e+01,0.000000000000000000e+00,-2.000000000000000000e+00,7.000000000000000000e+00,-3.358154296875000000e-01,3.245239257812500000e-01,5.042114257812500000e-01,7.263183593750000000e-01
7.000000000000000000e+00,-7.000000000000000000e+00,2.300000000000000000e+01,-1.900000000000000000e+01,-1.400000000000000000e+01,-7.000000000000000000e+00,-6.000000000000000000e+00,-1.300000000000000000e+01,-3.358154296875000000e-01,3.245239257812500000e-01,5.042114257812500000e-01,7.263183593750000000e-01
-2.000000000000000000e+01,-2.000000000000000000e+00,-1.300000000000000000e+01,-4.000000000000000000e+00,-5.000000000000000000e+00,-3.000000000000000000e+00,-4.000000000000000000e+00,0.000000000000000000e+00,-3.358154296875000000e-01,3.245239257812500000e-01,5.042114257812500000e-01,7.263183593750000000e-01
0.000000000000000000e+00,2.000000000000000000e+00,2.000000000000000000e+00,-4.000000000000000000e+00,3.000000000000000000e+00,3.000000000000000000e+00,2.000000000000000000e+00,-2.000000000000000000e+00,-3.352661132812500000e-01,3.253784179687500000e-01,5.036010742187500000e-01,7.266845703125000000e-01
-4.000000000000000000e+00,1.000000000000000000e+00,4.000000000000000000e+00,1.500000000000000000e+01,7.000000000000000000e+00,5.000000000000000000e+00,3.000000000000000000e+00,-1.000000000000000000e+00,-3.352661132812500000e-01,3.253784179687500000e-01,5.036010742187500000e-01,7.266845703125000000e-01
3.000000000000000000e+00,-2.000000000000000000e+00,-2.700000000000000000e+01,-4.000000000000000000e+00,-2.000000000000000000e+00,-2.000000000000000000e+00,-1.000000000000000000e+00,6.000000000000000000e+00,-3.352661132812500000e-01,3.253784179687500000e-01,5.036010742187500000e-01,7.266845703125000000e-01
7.000000000000000000e+00,-3.000000000000000000e+00,1.300000000000000000e+01,-8.000000000000000000e+00,1.000000000000000000e+00,0.000000000000000000e+00,-3.000000000000000000e+00,-2.000000000000000000e+00,-3.352661132812500000e-01,3.253784179687500000e-01,5.036010742187500000e-01,7.266845703125000000e-01
-7.000000000000000000e+00,-2.000000000000000000e+00,-1.200000000000000000e+01,1.000000000000000000e+00,-1.000000000000000000e+00,4.000000000000000000e+00,6.000000000000000000e+00,-2.000000000000000000e+00,-3.345336914062500000e-01,3.258056640625000000e-01,5.031127929687500000e-01,7.271118164062500000e-01
4.000000000000000000e+00,-6.000000000000000000e+00,-5.000000000000000000e+00,-5.000000000000000000e+00,-3.000000000000000000e+00,-2.000000000000000000e+00,-4.000000000000000000e+00,-4.000000000000000000e+00,-3.345336914062500000e-01,3.258056640625000000e-01,5.031127929687500000e-01,7.271118164062500000e-01
-7.000000000000000000e+00,3.000000000000000000e+00,2.000000000000000000e+00,3.000000000000000000e+00,2.000000000000000000e+00,0.000000000000000000e+00,1.000000000000000000e+00,-4.000000000000000000e+00,-3.345336914062500000e-01,3.258056640625000000e-01,5.031127929687500000e-01,7.271118164062500000e-01
1.000000000000000000e+00,0.000000000000000000e+00,5.000000000000000000e+00,0.000000000000000000e+00,-5.000000000000000000e+00,-1.000000000000000000e+00,-6.000000000000000000e+00,1.000000000000000000e+00,-3.345336914062500000e-01,3.258056640625000000e-01,5.031127929687500000e-01,7.271118164062500000e-01
-2.000000000000000000e+00,0.000000000000000000e+00,-8.000000000000000000e+00,-3.000000000000000000e+00,1.000000000000000000e+00,-1.000000000000000000e+00,-2.000000000000000000e+00,-1.000000000000000000e+00,-3.346557617187500000e-01,3.253173828125000000e-01,5.028076171875000000e-01,7.275390625000000000e-01
3.000000000000000000e+00,-1.000000000000000000e+00,2.300000000000000000e+01,1.100000000000000000e+01,-3.000000000000000000e+00,-5.000000000000000000e+00,-5.000000000000000000e+00,-3.000000000000000000e+00,-3.346557617187500000e-01,3.253173828125000000e-01,5.028076171875000000e-01,7.275390625000000000e-01
-1.700000000000000000e+01,-7.000000000000000000e+00,-2.900000000000000000e+01,-2.500000000000000000e+01,-3.000000000000000000e+00,-4.000000000000000000e+00,0.000000000000000000e+00,-4.000000000000000000e+00,-3.346557617187500000e-01,3.253173828125000000e-01,5.028076171875000000e-01,7.275390625000000000e-01
2.000000000000000000e+00,3.000000000000000000e+00,-6.000000000000000000e+00,1.200000000000000000e+01,3.000000000000000000e+00,1.000000000000000000e+00,3.000000000000000000e+00,6.000000000000000000e+00,-3.346557617187500000e-01,3.253173828125000000e-01,5.028076171875000000e-01,7.275390625000000000e-01
3.000000000000000000e+00,0.000000000000000000e+00,0.000000000000000000e+00,-1.000000000000000000e+00,-2.000000000000000000e+00,-4.000000000000000000e+00,1.000000000000000000e+00,-1.000000000000000000e+00,-3.348999023437500000e-01,3.250732421875000000e-01,5.025024414062500000e-01,7.277221679687500000e-01
5.000000000000000000e+00,-2.000000000000000000e+00,3.000000000000000000e+00,8.000000000000000000e+00,-5.000000000000000000e+00,2.000000000000000000e+00,-2.000000000000000000e+00,-4.000000000000000000e+00,-3.348999023437500000e-01,3.250732421875000000e-01,5.025024414062500000e-01,7.277221679687500000e-01
-8.000000000000000000e+00,9.000000000000000000e+00,2.900000000000000000e+01,3.000000000000000000e+00,3.000000000000000000e+00,0.000000000000000000e+00,-3.000000000000000000e+00,-1.000000000000000000e+00,-3.348999023437500000e-01,3.250732421875000000e-01,5.025024414062500000e-01,7.277221679687500000e-01
-1.000000000000000000e+00,-4.000000000000000000e+00,-4.500000000000000000e+01,-1.700000000000000000e+01,-1.000000000000000000e+00,0.000000000000000000e+00,-1.000000000000000000e+00,-2.000000000000000000e+00,-3.348999023437500000e-01,3.250732421875000000e-01,5.025024414062500000e-01,7.277221679687500000e-01
0.000000000000000000e+00,-3.000000000000000000e+00,1.400000000000000000e+01,-8.000000000000000000e+00,-3.000000000000000000e+00,-4.000000000000000000e+00,-3.000000000000000000e+00,-1.000000000000000000e+00,-3.350830078125000000e-01,3.255004882812500000e-01,5.023193359375000000e-01,7.276000976562500000e-01
-3.000000000000000000e+00,-9.000000000000000000e+00,-6.000000000000000000e+01,4.000000000000000000e+00,0.000000000000000000e+00,-5.000000000000000000e+00,-5.000000000000000000e+00,-4.000000000000000000e+00,-3.350830078125000000e-01,3.255004882812500000e-01,5.023193359375000000e-01,7.276000976562500000e-01
7.000000000000000000e+00,-1.000000000000000000e+00,-4.000000000000000000e+00,1.700000000000000000e+01,0.000000000000000000e+00,0.000000000000000000e+00,0.000000000000000000e+00,7.000000000000000000e+00,-3.350830078125000000e-01,3.255004882812500000e-01,5.023193359375000000e-01,7.276000976562500000e-01
1.000000000000000000e+00,1.000000000000000000e+00,7.000000000000000000e+00,-1.800000000000000000e+01,-1.000000000000000000e+00,2.000000000000000000e+00,1.000000000000000000e+00,-3.000000000000000000e+00,-3.350830078125000000e-01,3.255004882812500000e-01,5.023193359375000000e-01,7.276000976562500000e-01
1.000000000000000000e+00,2.000000000000000000e+00,1.300000000000000000e+01,6.000000000000000000e+00,1.100000000000000000e+01,8.000000000000000000e+00,0.000000000000000000e+00,3.000000000000000000e+00,-3.350830078125000000e-01,3.259277343750000000e-01,5.020751953125000000e-01,7.275390625000000000e-01
-4.000000000000000000e+00,-1.000000000000000000e+00,1.500000000000000000e+01,1.800000000000000000e+01,1.000000000000000000e+00,-1.000000000000000000e+00,-2.000000000000000000e+00,-1.000000000000000000e+00,-3.350830078125000000e-01,3.259277343750000000e-01,5.020751953125000000e-01,7.275390625000000000e-01
2.000000000000000000e+00,-3.000000000000000000e+00,0.000000000000000000e+00,-3.200000000000000000e+01,-5.000000000000000000e+00,-4.000000000000000000e+00,3.000000000000000000e+00,1.000000000000000000e+00,-3.350830078125000000e-01,3.259277343750000000e-01,5.020751953125000000e-01,7.275390625000000000e-01
-1.000000000000000000e+00,0.000000000000000000e+00,-8.000000000000000000e+00,2.000000000000000000e+00,-4.000000000000000000e+00,-4.000000000000000000e+00,-1.000000000000000000e+00,0.000000000000000000e+00,-3.350830078125000000e-01,3.259277343750000000e-01,5.020751953125000000e-01,7.275390625000000000e-01
1.000000000000000000e+00,0.000000000000000000e+00,1.400000000000000000e+01,1.000000000000000000e+01,1.000000000000000000e+00,0.000000000000000000e+00,-2.000000000000000000e+00,-3.000000000000000000e+00,-3.352050781250000000e-01,3.256835937500000000e-01,5.020751953125000000e-01,7.276000976562500000e-01
-1.000000000000000000e+01,-1.000000000000000000e+00,1.200000000000000000e+01,-7.000000000000000000e+00,1.000000000000000000e+00,0.000000000000000000e+00,1.000000000000000000e+00,-1.000000000000000000e+00,-3.352050781250000000e-01,3.256835937500000000e-01,5.020751953125000000e-01,7.276000976562500000e-01
1.100000000000000000e+01,0.000000000000000000e+00,-5.000000000000000000e+00,1.500000000000000000e+01,2.000000000000000000e+00,-1.000000000000000000e+00,-3.000000000000000000e+00,8.000000000000000000e+00,-3.352050781250000000e-01,3.256835937500000000e-01,5.020751953125000000e-01,7.276000976562500000e-01
-1.000000000000000000e+00,-3.000000000000000000e+00,2.100000000000000000e+01,4.000000000000000000e+00,1.000000000000000000e+00,2.000000000000000000e+00,-1.000000000000000000e+00,-8.000000000000000000e+00,-3.352050781250000000e-01,3.256835937500000000e-01,5.020751953125000000e-01,7.276000976562500000e-01
4.000000000000000000e+00,8.000000000000000000e+00,1.900000000000000000e+01,1.800000000000000000e+01,-1.000000000000000000e+00,1.000000000000000000e+00,7.000000000000000000e+00,2.000000000000000000e+00,-3.357543945312500000e-01,3.251953125000000000e-01,5.021972656250000000e-01,7.274780273437500000e-01
-8.000000000000000000e+00,-1.100000000000000000e+01,-3.100000000000000000e+01,-2.800000000000000000e+01,-8.000000000000000000e+00,-7.000000000000000000e+00,-4.000000000000000000e+00,-4.000000000000000000e+00,-3.357543945312500000e-01,3.251953125000000000e-01,5.021972656250000000e-01,7.274780273437500000e-01
-1.000000000000000000e+00,0.000000000000000000e+00,1.000000000000000000e+00,7.000000000000000000e+00,1.000000000000000000e+00,1.000000000000000000e+00,-2.000000000000000000e+00,4.000000000000000000e+00,-3.357543945312500000e-01,3.251953125000000000e-01,5.021972656250000000e-01,7.274780273437500000e-01
-1.000000000000000000e+00,1.000000000000000000e+00,1.500000000000000000e+01,8.000000000000000000e+00,0.000000000000000000e+00,-1.000000000000000000e+00,0.000000000000000000e+00,1.000000000000000000e+00,-3.357543945312500000e-01,3.251953125000000000e-01,5.021972656250000000e-01,7.274780273437500000e-01
0.000000000000000000e+00,-3.000000000000000000e+00,-5.100000000000000000e+01,-4.000000000000000000e+00,-2.000000000000000000e+00,0.000000000000000000e+00,-2.000000000000000000e+00,0.000000000000000000e+00,-3.362426757812500000e-01,3.251342773437500000e-01,5.022583007812500000e-01,7.272338867187500000e-01
-6.000000000000000000e+00,-1.000000000000000000e+00,9.000000000000000000e+00,6.000000000000000000e+00,-5.000000000000000000e+00,-2.000000000000000000e+00,-2.000000000000000000e+00,-5.000000000000000000e+00,-3.362426757812500000e-01,3.251342773437500000e-01,5.022583007812500000e-01,7.272338867187500000e-01
-1.000000000000000000e+00,1.000000000000000000e+00,2.900000000000000000e+01,-9.000000000000000000e+00,2.000000000000000000e+00,-2.000000000000000000e+00,-3.000000000000000000e+00,0.000000000000000000e+00,-3.362426757812500000e-01,3.251342773437500000e-01,5.022583007812500000e-01,7.272338867187500000e-01
-1.000000000000000000e+00,1.000000000000000000e+00,1.500000000000000000e+01,7.000000000000000000e+00,-3.000000000000000000e+00,1.000000000000000000e+00,-2.000000000000000000e+00,-3.000000000000000000e+00,-3.362426757812500000e-01,3.251342773437500000e-01,5.022583007812500000e-01,7.272338867187500000e-01
-4.000000000000000000e+00,-4.000000000000000000e+00,-3.200000000000000000e+01,-1.800000000000000000e+01,-2.000000000000000000e+00,-1.000000000000000000e+00,0.000000000000000000e+00,-3.000000000000000000e+00,-3.365478515625000000e-01,3.250122070312500000e-01,5.023803710937500000e-01,7.270507812500000000e-01
5.000000000000000000e+00,1.000000000000000000e+00,1.100000000000000000e+01,1.000000000000000000e+00,2.000000000000000000e+00,0.000000000000000000e+00,2.000000000000000000e+00,1.000000000000000000e+00,-3.365478515625000000e-01,3.250122070312500000e-01,5.023803710937500000e-01,7.270507812500000000e-01
-2.000000000000000000e+00,-2.000000000000000000e+00,-1.200000000000000000e+01,9.000000000000000000e+00,0.000000000000000000e+00,0.000000000000000000e+00,0.000000000000000000e+00,-3.000000000000000000e+00,-3.365478515625000000e-01,3.250122070312500000e-01,5.023803710937500000e-01,7.270507812500000000e-01
1.000000000000000000e+00,1.000000000000000000e+00,3.000000000000000000e+00,7.000000000000000000e+00,4.000000000000000000e+00,2.000000000000000000e+00,1.000000000000000000e+00,-1.000000000000000000e+00,-3.365478515625000000e-01,3.250122070312500000e-01,5.023803710937500000e-01,7.270507812500000000e-01
-2.000000000000000000e+00,-2.000000000000000000e+00,7.000000000000000000e+00,-1.700000000000000000e+01,-7.000000000000000000e+00,-6.000000000000000000e+00,-3.000000000000000000e+00,0.000000000000000000e+00,-3.364868164062500000e-01,3.245849609375000000e-01,5.026245117187500000e-01,7.271118164062500000e-01
-1.000000000000000000e+00,-1.000000000000000000e+00,-1.000000000000000000e+00,-3.000000000000000000e+00,3.000000000000000000e+00,-2.000000000000000000e+00,0.000000000000000000e+00,0.000000000000000000e+00,-3.364868164062500000e-01,3.245849609375000000e-01,5.026245117187500000e-01,7.271118164062500000e-01
-3.000000000000000000e+00,1.000000000000000000e+00,1.000000000000000000e+01,2.100000000000000000e+01,1.000000000000000000e+00,0.000000000000000000e+00,0.000000000000000000e+00,-4.000000000000000000e+00,-3.364868164062500000e-01,3.245849609375000000e-01,5.026245117187500000e-01,7.271118164062500000e-01
9.000000000000000000e+00,-7.000000000000000000e+00,-4.900000000000000000e+01,-2.300000000000000000e+01,-1.000000000000000000e+00,-1.000000000000000000e+00,0.000000000000000000e+00,5.000000000000000000e+00,-3.364868164062500000e-01,3.245849609375000000e-01,5.026245117187500000e-01,7.271118164062500000e-01
-1.600000000000000000e+01,-5.000000000000000000e+00,1.000000000000000000e+00,-1.600000000000000000e+01,-1.100000000000000000e+01,-6.000000000000000000e+00,-4.000000000000000000e+00,-2.000000000000000000e+00,-3.364868164062500000e-01,3.238525390625000000e-01,5.029296875000000000e-01,7.272338867187500000e-01
9.000000000000000000e+00,2.000000000000000000e+00,1.300000000000000000e+01,2.000000000000000000e+00,3.000000000000000000e+00,4.000000000000000000e+00,3.000000000000000000e+00,-6.000000000000000000e+00,-3.364868164062500000e-01,3.238525390625000000e-01,5.029296875000000000e-01,7.272338867187500000e-01
4.000000000000000000e+00,3.000000000000000000e+00,1.000000000000000000e+00,-5.000000000000000000e+00,-1.000000000000000000e+00,1.000000000000000000e+00,1.000000000000000000e+00,7.000000000000000000e+00,-3.364868164062500000e-01,3.238525390625000000e-01,5.029296875000000000e-01,7.272338867187500000e-01
1.000000000000000000e+00,-3.000000000000000000e+00,-1.000000000000000000e+00,1.100000000000000000e+01,-3.000000000000000000e+00,-3.000000000000000000e+00,-1.000000000000000000e+00,1.000000000000000000e+00,-3.364868164062500000e-01,3.238525390625000000e-01,5.029296875000000000e-01,7.272338867187500000e-01
2.000000000000000000e+00,-1.000000000000000000e+00,-3.000000000000000000e+01,1.300000000000000000e+01,5.000000000000000000e+00,-1.000000000000000000e+00,-5.000000000000000000e+00,5.000000000000000000e+00,-3.369750976562500000e-01,3.230590820312500000e-01,5.034790039062500000e-01,7.269897460937500000e-01
-8.000000000000000000e+00,-2.000000000000000000e+00,-3.000000000000000000e+00,6.000000000000000000e+00,-2.000000000000000000e+00,-2.000000000000000000e+00,-2.000000000000000000e+00,-9.000000000000000000e+00,-3.369750976562500000e-01,3.230590820312500000e-01,5.034790039062500000e-01,7.269897460937500000e-01
-1.000000000000000000e+00,-1.000000000000000000e+00,2.500000000000000000e+01,-5.000000000000000000e+00,5.000000000000000000e+00,3.000000000000000000e+00,2.000000000000000000e+00,0.000000000000000000e+00,-3.369750976562500000e-01,3.230590820312500000e-01,5.034790039062500000e-01,7.269897460937500000e-01
0.000000000000000000e+00,4.000000000000000000e+00,4.200000000000000000e+01,1.300000000000000000e+01,1.000000000000000000e+00,-4.000000000000000000e+00,0.000000000000000000e+00,-1.000000000000000000e+00,-3.369750976562500000e-01,3.230590820312500000e-01,5.034790039062500000e-01,7.269897460937500000e-01
-1.000000000000000000e+00,-1.000000000000000000e+00,-9.000000000000000000e+00,-1.500000000000000000e+01,-4.000000000000000000e+00,-2.000000000000000000e+00,-2.000000000000000000e+00,-2.000000000000000000e+00,-3.379516601562500000e-01,3.217773437500000000e-01,5.042724609375000000e-01,7.265014648437500000e-01
-4.000000000000000000e+00,2.000000000000000000e+00,1.700000000000000000e+01,-1.000000000000000000e+01,-4.000000000000000000e+00,-3.000000000000000000e+00,-1.000000000000000000e+00,1.000000000000000000e+00,-3.379516601562500000e-01,3.217773437500000000e-01,5.042724609375000000e-01,7.265014648437500000e-01
-1.000000000000000000e+00,-3.000000000000000000e+00,-1.500000000000000000e+01,2.900000000000000000e+01,0.000000000000000000e+00,1.000000000000000000e+00,0.000000000000000000e+00,-4.000000000000000000e+00,-3.379516601562500000e-01,3.217773437500000000e-01,5.042724609375000000e-01,7.265014648437500000e-01
-4.000000000000000000e+00,1.000000000000000000e+00,1.500000000000000000e+01,-7.000000000000000000e+00,3.000000000000000000e+00,1.000000000000000000e+00,-1.000000000000000000e+00,-1.000000000000000000e+00,-3.379516601562500000e-01,3.217773437500000000e-01,5.042724609375000000e-01,7.265014648437500000e-01
-3.000000000000000000e+00,5.000000000000000000e+00,3.800000000000000000e+01,4.000000000000000000e+00,-1.000000000000000000e+00,-1.000000000000000000e+00,1.000000000000000000e+00,-4.000000000000000000e+00,-3.386230468750000000e-01,3.206176757812500000e-01,5.047607421875000000e-01,7.264404296875000000e-01
4.000000000000000000e+00,-1.000000000000000000e+00,-1.700000000000000000e+01,0.000000000000000000e+00,0.000000000000000000e+00,1.000000000000000000e+00,-3.000000000000000000e+00,4.000000000000000000e+00,-3.386230468750000000e-01,3.206176757812500000e-01,5.047607421875000000e-01,7.264404296875000000e-01
-2.000000000000000000e+00,-5.000000000000000000e+00,-1.600000000000000000e+01,-1.300000000000000000e+01,-3.000000000000000000e+00,0.000000000000000000e+00,2.000000000000000000e+00,-3.000000000000000000e+00,-3.386230468750000000e-01,3.206176757812500000e-01,5.047607421875000000e-01,7.264404296875000000e-01
-3.000000000000000000e+00,-3.000000000000000000e+00,-1.300000000000000000e+01,0.000000000000000000e+00,-1.000000000000000000e+00,-1.000000000000000000e+00,1.000000000000000000e+00,0.000000000000000000e+00,-3.386230468750000000e-01,3.206176757812500000e-01,5.047607421875000000e-01,7.264404296875000000e-01
-4.000000000000000000e+00,-2.000000000000000000e+00,-3.000000000000000000e+00,2.000000000000000000e+00,-3.000000000000000000e+00,-2.000000000000000000e+00,-4.000000000000000000e+00,-6.000000000000000000e+00,-3.383178710937500000e-01,3.205566406250000000e-01,5.043334960937500000e-01,7.268676757812500000e-01
2.000000000000000000e+00,1.000000000000000000e+00,6.000000000000000000e+00,-1.100000000000000000e+01,1.000000000000000000e+00,0.000000000000000000e+00,-2.000000000000000000e+00,5.000000000000000000e+00,-3.383178710937500000e-01,3.205566406250000000e-01,5.043334960937500000e-01,7.268676757812500000e-01
8.000000000000000000e+00,1.000000000000000000e+00,5.000000000000000000e+00,1.900000000000000000e+01,4.000000000000000000e+00,8.000000000000000000e+00,1.100000000000000000e+01,3.000000000000000000e+00,-3.383178710937500000e-01,3.205566406250000000e-01,5.043334960937500000e-01,7.268676757812500000e-01
-1.100000000000000000e+01,-4.000000000000000000e+00,-1.600000000000000000e+01,-1.600000000000000000e+01,-4.000000000000000000e+00,-2.000000000000000000e+00,-1.000000000000000000e+00,1.000000000000000000e+00,-3.383178710937500000e-01,3.205566406250000000e-01,5.043334960937500000e-01,7.268676757812500000e-01
8.000000000000000000e+00,1.000000000000000000e+00,9.000000000000000000e+00,9.000000000000000000e+00,2.000000000000000000e+00,-4.000000000000000000e+00,0.000000000000000000e+00,0.000000000000000000e+00,-3.372802734375000000e-01,3.212280273437500000e-01,5.037231445312500000e-01,7.274780273437500000e-01
-2.000000000000000000e+00,2.000000000000000000e+00,4.000000000000000000e+00,-1.600000000000000000e+01,-5.000000000000000000e+00,-6.000000000000000000e+00,-4.000000000000000000e+00,1.000000000000000000e+00,-3.372802734375000000e-01,3.212280273437500000e-01,5.037231445312500000e-01,7.274780273437500000e-01
1.000000000000000000e+00,-1.000000000000000000e+00,1.800000000000000000e+01,3.100000000000000000e+01,6.000000000000000000e+00,-1.000000000000000000e+00,-5.000000000000000000e+00,-2.000000000000000000e+00,-3.372802734375000000e-01,3.212280273437500000e-01,5.037231445312500000e-01,7.274780273437500000e-01
1.000000000000000000e+00,2.000000000000000000e+00,1.200000000000000000e+01,7.000000000000000000e+00,-3.000000000000000000e+00,-1.000000000000000000e+00,0.000000000000000000e+00,1.000000000000000000e+00,-3.372802734375000000e-01,3.212280273437500000e-01,5.037231445312500000e-01,7.274780273437500000e-01
-1.000000000000000000e+00,0.000000000000000000e+00,2.300000000000000000e+01,-8.000000000000000000e+00,-1.000000000000000000e+00,0.000000000000000000e+00,-1.000000000000000000e+00,-3.000000000000000000e+00,-3.366699218750000000e-01,3.215942382812500000e-01,5.038452148437500000e-01,7.275390625000000000e-01
-2.000000000000000000e+00,-5.000000000000000000e+00,-1.100000000000000000e+01,-5.000000000000000000e+00,-2.000000000000000000e+00,0.000000000000000000e+00,0.000000000000000000e+00,1.000000000000000000e+00,-3.366699218750000000e-01,3.215942382812500000e-01,5.038452148437500000e-01,7.275390625000000000e-01
-1.000000000000000000e+00,-3.000000000000000000e+00,-1.800000000000000000e+01,0.000000000000000000e+00,2.000000000000000000e+00,0.000000000000000000e+00,1.000000000000000000e+00,3.000000000000000000e+00,-3.366699218750000000e-01,3.215942382812500000e-01,5.038452148437500000e-01,7.275390625000000000e-01
0.000000000000000000e+00,-2.000000000000000000e+00,-1.400000000000000000e+01,-8.000000000000000000e+00,1.000000000000000000e+00,0.000000000000000000e+00,0.000000000000000000e+00,-2.000000000000000000e+00,-3.366699218750000000e-01,3.215942382812500000e-01,5.038452148437500000e-01,7.275390625000000000e-01
0.000000000000000000e+00,-1.000000000000000000e+00,2.500000000000000000e+01,6.000000000000000000e+00,-1.000000000000000000e+00,0.000000000000000000e+00,1.000000000000000000e+00,1.000000000000000000e+00,-3.372802734375000000e-01,3.215332031250000000e-01,5.046386718750000000e-01,7.267456054687500000e-01
0.000000000000000000e+00,-2.000000000000000000e+00,-1.200000000000000000e+01,-4.000000000000000000e+00,-4.000000000000000000e+00,0.000000000000000000e+00,0.000000000000000000e+00,-2.000000000000000000e+00,-3.372802734375000000e-01,3.215332031250000000e-01,5.046386718750000000e-01,7.267456054687500000e-01
-5.000000000000000000e+00,-2.000000000000000000e+00,-1.700000000000000000e+01,-2.200000000000000000e+01,-4.000000000000000000e+00,-3.000000000000000000e+00,-2.000000000000000000e+00,-2.000000000000000000e+00,-3.372802734375000000e-01,3.215332031250000000e-01,5.046386718750000000e-01,7.267456054687500000e-01
-3.000000000000000000e+00,1.000000000000000000e+00,7.000000000000000000e+00,1.700000000000000000e+01,1.000000000000000000e+00,-1.000000000000000000e+00,-2.000000000000000000e+00,-3.000000000000000000e+00,-3.372802734375000000e-01,3.215332031250000000e-01,5.046386718750000000e-01,7.267456054687500000e-01
-4.000000000000000000e+00,-3.000000000000000000e+00,-5.000000000000000000e+00,-6.000000000000000000e+00,-1.000000000000000000e+00,1.000000000000000000e+00,-1.000000000000000000e+00,-2.000000000000000000e+00,-3.385620117187500000e-01,3.207397460937500000e-01,5.051879882812500000e-01,7.260742187500000000e-01
3.000000000000000000e+00,0.000000000000000000e+00,8.000000000000000000e+00,4.000000000000000000e+00,1.000000000000000000e+00,1.000000000000000000e+00,3.000000000000000000e+00,6.000000000000000000e+00,-3.385620117187500000e-01,3.207397460937500000e-01,5.051879882812500000e-01,7.260742187500000000e-01
-2.000000000000000000e+00,-1.000000000000000000e+00,-1.400000000000000000e+01,-1.300000000000000000e+01,-7.000000000000000000e+00,-6.000000000000000000e+00,-4.000000000000000000e+00,6.000000000000000000e+00,-3.385620117187500000e-01,3.207397460937500000e-01,5.051879882812500000e-01,7.260742187500000000e-01
8.000000000000000000e+00,-1.000000000000000000e+00,-3.000000000000000000e+00,3.000000000000000000e+00,0.000000000000000000e+00,8.000000000000000000e+00,6.000000000000000000e+00,-1.000000000000000000e+01,-3.385620117187500000e-01,3.207397460937500000e-01,5.051879882812500000e-01,7.260742187500000000e-01
-1.800000000000000000e+01,-1.000000000000000000e+00,-9.000000000000000000e+00,-1.000000000000000000e+00,0.000000000000000000e+00,-5.000000000000000000e+00,-7.000000000000000000e+00,0.000000000000000000e+00,-3.394775390625000000e-01,3.201293945312500000e-01,5.051879882812500000e-01,7.259521484375000000e-01
1.200000000000000000e+01,0.000000000000000000e+00,-6.000000000000000000e+00,-8.000000000000000000e+00,0.000000000000000000e+00,5.000000000000000000e+00,3.000000000000000000e+00,-4.000000000000000000e+00,-3.394775390625000000e-01,3.201293945312500000e-01,5.051879882812500000e-01,7.259521484375000000e-01
-4.000000000000000000e+00,-4.000000000000000000e+00,6.000000000000000000e+00,-1.500000000000000000e+01,-7.000000000000000000e+00,-8.000000000000000000e+00,-4.000000000000000000e+00,-3.000000000000000000e+00,-3.394775390625000000e-01,3.201293945312500000e-01,5.051879882812500000e-01,7.259521484375000000e-01
-2.000000000000000000e+00,-2.000000000000000000e+00,-3.000000000000000000e+01,-2.000000000000000000e+00,-4.000000000000000000e+00,-1.000000000000000000e+00,-4.000000000000000000e+00,0.000000000000000000e+00,-3.394775390625000000e-01,3.201293945312500000e-01,5.051879882812500000e-01,7.259521484375000000e-01
