2.000000000000000000e+00,8.000000000000000000e+00,1.700000000000000000e+01,1.700000000000000000e+01,1.100000000000000000e+01,0.000000000000000000e+00,-3.000000000000000000e+00,-3.000000000000000000e+00,-3.073120117187500000e-01,2.601318359375000000e-01,3.091430664062500000e-01,8.615722656250000000e-01
3.000000000000000000e+00,6.000000000000000000e+00,-5.000000000000000000e+00,-4.000000000000000000e+00,-2.000000000000000000e+00,-2.000000000000000000e+00,-2.000000000000000000e+00,-3.000000000000000000e+00,-3.073120117187500000e-01,2.601318359375000000e-01,3.091430664062500000e-01,8.615722656250000000e-01
-1.800000000000000000e+01,-1.200000000000000000e+01,1.600000000000000000e+01,4.000000000000000000e+00,3.000000000000000000e+00,0.000000000000000000e+00,1.000000000000000000e+00,-5.000000000000000000e+00,-3.073120117187500000e-01,2.601318359375000000e-01,3.091430664062500000e-01,8.615722656250000000e-01
5.000000000000000000e+00,-1.000000000000000000e+00,-2.800000000000000000e+01,-1.800000000000000000e+01,-1.700000000000000000e+01,-8.000000000000000000e+00,1.000000000000000000e+00,3.000000000000000000e+00,-3.073120117187500000e-01,2.601318359375000000e-01,3.091430664062500000e-01,8.615722656250000000e-01
6.000000000000000000e+00,-5.000000000000000000e+00,1.500000000000000000e+01,3.000000000000000000e+00,6.000000000000000000e+00,4.000000000000000000e+00,-2.000000000000000000e+00,-2.000000000000000000e+00,-3.073730468750000000e-01,2.596435546875000000e-01,3.090209960937500000e-01,8.616943359375000000e-01
1.000000000000000000e+00,9.000000000000000000e+00,-1.400000000000000000e+01,9.000000000000000000e+00,3.000000000000000000e+00,-1.000000000000000000e+00,-3.000000000000000000e+00,-3.000000000000000000e+00,-3.073730468750000000e-01,2.596435546875000000e-01,3.090209960937500000e-01,8.616943359375000000e-01
-3.000000000000000000e+00,-7.000000000000000000e+00,4.000000000000000000e+00,0.000000000000000000e+00,1.000000000000000000e+00,-3.000000000000000000e+00,-1.000000000000000000e+00,1.000000000000000000e+00,-3.073730468750000000e-01,2.596435546875000000e-01,3.090209960937500000e-01,8.616943359375000000e-01
-6.000000000000000000e+00,1.000000000000000000e+00,-2.000000000000000000e+00,-1.000000000000000000e+00,-7.000000000000000000e+00,-4.000000000000000000e+00,-5.000000000000000000e+00,-5.000000000000000000e+00,-3.073730468750000000e-01,2.596435546875000000e-01,3.090209960937500000e-01,8.616943359375000000e-01
-1.000000000000000000e+01,-6.000000000000000000e+00,3.000000000000000000e+00,-4.000000000000000000e+00,-9.000000000000000000e+00,-4.000000000000000000e+00,-1.000000000000000000e+00,-1.000000000000000000e+00,-3.070068359375000000e-01,2.594604492187500000e-01,3.087768554687500000e-01,8.619995117187500000e-01
1.100000000000000000e+01,5.000000000000000000e+00,0.000000000000000000e+00,3.000000000000000000e+00,9.000000000000000000e+00,3.000000000000000000e+00,1.000000000000000000e+00,-1.000000000000000000e+00,-3.070068359375000000e-01,2.594604492187500000e-01,3.087768554687500000e-01,8.619995117187500000e-01
-7.000000000000000000e+00,0.000000000000000000e+00,2.100000000000000000e+01,7.000000000000000000e+00,7.000000000000000000e+00,2.000000000000000000e+00,-1.000000000000000000e+00,-1.000000000000000000e+00,-3.070068359375000000e-01,2.594604492187500000e-01,3.087768554687500000e-01,8.619995117187500000e-01
2.000000000000000000e+00,0.000000000000000000e+00,-2.500000000000000000e+01,-1.100000000000000000e+01,-9.000000000000000000e+00,-3.000000000000000000e+00,-6.000000000000000000e+00,-2.000000000000000000e+00,-3.070068359375000000e-01,2.594604492187500000e-01,3.087768554687500000e-01,8.619995117187500000e-01
1.000000000000000000e+00,-1.200000000000000000e+01,-9.000000000000000000e+00,8.000000000000000000e+00,7.000000000000000000e+00,-1.000000000000000000e+00,-3.000000000000000000e+00,-5.000000000000000000e+00,-3.064575195312500000e-01,2.594604492187500000e-01,3.087158203125000000e-01,8.621826171875000000e-01
-1.000000000000000000e+00,1.000000000000000000e+00,1.200000000000000000e+01,-1.000000000000000000e+00,-3.000000000000000000e+00,-2.000000000000000000e+00,2.000000000000000000e+00,1.000000000000000000e+00,-3.064575195312500000e-01,2.594604492187500000e-01,3.087158203125000000e-01,8.621826171875000000e-01
-2.000000000000000000e+00,-4.000000000000000000e+00,-9.000000000000000000e+00,-1.000000000000000000e+00,-4.000000000000000000e+00,-1.000000000000000000e+00,-1.000000000000000000e+00,-1.000000000000000000e+00,-3.064575195312500000e-01,2.594604492187500000e-01,3.087158203125000000e-01,8.621826171875000000e-01
7.000000000000000000e+00,3.000000000000000000e+00,8.000000000000000000e+00,-2.000000000000000000e+01,-1.000000000000000000e+01,-4.000000000000000000e+00,0.000000000000000000e+00,-1.000000000000000000e+00,-3.064575195312500000e-01,2.594604492187500000e-01,3.087158203125000000e-01,8.621826171875000000e-01
-1.000000000000000000e+00,3.000000000000000000e+00,4.000000000000000000e+00,1.200000000000000000e+01,-2.000000000000000000e+00,1.000000000000000000e+00,-2.000000000000000000e+00,-3.000000000000000000e+00,-3.066406250000000000e-01,2.592163085937500000e-01,3.088989257812500000e-01,8.621215820312500000e-01
-1.100000000000000000e+01,-8.000000000000000000e+00,-1.800000000000000000e+01,-8.000000000000000000e+00,0.000000000000000000e+00,1.000000000000000000e+00,-2.000000000000000000e+00,-1.000000000000000000e+00,-3.066406250000000000e-01,2.592163085937500000e-01,3.088989257812500000e-01,8.621215820312500000e-01
3.000000000000000000e+00,1.000000000000000000e+00,-1.100000000000000000e+01,-1.200000000000000000e+01,-7.000000000000000000e+00,-2.000000000000000000e+00,-2.000000000000000000e+00,0.000000000000000000e+00,-3.066406250000000000e-01,2.592163085937500000e-01,3.088989257812500000e-01,8.621215820312500000e-01
1.300000000000000000e+01,9.000000000000000000e+00,9.000000000000000000e+00,2.000000000000000000e+00,7.000000000000000000e+00,3.000000000000000000e+00,3.000000000000000000e+00,3.000000000000000000e+00,-3.066406250000000000e-01,2.592163085937500000e-01,3.088989257812500000e-01,8.621215820312500000e-01
-2.100000000000000000e+01,-1.100000000000000000e+01,7.000000000000000000e+00,-4.000000000000000000e+00,-9.000000000000000000e+00,-5.000000000000000000e+00,-2.000000000000000000e+00,-4.000000000000000000e+00,-3.067626953125000000e-01,2.587890625000000000e-01,3.089599609375000000e-01,8.621826171875000000e-01
0.000000000000000000e+00,1.000000000000000000e+00,0.000000000000000000e+00,6.000000000000000000e+00,1.000000000000000000e+00,4.000000000000000000e+00,2.000000000000000000e+00,2.000000000000000000e+00,-3.067626953125000000e-01,2.587890625000000000e-01,3.089599609375000000e-01,8.621826171875000000e-01
8.000000000000000000e+00,1.000000000000000000e+00,-5.000000000000000000e+00,-1.000000000000000000e+00,-1.000000000000000000e+00,0.000000000000000000e+00,0.000000000000000000e+00,0.000000000000000000e+00,-3.067626953125000000e-01,2.587890625000000000e-01,3.089599609375000000e-01,8.621826171875000000e-01
-9.000000000000000000e+00,-4.000000000000000000e+00,-7.000000000000000000e+00,-6.000000000000000000e+00,-1.200000000000000000e+01,-4.000000000000000000e+00,-5.000000000000000000e+00,-4.000000000000000000e+00,-3.067626953125000000e-01,2.587890625000000000e-01,3.089599609375000000e-01,8.621826171875000000e-01
1.100000000000000000e+01,-1.000000000000000000e+00,3.000000000000000000e+00,6.000000000000000000e+00,1.400000000000000000e+01,4.000000000000000000e+00,5.000000000000000000e+00,1.000000000000000000e+00,-3.068237304687500000e-01,2.583007812500000000e-01,3.088989257812500000e-01,8.623657226562500000e-01
5.000000000000000000e+00,1.000000000000000000e+00,0.000000000000000000e+00,-7.000000000000000000e+00,0.000000000000000000e+00,-5.000000000000000000e+00,-1.000000000000000000e+00,-1.000000000000000000e+00,-3.068237304687500000e-01,2.583007812500000000e-01,3.088989257812500000e-01,8.623657226562500000e-01
-2.000000000000000000e+00,0.000000000000000000e+00,5.000000000000000000e+00,4.000000000000000000e+00,-1.000000000000000000e+00,-2.000000000000000000e+00,-2.000000000000000000e+00,-4.000000000000000000e+00,-3.068237304687500000e-01,2.583007812500000000e-01,3.088989257812500000e-01,8.623657226562500000e-01
3.000000000000000000e+00,-2.000000000000000000e+00,1.000000000000000000e+00,1.200000000000000000e+01,9.000000000000000000e+00,4.000000000000000000e+00,4.000000000000000000e+00,2.000000000000000000e+00,-3.068237304687500000e-01,2.583007812500000000e-01,3.088989257812500000e-01,8.623657226562500000e-01
-2.000000000000000000e+00,0.000000000000000000e+00,-2.000000000000000000e+00,1.200000000000000000e+01,9.000000000000000000e+00,2.000000000000000000e+00,3.000000000000000000e+00,2.000000000000000000e+00,-3.069458007812500000e-01,2.576293945312500000e-01,3.090820312500000000e-01,8.624267578125000000e-01
1.900000000000000000e+01,1.500000000000000000e+01,3.000000000000000000e+00,-1.100000000000000000e+01,4.000000000000000000e+00,5.000000000000000000e+00,2.000000000000000000e+00,0.000000000000000000e+00,-3.069458007812500000e-01,2.576293945312500000e-01,3.090820312500000000e-01,8.624267578125000000e-01
-4.200000000000000000e+01,-2.500000000000000000e+01,-3.000000000000000000e+00,-4.000000000000000000e+00,-2.000000000000000000e+00,1.000000000000000000e+00,2.000000000000000000e+00,-2.000000000000000000e+00,-3.069458007812500000e-01,2.576293945312500000e-01,3.090820312500000000e-01,8.624267578125000000e-01
2.000000000000000000e+00,0.000000000000000000e+00,-6.000000000000000000e+00,1.000000000000000000e+00,-5.000000000000000000e+00,-5.000000000000000000e+00,-4.000000000000000000e+00,-4.000000000000000000e+00,-3.069458007812500000e-01,2.576293945312500000e-01,3.090820312500000000e-01,8.624267578125000000e-01
-6.000000000000000000e+00,4.000000000000000000e+00,2.800000000000000000e+01,8.000000000000000000e+00,1.000000000000000000e+00,0.000000000000000000e+00,2.000000000000000000e+00,-1.000000000000000000e+00,-3.070678710937500000e-01,2.568969726562500000e-01,3.095703125000000000e-01,8.624267578125000000e-01
8.000000000000000000e+00,3.000000000000000000e+00,-3.000000000000000000e+00,3.000000000000000000e+00,-9.000000000000000000e+00,-3.000000000000000000e+00,-1.000000000000000000e+00,4.000000000000000000e+00,-3.070678710937500000e-01,2.568969726562500000e-01,3.095703125000000000e-01,8.624267578125000000e-01
2.000000000000000000e+01,8.000000000000000000e+00,-1.400000000000000000e+01,1.000000000000000000e+00,9.000000000000000000e+00,5.000000000000000000e+00,0.000000000000000000e+00,2.000000000000000000e+00,-3.070678710937500000e-01,2.568969726562500000e-01,3.095703125000000000e-01,8.624267578125000000e-01
-1.100000000000000000e+01,-5.000000000000000000e+00,-2.200000000000000000e+01,-6.000000000000000000e+00,-1.000000000000000000e+00,0.000000000000000000e+00,-1.000000000000000000e+00,-2.000000000000000000e+00,-3.070678710937500000e-01,2.568969726562500000e-01,3.095703125000000000e-01,8.624267578125000000e-01
-8.000000000000000000e+00,-2.000000000000000000e+00,5.000000000000000000e+00,-9.000000000000000000e+00,1.000000000000000000e+00,-3.000000000000000000e+00,-2.000000000000000000e+00,-3.000000000000000000e+00,-3.069458007812500000e-01,2.560424804687500000e-01,3.100585937500000000e-01,8.625488281250000000e-01
-3.000000000000000000e+00,-7.000000000000000000e+00,6.000000000000000000e+00,1.800000000000000000e+01,8.000000000000000000e+00,-1.000000000000000000e+00,2.000000000000000000e+00,-2.000000000000000000e+00,-3.069458007812500000e-01,2.560424804687500000e-01,3.100585937500000000e-01,8.625488281250000000e-01
3.000000000000000000e+00,3.000000000000000000e+00,-3.000000000000000000e+00,5.000000000000000000e+00,-7.000000000000000000e+00,-6.000000000000000000e+00,-3.000000000000000000e+00,0.000000000000000000e+00,-3.069458007812500000e-01,2.560424804687500000e-01,3.100585937500000000e-01,8.625488281250000000e-01
1.000000000000000000e+00,-1.000000000000000000e+00,1.000000000000000000e+00,-1.000000000000000000e+01,-3.000000000000000000e+00,-1.000000000000000000e+00,0.000000000000000000e+00,1.000000000000000000e+00,-3.069458007812500000e-01,2.560424804687500000e-01,3.100585937500000000e-01,8.625488281250000000e-01
4.000000000000000000e+00,1.000000000000000000e+00,-1.700000000000000000e+01,-1.700000000000000000e+01,-7.000000000000000000e+00,-3.000000000000000000e+00,-2.000000000000000000e+00,-2.000000000000000000e+00,-3.062133789062500000e-01,2.553100585937500000e-01,3.103027343750000000e-01,8.629760742187500000e-01
-5.000000000000000000e+00,-4.000000000000000000e+00,6.000000000000000000e+00,-3.000000000000000000e+00,-5.000000000000000000e+00,0.000000000000000000e+00,-1.000000000000000000e+00,-1.000000000000000000e+00,-3.062133789062500000e-01,2.553100585937500000e-01,3.103027343750000000e-01,8.629760742187500000e-01
3.000000000000000000e+00,4.000000000000000000e+00,1.000000000000000000e+01,3.000000000000000000e+00,4.000000000000000000e+00,-1.000000000000000000e+00,0.000000000000000000e+00,-2.000000000000000000e+00,-3.062133789062500000e-01,2.553100585937500000e-01,3.103027343750000000e-01,8.629760742187500000e-01
4.000000000000000000e+00,3.000000000000000000e+00,0.000000000000000000e+00,6.000000000000000000e+00,3.000000000000000000e+00,-2.000000000000000000e+00,2.000000000000000000e+00,1.000000000000000000e+00,-3.062133789062500000e-01,2.553100585937500000e-01,3.103027343750000000e-01,8.629760742187500000e-01
-1.300000000000000000e+01,-7.000000000000000000e+00,-1.200000000000000000e+01,-5.000000000000000000e+00,-8.000000000000000000e+00,-5.000000000000000000e+00,-5.000000000000000000e+00,-2.000000000000000000e+00,-3.053588867187500000e-01,2.547607421875000000e-01,3.107299804687500000e-01,8.632812500000000000e-01
-5.000000000000000000e+00,-4.000000000000000000e+00,9.000000000000000000e+00,-2.000000000000000000e+00,-8.000000000000000000e+00,0.000000000000000000e+00,-3.000000000000000000e+00,0.000000000000000000e+00,-3.053588867187500000e-01,2.547607421875000000e-01,3.107299804687500000e-01,8.632812500000000000e-01
4.000000000000000000e+00,2.000000000000000000e+00,-2.200000000000000000e+01,-7.000000000000000000e+00,-1.000000000000000000e+00,-5.000000000000000000e+00,-8.000000000000000000e+00,-4.000000000000000000e+00,-3.053588867187500000e-01,2.547607421875000000e-01,3.107299804687500000e-01,8.632812500000000000e-01
3.000000000000000000e+00,2.000000000000000000e+00,3.100000000000000000e+01,-1.100000000000000000e+01,-3.000000000000000000e+00,2.000000000000000000e+00,1.000000000000000000e+00,2.000000000000000000e+00,-3.053588867187500000e-01,2.547607421875000000e-01,3.107299804687500000e-01,8.632812500000000000e-01
8.000000000000000000e+00,1.000000000000000000e+00,3.000000000000000000e+00,1.100000000000000000e+01,-2.000000000000000000e+00,-1.000000000000000000e+00,0.000000000000000000e+00,1.000000000000000000e+00,-3.053588867187500000e-01,2.538452148437500000e-01,3.110961914062500000e-01,8.634033203125000000e-01
-8.000000000000000000e+00,-4.000000000000000000e+00,-1.000000000000000000e+01,5.000000000000000000e+00,7.000000000000000000e+00,-2.000000000000000000e+00,-2.000000000000000000e+00,-4.000000000000000000e+00,-3.053588867187500000e-01,2.538452148437500000e-01,3.110961914062500000e-01,8.634033203125000000e-01
0.000000000000000000e+00,3.000000000000000000e+00,1.000000000000000000e+00,5.000000000000000000e+00,-1.000000000000000000e+00,1.000000000000000000e+00,-3.000000000000000000e+00,-1.000000000000000000e+00,-3.053588867187500000e-01,2.538452148437500000e-01,3.110961914062500000e-01,8.634033203125000000e-01
3.000000000000000000e+00,3.000000000000000000e+00,9.000000000000000000e+00,6.000000000000000000e+00,1.000000000000000000e+01,-2.000000000000000000e+00,-3.000000000000000000e+00,-3.000000000000000000e+00,-3.053588867187500000e-01,2.538452148437500000e-01,3.110961914062500000e-01,8.634033203125000000e-01
2.000000000000000000e+00,0.000000000000000000e+00,-2.000000000000000000e+00,-1.000000000000000000e+00,-2.000000000000000000e+00,0.000000000000000000e+00,-1.000000000000000000e+00,1.000000000000000000e+00,-3.051757812500000000e-01,2.534179687500000000e-01,3.109741210937500000e-01,8.636474609375000000e-01
-8.000000000000000000e+00,4.000000000000000000e+00,-1.800000000000000000e+01,-2.400000000000000000e+01,-3.100000000000000000e+01,-7.000000000000000000e+00,-3.000000000000000000e+00,0.000000000000000000e+00,-3.051757812500000000e-01,2.534179687500000000e-01,3.109741210937500000e-01,8.636474609375000000e-01
5.000000000000000000e+00,-1.300000000000000000e+01,-3.000000000000000000e+00,1.700000000000000000e+01,3.100000000000000000e+01,7.000000000000000000e+00,0.000000000000000000e+00,-2.000000000000000000e+00,-3.051757812500000000e-01,2.534179687500000000e-01,3.109741210937500000e-01,8.636474609375000000e-01
-1.000000000000000000e+01,-4.000000000000000000e+00,-6.000000000000000000e+00,-1.000000000000000000e+00,-3.000000000000000000e+00,-3.000000000000000000e+00,-2.000000000000000000e+00,-3.000000000000000000e+00,-3.051757812500000000e-01,2.534179687500000000e-01,3.109741210937500000e-01,8.636474609375000000e-01
3.000000000000000000e+00,-1.000000000000000000e+00,3.000000000000000000e+00,-1.000000000000000000e+01,-5.000000000000000000e+00,-2.000000000000000000e+00,-4.000000000000000000e+00,-3.000000000000000000e+00,-3.046264648437500000e-01,2.533569335937500000e-01,3.106689453125000000e-01,8.639526367187500000e-01
-1.200000000000000000e+01,-2.000000000000000000e+00,7.000000000000000000e+00,4.000000000000000000e+00,-2.000000000000000000e+00,1.000000000000000000e+00,0.000000000000000000e+00,-2.000000000000000000e+00,-3.046264648437500000e-01,2.533569335937500000e-01,3.106689453125000000e-01,8.639526367187500000e-01
2.000000000000000000e+00,1.000000000000000000e+00,-6.000000000000000000e+00,-1.200000000000000000e+01,-1.400000000000000000e+01,-6.000000000000000000e+00,-4.000000000000000000e+00,-2.000000000000000000e+00,-3.046264648437500000e-01,2.533569335937500000e-01,3.106689453125000000e-01,8.639526367187500000e-01
-9.000000000000000000e+00,-8.000000000000000000e+00,-1.500000000000000000e+01,6.000000000000000000e+00,1.000000000000000000e+00,3.000000000000000000e+00,2.000000000000000000e+00,0.000000000000000000e+00,-3.046264648437500000e-01,2.533569335937500000e-01,3.106689453125000000e-01,8.639526367187500000e-01
3.000000000000000000e+00,2.000000000000000000e+00,-1.000000000000000000e+00,-6.000000000000000000e+00,3.000000000000000000e+00,1.000000000000000000e+00,-2.000000000000000000e+00,-2.000000000000000000e+00,-3.045654296875000000e-01,2.532958984375000000e-01,3.103027343750000000e-01,8.641357421875000000e-01
2.000000000000000000e+01,7.000000000000000000e+00,9.000000000000000000e+00,1.000000000000000000e+01,3.000000000000000000e+00,-3.000000000000000000e+00,1.000000000000000000e+00,6.000000000000000000e+00,-3.045654296875000000e-01,2.532958984375000000e-01,3.103027343750000000e-01,8.641357421875000000e-01
-2.000000000000000000e+00,0.000000000000000000e+00,-1.100000000000000000e+01,-1.500000000000000000e+01,-9.000000000000000000e+00,-3.000000000000000000e+00,2.000000000000000000e+00,0.000000000000000000e+00,-3.045654296875000000e-01,2.532958984375000000e-01,3.103027343750000000e-01,8.641357421875000000e-01
2.000000000000000000e+00,-3.000000000000000000e+00,-5.000000000000000000e+00,1.000000000000000000e+00,-1.000000000000000000e+00,-3.000000000000000000e+00,-3.000000000000000000e+00,-2.000000000000000000e+00,-3.045654296875000000e-01,2.532958984375000000e-01,3.103027343750000000e-01,8.641357421875000000e-01
-9.000000000000000000e+00,-6.000000000000000000e+00,-5.000000000000000000e+00,-1.000000000000000000e+01,-1.200000000000000000e+01,-6.000000000000000000e+00,-2.000000000000000000e+00,-2.000000000000000000e+00,-3.043212890625000000e-01,2.531738281250000000e-01,3.101196289062500000e-01,8.643188476562500000e-01
-8.000000000000000000e+00,-7.000000000000000000e+00,-1.000000000000000000e+00,3.000000000000000000e+00,6.000000000000000000e+00,3.000000000000000000e+00,-1.000000000000000000e+00,-6.000000000000000000e+00,-3.043212890625000000e-01,2.531738281250000000e-01,3.101196289062500000e-01,8.643188476562500000e-01
2.000000000000000000e+00,4.000000000000000000e+00,7.000000000000000000e+00,2.000000000000000000e+00,-2.000000000000000000e+00,-1.000000000000000000e+00,3.000000000000000000e+00,2.000000000000000000e+00,-3.043212890625000000e-01,2.531738281250000000e-01,3.101196289062500000e-01,8.643188476562500000e-01
-1.000000000000000000e+00,1.000000000000000000e+00,-4.000000000000000000e+00,-3.700000000000000000e+01,-2.800000000000000000e+01,-4.000000000000000000e+00,-3.000000000000000000e+00,-2.000000000000000000e+00,-3.043212890625000000e-01,2.531738281250000000e-01,3.101196289062500000e-01,8.643188476562500000e-01
1.300000000000000000e+01,3.000000000000000000e+00,6.000000000000000000e+00,4.500000000000000000e+01,4.300000000000000000e+01,1.100000000000000000e+01,3.000000000000000000e+00,1.000000000000000000e+00,-3.044433593750000000e-01,2.532348632812500000e-01,3.096923828125000000e-01,8.643798828125000000e-01
-1.700000000000000000e+01,-1.000000000000000000e+01,-5.000000000000000000e+00,-9.000000000000000000e+00,-1.000000000000000000e+00,-2.000000000000000000e+00,-5.000000000000000000e+00,-5.000000000000000000e+00,-3.044433593750000000e-01,2.532348632812500000e-01,3.096923828125000000e-01,8.643798828125000000e-01
-4.000000000000000000e+00,-2.000000000000000000e+00,-1.700000000000000000e+01,-1.300000000000000000e+01,-1.000000000000000000e+01,-4.000000000000000000e+00,-1.000000000000000000e+00,-1.000000000000000000e+00,-3.044433593750000000e-01,2.532348632812500000e-01,3.096923828125000000e-01,8.643798828125000000e-01
4.000000000000000000e+00,0.000000000000000000e+00,-1.000000000000000000e+00,2.000000000000000000e+00,0.000000000000000000e+00,-3.000000000000000000e+00,1.000000000000000000e+00,0.000000000000000000e+00,-3.044433593750000000e-01,2.532348632812500000e-01,3.096923828125000000e-01,8.643798828125000000e-01
-5.000000000000000000e+00,-3.000000000000000000e+00,-1.000000000000000000e+00,-1.000000000000000000e+01,-9.000000000000000000e+00,-3.000000000000000000e+00,1.000000000000000000e+00,-1.000000000000000000e+00,-3.043823242187500000e-01,2.537231445312500000e-01,3.090209960937500000e-01,8.645629882812500000e-01
1.000000000000000000e+00,-5.000000000000000000e+00,2.000000000000000000e+00,2.000000000000000000e+00,4.000000000000000000e+00,0.000000000000000000e+00,1.000000000000000000e+00,0.000000000000000000e+00,-3.043823242187500000e-01,2.537231445312500000e-01,3.090209960937500000e-01,8.645629882812500000e-01
1.100000000000000000e+01,1.200000000000000000e+01,7.000000000000000000e+00,-5.000000000000000000e+00,-5.000000000000000000e+00,-1.000000000000000000e+00,-2.000000000000000000e+00,2.000000000000000000e+00,-3.043823242187500000e-01,2.537231445312500000e-01,3.090209960937500000e-01,8.645629882812500000e-01
-2.300000000000000000e+01,-1.000000000000000000e+01,3.000000000000000000e+00,-5.000000000000000000e+00,-7.000000000000000000e+00,-2.000000000000000000e+00,-1.000000000000000000e+00,-4.000000000000000000e+00,-3.043823242187500000e-01,2.537231445312500000e-01,3.090209960937500000e-01,8.645629882812500000e-01
2.000000000000000000e+00,3.000000000000000000e+00,-1.000000000000000000e+01,-1.400000000000000000e+01,4.000000000000000000e+00,3.000000000000000000e+00,0.000000000000000000e+00,1.000000000000000000e+00,-3.041381835937500000e-01,2.542114257812500000e-01,3.085327148437500000e-01,8.646850585937500000e-01
1.000000000000000000e+01,8.000000000000000000e+00,4.600000000000000000e+01,5.400000000000000000e+01,4.500000000000000000e+01,7.000000000000000000e+00,0.000000000000000000e+00,3.000000000000000000e+00,-3.041381835937500000e-01,2.542114257812500000e-01,3.085327148437500000e-01,8.646850585937500000e-01
-2.100000000000000000e+01,-2.100000000000000000e+01,-5.900000000000000000e+01,-2.700000000000000000e+01,-1.200000000000000000e+01,-5.000000000000000000e+00,-4.000000000000000000e+00,-4.000000000000000000e+00,-3.041381835937500000e-01,2.542114257812500000e-01,3.085327148437500000e-01,8.646850585937500000e-01
7.000000000000000000e+00,-1.000000000000000000e+00,7.000000000000000000e+00,1.100000000000000000e+01,2.000000000000000000e+00,-3.000000000000000000e+00,-1.000000000000000000e+00,-3.000000000000000000e+00,-3.041381835937500000e-01,2.542114257812500000e-01,3.085327148437500000e-01,8.646850585937500000e-01
2.000000000000000000e+00,2.000000000000000000e+00,-6.000000000000000000e+00,-1.100000000000000000e+01,-6.000000000000000000e+00,-1.000000000000000000e+00,1.000000000000000000e+00,2.000000000000000000e+00,-3.038330078125000000e-01,2.548828125000000000e-01,3.081054687500000000e-01,8.647460937500000000e-01
-7.000000000000000000e+00,-1.000000000000000000e+00,-8.000000000000000000e+00,-2.300000000000000000e+01,-1.900000000000000000e+01,-7.000000000000000000e+00,-3.000000000000000000e+00,-5.000000000000000000e+00,-3.038330078125000000e-01,2.548828125000000000e-01,3.081054687500000000e-01,8.647460937500000000e-01
1.200000000000000000e+01,8.000000000000000000e+00,2.400000000000000000e+01,1.800000000000000000e+01,2.000000000000000000e+00,2.000000000000000000e+00,2.000000000000000000e+00,1.000000000000000000e+00,-3.038330078125000000e-01,2.548828125000000000e-01,3.081054687500000000e-01,8.647460937500000000e-01
-6.000000000000000000e+00,-2.000000000000000000e+00,2.000000000000000000e+00,1.300000000000000000e+01,1.500000000000000000e+01,5.000000000000000000e+00,-2.000000000000000000e+00,-1.000000000000000000e+00,-3.038330078125000000e-01,2.548828125000000000e-01,3.081054687500000000e-01,8.647460937500000000e-01
-2.000000000000000000e+00,2.000000000000000000e+00,-4.000000000000000000e+00,-4.000000000000000000e+00,-1.300000000000000000e+01,-7.000000000000000000e+00,-5.000000000000000000e+00,-1.000000000000000000e+00,-3.040771484375000000e-01,2.553100585937500000e-01,3.078613281250000000e-01,8.645629882812500000e-01
-1.000000000000000000e+00,-4.000000000000000000e+00,-1.500000000000000000e+01,-1.600000000000000000e+01,-1.300000000000000000e+01,-4.000000000000000000e+00,-2.000000000000000000e+00,-3.000000000000000000e+00,-3.040771484375000000e-01,2.553100585937500000e-01,3.078613281250000000e-01,8.645629882812500000e-01
2.000000000000000000e+00,1.000000000000000000e+00,1.200000000000000000e+01,8.000000000000000000e+00,3.000000000000000000e+00,2.000000000000000000e+00,3.000000000000000000e+00,3.000000000000000000e+00,-3.040771484375000000e-01,2.553100585937500000e-01,3.078613281250000000e-01,8.645629882812500000e-01
1.000000000000000000e+00,-3.000000000000000000e+00,-1.500000000000000000e+01,-5.000000000000000000e+00,-3.000000000000000000e+00,-5.000000000000000000e+00,-3.000000000000000000e+00,1.000000000000000000e+00,-3.040771484375000000e-01,2.553100585937500000e-01,3.078613281250000000e-01,8.645629882812500000e-01
7.000000000000000000e+00,3.000000000000000000e+00,8.000000000000000000e+00,-2.000000000000000000e+00,-4.000000000000000000e+00,3.000000000000000000e+00,1.000000000000000000e+00,2.000000000000000000e+00,-3.046264648437500000e-01,2.555541992187500000e-01,3.076171875000000000e-01,8.643798828125000000e-01
-8.000000000000000000e+00,-3.000000000000000000e+00,-6.000000000000000000e+00,-1.000000000000000000e+01,-3.000000000000000000e+01,-5.000000000000000000e+00,-2.000000000000000000e+00,-3.000000000000000000e+00,-3.046264648437500000e-01,2.555541992187500000e-01,3.076171875000000000e-01,8.643798828125000000e-01
8.000000000000000000e+00,8.000000000000000000e+00,8.000000000000000000e+00,1.800000000000000000e+01,4.000000000000000000e+01,8.000000000000000000e+00,2.000000000000000000e+00,1.000000000000000000e+00,-3.046264648437500000e-01,2.555541992187500000e-01,3.076171875000000000e-01,8.643798828125000000e-01
-1.000000000000000000e+00,2.000000000000000000e+00,1.300000000000000000e+01,7.000000000000000000e+00,2.000000000000000000e+00,-1.000000000000000000e+00,2.000000000000000000e+00,1.000000000000000000e+00,-3.046264648437500000e-01,2.555541992187500000e-01,3.076171875000000000e-01,8.643798828125000000e-01
-4.000000000000000000e+00,-4.000000000000000000e+00,-2.000000000000000000e+00,-1.100000000000000000e+01,-3.000000000000000000e+00,0.000000000000000000e+00,1.000000000000000000e+00,1.000000000000000000e+00,-3.046875000000000000e-01,2.562255859375000000e-01,3.075561523437500000e-01,8.642578125000000000e-01
-2.000000000000000000e+00,-2.000000000000000000e+00,-2.500000000000000000e+01,-5.000000000000000000e+00,-6.000000000000000000e+00,-3.000000000000000000e+00,-5.000000000000000000e+00,-4.000000000000000000e+00,-3.046875000000000000e-01,2.562255859375000000e-01,3.075561523437500000e-01,8.642578125000000000e-01
2.000000000000000000e+00,2.000000000000000000e+00,1.000000000000000000e+01,6.000000000000000000e+00,2.000000000000000000e+00,-2.000000000000000000e+00,-1.000000000000000000e+00,1.000000000000000000e+00,-3.046875000000000000e-01,2.562255859375000000e-01,3.075561523437500000e-01,8.642578125000000000e-01
6.000000000000000000e+00,5.000000000000000000e+00,-3.000000000000000000e+00,1.300000000000000000e+01,1.300000000000000000e+01,7.000000000000000000e+00,5.000000000000000000e+00,3.000000000000000000e+00,-3.046875000000000000e-01,2.562255859375000000e-01,3.075561523437500000e-01,8.642578125000000000e-01
-1.000000000000000000e+00,-1.000000000000000000e+00,1.000000000000000000e+01,-9.000000000000000000e+00,-5.000000000000000000e+00,-4.000000000000000000e+00,-2.000000000000000000e+00,-4.000000000000000000e+00,-3.044433593750000000e-01,2.569580078125000000e-01,3.073730468750000000e-01,8.641357421875000000e-01
-5.000000000000000000e+00,-3.000000000000000000e+00,-2.000000000000000000e+00,7.000000000000000000e+00,-3.000000000000000000e+00,0.000000000000000000e+00,1.000000000000000000e+00,1.000000000000000000e+00,-3.044433593750000000e-01,2.569580078125000000e-01,3.073730468750000000e-01,8.641357421875000000e-01
-6.000000000000000000e+00,-2.000000000000000000e+00,-1.000000000000000000e+00,-3.000000000000000000e+00,-1.400000000000000000e+01,-6.000000000000000000e+00,-2.000000000000000000e+00,-3.000000000000000000e+00,-3.044433593750000000e-01,2.569580078125000000e-01,3.073730468750000000e-01,8.641357421875000000e-01
2.000000000000000000e+00,3.000000000000000000e+00,1.100000000000000000e+01,-2.000000000000000000e+00,-3.000000000000000000e+00,0.000000000000000000e+00,-2.000000000000000000e+00,-1.000000000000000000e+00,-3.044433593750000000e-01,2.569580078125000000e-01,3.073730468750000000e-01,8.641357421875000000e-01
1.500000000000000000e+01,4.000000000000000000e+00,-1.000000000000000000e+01,-5.000000000000000000e+00,-8.000000000000000000e+00,-8.000000000000000000e+00,-4.000000000000000000e+00,-2.000000000000000000e+00,-3.045654296875000000e-01,2.573242187500000000e-01,3.073730468750000000e-01,8.639526367187500000e-01
-3.400000000000000000e+01,-1.800000000000000000e+01,-3.000000000000000000e+00,-1.400000000000000000e+01,8.000000000000000000e+00,5.000000000000000000e+00,6.000000000000000000e+00,-1.000000000000000000e+00,-3.045654296875000000e-01,2.573242187500000000e-01,3.073730468750000000e-01,8.639526367187500000e-01
-1.000000000000000000e+00,-1.000000000000000000e+00,1.200000000000000000e+01,8.000000000000000000e+00,-9.000000000000000000e+00,0.000000000000000000e+00,-2.000000000000000000e+00,1.000000000000000000e+00,-3.045654296875000000e-01,2.573242187500000000e-01,3.073730468750000000e-01,8.639526367187500000e-01
-1.000000000000000000e+00,-5.000000000000000000e+00,-1.800000000000000000e+01,-1.100000000000000000e+01,-3.000000000000000000e+00,-4.000000000000000000e+00,-5.000000000000000000e+00,-3.000000000000000000e+00,-3.045654296875000000e-01,2.573242187500000000e-01,3.073730468750000000e-01,8.639526367187500000e-01
-4.000000000000000000e+00,-1.000000000000000000e+00,-1.100000000000000000e+01,-8.000000000000000000e+00,-1.900000000000000000e+01,-5.000000000000000000e+00,-3.000000000000000000e+00,-3.000000000000000000e+00,-3.048706054687500000e-01,2.573242187500000000e-01,3.074951171875000000e-01,8.638305664062500000e-01
1.200000000000000000e+01,5.000000000000000000e+00,1.700000000000000000e+01,8.000000000000000000e+00,1.100000000000000000e+01,3.000000000000000000e+00,0.000000000000000000e+00,2.000000000000000000e+00,-3.048706054687500000e-01,2.573242187500000000e-01,3.074951171875000000e-01,8.638305664062500000e-01
-5.000000000000000000e+00,-6.000000000000000000e+00,-2.800000000000000000e+01,-1.600000000000000000e+01,-1.100000000000000000e+01,-2.000000000000000000e+00,-2.000000000000000000e+00,-3.000000000000000000e+00,-3.048706054687500000e-01,2.573242187500000000e-01,3.074951171875000000e-01,8.638305664062500000e-01
-5.000000000000000000e+00,-1.000000000000000000e+00,7.000000000000000000e+00,1.000000000000000000e+01,1.000000000000000000e+01,5.000000000000000000e+00,4.000000000000000000e+00,0.000000000000000000e+00,-3.048706054687500000e-01,2.573242187500000000e-01,3.074951171875000000e-01,8.638305664062500000e-01
-5.000000000000000000e+00,-5.000000000000000000e+00,-3.000000000000000000e+00,4.000000000000000000e+00,-2.000000000000000000e+00,-3.000000000000000000e+00,-5.000000000000000000e+00,-4.000000000000000000e+00,-3.049316406250000000e-01,2.575073242187500000e-01,3.076782226562500000e-01,8.637084960937500000e-01
1.000000000000000000e+01,4.000000000000000000e+00,-6.000000000000000000e+00,-1.600000000000000000e+01,-1.400000000000000000e+01,-7.000000000000000000e+00,-4.000000000000000000e+00,-1.000000000000000000e+00,-3.049316406250000000e-01,2.575073242187500000e-01,3.076782226562500000e-01,8.637084960937500000e-01
-8.000000000000000000e+00,-4.000000000000000000e+00,1.800000000000000000e+01,1.500000000000000000e+01,4.000000000000000000e+00,1.000000000000000000e+00,1.000000000000000000e+00,-3.000000000000000000e+00,-3.049316406250000000e-01,2.575073242187500000e-01,3.076782226562500000e-01,8.637084960937500000e-01
9.000000000000000000e+00,2.000000000000000000e+00,-1.000000000000000000e+00,-1.000000000000000000e+00,1.000000000000000000e+00,1.000000000000000000e+00,0.000000000000000000e+00,-5.000000000000000000e+00,-3.049316406250000000e-01,2.575073242187500000e-01,3.076782226562500000e-01,8.637084960937500000e-01
-8.000000000000000000e+00,-6.000000000000000000e+00,-6.000000000000000000e+00,1.000000000000000000e+00,3.000000000000000000e+00,-1.000000000000000000e+00,0.000000000000000000e+00,-2.000000000000000000e+00,-3.051147460937500000e-01,2.573242187500000000e-01,3.078002929687500000e-01,8.636474609375000000e-01
1.700000000000000000e+01,1.000000000000000000e+01,4.000000000000000000e+00,-7.000000000000000000e+00,-2.000000000000000000e+00,-2.000000000000000000e+00,-1.000000000000000000e+00,1.000000000000000000e+00,-3.051147460937500000e-01,2.573242187500000000e-01,3.078002929687500000e-01,8.636474609375000000e-01
-3.300000000000000000e+01,-1.500000000000000000e+01,8.000000000000000000e+00,-2.000000000000000000e+00,-1.900000000000000000e+01,-5.000000000000000000e+00,-4.000000000000000000e+00,-2.000000000000000000e+00,-3.051147460937500000e-01,2.573242187500000000e-01,3.078002929687500000e-01,8.636474609375000000e-01
-3.000000000000000000e+00,-1.000000000000000000e+00,-1.300000000000000000e+01,-9.000000000000000000e+00,-4.000000000000000000e+00,-4.000000000000000000e+00,0.000000000000000000e+00,1.000000000000000000e+00,-3.051147460937500000e-01,2.573242187500000000e-01,3.078002929687500000e-01,8.636474609375000000e-01
3.000000000000000000e+00,-1.000000000000000000e+00,2.100000000000000000e+01,2.100000000000000000e+01,1.600000000000000000e+01,6.000000000000000000e+00,1.000000000000000000e+00,2.000000000000000000e+00,-3.051757812500000000e-01,2.570800781250000000e-01,3.079833984375000000e-01,8.636474609375000000e-01
0.000000000000000000e+00,-4.000000000000000000e+00,-1.400000000000000000e+01,-9.000000000000000000e+00,-2.000000000000000000e+00,0.000000000000000000e+00,-1.000000000000000000e+00,0.000000000000000000e+00,-3.051757812500000000e-01,2.570800781250000000e-01,3.079833984375000000e-01,8.636474609375000000e-01
5.000000000000000000e+00,7.000000000000000000e+00,-2.000000000000000000e+00,-1.700000000000000000e+01,-1.300000000000000000e+01,-4.000000000000000000e+00,-7.000000000000000000e+00,-5.000000000000000000e+00,-3.051757812500000000e-01,2.570800781250000000e-01,3.079833984375000000e-01,8.636474609375000000e-01
1.000000000000000000e+00,-4.000000000000000000e+00,-1.000000000000000000e+00,1.600000000000000000e+01,6.000000000000000000e+00,-3.000000000000000000e+00,-3.000000000000000000e+00,0.000000000000000000e+00,-3.051757812500000000e-01,2.570800781250000000e-01,3.079833984375000000e-01,8.636474609375000000e-01
-9.000000000000000000e+00,-1.000000000000000000e+00,-6.000000000000000000e+00,-7.000000000000000000e+00,-1.000000000000000000e+00,-5.000000000000000000e+00,-6.000000000000000000e+00,-1.000000000000000000e+00,-3.051757812500000000e-01,2.567138671875000000e-01,3.082275390625000000e-01,8.636474609375000000e-01
3.000000000000000000e+00,2.000000000000000000e+00,-3.000000000000000000e+00,5.000000000000000000e+00,7.000000000000000000e+00,3.000000000000000000e+00,3.000000000000000000e+00,-1.000000000000000000e+00,-3.051757812500000000e-01,2.567138671875000000e-01,3.082275390625000000e-01,8.636474609375000000e-01
6.000000000000000000e+00,3.000000000000000000e+00,1.400000000000000000e+01,1.000000000000000000e+00,1.000000000000000000e+01,4.000000000000000000e+00,3.000000000000000000e+00,1.000000000000000000e+00,-3.051757812500000000e-01,2.567138671875000000e-01,3.082275390625000000e-01,8.636474609375000000e-01
-4.000000000000000000e+00,-4.000000000000000000e+00,-6.000000000000000000e+00,-1.000000000000000000e+00,-1.700000000000000000e+01,-8.000000000000000000e+00,-3.000000000000000000e+00,0.000000000000000000e+00,-3.051757812500000000e-01,2.567138671875000000e-01,3.082275390625000000e-01,8.636474609375000000e-01
0.000000000000000000e+00,-1.000000000000000000e+00,-1.200000000000000000e+01,-2.000000000000000000e+00,5.000000000000000000e+00,3.000000000000000000e+00,0.000000000000000000e+00,-1.000000000000000000e+00,-3.054199218750000000e-01,2.561645507812500000e-01,3.084106445312500000e-01,8.636474609375000000e-01
2.000000000000000000e+01,6.000000000000000000e+00,-2.000000000000000000e+00,-1.200000000000000000e+01,-1.000000000000000000e+01,-4.000000000000000000e+00,-2.000000000000000000e+00,-2.000000000000000000e+00,-3.054199218750000000e-01,2.561645507812500000e-01,3.084106445312500000e-01,8.636474609375000000e-01
-3.900000000000000000e+01,-1.400000000000000000e+01,1.800000000000000000e+01,2.100000000000000000e+01,1.100000000000000000e+01,5.000000000000000000e+00,4.000000000000000000e+00,-4.000000000000000000e+00,-3.054199218750000000e-01,2.561645507812500000e-01,3.084106445312500000e-01,8.636474609375000000e-01
0.000000000000000000e+00,4.000000000000000000e+00,1.100000000000000000e+01,5.000000000000000000e+00,1.300000000000000000e+01,6.000000000000000000e+00,0.000000000000000000e+00,-2.000000000000000000e+00,-3.054199218750000000e-01,2.561645507812500000e-01,3.084106445312500000e-01,8.636474609375000000e-01
-3.000000000000000000e+00,-2.000000000000000000e+00,3.000000000000000000e+00,3.000000000000000000e+00,2.000000000000000000e+00,2.000000000000000000e+00,3.000000000000000000e+00,0.000000000000000000e+00,-3.055419921875000000e-01,2.556152343750000000e-01,3.084106445312500000e-01,8.637695312500000000e-01
-1.000000000000000000e+00,1.000000000000000000e+00,-1.200000000000000000e+01,-3.000000000000000000e+00,-1.000000000000000000e+00,-3.000000000000000000e+00,-6.000000000000000000e+00,-1.000000000000000000e+00,-3.055419921875000000e-01,2.556152343750000000e-01,3.084106445312500000e-01,8.637695312500000000e-01
1.600000000000000000e+01,-1.000000000000000000e+00,-7.000000000000000000e+00,-1.100000000000000000e+01,-4.000000000000000000e+00,-3.000000000000000000e+00,-1.000000000000000000e+00,0.000000000000000000e+00,-3.055419921875000000e-01,2.556152343750000000e-01,3.084106445312500000e-01,8.637695312500000000e-01
0.000000000000000000e+00,1.000000000000000000e+00,9.000000000000000000e+00,-2.000000000000000000e+00,-1.000000000000000000e+01,1.000000000000000000e+00,0.000000000000000000e+00,-2.000000000000000000e+00,-3.055419921875000000e-01,2.556152343750000000e-01,3.084106445312500000e-01,8.637695312500000000e-01
-9.000000000000000000e+00,-3.000000000000000000e+00,0.000000000000000000e+00,1.000000000000000000e+00,8.000000000000000000e+00,3.000000000000000000e+00,4.000000000000000000e+00,4.000000000000000000e+00,-3.051757812500000000e-01,2.552490234375000000e-01,3.084106445312500000e-01,8.640136718750000000e-01
2.000000000000000000e+00,-1.000000000000000000e+00,0.000000000000000000e+00,1.300000000000000000e+01,3.000000000000000000e+00,-2.000000000000000000e+00,-2.000000000000000000e+00,-1.000000000000000000e+00,-3.051757812500000000e-01,2.552490234375000000e-01,3.084106445312500000e-01,8.640136718750000000e-01
8.000000000000000000e+00,5.000000000000000000e+00,2.000000000000000000e+00,-8.000000000000000000e+00,-1.000000000000000000e+00,-3.000000000000000000e+00,-2.000000000000000000e+00,-2.000000000000000000e+00,-3.051757812500000000e-01,2.552490234375000000e-01,3.084106445312500000e-01,8.640136718750000000e-01
-1.000000000000000000e+01,-8.000000000000000000e+00,-9.000000000000000000e+00,-1.500000000000000000e+01,-8.000000000000000000e+00,-3.000000000000000000e+00,0.000000000000000000e+00,-3.000000000000000000e+00,-3.051757812500000000e-01,2.552490234375000000e-01,3.084106445312500000e-01,8.640136718750000000e-01
1.200000000000000000e+01,6.000000000000000000e+00,1.000000000000000000e+01,2.000000000000000000e+00,2.000000000000000000e+00,2.000000000000000000e+00,0.000000000000000000e+00,-1.000000000000000000e+00,-3.049316406250000000e-01,2.551269531250000000e-01,3.084106445312500000e-01,8.641357421875000000e-01
3.000000000000000000e+00,-1.000000000000000000e+00,-1.200000000000000000e+01,-6.000000000000000000e+00,-4.000000000000000000e+00,-3.000000000000000000e+00,2.000000000000000000e+00,-1.000000000000000000e+00,-3.049316406250000000e-01,2.551269531250000000e-01,3.084106445312500000e-01,8.641357421875000000e-01
-8.000000000000000000e+00,-6.000000000000000000e+00,-7.000000000000000000e+00,-9.000000000000000000e+00,2.000000000000000000e+00,-1.000000000000000000e+00,-1.000000000000000000e+00,1.000000000000000000e+00,-3.049316406250000000e-01,2.551269531250000000e-01,3.084106445312500000e-01,8.641357421875000000e-01
3.000000000000000000e+00,1.000000000000000000e+00,-9.000000000000000000e+00,-6.000000000000000000e+00,-1.400000000000000000e+01,-4.000000000000000000e+00,-1.000000000000000000e+00,-1.000000000000000000e+00,-3.049316406250000000e-01,2.551269531250000000e-01,3.084106445312500000e-01,8.641357421875000000e-01
-6.000000000000000000e+00,2.000000000000000000e+00,1.300000000000000000e+01,2.000000000000000000e+01,1.200000000000000000e+01,2.000000000000000000e+00,-2.000000000000000000e+00,-2.000000000000000000e+00,-3.048706054687500000e-01,2.551269531250000000e-01,3.084106445312500000e-01,8.641967773437500000e-01
1.200000000000000000e+01,6.000000000000000000e+00,3.300000000000000000e+01,2.000000000000000000e+00,-1.000000000000000000e+00,-5.000000000000000000e+00,-3.000000000000000000e+00,1.000000000000000000e+00,-3.048706054687500000e-01,2.551269531250000000e-01,3.084106445312500000e-01,8.641967773437500000e-01
-2.300000000000000000e+01,-1.700000000000000000e+01,-4.600000000000000000e+01,-2.000000000000000000e+00,-1.000000000000000000e+00,-3.000000000000000000e+00,-3.000000000000000000e+00,-3.000000000000000000e+00,-3.048706054687500000e-01,2.551269531250000000e-01,3.084106445312500000e-01,8.641967773437500000e-01
-2.000000000000000000e+00,-2.000000000000000000e+00,-1.400000000000000000e+01,-3.000000000000000000e+00,5.000000000000000000e+00,0.000000000000000000e+00,-1.000000000000000000e+00,0.000000000000000000e+00,-3.048706054687500000e-01,2.551269531250000000e-01,3.084106445312500000e-01,8.641967773437500000e-01
2.000000000000000000e+00,1.000000000000000000e+00,1.400000000000000000e+01,0.000000000000000000e+00,-6.000000000000000000e+00,0.000000000000000000e+00,1.000000000000000000e+00,0.000000000000000000e+00,-3.050537109375000000e-01,2.549438476562500000e-01,3.086547851562500000e-01,8.640747070312500000e-01
-1.100000000000000000e+01,-6.000000000000000000e+00,-1.800000000000000000e+01,-1.300000000000000000e+01,-6.000000000000000000e+00,-2.000000000000000000e+00,-1.000000000000000000e+00,-2.000000000000000000e+00,-3.050537109375000000e-01,2.549438476562500000e-01,3.086547851562500000e-01,8.640747070312500000e-01
1.500000000000000000e+01,7.000000000000000000e+00,1.100000000000000000e+01,4.000000000000000000e+00,-1.000000000000000000e+00,-4.000000000000000000e+00,-2.000000000000000000e+00,1.000000000000000000e+00,-3.050537109375000000e-01,2.549438476562500000e-01,3.086547851562500000e-01,8.640747070312500000e-01
-2.000000000000000000e+00,-8.000000000000000000e+00,4.000000000000000000e+00,4.000000000000000000e+00,-3.000000000000000000e+00,-3.000000000000000000e+00,0.000000000000000000e+00,-1.000000000000000000e+00,-3.050537109375000000e-01,2.549438476562500000e-01,3.086547851562500000e-01,8.640747070312500000e-01
0.000000000000000000e+00,1.000000000000000000e+00,-1.400000000000000000e+01,-1.100000000000000000e+01,-8.000000000000000000e+00,-5.000000000000000000e+00,-2.000000000000000000e+00,-1.000000000000000000e+00,-3.052978515625000000e-01,2.548828125000000000e-01,3.087158203125000000e-01,8.639526367187500000e-01
-8.000000000000000000e+00,-3.000000000000000000e+00,4.000000000000000000e+00,6.000000000000000000e+00,8.000000000000000000e+00,5.000000000000000000e+00,0.000000000000000000e+00,0.000000000000000000e+00,-3.052978515625000000e-01,2.548828125000000000e-01,3.087158203125000000e-01,8.639526367187500000e-01
1.000000000000000000e+01,8.000000000000000000e+00,1.300000000000000000e+01,3.000000000000000000e+00,-6.000000000000000000e+00,-1.000000000000000000e+00,-2.000000000000000000e+00,1.000000000000000000e+00,-3.052978515625000000e-01,2.548828125000000000e-01,3.087158203125000000e-01,8.639526367187500000e-01
-1.300000000000000000e+01,-8.000000000000000000e+00,-7.000000000000000000e+00,-9.000000000000000000e+00,3.000000000000000000e+00,1.000000000000000000e+00,1.000000000000000000e+00,-4.000000000000000000e+00,-3.052978515625000000e-01,2.548828125000000000e-01,3.087158203125000000e-01,8.639526367187500000e-01
7.000000000000000000e+00,-1.000000000000000000e+00,-8.000000000000000000e+00,-3.000000000000000000e+00,-4.000000000000000000e+00,-4.000000000000000000e+00,0.000000000000000000e+00,3.000000000000000000e+00,-3.052368164062500000e-01,2.551269531250000000e-01,3.084106445312500000e-01,8.640136718750000000e-01
-1.000000000000000000e+01,-8.000000000000000000e+00,-9.000000000000000000e+00,-5.000000000000000000e+00,-1.200000000000000000e+01,-3.000000000000000000e+00,-2.000000000000000000e+00,0.000000000000000000e+00,-3.052368164062500000e-01,2.551269531250000000e-01,3.084106445312500000e-01,8.640136718750000000e-01
1.300000000000000000e+01,9.000000000000000000e+00,1.100000000000000000e+01,6.000000000000000000e+00,9.000000000000000000e+00,2.000000000000000000e+00,2.000000000000000000e+00,2.000000000000000000e+00,-3.052368164062500000e-01,2.551269531250000000e-01,3.084106445312500000e-01,8.640136718750000000e-01
1.100000000000000000e+01,4.000000000000000000e+00,8.000000000000000000e+00,2.000000000000000000e+00,0.000000000000000000e+00,2.000000000000000000e+00,-1.000000000000000000e+00,1.000000000000000000e+00,-3.052368164062500000e-01,2.551269531250000000e-01,3.084106445312500000e-01,8.640136718750000000e-01
-1.200000000000000000e+01,-3.000000000000000000e+00,-1.700000000000000000e+01,-1.300000000000000000e+01,0.000000000000000000e+00,1.000000000000000000e+00,1.000000000000000000e+00,-4.000000000000000000e+00,-3.050537109375000000e-01,2.554931640625000000e-01,3.083496093750000000e-01,8.640136718750000000e-01
-1.000000000000000000e+01,-1.000000000000000000e+01,-4.000000000000000000e+00,0.000000000000000000e+00,-5.000000000000000000e+00,-2.000000000000000000e+00,-4.000000000000000000e+00,-2.000000000000000000e+00,-3.050537109375000000e-01,2.554931640625000000e-01,3.083496093750000000e-01,8.640136718750000000e-01
3.000000000000000000e+00,2.000000000000000000e+00,7.000000000000000000e+00,-5.000000000000000000e+00,-1.000000000000000000e+00,-3.000000000000000000e+00,0.000000000000000000e+00,1.000000000000000000e+00,-3.050537109375000000e-01,2.554931640625000000e-01,3.083496093750000000e-01,8.640136718750000000e-01
6.000000000000000000e+00,5.000000000000000000e+00,2.000000000000000000e+00,-4.000000000000000000e+00,-9.000000000000000000e+00,-6.000000000000000000e+00,-3.000000000000000000e+00,3.000000000000000000e+00,-3.050537109375000000e-01,2.554931640625000000e-01,3.083496093750000000e-01,8.640136718750000000e-01
-3.000000000000000000e+00,-3.000000000000000000e+00,-5.000000000000000000e+00,1.300000000000000000e+01,1.400000000000000000e+01,3.000000000000000000e+00,1.000000000000000000e+00,0.000000000000000000e+00,-3.054199218750000000e-01,2.556762695312500000e-01,3.085327148437500000e-01,8.637695312500000000e-01
-3.000000000000000000e+00,-4.000000000000000000e+00,-2.000000000000000000e+00,1.000000000000000000e+00,2.000000000000000000e+00,1.000000000000000000e+00,0.000000000000000000e+00,-2.000000000000000000e+00,-3.054199218750000000e-01,2.556762695312500000e-01,3.085327148437500000e-01,8.637695312500000000e-01
2.000000000000000000e+00,1.000000000000000000e+00,1.400000000000000000e+01,9.000000000000000000e+00,1.000000000000000000e+00,-2.000000000000000000e+00,0.000000000000000000e+00,0.000000000000000000e+00,-3.054199218750000000e-01,2.556762695312500000e-01,3.085327148437500000e-01,8.637695312500000000e-01
-1.000000000000000000e+00,0.000000000000000000e+00,-2.200000000000000000e+01,-1.000000000000000000e+00,3.000000000000000000e+00,2.000000000000000000e+00,-1.000000000000000000e+00,-1.000000000000000000e+00,-3.054199218750000000e-01,2.556762695312500000e-01,3.085327148437500000e-01,8.637695312500000000e-01
-1.000000000000000000e+00,-1.000000000000000000e+00,-1.200000000000000000e+01,-3.300000000000000000e+01,-2.300000000000000000e+01,-9.000000000000000000e+00,-6.000000000000000000e+00,-3.000000000000000000e+00,-3.056030273437500000e-01,2.557983398437500000e-01,3.084716796875000000e-01,8.637084960937500000e-01
-4.000000000000000000e+00,-4.000000000000000000e+00,1.000000000000000000e+01,2.600000000000000000e+01,1.800000000000000000e+01,3.000000000000000000e+00,-3.000000000000000000e+00,-5.000000000000000000e+00,-3.056030273437500000e-01,2.557983398437500000e-01,3.084716796875000000e-01,8.637084960937500000e-01
2.000000000000000000e+00,1.000000000000000000e+00,-1.800000000000000000e+01,-9.000000000000000000e+00,0.000000000000000000e+00,0.000000000000000000e+00,-1.000000000000000000e+00,2.000000000000000000e+00,-3.056030273437500000e-01,2.557983398437500000e-01,3.084716796875000000e-01,8.637084960937500000e-01
3.000000000000000000e+00,2.000000000000000000e+00,8.000000000000000000e+00,-4.000000000000000000e+00,-2.000000000000000000e+00,-2.000000000000000000e+00,-2.000000000000000000e+00,1.000000000000000000e+00,-3.056030273437500000e-01,2.557983398437500000e-01,3.084716796875000000e-01,8.637084960937500000e-01
2.000000000000000000e+00,-1.000000000000000000e+00,4.000000000000000000e+00,5.000000000000000000e+00,-3.000000000000000000e+00,-2.000000000000000000e+00,-2.000000000000000000e+00,-4.000000000000000000e+00,-3.056030273437500000e-01,2.557373046875000000e-01,3.084716796875000000e-01,8.637084960937500000e-01
-2.300000000000000000e+01,-1.000000000000000000e+01,-1.300000000000000000e+01,-9.000000000000000000e+00,-1.000000000000000000e+00,0.000000000000000000e+00,1.000000000000000000e+00,-2.000000000000000000e+00,-3.056030273437500000e-01,2.557373046875000000e-01,3.084716796875000000e-01,8.637084960937500000e-01
7.000000000000000000e+00,7.000000000000000000e+00,-1.000000000000000000e+00,-1.600000000000000000e+01,-1.400000000000000000e+01,-1.000000000000000000e+00,0.000000000000000000e+00,-2.000000000000000000e+00,-3.056030273437500000e-01,2.557373046875000000e-01,3.084716796875000000e-01,8.637084960937500000e-01
5.000000000000000000e+00,1.300000000000000000e+01,1.400000000000000000e+01,1.400000000000000000e+01,1.000000000000000000e+01,0.000000000000000000e+00,-1.000000000000000000e+00,2.000000000000000000e+00,-3.056030273437500000e-01,2.557373046875000000e-01,3.084716796875000000e-01,8.637084960937500000e-01
9.000000000000000000e+00,-2.100000000000000000e+01,-1.000000000000000000e+01,-1.000000000000000000e+00,2.000000000000000000e+00,1.000000000000000000e+00,-1.000000000000000000e+00,-1.000000000000000000e+00,-3.054199218750000000e-01,2.557983398437500000e-01,3.082275390625000000e-01,8.638305664062500000e-01
-4.000000000000000000e+00,2.000000000000000000e+00,-1.100000000000000000e+01,-1.900000000000000000e+01,-1.700000000000000000e+01,2.000000000000000000e+00,3.000000000000000000e+00,1.000000000000000000e+00,-3.054199218750000000e-01,2.557983398437500000e-01,3.082275390625000000e-01,8.638305664062500000e-01
2.000000000000000000e+00,-2.000000000000000000e+00,5.000000000000000000e+00,1.200000000000000000e+01,1.600000000000000000e+01,0.000000000000000000e+00,-7.000000000000000000e+00,-2.000000000000000000e+00,-3.054199218750000000e-01,2.557983398437500000e-01,3.082275390625000000e-01,8.638305664062500000e-01
-1.000000000000000000e+00,4.000000000000000000e+00,3.000000000000000000e+00,3.000000000000000000e+00,-2.000000000000000000e+00,-1.000000000000000000e+00,0.000000000000000000e+00,1.000000000000000000e+00,-3.054199218750000000e-01,2.557983398437500000e-01,3.082275390625000000e-01,8.638305664062500000e-01
-6.000000000000000000e+00,3.000000000000000000e+00,1.200000000000000000e+01,9.000000000000000000e+00,1.000000000000000000e+00,-1.000000000000000000e+00,-2.000000000000000000e+00,-2.000000000000000000e+00,-3.051147460937500000e-01,2.558593750000000000e-01,3.082275390625000000e-01,8.639526367187500000e-01
4.000000000000000000e+00,1.000000000000000000e+00,1.000000000000000000e+00,-6.000000000000000000e+00,-8.000000000000000000e+00,-3.000000000000000000e+00,-1.000000000000000000e+00,-1.000000000000000000e+00,-3.051147460937500000e-01,2.558593750000000000e-01,3.082275390625000000e-01,8.639526367187500000e-01
-3.000000000000000000e+00,-1.000000000000000000e+00,2.000000000000000000e+00,1.000000000000000000e+00,2.000000000000000000e+00,1.000000000000000000e+00,3.000000000000000000e+00,-1.000000000000000000e+00,-3.051147460937500000e-01,2.558593750000000000e-01,3.082275390625000000e-01,8.639526367187500000e-01
1.000000000000000000e+00,-5.000000000000000000e+00,-3.000000000000000000e+00,5.000000000000000000e+00,0.000000000000000000e+00,3.000000000000000000e+00,0.000000000000000000e+00,1.000000000000000000e+00,-3.051147460937500000e-01,2.558593750000000000e-01,3.082275390625000000e-01,8.639526367187500000e-01
-3.000000000000000000e+00,-2.000000000000000000e+00,-1.300000000000000000e+01,6.000000000000000000e+00,-4.000000000000000000e+00,-5.000000000000000000e+00,-2.000000000000000000e+00,-1.000000000000000000e+00,-3.051147460937500000e-01,2.557983398437500000e-01,3.084106445312500000e-01,8.638916015625000000e-01
2.000000000000000000e+00,1.000000000000000000e+00,1.400000000000000000e+01,2.000000000000000000e+00,5.000000000000000000e+00,0.000000000000000000e+00,-2.000000000000000000e+00,1.000000000000000000e+00,-3.051147460937500000e-01,2.557983398437500000e-01,3.084106445312500000e-01,8.638916015625000000e-01
1.600000000000000000e+01,1.200000000000000000e+01,-1.000000000000000000e+00,-3.000000000000000000e+00,-8.000000000000000000e+00,-1.000000000000000000e+00,0.000000000000000000e+00,-1.000000000000000000e+00,-3.051147460937500000e-01,2.557983398437500000e-01,3.084106445312500000e-01,8.638916015625000000e-01
-3.200000000000000000e+01,-1.500000000000000000e+01,-1.300000000000000000e+01,-6.000000000000000000e+00,1.000000000000000000e+00,0.000000000000000000e+00,-3.000000000000000000e+00,-2.000000000000000000e+00,-3.051147460937500000e-01,2.557983398437500000e-01,3.084106445312500000e-01,8.638916015625000000e-01
-3.000000000000000000e+00,-5.000000000000000000e+00,0.000000000000000000e+00,-1.300000000000000000e+01,-1.000000000000000000e+01,-3.000000000000000000e+00,-1.000000000000000000e+00,-1.000000000000000000e+00,-3.054809570312500000e-01,2.556152343750000000e-01,3.085937500000000000e-01,8.637695312500000000e-01
7.000000000000000000e+00,4.000000000000000000e+00,-6.000000000000000000e+00,7.000000000000000000e+00,8.000000000000000000e+00,-1.000000000000000000e+00,1.000000000000000000e+00,2.000000000000000000e+00,-3.054809570312500000e-01,2.556152343750000000e-01,3.085937500000000000e-01,8.637695312500000000e-01
1.000000000000000000e+00,-3.000000000000000000e+00,-3.000000000000000000e+00,-8.000000000000000000e+00,-5.000000000000000000e+00,-2.000000000000000000e+00,-4.000000000000000000e+00,0.000000000000000000e+00,-3.054809570312500000e-01,2.556152343750000000e-01,3.085937500000000000e-01,8.637695312500000000e-01
-2.000000000000000000e+00,-2.000000000000000000e+00,-3.000000000000000000e+00,-6.000000000000000000e+00,-6.000000000000000000e+00,1.000000000000000000e+00,-1.000000000000000000e+00,-2.000000000000000000e+00,-3.054809570312500000e-01,2.556152343750000000e-01,3.085937500000000000e-01,8.637695312500000000e-01
2.000000000000000000e+00,2.000000000000000000e+00,6.000000000000000000e+00,-2.000000000000000000e+00,-1.000000000000000000e+00,-1.000000000000000000e+00,-2.000000000000000000e+00,2.000000000000000000e+00,-3.055419921875000000e-01,2.555541992187500000e-01,3.085327148437500000e-01,8.637695312500000000e-01
2.000000000000000000e+00,-3.000000000000000000e+00,-6.000000000000000000e+00,6.000000000000000000e+00,6.000000000000000000e+00,-1.000000000000000000e+00,-1.000000000000000000e+00,-1.000000000000000000e+00,-3.055419921875000000e-01,2.555541992187500000e-01,3.085327148437500000e-01,8.637695312500000000e-01
-8.000000000000000000e+00,-4.000000000000000000e+00,-6.000000000000000000e+00,-3.000000000000000000e+00,-5.000000000000000000e+00,0.000000000000000000e+00,0.000000000000000000e+00,-1.000000000000000000e+00,-3.055419921875000000e-01,2.555541992187500000e-01,3.085327148437500000e-01,8.637695312500000000e-01
2.100000000000000000e+01,6.000000000000000000e+00,5.000000000000000000e+00,1.000000000000000000e+00,-1.000000000000000000e+00,-1.000000000000000000e+00,-1.000000000000000000e+00,-3.000000000000000000e+00,-3.055419921875000000e-01,2.555541992187500000e-01,3.085327148437500000e-01,8.637695312500000000e-01
-3.500000000000000000e+01,-1.000000000000000000e+01,2.000000000000000000e+00,2.000000000000000000e+00,-2.000000000000000000e+00,-3.000000000000000000e+00,-2.000000000000000000e+00,-4.000000000000000000e+00,-3.049316406250000000e-01,2.558593750000000000e-01,3.081054687500000000e-01,8.640136718750000000e-01
1.200000000000000000e+01,4.000000000000000000e+00,-1.000000000000000000e+00,-1.200000000000000000e+01,-1.100000000000000000e+01,-2.000000000000000000e+00,-2.000000000000000000e+00,1.000000000000000000e+00,-3.049316406250000000e-01,2.558593750000000000e-01,3.081054687500000000e-01,8.640136718750000000e-01
-6.000000000000000000e+00,-7.000000000000000000e+00,-2.300000000000000000e+01,-4.000000000000000000e+00,2.000000000000000000e+00,0.000000000000000000e+00,1.000000000000000000e+00,-1.000000000000000000e+00,-3.049316406250000000e-01,2.558593750000000000e-01,3.081054687500000000e-01,8.640136718750000000e-01
3.000000000000000000e+00,2.000000000000000000e+00,-1.000000000000000000e+00,-4.000000000000000000e+00,-3.000000000000000000e+00,-4.000000000000000000e+00,0.000000000000000000e+00,1.000000000000000000e+00,-3.049316406250000000e-01,2.558593750000000000e-01,3.081054687500000000e-01,8.640136718750000000e-01
3.000000000000000000e+00,4.000000000000000000e+00,8.000000000000000000e+00,1.000000000000000000e+00,1.000000000000000000e+00,2.000000000000000000e+00,-2.000000000000000000e+00,-3.000000000000000000e+00,-3.048706054687500000e-01,2.559204101562500000e-01,3.081054687500000000e-01,8.640136718750000000e-01
-4.000000000000000000e+00,-3.000000000000000000e+00,1.300000000000000000e+01,1.000000000000000000e+00,-1.100000000000000000e+01,-6.000000000000000000e+00,-2.000000000000000000e+00,-2.000000000000000000e+00,-3.048706054687500000e-01,2.559204101562500000e-01,3.081054687500000000e-01,8.640136718750000000e-01
-5.000000000000000000e+00,-4.000000000000000000e+00,-4.000000000000000000e+00,-1.100000000000000000e+01,-1.400000000000000000e+01,-1.000000000000000000e+00,0.000000000000000000e+00,-1.000000000000000000e+00,-3.048706054687500000e-01,2.559204101562500000e-01,3.081054687500000000e-01,8.640136718750000000e-01
-3.000000000000000000e+00,-5.000000000000000000e+00,4.000000000000000000e+00,8.000000000000000000e+00,1.300000000000000000e+01,5.000000000000000000e+00,3.000000000000000000e+00,-2.000000000000000000e+00,-3.048706054687500000e-01,2.559204101562500000e-01,3.081054687500000000e-01,8.640136718750000000e-01
3.000000000000000000e+00,1.000000000000000000e+00,-6.000000000000000000e+00,-6.000000000000000000e+00,3.000000000000000000e+00,0.000000000000000000e+00,-1.000000000000000000e+00,-1.000000000000000000e+00,-3.054809570312500000e-01,2.556152343750000000e-01,3.084716796875000000e-01,8.637695312500000000e-01
-6.000000000000000000e+00,-1.000000000000000000e+00,3.000000000000000000e+00,1.500000000000000000e+01,8.000000000000000000e+00,2.000000000000000000e+00,2.000000000000000000e+00,2.000000000000000000e+00,-3.054809570312500000e-01,2.556152343750000000e-01,3.084716796875000000e-01,8.637695312500000000e-01
5.000000000000000000e+00,-1.000000000000000000e+00,6.000000000000000000e+00,-2.400000000000000000e+01,-1.500000000000000000e+01,-8.000000000000000000e+00,-8.000000000000000000e+00,0.000000000000000000e+00,-3.054809570312500000e-01,2.556152343750000000e-01,3.084716796875000000e-01,8.637695312500000000e-01
1.400000000000000000e+01,2.000000000000000000e+00,-2.800000000000000000e+01,1.400000000000000000e+01,8.000000000000000000e+00,1.000000000000000000e+00,-1.000000000000000000e+00,-1.000000000000000000e+00,-3.054809570312500000e-01,2.556152343750000000e-01,3.084716796875000000e-01,8.637695312500000000e-01
-2.900000000000000000e+01,-8.000000000000000000e+00,8.000000000000000000e+00,6.000000000000000000e+00,-1.000000000000000000e+00,0.000000000000000000e+00,3.000000000000000000e+00,1.000000000000000000e+00,-3.060302734375000000e-01,2.554321289062500000e-01,3.085327148437500000e-01,8.636474609375000000e-01
7.000000000000000000e+00,7.000000000000000000e+00,2.000000000000000000e+00,-4.000000000000000000e+00,6.000000000000000000e+00,2.000000000000000000e+00,2.000000000000000000e+00,0.000000000000000000e+00,-3.060302734375000000e-01,2.554321289062500000e-01,3.085327148437500000e-01,8.636474609375000000e-01
-1.000000000000000000e+00,-2.000000000000000000e+00,2.000000000000000000e+00,5.000000000000000000e+00,1.000000000000000000e+01,1.000000000000000000e+00,4.000000000000000000e+00,2.000000000000000000e+00,-3.060302734375000000e-01,2.554321289062500000e-01,3.085327148437500000e-01,8.636474609375000000e-01
-2.000000000000000000e+00,-2.000000000000000000e+00,2.000000000000000000e+00,-8.000000000000000000e+00,-1.100000000000000000e+01,-3.000000000000000000e+00,-3.000000000000000000e+00,0.000000000000000000e+00,-3.060302734375000000e-01,2.554321289062500000e-01,3.085327148437500000e-01,8.636474609375000000e-01
8.000000000000000000e+00,-1.000000000000000000e+00,-3.000000000000000000e+00,-7.000000000000000000e+00,-1.200000000000000000e+01,-5.000000000000000000e+00,-4.000000000000000000e+00,-3.000000000000000000e+00,-3.056030273437500000e-01,2.556762695312500000e-01,3.082275390625000000e-01,8.638305664062500000e-01
5.000000000000000000e+00,3.000000000000000000e+00,-5.000000000000000000e+00,-1.000000000000000000e+00,3.000000000000000000e+00,-5.000000000000000000e+00,-2.000000000000000000e+00,1.000000000000000000e+00,-3.056030273437500000e-01,2.556762695312500000e-01,3.082275390625000000e-01,8.638305664062500000e-01
-8.000000000000000000e+00,-2.000000000000000000e+00,2.000000000000000000e+00,1.200000000000000000e+01,5.000000000000000000e+00,2.000000000000000000e+00,0.000000000000000000e+00,-2.000000000000000000e+00,-3.056030273437500000e-01,2.556762695312500000e-01,3.082275390625000000e-01,8.638305664062500000e-01
-3.000000000000000000e+00,-3.000000000000000000e+00,3.000000000000000000e+00,-8.000000000000000000e+00,2.000000000000000000e+00,-1.000000000000000000e+00,0.000000000000000000e+00,1.000000000000000000e+00,-3.056030273437500000e-01,2.556762695312500000e-01,3.082275390625000000e-01,8.638305664062500000e-01
5.000000000000000000e+00,2.000000000000000000e+00,-5.000000000000000000e+00,1.000000000000000000e+00,-3.000000000000000000e+00,1.000000000000000000e+00,1.000000000000000000e+00,-2.000000000000000000e+00,-3.052368164062500000e-01,2.559814453125000000e-01,3.081665039062500000e-01,8.638916015625000000e-01
-6.000000000000000000e+00,-2.000000000000000000e+00,9.000000000000000000e+00,2.000000000000000000e+00,6.000000000000000000e+00,0.000000000000000000e+00,-2.000000000000000000e+00,-2.000000000000000000e+00,-3.052368164062500000e-01,2.559814453125000000e-01,3.081665039062500000e-01,8.638916015625000000e-01
3.000000000000000000e+00,-2.000000000000000000e+00,-5.000000000000000000e+00,-2.000000000000000000e+00,0.000000000000000000e+00,2.000000000000000000e+00,3.000000000000000000e+00,0.000000000000000000e+00,-3.052368164062500000e-01,2.559814453125000000e-01,3.081665039062500000e-01,8.638916015625000000e-01
-4.000000000000000000e+00,2.000000000000000000e+00,1.700000000000000000e+01,1.000000000000000000e+00,-6.000000000000000000e+00,-3.000000000000000000e+00,-2.000000000000000000e+00,-2.000000000000000000e+00,-3.052368164062500000e-01,2.559814453125000000e-01,3.081665039062500000e-01,8.638916015625000000e-01
3.000000000000000000e+00,-4.000000000000000000e+00,-2.500000000000000000e+01,-5.000000000000000000e+00,1.100000000000000000e+01,3.000000000000000000e+00,3.000000000000000000e+00,2.000000000000000000e+00,-3.054809570312500000e-01,2.559204101562500000e-01,3.085937500000000000e-01,8.636474609375000000e-01
0.000000000000000000e+00,0.000000000000000000e+00,-1.000000000000000000e+00,-4.000000000000000000e+00,-1.200000000000000000e+01,-5.000000000000000000e+00,-7.000000000000000000e+00,-2.000000000000000000e+00,-3.054809570312500000e-01,2.559204101562500000e-01,3.085937500000000000e-01,8.636474609375000000e-01
-5.000000000000000000e+00,-4.000000000000000000e+00,-1.000000000000000000e+01,-3.000000000000000000e+00,-4.000000000000000000e+00,0.000000000000000000e+00,-1.000000000000000000e+00,-3.000000000000000000e+00,-3.054809570312500000e-01,2.559204101562500000e-01,3.085937500000000000e-01,8.636474609375000000e-01
-3.000000000000000000e+00,-1.000000000000000000e+00,1.100000000000000000e+01,-7.000000000000000000e+00,-4.000000000000000000e+00,-5.000000000000000000e+00,-6.000000000000000000e+00,-2.000000000000000000e+00,-3.054809570312500000e-01,2.559204101562500000e-01,3.085937500000000000e-01,8.636474609375000000e-01
1.600000000000000000e+01,6.000000000000000000e+00,7.000000000000000000e+00,1.400000000000000000e+01,1.000000000000000000e+00,-1.000000000000000000e+00,-2.000000000000000000e+00,-1.000000000000000000e+00,-3.061523437500000000e-01,2.557373046875000000e-01,3.090820312500000000e-01,8.632812500000000000e-01
-2.500000000000000000e+01,-1.200000000000000000e+01,-9.000000000000000000e+00,-9.000000000000000000e+00,-2.000000000000000000e+00,1.000000000000000000e+00,-1.000000000000000000e+00,-4.000000000000000000e+00,-3.061523437500000000e-01,2.557373046875000000e-01,3.090820312500000000e-01,8.632812500000000000e-01
-1.300000000000000000e+01,-7.000000000000000000e+00,-2.000000000000000000e+00,5.000000000000000000e+00,0.000000000000000000e+00,-2.000000000000000000e+00,-1.000000000000000000e+00,-2.000000000000000000e+00,-3.061523437500000000e-01,2.557373046875000000e-01,3.090820312500000000e-01,8.632812500000000000e-01
0.000000000000000000e+00,3.000000000000000000e+00,0.000000000000000000e+00,-6.000000000000000000e+00,-5.000000000000000000e+00,-1.000000000000000000e+00,2.000000000000000000e+00,4.000000000000000000e+00,-3.061523437500000000e-01,2.557373046875000000e-01,3.090820312500000000e-01,8.632812500000000000e-01
5.000000000000000000e+00,7.000000000000000000e+00,1.200000000000000000e+01,0.000000000000000000e+00,9.000000000000000000e+00,2.000000000000000000e+00,0.000000000000000000e+00,1.000000000000000000e+00,-3.062133789062500000e-01,2.557983398437500000e-01,3.092041015625000000e-01,8.632202148437500000e-01
1.000000000000000000e+01,-2.000000000000000000e+00,-3.000000000000000000e+00,3.000000000000000000e+00,2.000000000000000000e+00,1.000000000000000000e+00,2.000000000000000000e+00,-1.000000000000000000e+00,-3.062133789062500000e-01,2.557983398437500000e-01,3.092041015625000000e-01,8.632202148437500000e-01
4.000000000000000000e+00,-1.000000000000000000e+00,5.000000000000000000e+00,4.000000000000000000e+00,3.000000000000000000e+00,-3.000000000000000000e+00,-4.000000000000000000e+00,-2.000000000000000000e+00,-3.062133789062500000e-01,2.557983398437500000e-01,3.092041015625000000e-01,8.632202148437500000e-01
-7.000000000000000000e+00,-5.000000000000000000e+00,-7.000000000000000000e+00,-8.000000000000000000e+00,-4.000000000000000000e+00,-3.000000000000000000e+00,0.000000000000000000e+00,-1.000000000000000000e+00,-3.062133789062500000e-01,2.557983398437500000e-01,3.092041015625000000e-01,8.632202148437500000e-01
-2.000000000000000000e+00,0.000000000000000000e+00,-2.000000000000000000e+00,-1.000000000000000000e+00,-6.000000000000000000e+00,-2.000000000000000000e+00,-2.000000000000000000e+00,1.000000000000000000e+00,-3.060302734375000000e-01,2.559814453125000000e-01,3.092651367187500000e-01,8.632202148437500000e-01
-1.000000000000000000e+00,2.000000000000000000e+00,0.000000000000000000e+00,0.000000000000000000e+00,-4.000000000000000000e+00,0.000000000000000000e+00,1.000000000000000000e+00,-2.000000000000000000e+00,-3.060302734375000000e-01,2.559814453125000000e-01,3.092651367187500000e-01,8.632202148437500000e-01
0.000000000000000000e+00,-1.000000000000000000e+00,0.000000000000000000e+00,-6.000000000000000000e+00,-8.000000000000000000e+00,-1.000000000000000000e+00,0.000000000000000000e+00,-2.000000000000000000e+00,-3.060302734375000000e-01,2.559814453125000000e-01,3.092651367187500000e-01,8.632202148437500000e-01
3.000000000000000000e+00,1.000000000000000000e+00,3.000000000000000000e+00,6.000000000000000000e+00,2.000000000000000000e+00,1.000000000000000000e+00,-2.000000000000000000e+00,-1.000000000000000000e+00,-3.060302734375000000e-01,2.559814453125000000e-01,3.092651367187500000e-01,8.632202148437500000e-01
-3.000000000000000000e+00,-2.000000000000000000e+00,-5.000000000000000000e+00,-8.000000000000000000e+00,3.000000000000000000e+00,1.000000000000000000e+00,0.000000000000000000e+00,-1.000000000000000000e+00,-3.061523437500000000e-01,2.558593750000000000e-01,3.097534179687500000e-01,8.630371093750000000e-01
1.000000000000000000e+00,0.000000000000000000e+00,4.000000000000000000e+00,0.000000000000000000e+00,-2.000000000000000000e+00,0.000000000000000000e+00,-2.000000000000000000e+00,-2.000000000000000000e+00,-3.061523437500000000e-01,2.558593750000000000e-01,3.097534179687500000e-01,8.630371093750000000e-01
4.000000000000000000e+00,0.000000000000000000e+00,4.000000000000000000e+00,3.000000000000000000e+00,2.000000000000000000e+00,-1.000000000000000000e+00,1.000000000000000000e+00,1.000000000000000000e+00,-3.061523437500000000e-01,2.558593750000000000e-01,3.097534179687500000e-01,8.630371093750000000e-01
-1.000000000000000000e+00,0.000000000000000000e+00,-1.200000000000000000e+01,-4.000000000000000000e+00,1.000000000000000000e+00,-3.000000000000000000e+00,-1.000000000000000000e+00,1.000000000000000000e+00,-3.061523437500000000e-01,2.558593750000000000e-01,3.097534179687500000e-01,8.630371093750000000e-01
-1.000000000000000000e+00,-2.000000000000000000e+00,9.000000000000000000e+00,-5.000000000000000000e+00,-1.200000000000000000e+01,-5.000000000000000000e+00,-4.000000000000000000e+00,-3.000000000000000000e+00,-3.065185546875000000e-01,2.554931640625000000e-01,3.104858398437500000e-01,8.627319335937500000e-01
0.000000000000000000e+00,-3.000000000000000000e+00,-8.000000000000000000e+00,1.000000000000000000e+00,-5.000000000000000000e+00,-5.000000000000000000e+00,-3.000000000000000000e+00,-1.000000000000000000e+00,-3.065185546875000000e-01,2.554931640625000000e-01,3.104858398437500000e-01,8.627319335937500000e-01
-6.000000000000000000e+00,-2.000000000000000000e+00,-1.500000000000000000e+01,-1.200000000000000000e+01,6.000000000000000000e+00,1.000000000000000000e+00,0.000000000000000000e+00,-1.000000000000000000e+00,-3.067626953125000000e-01,2.550048828125000000e-01,3.110961914062500000e-01,8.626098632812500000e-01
-1.000000000000000000e+00,-5.000000000000000000e+00,-6.000000000000000000e+00,1.600000000000000000e+01,9.000000000000000000e+00,4.000000000000000000e+00,0.000000000000000000e+00,-1.000000000000000000e+00,-3.067626953125000000e-01,2.550048828125000000e-01,3.110961914062500000e-01,8.626098632812500000e-01
3.000000000000000000e+00,4.000000000000000000e+00,4.000000000000000000e+00,-4.000000000000000000e+00,-4.000000000000000000e+00,0.000000000000000000e+00,4.000000000000000000e+00,-1.000000000000000000e+00,-3.067626953125000000e-01,2.550048828125000000e-01,3.110961914062500000e-01,8.626098632812500000e-01
-1.300000000000000000e+01,-7.000000000000000000e+00,-4.000000000000000000e+00,-1.400000000000000000e+01,-1.100000000000000000e+01,-4.000000000000000000e+00,-4.000000000000000000e+00,-2.000000000000000000e+00,-3.067626953125000000e-01,2.550048828125000000e-01,3.110961914062500000e-01,8.626098632812500000e-01
7.000000000000000000e+00,7.000000000000000000e+00,1.200000000000000000e+01,6.000000000000000000e+00,3.000000000000000000e+00,1.000000000000000000e+00,2.000000000000000000e+00,3.000000000000000000e+00,-3.065185546875000000e-01,2.543945312500000000e-01,3.112792968750000000e-01,8.627929687500000000e-01
0.000000000000000000e+00,-2.000000000000000000e+00,0.000000000000000000e+00,-2.000000000000000000e+00,1.000000000000000000e+00,0.000000000000000000e+00,0.000000000000000000e+00,1.000000000000000000e+00,-3.065185546875000000e-01,2.543945312500000000e-01,3.112792968750000000e-01,8.627929687500000000e-01
-2.000000000000000000e+00,0.000000000000000000e+00,-5.000000000000000000e+00,-1.000000000000000000e+00,-1.000000000000000000e+00,0.000000000000000000e+00,-4.000000000000000000e+00,-3.000000000000000000e+00,-3.065185546875000000e-01,2.543945312500000000e-01,3.112792968750000000e-01,8.627929687500000000e-01
3.000000000000000000e+00,3.000000000000000000e+00,-1.000000000000000000e+00,-3.000000000000000000e+00,1.000000000000000000e+00,0.000000000000000000e+00,0.000000000000000000e+00,0.000000000000000000e+00,-3.065185546875000000e-01,2.543945312500000000e-01,3.112792968750000000e-01,8.627929687500000000e-01
-4.000000000000000000e+00,-4.000000000000000000e+00,-3.000000000000000000e+00,3.000000000000000000e+00,0.000000000000000000e+00,-2.000000000000000000e+00,-3.000000000000000000e+00,-2.000000000000000000e+00,-3.059082031250000000e-01,2.536621093750000000e-01,3.114624023437500000e-01,8.630981445312500000e-01
-6.000000000000000000e+00,-1.000000000000000000e+00,1.300000000000000000e+01,-2.000000000000000000e+00,-3.000000000000000000e+00,-2.000000000000000000e+00,0.000000000000000000e+00,-2.000000000000000000e+00,-3.059082031250000000e-01,2.536621093750000000e-01,3.114624023437500000e-01,8.630981445312500000e-01
3.000000000000000000e+00,-3.000000000000000000e+00,-1.700000000000000000e+01,-5.000000000000000000e+00,-1.000000000000000000e+01,-1.000000000000000000e+00,0.000000000000000000e+00,1.000000000000000000e+00,-3.059082031250000000e-01,2.536621093750000000e-01,3.114624023437500000e-01,8.630981445312500000e-01
-7.000000000000000000e+00,-3.000000000000000000e+00,-1.000000000000000000e+00,0.000000000000000000e+00,8.000000000000000000e+00,4.000000000000000000e+00,3.000000000000000000e+00,-3.000000000000000000e+00,-3.059082031250000000e-01,2.536621093750000000e-01,3.114624023437500000e-01,8.630981445312500000e-01
