-4.000000000000000000e+00,-8.000000000000000000e+00,-8.000000000000000000e+00,-1.100000000000000000e+01,-1.100000000000000000e+01,-1.900000000000000000e+01,-2.300000000000000000e+01,-5.000000000000000000e+00,-4.458618164062500000e-01,2.543334960937500000e-01,5.821533203125000000e-01,6.305541992187500000e-01
1.000000000000000000e+00,0.000000000000000000e+00,-6.000000000000000000e+00,-1.000000000000000000e+01,3.000000000000000000e+00,1.800000000000000000e+01,2.000000000000000000e+01,3.000000000000000000e+00,-4.458618164062500000e-01,2.543334960937500000e-01,5.821533203125000000e-01,6.305541992187500000e-01
-4.000000000000000000e+00,-2.000000000000000000e+00,8.000000000000000000e+00,9.000000000000000000e+00,-7.000000000000000000e+00,-6.000000000000000000e+00,-6.000000000000000000e+00,-1.000000000000000000e+00,-4.458618164062500000e-01,2.543334960937500000e-01,5.821533203125000000e-01,6.305541992187500000e-01
-2.000000000000000000e+00,-5.000000000000000000e+00,-1.900000000000000000e+01,-3.000000000000000000e+00,-7.000000000000000000e+00,2.000000000000000000e+00,5.000000000000000000e+00,-1.000000000000000000e+00,-4.458618164062500000e-01,2.543334960937500000e-01,5.821533203125000000e-01,6.305541992187500000e-01
0.000000000000000000e+00,2.000000000000000000e+00,2.100000000000000000e+01,1.500000000000000000e+01,4.000000000000000000e+00,-2.000000000000000000e+00,-5.000000000000000000e+00,-1.000000000000000000e+00,-4.463500976562500000e-01,2.560424804687500000e-01,5.805664062500000000e-01,6.309814453125000000e-01
-1.000000000000000000e+00,0.000000000000000000e+00,1.000000000000000000e+01,-2.100000000000000000e+01,-1.400000000000000000e+01,-8.000000000000000000e+00,-6.000000000000000000e+00,-3.000000000000000000e+00,-4.463500976562500000e-01,2.560424804687500000e-01,5.805664062500000000e-01,6.309814453125000000e-01
1.000000000000000000e+00,-2.000000000000000000e+00,-8.000000000000000000e+00,2.700000000000000000e+01,4.200000000000000000e+01,8.000000000000000000e+00,-3.000000000000000000e+00,1.000000000000000000e+00,-4.463500976562500000e-01,2.560424804687500000e-01,5.805664062500000000e-01,6.309814453125000000e-01
1.000000000000000000e+00,5.000000000000000000e+00,1.500000000000000000e+01,-1.100000000000000000e+01,-4.000000000000000000e+00,-1.000000000000000000e+00,4.000000000000000000e+00,-1.000000000000000000e+00,-4.463500976562500000e-01,2.560424804687500000e-01,5.805664062500000000e-01,6.309814453125000000e-01
-1.000000000000000000e+00,-2.000000000000000000e+00,1.000000000000000000e+00,-1.200000000000000000e+01,-5.000000000000000000e+00,-3.000000000000000000e+00,-5.000000000000000000e+00,1.000000000000000000e+00,-4.470214843750000000e-01,2.577514648437500000e-01,5.798339843750000000e-01,6.303710937500000000e-01
-4.000000000000000000e+00,0.000000000000000000e+00,-2.900000000000000000e+01,4.000000000000000000e+00,-1.000000000000000000e+00,-5.000000000000000000e+00,-6.000000000000000000e+00,-1.000000000000000000e+00,-4.470214843750000000e-01,2.577514648437500000e-01,5.798339843750000000e-01,6.303710937500000000e-01
0.000000000000000000e+00,-2.000000000000000000e+00,1.200000000000000000e+01,-6.000000000000000000e+00,-1.100000000000000000e+01,-2.000000000000000000e+00,4.000000000000000000e+00,1.000000000000000000e+00,-4.470214843750000000e-01,2.577514648437500000e-01,5.798339843750000000e-01,6.303710937500000000e-01
3.000000000000000000e+00,-1.000000000000000000e+00,-6.000000000000000000e+00,-3.000000000000000000e+00,-3.000000000000000000e+00,-2.000000000000000000e+00,3.000000000000000000e+00,0.000000000000000000e+00,-4.470214843750000000e-01,2.577514648437500000e-01,5.798339843750000000e-01,6.303710937500000000e-01
-4.000000000000000000e+00,-3.000000000000000000e+00,1.800000000000000000e+01,4.000000000000000000e+00,1.000000000000000000e+00,-2.000000000000000000e+00,-8.000000000000000000e+00,-1.000000000000000000e+00,-4.480590820312500000e-01,2.589721679687500000e-01,5.794677734375000000e-01,6.295776367187500000e-01
0.000000000000000000e+00,2.000000000000000000e+00,1.600000000000000000e+01,1.000000000000000000e+01,0.000000000000000000e+00,-1.000000000000000000e+00,2.000000000000000000e+00,-2.000000000000000000e+00,-4.480590820312500000e-01,2.589721679687500000e-01,5.794677734375000000e-01,6.295776367187500000e-01
-2.000000000000000000e+00,-1.000000000000000000e+00,-2.000000000000000000e+01,-2.000000000000000000e+01,-1.100000000000000000e+01,-1.500000000000000000e+01,-1.100000000000000000e+01,-2.000000000000000000e+00,-4.480590820312500000e-01,2.589721679687500000e-01,5.794677734375000000e-01,6.295776367187500000e-01
-3.000000000000000000e+00,-3.000000000000000000e+00,-1.100000000000000000e+01,3.300000000000000000e+01,9.000000000000000000e+00,1.200000000000000000e+01,3.000000000000000000e+00,1.000000000000000000e+00,-4.480590820312500000e-01,2.589721679687500000e-01,5.794677734375000000e-01,6.295776367187500000e-01
-1.000000000000000000e+00,-1.000000000000000000e+00,1.300000000000000000e+01,-4.000000000000000000e+01,-7.000000000000000000e+00,0.000000000000000000e+00,3.000000000000000000e+00,-1.000000000000000000e+00,-4.486694335937500000e-01,2.601318359375000000e-01,5.792846679687500000e-01,6.287841796875000000e-01
-1.300000000000000000e+01,-2.000000000000000000e+00,-2.500000000000000000e+01,-6.000000000000000000e+00,-4.000000000000000000e+00,-3.000000000000000000e+00,7.000000000000000000e+00,3.000000000000000000e+00,-4.486694335937500000e-01,2.601318359375000000e-01,5.792846679687500000e-01,6.287841796875000000e-01
1.600000000000000000e+01,-2.000000000000000000e+00,1.800000000000000000e+01,-6.000000000000000000e+00,-5.000000000000000000e+00,1.000000000000000000e+00,-1.300000000000000000e+01,-4.000000000000000000e+00,-4.486694335937500000e-01,2.601318359375000000e-01,5.792846679687500000e-01,6.287841796875000000e-01
-1.100000000000000000e+01,-2.000000000000000000e+00,-2.100000000000000000e+01,-1.100000000000000000e+01,-3.000000000000000000e+00,-9.000000000000000000e+00,-1.600000000000000000e+01,-3.000000000000000000e+00,-4.486694335937500000e-01,2.601318359375000000e-01,5.792846679687500000e-01,6.287841796875000000e-01
1.400000000000000000e+01,0.000000000000000000e+00,-1.000000000000000000e+00,2.500000000000000000e+01,4.000000000000000000e+00,1.000000000000000000e+00,-4.000000000000000000e+00,-3.000000000000000000e+00,-4.486083984375000000e-01,2.618408203125000000e-01,5.788574218750000000e-01,6.284790039062500000e-01
0.000000000000000000e+00,-1.000000000000000000e+00,-6.000000000000000000e+00,5.000000000000000000e+00,-9.000000000000000000e+00,-2.000000000000000000e+00,-4.000000000000000000e+00,-4.000000000000000000e+00,-4.486083984375000000e-01,2.618408203125000000e-01,5.788574218750000000e-01,6.284790039062500000e-01
-5.000000000000000000e+00,0.000000000000000000e+00,-5.000000000000000000e+00,-2.400000000000000000e+01,1.400000000000000000e+01,5.000000000000000000e+00,4.000000000000000000e+00,2.000000000000000000e+00,-4.486083984375000000e-01,2.618408203125000000e-01,5.788574218750000000e-01,6.284790039062500000e-01
1.000000000000000000e+00,2.000000000000000000e+00,8.000000000000000000e+00,1.700000000000000000e+01,0.000000000000000000e+00,0.000000000000000000e+00,2.000000000000000000e+00,0.000000000000000000e+00,-4.486083984375000000e-01,2.618408203125000000e-01,5.788574218750000000e-01,6.284790039062500000e-01
-3.000000000000000000e+00,1.000000000000000000e+00,5.000000000000000000e+00,1.200000000000000000e+01,-1.400000000000000000e+01,-4.000000000000000000e+00,-1.000000000000000000e+00,-1.000000000000000000e+00,-4.474487304687500000e-01,2.637939453125000000e-01,5.786743164062500000e-01,6.287231445312500000e-01
0.000000000000000000e+00,-4.000000000000000000e+00,-9.000000000000000000e+00,2.000000000000000000e+01,3.400000000000000000e+01,2.000000000000000000e+00,-1.000000000000000000e+00,0.000000000000000000e+00,-4.474487304687500000e-01,2.637939453125000000e-01,5.786743164062500000e-01,6.287231445312500000e-01
-2.000000000000000000e+00,1.000000000000000000e+00,-1.000000000000000000e+00,-3.500000000000000000e+01,-1.900000000000000000e+01,-2.000000000000000000e+00,3.000000000000000000e+00,0.000000000000000000e+00,-4.474487304687500000e-01,2.637939453125000000e-01,5.786743164062500000e-01,6.287231445312500000e-01
3.000000000000000000e+00,-2.000000000000000000e+00,1.100000000000000000e+01,-1.100000000000000000e+01,-1.100000000000000000e+01,-5.000000000000000000e+00,0.000000000000000000e+00,-1.000000000000000000e+00,-4.474487304687500000e-01,2.637939453125000000e-01,5.786743164062500000e-01,6.287231445312500000e-01
-5.000000000000000000e+00,0.000000000000000000e+00,-2.000000000000000000e+00,1.000000000000000000e+01,1.100000000000000000e+01,-2.000000000000000000e+00,0.000000000000000000e+00,-1.000000000000000000e+00,-4.463500976562500000e-01,2.647705078125000000e-01,5.789184570312500000e-01,6.288452148437500000e-01
4.000000000000000000e+00,-1.000000000000000000e+00,2.000000000000000000e+00,1.000000000000000000e+00,-8.000000000000000000e+00,3.000000000000000000e+00,-1.000000000000000000e+00,0.000000000000000000e+00,-4.463500976562500000e-01,2.647705078125000000e-01,5.789184570312500000e-01,6.288452148437500000e-01
-6.000000000000000000e+00,-7.000000000000000000e+00,-3.600000000000000000e+01,4.000000000000000000e+00,-7.000000000000000000e+00,-3.000000000000000000e+00,3.000000000000000000e+00,-3.000000000000000000e+00,-4.463500976562500000e-01,2.647705078125000000e-01,5.789184570312500000e-01,6.288452148437500000e-01
-1.000000000000000000e+00,-1.000000000000000000e+00,1.100000000000000000e+01,-3.000000000000000000e+00,9.000000000000000000e+00,8.000000000000000000e+00,2.000000000000000000e+00,-2.000000000000000000e+00,-4.463500976562500000e-01,2.647705078125000000e-01,5.789184570312500000e-01,6.288452148437500000e-01
0.000000000000000000e+00,0.000000000000000000e+00,-1.200000000000000000e+01,-1.100000000000000000e+01,-1.000000000000000000e+01,-6.000000000000000000e+00,-1.000000000000000000e+00,0.000000000000000000e+00,-4.458618164062500000e-01,2.635498046875000000e-01,5.801391601562500000e-01,6.286621093750000000e-01
3.000000000000000000e+00,3.000000000000000000e+00,9.000000000000000000e+00,1.000000000000000000e+01,-2.000000000000000000e+00,-5.000000000000000000e+00,7.000000000000000000e+00,0.000000000000000000e+00,-4.458618164062500000e-01,2.635498046875000000e-01,5.801391601562500000e-01,6.286621093750000000e-01
-4.000000000000000000e+00,-3.000000000000000000e+00,1.200000000000000000e+01,2.100000000000000000e+01,3.000000000000000000e+00,0.000000000000000000e+00,-1.100000000000000000e+01,-2.000000000000000000e+00,-4.458618164062500000e-01,2.635498046875000000e-01,5.801391601562500000e-01,6.286621093750000000e-01
-1.000000000000000000e+00,-1.000000000000000000e+00,-1.600000000000000000e+01,-3.300000000000000000e+01,-4.000000000000000000e+00,3.000000000000000000e+00,0.000000000000000000e+00,1.000000000000000000e+00,-4.458618164062500000e-01,2.635498046875000000e-01,5.801391601562500000e-01,6.286621093750000000e-01
-1.000000000000000000e+00,-3.000000000000000000e+00,9.000000000000000000e+00,9.000000000000000000e+00,3.000000000000000000e+00,1.000000000000000000e+00,-1.000000000000000000e+00,1.000000000000000000e+00,-4.464111328125000000e-01,2.607421875000000000e-01,5.812377929687500000e-01,6.283569335937500000e-01
0.000000000000000000e+00,-5.000000000000000000e+00,-1.900000000000000000e+01,-1.400000000000000000e+01,-4.000000000000000000e+00,-5.000000000000000000e+00,-6.000000000000000000e+00,-2.000000000000000000e+00,-4.464111328125000000e-01,2.607421875000000000e-01,5.812377929687500000e-01,6.283569335937500000e-01
0.000000000000000000e+00,6.000000000000000000e+00,1.200000000000000000e+01,6.000000000000000000e+00,8.000000000000000000e+00,5.000000000000000000e+00,8.000000000000000000e+00,1.000000000000000000e+00,-4.464111328125000000e-01,2.607421875000000000e-01,5.812377929687500000e-01,6.283569335937500000e-01
-3.000000000000000000e+00,-3.000000000000000000e+00,2.000000000000000000e+00,1.900000000000000000e+01,-1.000000000000000000e+00,-1.100000000000000000e+01,-5.000000000000000000e+00,-3.000000000000000000e+00,-4.464111328125000000e-01,2.607421875000000000e-01,5.812377929687500000e-01,6.283569335937500000e-01
-2.000000000000000000e+00,0.000000000000000000e+00,0.000000000000000000e+00,-1.000000000000000000e+00,1.000000000000000000e+00,2.000000000000000000e+00,-1.000000000000000000e+00,0.000000000000000000e+00,-4.464111328125000000e-01,2.587280273437500000e-01,5.812377929687500000e-01,6.292114257812500000e-01
0.000000000000000000e+00,0.000000000000000000e+00,2.000000000000000000e+01,6.000000000000000000e+00,4.000000000000000000e+00,1.000000000000000000e+00,0.000000000000000000e+00,-2.000000000000000000e+00,-4.464111328125000000e-01,2.587280273437500000e-01,5.812377929687500000e-01,6.292114257812500000e-01
-4.000000000000000000e+00,-4.000000000000000000e+00,-2.300000000000000000e+01,-3.200000000000000000e+01,-4.400000000000000000e+01,-1.400000000000000000e+01,-5.000000000000000000e+00,-4.000000000000000000e+00,-4.464111328125000000e-01,2.587280273437500000e-01,5.812377929687500000e-01,6.292114257812500000e-01
1.000000000000000000e+00,0.000000000000000000e+00,5.000000000000000000e+00,2.100000000000000000e+01,3.400000000000000000e+01,1.100000000000000000e+01,3.000000000000000000e+00,3.000000000000000000e+00,-4.464111328125000000e-01,2.587280273437500000e-01,5.812377929687500000e-01,6.292114257812500000e-01
0.000000000000000000e+00,-1.000000000000000000e+00,-1.800000000000000000e+01,-3.000000000000000000e+00,1.000000000000000000e+00,3.000000000000000000e+00,4.000000000000000000e+00,0.000000000000000000e+00,-4.454956054687500000e-01,2.581787109375000000e-01,5.807495117187500000e-01,6.304931640625000000e-01
-1.000000000000000000e+00,-1.000000000000000000e+00,1.500000000000000000e+01,2.900000000000000000e+01,3.000000000000000000e+00,-2.000000000000000000e+00,-3.000000000000000000e+00,-1.000000000000000000e+00,-4.454956054687500000e-01,2.581787109375000000e-01,5.807495117187500000e-01,6.304931640625000000e-01
0.000000000000000000e+00,-1.000000000000000000e+00,3.000000000000000000e+00,-2.200000000000000000e+01,-9.000000000000000000e+00,-4.000000000000000000e+00,-7.000000000000000000e+00,0.000000000000000000e+00,-4.454956054687500000e-01,2.581787109375000000e-01,5.807495117187500000e-01,6.304931640625000000e-01
1.000000000000000000e+00,-2.000000000000000000e+00,6.000000000000000000e+00,-8.000000000000000000e+00,-9.000000000000000000e+00,-5.000000000000000000e+00,4.000000000000000000e+00,-1.000000000000000000e+00,-4.454956054687500000e-01,2.581787109375000000e-01,5.807495117187500000e-01,6.304931640625000000e-01
-4.000000000000000000e+00,-4.000000000000000000e+00,-2.000000000000000000e+01,-4.000000000000000000e+00,1.000000000000000000e+00,4.000000000000000000e+00,1.000000000000000000e+01,0.000000000000000000e+00,-4.453125000000000000e-01,2.572631835937500000e-01,5.807495117187500000e-01,6.310424804687500000e-01
3.000000000000000000e+00,2.000000000000000000e+00,2.000000000000000000e+00,-5.000000000000000000e+00,-1.000000000000000000e+00,1.000000000000000000e+01,-6.000000000000000000e+00,2.000000000000000000e+00,-4.453125000000000000e-01,2.572631835937500000e-01,5.807495117187500000e-01,6.310424804687500000e-01
1.000000000000000000e+00,4.000000000000000000e+00,7.000000000000000000e+00,3.600000000000000000e+01,1.100000000000000000e+01,1.000000000000000000e+01,1.100000000000000000e+01,2.000000000000000000e+00,-4.453125000000000000e-01,2.572631835937500000e-01,5.807495117187500000e-01,6.310424804687500000e-01
1.000000000000000000e+00,-6.000000000000000000e+00,-3.300000000000000000e+01,-2.600000000000000000e+01,-1.100000000000000000e+01,-8.000000000000000000e+00,-4.000000000000000000e+00,-1.000000000000000000e+00,-4.453125000000000000e-01,2.572631835937500000e-01,5.807495117187500000e-01,6.310424804687500000e-01
-2.000000000000000000e+00,-3.000000000000000000e+00,-6.000000000000000000e+00,-9.000000000000000000e+00,-1.000000000000000000e+00,-5.000000000000000000e+00,-5.000000000000000000e+00,-1.000000000000000000e+00,-4.461669921875000000e-01,2.556152343750000000e-01,5.808105468750000000e-01,6.310424804687500000e-01
-2.000000000000000000e+00,-4.000000000000000000e+00,-3.000000000000000000e+00,1.100000000000000000e+01,-5.000000000000000000e+00,-9.000000000000000000e+00,-4.000000000000000000e+00,-5.000000000000000000e+00,-4.461669921875000000e-01,2.556152343750000000e-01,5.808105468750000000e-01,6.310424804687500000e-01
3.000000000000000000e+00,-1.000000000000000000e+00,-1.400000000000000000e+01,-2.900000000000000000e+01,-1.000000000000000000e+00,2.000000000000000000e+00,3.000000000000000000e+00,2.000000000000000000e+00,-4.461669921875000000e-01,2.556152343750000000e-01,5.808105468750000000e-01,6.310424804687500000e-01
-2.000000000000000000e+00,2.000000000000000000e+00,2.400000000000000000e+01,7.000000000000000000e+00,-5.000000000000000000e+00,-2.000000000000000000e+00,-3.000000000000000000e+00,0.000000000000000000e+00,-4.461669921875000000e-01,2.556152343750000000e-01,5.808105468750000000e-01,6.310424804687500000e-01
-1.000000000000000000e+00,2.000000000000000000e+00,2.000000000000000000e+00,-3.000000000000000000e+00,-1.200000000000000000e+01,-6.000000000000000000e+00,-4.000000000000000000e+00,-4.000000000000000000e+00,-4.472656250000000000e-01,2.550048828125000000e-01,5.799560546875000000e-01,6.312866210937500000e-01
0.000000000000000000e+00,-4.000000000000000000e+00,-4.300000000000000000e+01,5.000000000000000000e+00,1.700000000000000000e+01,4.000000000000000000e+00,0.000000000000000000e+00,-1.000000000000000000e+00,-4.472656250000000000e-01,2.550048828125000000e-01,5.799560546875000000e-01,6.312866210937500000e-01
-2.000000000000000000e+00,-1.000000000000000000e+00,2.000000000000000000e+01,2.200000000000000000e+01,1.500000000000000000e+01,4.000000000000000000e+00,1.000000000000000000e+00,0.000000000000000000e+00,-4.472656250000000000e-01,2.550048828125000000e-01,5.799560546875000000e-01,6.312866210937500000e-01
0.000000000000000000e+00,0.000000000000000000e+00,-2.000000000000000000e+00,0.000000000000000000e+00,-1.300000000000000000e+01,-5.000000000000000000e+00,0.000000000000000000e+00,-2.000000000000000000e+00,-4.472656250000000000e-01,2.550048828125000000e-01,5.799560546875000000e-01,6.312866210937500000e-01
-1.000000000000000000e+00,-1.000000000000000000e+00,5.000000000000000000e+00,-1.700000000000000000e+01,-4.000000000000000000e+00,1.000000000000000000e+00,0.000000000000000000e+00,0.000000000000000000e+00,-4.472045898437500000e-01,2.565307617187500000e-01,5.788574218750000000e-01,6.317138671875000000e-01
-1.000000000000000000e+00,-1.000000000000000000e+00,1.500000000000000000e+01,-1.100000000000000000e+01,-1.000000000000000000e+01,-7.000000000000000000e+00,-4.000000000000000000e+00,-1.000000000000000000e+00,-4.472045898437500000e-01,2.565307617187500000e-01,5.788574218750000000e-01,6.317138671875000000e-01
-4.000000000000000000e+00,0.000000000000000000e+00,5.000000000000000000e+00,6.000000000000000000e+00,-1.000000000000000000e+00,-5.000000000000000000e+00,-3.000000000000000000e+00,-3.000000000000000000e+00,-4.472045898437500000e-01,2.565307617187500000e-01,5.788574218750000000e-01,6.317138671875000000e-01
-3.000000000000000000e+00,-2.000000000000000000e+00,-1.100000000000000000e+01,-2.600000000000000000e+01,-2.000000000000000000e+00,-1.000000000000000000e+00,-1.000000000000000000e+00,-1.000000000000000000e+00,-4.472045898437500000e-01,2.565307617187500000e-01,5.788574218750000000e-01,6.317138671875000000e-01
-1.000000000000000000e+00,0.000000000000000000e+00,4.000000000000000000e+00,1.400000000000000000e+01,-4.000000000000000000e+00,-1.000000000000000000e+00,-4.000000000000000000e+00,1.000000000000000000e+00,-4.477539062500000000e-01,2.577514648437500000e-01,5.781860351562500000e-01,6.314697265625000000e-01
0.000000000000000000e+00,1.000000000000000000e+00,5.000000000000000000e+00,-1.800000000000000000e+01,-5.000000000000000000e+00,-7.000000000000000000e+00,-1.000000000000000000e+01,-2.000000000000000000e+00,-4.477539062500000000e-01,2.577514648437500000e-01,5.781860351562500000e-01,6.314697265625000000e-01
-3.000000000000000000e+00,-2.000000000000000000e+00,5.000000000000000000e+00,1.700000000000000000e+01,3.000000000000000000e+00,3.000000000000000000e+00,1.800000000000000000e+01,-1.000000000000000000e+00,-4.477539062500000000e-01,2.577514648437500000e-01,5.781860351562500000e-01,6.314697265625000000e-01
1.000000000000000000e+00,2.000000000000000000e+00,1.400000000000000000e+01,2.600000000000000000e+01,3.000000000000000000e+00,1.100000000000000000e+01,1.000000000000000000e+01,0.000000000000000000e+00,-4.477539062500000000e-01,2.577514648437500000e-01,5.781860351562500000e-01,6.314697265625000000e-01
0.000000000000000000e+00,-1.000000000000000000e+00,-1.700000000000000000e+01,-1.300000000000000000e+01,6.000000000000000000e+00,4.000000000000000000e+00,-4.000000000000000000e+00,-1.000000000000000000e+00,-4.483642578125000000e-01,2.584838867187500000e-01,5.782470703125000000e-01,6.306152343750000000e-01
-4.000000000000000000e+00,-6.000000000000000000e+00,-3.000000000000000000e+00,-4.000000000000000000e+00,1.000000000000000000e+00,-3.000000000000000000e+00,0.000000000000000000e+00,0.000000000000000000e+00,-4.483642578125000000e-01,2.584838867187500000e-01,5.782470703125000000e-01,6.306152343750000000e-01
1.000000000000000000e+00,1.000000000000000000e+00,-7.000000000000000000e+00,-4.000000000000000000e+00,3.000000000000000000e+00,-5.000000000000000000e+00,-8.000000000000000000e+00,0.000000000000000000e+00,-4.483642578125000000e-01,2.584838867187500000e-01,5.782470703125000000e-01,6.306152343750000000e-01
0.000000000000000000e+00,0.000000000000000000e+00,1.200000000000000000e+01,8.000000000000000000e+00,-2.000000000000000000e+00,-1.000000000000000000e+00,1.000000000000000000e+00,0.000000000000000000e+00,-4.483642578125000000e-01,2.584838867187500000e-01,5.782470703125000000e-01,6.306152343750000000e-01
1.000000000000000000e+00,-2.000000000000000000e+00,-1.000000000000000000e+00,-7.000000000000000000e+00,-2.000000000000000000e+00,-1.000000000000000000e+00,2.000000000000000000e+00,0.000000000000000000e+00,-4.492797851562500000e-01,2.592163085937500000e-01,5.781250000000000000e-01,6.298217773437500000e-01
-3.000000000000000000e+00,2.000000000000000000e+00,-9.000000000000000000e+00,-3.000000000000000000e+00,-3.000000000000000000e+00,-1.000000000000000000e+00,-2.000000000000000000e+00,-2.000000000000000000e+00,-4.492797851562500000e-01,2.592163085937500000e-01,5.781250000000000000e-01,6.298217773437500000e-01
0.000000000000000000e+00,-2.000000000000000000e+00,1.100000000000000000e+01,-1.500000000000000000e+01,-1.000000000000000000e+01,-3.000000000000000000e+00,-1.000000000000000000e+00,0.000000000000000000e+00,-4.492797851562500000e-01,2.592163085937500000e-01,5.781250000000000000e-01,6.298217773437500000e-01
-2.000000000000000000e+00,-1.000000000000000000e+00,-1.000000000000000000e+01,-1.000000000000000000e+01,-1.300000000000000000e+01,-6.000000000000000000e+00,-4.000000000000000000e+00,-3.000000000000000000e+00,-4.492797851562500000e-01,2.592163085937500000e-01,5.781250000000000000e-01,6.298217773437500000e-01
-2.000000000000000000e+00,-5.000000000000000000e+00,-1.100000000000000000e+01,2.300000000000000000e+01,3.000000000000000000e+01,3.000000000000000000e+00,-3.000000000000000000e+00,-1.000000000000000000e+00,-4.497070312500000000e-01,2.602539062500000000e-01,5.779418945312500000e-01,6.292724609375000000e-01
2.000000000000000000e+00,3.000000000000000000e+00,1.900000000000000000e+01,5.000000000000000000e+00,-1.000000000000000000e+00,1.000000000000000000e+00,1.000000000000000000e+00,-1.000000000000000000e+00,-4.497070312500000000e-01,2.602539062500000000e-01,5.779418945312500000e-01,6.292724609375000000e-01
-4.000000000000000000e+00,-3.000000000000000000e+00,2.000000000000000000e+00,-1.400000000000000000e+01,-1.300000000000000000e+01,-2.000000000000000000e+00,-1.000000000000000000e+00,0.000000000000000000e+00,-4.497070312500000000e-01,2.602539062500000000e-01,5.779418945312500000e-01,6.292724609375000000e-01
1.000000000000000000e+00,1.000000000000000000e+00,-3.800000000000000000e+01,-9.000000000000000000e+00,1.000000000000000000e+00,-4.000000000000000000e+00,-3.000000000000000000e+00,-1.000000000000000000e+00,-4.497070312500000000e-01,2.602539062500000000e-01,5.779418945312500000e-01,6.292724609375000000e-01
-1.000000000000000000e+00,-3.000000000000000000e+00,-3.000000000000000000e+00,-5.000000000000000000e+00,2.000000000000000000e+00,-3.000000000000000000e+00,-3.000000000000000000e+00,-1.000000000000000000e+00,-4.497070312500000000e-01,2.614135742187500000e-01,5.776367187500000000e-01,6.290893554687500000e-01
-2.000000000000000000e+00,-1.000000000000000000e+00,1.300000000000000000e+01,5.000000000000000000e+00,-2.000000000000000000e+00,2.000000000000000000e+00,3.000000000000000000e+00,1.000000000000000000e+00,-4.497070312500000000e-01,2.614135742187500000e-01,5.776367187500000000e-01,6.290893554687500000e-01
0.000000000000000000e+00,-2.000000000000000000e+00,-1.500000000000000000e+01,-1.000000000000000000e+01,2.000000000000000000e+00,-4.000000000000000000e+00,-6.000000000000000000e+00,-1.000000000000000000e+00,-4.497070312500000000e-01,2.614135742187500000e-01,5.776367187500000000e-01,6.290893554687500000e-01
0.000000000000000000e+00,-1.000000000000000000e+00,1.400000000000000000e+01,9.000000000000000000e+00,-4.000000000000000000e+00,-1.000000000000000000e+00,-7.000000000000000000e+00,-2.000000000000000000e+00,-4.497070312500000000e-01,2.614135742187500000e-01,5.776367187500000000e-01,6.290893554687500000e-01
-2.000000000000000000e+00,-1.000000000000000000e+00,-2.000000000000000000e+00,-5.000000000000000000e+00,-1.100000000000000000e+01,-7.000000000000000000e+00,2.000000000000000000e+00,1.000000000000000000e+00,-4.497070312500000000e-01,2.619628906250000000e-01,5.776367187500000000e-01,6.288452148437500000e-01
-4.000000000000000000e+00,-4.000000000000000000e+00,-9.000000000000000000e+00,-6.000000000000000000e+00,4.000000000000000000e+00,6.000000000000000000e+00,4.000000000000000000e+00,-4.000000000000000000e+00,-4.497070312500000000e-01,2.619628906250000000e-01,5.776367187500000000e-01,6.288452148437500000e-01
1.000000000000000000e+00,2.000000000000000000e+00,1.600000000000000000e+01,1.000000000000000000e+01,2.000000000000000000e+00,5.000000000000000000e+00,-1.000000000000000000e+00,-3.000000000000000000e+00,-4.497070312500000000e-01,2.619628906250000000e-01,5.776367187500000000e-01,6.288452148437500000e-01
-1.000000000000000000e+00,-3.000000000000000000e+00,1.000000000000000000e+00,1.500000000000000000e+01,3.000000000000000000e+00,-2.000000000000000000e+00,3.000000000000000000e+00,1.000000000000000000e+00,-4.497070312500000000e-01,2.619628906250000000e-01,5.776367187500000000e-01,6.288452148437500000e-01
0.000000000000000000e+00,0.000000000000000000e+00,3.000000000000000000e+00,-1.600000000000000000e+01,-5.000000000000000000e+00,1.000000000000000000e+00,0.000000000000000000e+00,0.000000000000000000e+00,-4.492187500000000000e-01,2.626953125000000000e-01,5.778198242187500000e-01,6.287231445312500000e-01
1.000000000000000000e+00,1.000000000000000000e+00,6.000000000000000000e+00,-1.100000000000000000e+01,-7.000000000000000000e+00,-9.000000000000000000e+00,-1.100000000000000000e+01,-3.000000000000000000e+00,-4.492187500000000000e-01,2.626953125000000000e-01,5.778198242187500000e-01,6.287231445312500000e-01
-4.000000000000000000e+00,-3.000000000000000000e+00,-4.000000000000000000e+00,1.400000000000000000e+01,3.000000000000000000e+00,1.000000000000000000e+00,-3.000000000000000000e+00,0.000000000000000000e+00,-4.492187500000000000e-01,2.626953125000000000e-01,5.778198242187500000e-01,6.287231445312500000e-01
-1.000000000000000000e+00,1.000000000000000000e+00,6.000000000000000000e+00,-3.500000000000000000e+01,-7.000000000000000000e+00,2.000000000000000000e+00,6.000000000000000000e+00,0.000000000000000000e+00,-4.492187500000000000e-01,2.626953125000000000e-01,5.778198242187500000e-01,6.287231445312500000e-01
-3.000000000000000000e+00,-3.000000000000000000e+00,-1.500000000000000000e+01,1.400000000000000000e+01,-4.000000000000000000e+00,-4.000000000000000000e+00,-7.000000000000000000e+00,-3.000000000000000000e+00,-4.484863281250000000e-01,2.634887695312500000e-01,5.777587890625000000e-01,6.289672851562500000e-01
0.000000000000000000e+00,0.000000000000000000e+00,-6.000000000000000000e+00,-2.200000000000000000e+01,2.000000000000000000e+00,0.000000000000000000e+00,3.000000000000000000e+00,3.000000000000000000e+00,-4.484863281250000000e-01,2.634887695312500000e-01,5.777587890625000000e-01,6.289672851562500000e-01
1.000000000000000000e+00,4.000000000000000000e+00,9.000000000000000000e+00,2.800000000000000000e+01,-4.000000000000000000e+00,-5.000000000000000000e+00,1.000000000000000000e+00,0.000000000000000000e+00,-4.484863281250000000e-01,2.634887695312500000e-01,5.777587890625000000e-01,6.289672851562500000e-01
1.000000000000000000e+00,-4.000000000000000000e+00,-1.200000000000000000e+01,-7.000000000000000000e+00,1.200000000000000000e+01,3.000000000000000000e+00,-3.000000000000000000e+00,0.000000000000000000e+00,-4.484863281250000000e-01,2.634887695312500000e-01,5.777587890625000000e-01,6.289672851562500000e-01
-3.000000000000000000e+00,3.000000000000000000e+00,2.400000000000000000e+01,-5.000000000000000000e+00,-1.800000000000000000e+01,-4.000000000000000000e+00,1.000000000000000000e+00,-2.000000000000000000e+00,-4.476318359375000000e-01,2.644653320312500000e-01,5.776977539062500000e-01,6.292114257812500000e-01
-4.000000000000000000e+00,-8.000000000000000000e+00,-2.100000000000000000e+01,-7.000000000000000000e+00,2.000000000000000000e+00,-2.000000000000000000e+00,-2.000000000000000000e+00,-2.000000000000000000e+00,-4.476318359375000000e-01,2.644653320312500000e-01,5.776977539062500000e-01,6.292114257812500000e-01
0.000000000000000000e+00,3.000000000000000000e+00,-6.000000000000000000e+00,0.000000000000000000e+00,-6.000000000000000000e+00,0.000000000000000000e+00,-1.000000000000000000e+00,-1.000000000000000000e+00,-4.476318359375000000e-01,2.644653320312500000e-01,5.776977539062500000e-01,6.292114257812500000e-01
-4.000000000000000000e+00,-3.000000000000000000e+00,4.000000000000000000e+00,-4.000000000000000000e+00,-1.200000000000000000e+01,-9.000000000000000000e+00,-6.000000000000000000e+00,-4.000000000000000000e+00,-4.476318359375000000e-01,2.644653320312500000e-01,5.776977539062500000e-01,6.292114257812500000e-01
-1.000000000000000000e+00,-1.000000000000000000e+00,4.000000000000000000e+00,7.000000000000000000e+00,5.000000000000000000e+00,-1.000000000000000000e+00,-6.000000000000000000e+00,-2.000000000000000000e+00,-4.470214843750000000e-01,2.651367187500000000e-01,5.775146484375000000e-01,6.295776367187500000e-01
1.000000000000000000e+00,2.000000000000000000e+00,-6.000000000000000000e+00,6.000000000000000000e+00,5.000000000000000000e+00,-1.000000000000000000e+00,1.200000000000000000e+01,-1.000000000000000000e+00,-4.470214843750000000e-01,2.651367187500000000e-01,5.775146484375000000e-01,6.295776367187500000e-01
0.000000000000000000e+00,-1.000000000000000000e+00,-6.000000000000000000e+00,-2.000000000000000000e+00,6.000000000000000000e+00,8.000000000000000000e+00,-2.400000000000000000e+01,-1.000000000000000000e+00,-4.470214843750000000e-01,2.651367187500000000e-01,5.775146484375000000e-01,6.295776367187500000e-01
-1.000000000000000000e+00,-3.000000000000000000e+00,-1.000000000000000000e+00,0.000000000000000000e+00,-5.000000000000000000e+00,-3.000000000000000000e+00,1.700000000000000000e+01,4.000000000000000000e+00,-4.470214843750000000e-01,2.651367187500000000e-01,5.775146484375000000e-01,6.295776367187500000e-01
0.000000000000000000e+00,0.000000000000000000e+00,1.000000000000000000e+00,-7.000000000000000000e+00,-2.000000000000000000e+00,2.300000000000000000e+01,9.000000000000000000e+00,1.000000000000000000e+00,-4.465332031250000000e-01,2.653198242187500000e-01,5.771484375000000000e-01,6.301269531250000000e-01
2.000000000000000000e+00,-2.000000000000000000e+00,-7.000000000000000000e+00,7.000000000000000000e+00,1.000000000000000000e+00,4.000000000000000000e+00,-3.000000000000000000e+00,0.000000000000000000e+00,-4.465332031250000000e-01,2.653198242187500000e-01,5.771484375000000000e-01,6.301269531250000000e-01
-2.000000000000000000e+00,-1.000000000000000000e+00,8.000000000000000000e+00,-3.000000000000000000e+00,-4.000000000000000000e+00,-9.000000000000000000e+00,8.000000000000000000e+00,1.000000000000000000e+00,-4.465332031250000000e-01,2.653198242187500000e-01,5.771484375000000000e-01,6.301269531250000000e-01
2.000000000000000000e+00,2.000000000000000000e+00,7.000000000000000000e+00,7.000000000000000000e+00,0.000000000000000000e+00,-7.000000000000000000e+00,-1.500000000000000000e+01,0.000000000000000000e+00,-4.465332031250000000e-01,2.653198242187500000e-01,5.771484375000000000e-01,6.301269531250000000e-01
-4.000000000000000000e+00,-7.000000000000000000e+00,-1.600000000000000000e+01,9.000000000000000000e+00,9.000000000000000000e+00,-9.000000000000000000e+00,-1.300000000000000000e+01,-2.000000000000000000e+00,-4.458007812500000000e-01,2.657470703125000000e-01,5.766601562500000000e-01,6.309204101562500000e-01
0.000000000000000000e+00,3.000000000000000000e+00,1.100000000000000000e+01,-1.200000000000000000e+01,-1.200000000000000000e+01,-2.000000000000000000e+00,5.000000000000000000e+00,1.000000000000000000e+00,-4.458007812500000000e-01,2.657470703125000000e-01,5.766601562500000000e-01,6.309204101562500000e-01
-4.000000000000000000e+00,-5.000000000000000000e+00,-1.100000000000000000e+01,-2.200000000000000000e+01,-1.000000000000000000e+01,-2.000000000000000000e+00,-3.000000000000000000e+00,-4.000000000000000000e+00,-4.458007812500000000e-01,2.657470703125000000e-01,5.766601562500000000e-01,6.309204101562500000e-01
-1.000000000000000000e+00,1.000000000000000000e+00,9.000000000000000000e+00,2.700000000000000000e+01,1.400000000000000000e+01,0.000000000000000000e+00,-8.000000000000000000e+00,-2.000000000000000000e+00,-4.458007812500000000e-01,2.657470703125000000e-01,5.766601562500000000e-01,6.309204101562500000e-01
1.000000000000000000e+00,-1.000000000000000000e+00,-1.300000000000000000e+01,2.000000000000000000e+00,-4.000000000000000000e+00,-6.000000000000000000e+00,3.000000000000000000e+00,0.000000000000000000e+00,-4.451293945312500000e-01,2.667846679687500000e-01,5.758666992187500000e-01,6.317138671875000000e-01
-4.000000000000000000e+00,-1.000000000000000000e+00,7.000000000000000000e+00,-9.000000000000000000e+00,-4.000000000000000000e+00,1.000000000000000000e+00,-5.000000000000000000e+00,-1.000000000000000000e+00,-4.451293945312500000e-01,2.667846679687500000e-01,5.758666992187500000e-01,6.317138671875000000e-01
2.000000000000000000e+00,3.000000000000000000e+00,1.900000000000000000e+01,1.700000000000000000e+01,1.100000000000000000e+01,-2.000000000000000000e+00,1.000000000000000000e+00,0.000000000000000000e+00,-4.451293945312500000e-01,2.667846679687500000e-01,5.758666992187500000e-01,6.317138671875000000e-01
-3.000000000000000000e+00,-4.000000000000000000e+00,-2.700000000000000000e+01,-3.800000000000000000e+01,-1.000000000000000000e+01,-1.000000000000000000e+00,-8.000000000000000000e+00,-4.000000000000000000e+00,-4.451293945312500000e-01,2.667846679687500000e-01,5.758666992187500000e-01,6.317138671875000000e-01
1.000000000000000000e+00,0.000000000000000000e+00,9.000000000000000000e+00,-1.000000000000000000e+00,0.000000000000000000e+00,1.000000000000000000e+00,1.300000000000000000e+01,3.000000000000000000e+00,-4.445190429687500000e-01,2.677612304687500000e-01,5.750732421875000000e-01,6.323852539062500000e-01
1.000000000000000000e+00,2.000000000000000000e+00,-2.000000000000000000e+00,-1.000000000000000000e+00,-6.000000000000000000e+00,7.000000000000000000e+00,5.000000000000000000e+00,0.000000000000000000e+00,-4.445190429687500000e-01,2.677612304687500000e-01,5.750732421875000000e-01,6.323852539062500000e-01
-1.000000000000000000e+00,-2.000000000000000000e+00,-1.000000000000000000e+00,-1.000000000000000000e+00,2.000000000000000000e+00,1.800000000000000000e+01,2.100000000000000000e+01,3.000000000000000000e+00,-4.445190429687500000e-01,2.677612304687500000e-01,5.750732421875000000e-01,6.323852539062500000e-01
1.000000000000000000e+00,3.000000000000000000e+00,1.000000000000000000e+01,1.400000000000000000e+01,3.000000000000000000e+00,0.000000000000000000e+00,-1.000000000000000000e+01,0.000000000000000000e+00,-4.445190429687500000e-01,2.677612304687500000e-01,5.750732421875000000e-01,6.323852539062500000e-01
-2.000000000000000000e+00,-6.000000000000000000e+00,-1.300000000000000000e+01,-1.100000000000000000e+01,-8.000000000000000000e+00,-8.000000000000000000e+00,-1.200000000000000000e+01,-5.000000000000000000e+00,-4.445800781250000000e-01,2.681884765625000000e-01,5.745239257812500000e-01,6.326904296875000000e-01
-2.000000000000000000e+00,0.000000000000000000e+00,5.000000000000000000e+00,0.000000000000000000e+00,0.000000000000000000e+00,-8.000000000000000000e+00,2.000000000000000000e+00,-2.000000000000000000e+00,-4.445800781250000000e-01,2.681884765625000000e-01,5.745239257812500000e-01,6.326904296875000000e-01
1.000000000000000000e+00,0.000000000000000000e+00,1.000000000000000000e+00,9.000000000000000000e+00,5.000000000000000000e+00,0.000000000000000000e+00,4.000000000000000000e+00,1.000000000000000000e+00,-4.445800781250000000e-01,2.681884765625000000e-01,5.745239257812500000e-01,6.326904296875000000e-01
0.000000000000000000e+00,0.000000000000000000e+00,0.000000000000000000e+00,-6.000000000000000000e+00,4.000000000000000000e+00,4.000000000000000000e+00,6.000000000000000000e+00,-1.000000000000000000e+00,-4.445800781250000000e-01,2.681884765625000000e-01,5.745239257812500000e-01,6.326904296875000000e-01
1.000000000000000000e+00,3.000000000000000000e+00,2.100000000000000000e+01,4.000000000000000000e+00,1.300000000000000000e+01,-1.000000000000000000e+00,-5.000000000000000000e+00,1.000000000000000000e+00,-4.449462890625000000e-01,2.683105468750000000e-01,5.742797851562500000e-01,6.325683593750000000e-01
-2.000000000000000000e+00,-2.000000000000000000e+00,-3.000000000000000000e+00,2.200000000000000000e+01,-6.000000000000000000e+00,-3.000000000000000000e+00,-9.000000000000000000e+00,-1.000000000000000000e+00,-4.449462890625000000e-01,2.683105468750000000e-01,5.742797851562500000e-01,6.325683593750000000e-01
-2.000000000000000000e+00,-5.000000000000000000e+00,-1.300000000000000000e+01,-3.200000000000000000e+01,-1.600000000000000000e+01,-8.000000000000000000e+00,-4.000000000000000000e+00,-2.000000000000000000e+00,-4.449462890625000000e-01,2.683105468750000000e-01,5.742797851562500000e-01,6.325683593750000000e-01
-2.000000000000000000e+00,-2.000000000000000000e+00,-4.000000000000000000e+00,1.000000000000000000e+00,-9.000000000000000000e+00,-3.000000000000000000e+00,0.000000000000000000e+00,-2.000000000000000000e+00,-4.449462890625000000e-01,2.683105468750000000e-01,5.742797851562500000e-01,6.325683593750000000e-01
1.000000000000000000e+00,2.000000000000000000e+00,1.000000000000000000e+00,1.000000000000000000e+01,1.600000000000000000e+01,4.000000000000000000e+00,-1.000000000000000000e+00,0.000000000000000000e+00,-4.452514648437500000e-01,2.687377929687500000e-01,5.742797851562500000e-01,6.322631835937500000e-01
-1.000000000000000000e+00,1.000000000000000000e+00,1.500000000000000000e+01,-1.000000000000000000e+00,2.000000000000000000e+00,1.000000000000000000e+00,-2.000000000000000000e+00,-1.000000000000000000e+00,-4.452514648437500000e-01,2.687377929687500000e-01,5.742797851562500000e-01,6.322631835937500000e-01
-1.000000000000000000e+00,-2.000000000000000000e+00,1.000000000000000000e+00,2.100000000000000000e+01,0.000000000000000000e+00,-1.600000000000000000e+01,-1.800000000000000000e+01,-4.000000000000000000e+00,-4.452514648437500000e-01,2.687377929687500000e-01,5.742797851562500000e-01,6.322631835937500000e-01
0.000000000000000000e+00,-1.000000000000000000e+00,-1.600000000000000000e+01,-1.700000000000000000e+01,-1.600000000000000000e+01,1.900000000000000000e+01,2.300000000000000000e+01,5.000000000000000000e+00,-4.452514648437500000e-01,2.687377929687500000e-01,5.742797851562500000e-01,6.322631835937500000e-01
-1.000000000000000000e+00,-3.000000000000000000e+00,-4.000000000000000000e+00,0.000000000000000000e+00,3.000000000000000000e+00,-4.000000000000000000e+00,2.000000000000000000e+00,-3.000000000000000000e+00,-4.451293945312500000e-01,2.692260742187500000e-01,5.745239257812500000e-01,6.318359375000000000e-01
3.000000000000000000e+00,0.000000000000000000e+00,-3.000000000000000000e+00,3.000000000000000000e+00,-1.000000000000000000e+00,8.000000000000000000e+00,-5.000000000000000000e+00,4.000000000000000000e+00,-4.451293945312500000e-01,2.692260742187500000e-01,5.745239257812500000e-01,6.318359375000000000e-01
-2.000000000000000000e+00,-2.000000000000000000e+00,-3.000000000000000000e+00,-8.000000000000000000e+00,-4.000000000000000000e+00,-1.000000000000000000e+01,-4.000000000000000000e+00,-4.000000000000000000e+00,-4.451293945312500000e-01,2.692260742187500000e-01,5.745239257812500000e-01,6.318359375000000000e-01
-2.000000000000000000e+00,-2.000000000000000000e+00,1.000000000000000000e+00,5.000000000000000000e+00,5.000000000000000000e+00,-3.000000000000000000e+00,3.000000000000000000e+00,-1.000000000000000000e+00,-4.451293945312500000e-01,2.692260742187500000e-01,5.745239257812500000e-01,6.318359375000000000e-01
-3.000000000000000000e+00,-3.000000000000000000e+00,3.000000000000000000e+00,3.000000000000000000e+00,-5.000000000000000000e+00,9.000000000000000000e+00,1.800000000000000000e+01,-1.000000000000000000e+00,-4.447021484375000000e-01,2.700805664062500000e-01,5.749511718750000000e-01,6.314086914062500000e-01
-1.000000000000000000e+00,-4.000000000000000000e+00,-1.000000000000000000e+00,6.000000000000000000e+00,-3.000000000000000000e+00,1.000000000000000000e+00,-3.000000000000000000e+00,0.000000000000000000e+00,-4.447021484375000000e-01,2.700805664062500000e-01,5.749511718750000000e-01,6.314086914062500000e-01
0.000000000000000000e+00,0.000000000000000000e+00,-7.000000000000000000e+00,-1.700000000000000000e+01,2.100000000000000000e+01,1.000000000000000000e+00,-6.000000000000000000e+00,1.000000000000000000e+00,-4.447021484375000000e-01,2.700805664062500000e-01,5.749511718750000000e-01,6.314086914062500000e-01
-1.000000000000000000e+00,-2.000000000000000000e+00,9.000000000000000000e+00,0.000000000000000000e+00,-3.000000000000000000e+00,-1.100000000000000000e+01,-7.000000000000000000e+00,-5.000000000000000000e+00,-4.447021484375000000e-01,2.700805664062500000e-01,5.749511718750000000e-01,6.314086914062500000e-01
0.000000000000000000e+00,0.000000000000000000e+00,-1.700000000000000000e+01,-1.900000000000000000e+01,-1.000000000000000000e+01,-2.000000000000000000e+00,-2.000000000000000000e+00,-3.000000000000000000e+00,-4.442138671875000000e-01,2.716064453125000000e-01,5.751953125000000000e-01,6.308593750000000000e-01
-1.000000000000000000e+00,-1.000000000000000000e+00,0.000000000000000000e+00,2.000000000000000000e+01,1.500000000000000000e+01,-4.000000000000000000e+00,-5.000000000000000000e+00,-1.000000000000000000e+00,-4.442138671875000000e-01,2.716064453125000000e-01,5.751953125000000000e-01,6.308593750000000000e-01
1.000000000000000000e+00,1.000000000000000000e+00,1.700000000000000000e+01,9.000000000000000000e+00,-4.000000000000000000e+00,2.000000000000000000e+00,4.000000000000000000e+00,1.000000000000000000e+00,-4.442138671875000000e-01,2.716064453125000000e-01,5.751953125000000000e-01,6.308593750000000000e-01
1.000000000000000000e+00,1.000000000000000000e+00,3.000000000000000000e+00,1.300000000000000000e+01,-1.000000000000000000e+00,-2.000000000000000000e+00,-2.000000000000000000e+00,-2.000000000000000000e+00,-4.442138671875000000e-01,2.716064453125000000e-01,5.751953125000000000e-01,6.308593750000000000e-01
-2.000000000000000000e+00,-1.000000000000000000e+00,-6.000000000000000000e+00,-1.900000000000000000e+01,7.000000000000000000e+00,-1.000000000000000000e+00,-5.000000000000000000e+00,1.000000000000000000e+00,-4.434814453125000000e-01,2.735595703125000000e-01,5.753784179687500000e-01,6.303710937500000000e-01
-2.000000000000000000e+00,-3.000000000000000000e+00,-3.000000000000000000e+00,-5.000000000000000000e+00,-8.000000000000000000e+00,-4.000000000000000000e+00,-2.000000000000000000e+00,-3.000000000000000000e+00,-4.434814453125000000e-01,2.735595703125000000e-01,5.753784179687500000e-01,6.303710937500000000e-01
1.000000000000000000e+00,-1.000000000000000000e+00,4.000000000000000000e+00,1.000000000000000000e+00,4.000000000000000000e+00,1.000000000000000000e+00,3.000000000000000000e+00,0.000000000000000000e+00,-4.434814453125000000e-01,2.735595703125000000e-01,5.753784179687500000e-01,6.303710937500000000e-01
-2.000000000000000000e+00,-2.000000000000000000e+00,-1.200000000000000000e+01,-5.000000000000000000e+00,2.000000000000000000e+00,-4.000000000000000000e+00,-3.000000000000000000e+00,-2.000000000000000000e+00,-4.434814453125000000e-01,2.735595703125000000e-01,5.753784179687500000e-01,6.303710937500000000e-01
-2.000000000000000000e+00,2.000000000000000000e+00,1.300000000000000000e+01,2.100000000000000000e+01,-1.500000000000000000e+01,-9.000000000000000000e+00,-1.000000000000000000e+01,-2.000000000000000000e+00,-4.425048828125000000e-01,2.752075195312500000e-01,5.759887695312500000e-01,6.297607421875000000e-01
-1.000000000000000000e+00,-3.000000000000000000e+00,-5.000000000000000000e+00,-2.500000000000000000e+01,-3.000000000000000000e+00,-4.000000000000000000e+00,1.000000000000000000e+00,0.000000000000000000e+00,-4.425048828125000000e-01,2.752075195312500000e-01,5.759887695312500000e-01,6.297607421875000000e-01
-6.000000000000000000e+00,-4.000000000000000000e+00,1.000000000000000000e+00,2.000000000000000000e+00,-3.000000000000000000e+00,3.000000000000000000e+00,5.000000000000000000e+00,-4.000000000000000000e+00,-4.425048828125000000e-01,2.752075195312500000e-01,5.759887695312500000e-01,6.297607421875000000e-01
0.000000000000000000e+00,0.000000000000000000e+00,4.000000000000000000e+00,-1.000000000000000000e+00,-8.000000000000000000e+00,-1.200000000000000000e+01,-1.600000000000000000e+01,-2.000000000000000000e+00,-4.425048828125000000e-01,2.752075195312500000e-01,5.759887695312500000e-01,6.297607421875000000e-01
0.000000000000000000e+00,-1.000000000000000000e+00,-5.000000000000000000e+00,4.000000000000000000e+00,7.000000000000000000e+00,5.000000000000000000e+00,8.000000000000000000e+00,2.000000000000000000e+00,-4.422607421875000000e-01,2.757568359375000000e-01,5.771484375000000000e-01,6.286621093750000000e-01
2.000000000000000000e+00,2.000000000000000000e+00,-2.000000000000000000e+00,8.000000000000000000e+00,5.000000000000000000e+00,5.000000000000000000e+00,5.000000000000000000e+00,0.000000000000000000e+00,-4.422607421875000000e-01,2.757568359375000000e-01,5.771484375000000000e-01,6.286621093750000000e-01
-2.000000000000000000e+00,-6.000000000000000000e+00,-1.000000000000000000e+00,6.000000000000000000e+00,-1.000000000000000000e+00,0.000000000000000000e+00,-1.800000000000000000e+01,-2.000000000000000000e+00,-4.422607421875000000e-01,2.757568359375000000e-01,5.771484375000000000e-01,6.286621093750000000e-01
-2.000000000000000000e+00,-1.000000000000000000e+00,5.000000000000000000e+00,-9.000000000000000000e+00,0.000000000000000000e+00,1.000000000000000000e+01,2.200000000000000000e+01,3.000000000000000000e+00,-4.422607421875000000e-01,2.757568359375000000e-01,5.771484375000000000e-01,6.286621093750000000e-01
-1.000000000000000000e+00,0.000000000000000000e+00,8.000000000000000000e+00,1.000000000000000000e+01,1.000000000000000000e+00,-1.000000000000000000e+01,-4.000000000000000000e+00,-1.000000000000000000e+00,-4.422607421875000000e-01,2.754516601562500000e-01,5.782470703125000000e-01,6.277465820312500000e-01
-2.000000000000000000e+00,-2.000000000000000000e+00,-7.000000000000000000e+00,-7.000000000000000000e+00,0.000000000000000000e+00,-2.000000000000000000e+00,0.000000000000000000e+00,-2.000000000000000000e+00,-4.422607421875000000e-01,2.754516601562500000e-01,5.782470703125000000e-01,6.277465820312500000e-01
-2.000000000000000000e+00,-2.000000000000000000e+00,-1.200000000000000000e+01,-2.900000000000000000e+01,-1.000000000000000000e+01,-4.000000000000000000e+00,-5.000000000000000000e+00,-1.000000000000000000e+00,-4.422607421875000000e-01,2.754516601562500000e-01,5.782470703125000000e-01,6.277465820312500000e-01
0.000000000000000000e+00,-2.000000000000000000e+00,-1.000000000000000000e+00,1.800000000000000000e+01,1.600000000000000000e+01,0.000000000000000000e+00,-5.000000000000000000e+00,2.000000000000000000e+00,-4.422607421875000000e-01,2.754516601562500000e-01,5.782470703125000000e-01,6.277465820312500000e-01
1.000000000000000000e+00,2.000000000000000000e+00,2.300000000000000000e+01,1.100000000000000000e+01,-7.000000000000000000e+00,-1.000000000000000000e+00,-2.000000000000000000e+00,-3.000000000000000000e+00,-4.422607421875000000e-01,2.753906250000000000e-01,5.787963867187500000e-01,6.272583007812500000e-01
0.000000000000000000e+00,-4.000000000000000000e+00,-2.400000000000000000e+01,-2.600000000000000000e+01,-1.300000000000000000e+01,-5.000000000000000000e+00,-1.000000000000000000e+00,-2.000000000000000000e+00,-4.422607421875000000e-01,2.753906250000000000e-01,5.787963867187500000e-01,6.272583007812500000e-01
0.000000000000000000e+00,1.000000000000000000e+00,1.000000000000000000e+00,1.900000000000000000e+01,9.000000000000000000e+00,2.000000000000000000e+00,3.000000000000000000e+00,-1.000000000000000000e+00,-4.422607421875000000e-01,2.753906250000000000e-01,5.787963867187500000e-01,6.272583007812500000e-01
-3.000000000000000000e+00,-3.000000000000000000e+00,-2.000000000000000000e+00,6.000000000000000000e+00,-6.000000000000000000e+00,0.000000000000000000e+00,-2.000000000000000000e+00,-3.000000000000000000e+00,-4.422607421875000000e-01,2.753906250000000000e-01,5.787963867187500000e-01,6.272583007812500000e-01
1.000000000000000000e+00,-2.000000000000000000e+00,-1.500000000000000000e+01,-4.200000000000000000e+01,-7.000000000000000000e+00,-2.000000000000000000e+00,-1.000000000000000000e+00,-2.000000000000000000e+00,-4.415283203125000000e-01,2.759399414062500000e-01,5.789794921875000000e-01,6.273803710937500000e-01
-1.000000000000000000e+00,1.000000000000000000e+00,1.500000000000000000e+01,1.400000000000000000e+01,-6.000000000000000000e+00,-4.000000000000000000e+00,-7.000000000000000000e+00,-5.000000000000000000e+00,-4.415283203125000000e-01,2.759399414062500000e-01,5.789794921875000000e-01,6.273803710937500000e-01
-2.000000000000000000e+00,-1.000000000000000000e+00,-1.700000000000000000e+01,-6.000000000000000000e+00,-5.000000000000000000e+00,-1.000000000000000000e+00,4.000000000000000000e+00,-2.000000000000000000e+00,-4.415283203125000000e-01,2.759399414062500000e-01,5.789794921875000000e-01,6.273803710937500000e-01
-3.000000000000000000e+00,-1.000000000000000000e+00,-2.000000000000000000e+00,6.000000000000000000e+00,-4.000000000000000000e+00,-5.000000000000000000e+00,-9.000000000000000000e+00,-2.000000000000000000e+00,-4.415283203125000000e-01,2.759399414062500000e-01,5.789794921875000000e-01,6.273803710937500000e-01
-3.000000000000000000e+00,-4.000000000000000000e+00,-2.000000000000000000e+00,3.000000000000000000e+00,-4.000000000000000000e+00,-4.000000000000000000e+00,3.000000000000000000e+00,-2.000000000000000000e+00,-4.406127929687500000e-01,2.763061523437500000e-01,5.791625976562500000e-01,6.276855468750000000e-01
-1.000000000000000000e+00,1.000000000000000000e+00,-1.200000000000000000e+01,-2.200000000000000000e+01,-2.000000000000000000e+00,-4.000000000000000000e+00,-5.000000000000000000e+00,-3.000000000000000000e+00,-4.406127929687500000e-01,2.763061523437500000e-01,5.791625976562500000e-01,6.276855468750000000e-01
0.000000000000000000e+00,-4.000000000000000000e+00,-1.000000000000000000e+01,-3.000000000000000000e+00,-3.000000000000000000e+00,-4.000000000000000000e+00,-1.200000000000000000e+01,-1.000000000000000000e+00,-4.406127929687500000e-01,2.763061523437500000e-01,5.791625976562500000e-01,6.276855468750000000e-01
-1.000000000000000000e+00,-2.000000000000000000e+00,1.300000000000000000e+01,0.000000000000000000e+00,8.000000000000000000e+00,1.100000000000000000e+01,4.000000000000000000e+00,-2.000000000000000000e+00,-4.406127929687500000e-01,2.763061523437500000e-01,5.791625976562500000e-01,6.276855468750000000e-01
0.000000000000000000e+00,-2.000000000000000000e+00,-1.600000000000000000e+01,7.000000000000000000e+00,3.000000000000000000e+00,6.000000000000000000e+00,2.000000000000000000e+00,1.000000000000000000e+00,-4.401855468750000000e-01,2.761230468750000000e-01,5.797119140625000000e-01,6.276245117187500000e-01
0.000000000000000000e+00,0.000000000000000000e+00,2.300000000000000000e+01,-3.000000000000000000e+00,-2.000000000000000000e+00,-1.000000000000000000e+00,-3.000000000000000000e+00,-2.000000000000000000e+00,-4.401855468750000000e-01,2.761230468750000000e-01,5.797119140625000000e-01,6.276245117187500000e-01
-2.000000000000000000e+00,-2.000000000000000000e+00,-3.000000000000000000e+00,6.000000000000000000e+00,-5.000000000000000000e+00,-7.000000000000000000e+00,-1.100000000000000000e+01,0.000000000000000000e+00,-4.401855468750000000e-01,2.761230468750000000e-01,5.797119140625000000e-01,6.276245117187500000e-01
-1.000000000000000000e+00,-2.000000000000000000e+00,-3.000000000000000000e+00,-2.500000000000000000e+01,-1.800000000000000000e+01,-1.000000000000000000e+01,2.000000000000000000e+00,-5.000000000000000000e+00,-4.401855468750000000e-01,2.761230468750000000e-01,5.797119140625000000e-01,6.276245117187500000e-01
1.000000000000000000e+00,1.000000000000000000e+00,-9.000000000000000000e+00,9.000000000000000000e+00,9.000000000000000000e+00,2.000000000000000000e+00,-5.000000000000000000e+00,0.000000000000000000e+00,-4.403686523437500000e-01,2.755737304687500000e-01,5.801391601562500000e-01,6.273193359375000000e-01
0.000000000000000000e+00,-2.000000000000000000e+00,2.000000000000000000e+00,-8.000000000000000000e+00,2.000000000000000000e+00,2.000000000000000000e+00,5.000000000000000000e+00,1.000000000000000000e+00,-4.403686523437500000e-01,2.755737304687500000e-01,5.801391601562500000e-01,6.273193359375000000e-01
3.000000000000000000e+00,3.000000000000000000e+00,1.000000000000000000e+01,2.400000000000000000e+01,6.000000000000000000e+00,2.000000000000000000e+00,2.000000000000000000e+00,2.000000000000000000e+00,-4.403686523437500000e-01,2.755737304687500000e-01,5.801391601562500000e-01,6.273193359375000000e-01
-1.000000000000000000e+00,2.000000000000000000e+00,-5.000000000000000000e+00,-1.800000000000000000e+01,-7.000000000000000000e+00,-3.000000000000000000e+00,-4.000000000000000000e+00,0.000000000000000000e+00,-4.403686523437500000e-01,2.755737304687500000e-01,5.801391601562500000e-01,6.273193359375000000e-01
-3.000000000000000000e+00,-5.000000000000000000e+00,-2.400000000000000000e+01,-1.500000000000000000e+01,-7.000000000000000000e+00,-3.000000000000000000e+00,-3.000000000000000000e+00,-1.000000000000000000e+00,-4.403076171875000000e-01,2.755737304687500000e-01,5.801391601562500000e-01,6.273193359375000000e-01
-2.000000000000000000e+00,-1.000000000000000000e+00,-5.000000000000000000e+00,0.000000000000000000e+00,-1.200000000000000000e+01,-4.000000000000000000e+00,-2.000000000000000000e+00,-1.000000000000000000e+00,-4.403076171875000000e-01,2.755737304687500000e-01,5.801391601562500000e-01,6.273193359375000000e-01
-1.000000000000000000e+00,-1.000000000000000000e+00,1.000000000000000000e+01,-1.000000000000000000e+00,1.200000000000000000e+01,7.000000000000000000e+00,9.000000000000000000e+00,0.000000000000000000e+00,-4.403076171875000000e-01,2.755737304687500000e-01,5.801391601562500000e-01,6.273193359375000000e-01
1.000000000000000000e+00,1.000000000000000000e+00,-1.000000000000000000e+01,5.000000000000000000e+00,6.000000000000000000e+00,0.000000000000000000e+00,-1.000000000000000000e+00,-1.000000000000000000e+00,-4.403076171875000000e-01,2.755737304687500000e-01,5.801391601562500000e-01,6.273193359375000000e-01
0.000000000000000000e+00,-1.000000000000000000e+00,6.000000000000000000e+00,-4.000000000000000000e+00,-3.000000000000000000e+00,-3.000000000000000000e+00,-4.000000000000000000e+00,-2.000000000000000000e+00,-4.397583007812500000e-01,2.758789062500000000e-01,5.799560546875000000e-01,6.277465820312500000e-01
0.000000000000000000e+00,-1.000000000000000000e+00,7.000000000000000000e+00,1.200000000000000000e+01,-1.000000000000000000e+00,-5.000000000000000000e+00,-5.000000000000000000e+00,0.000000000000000000e+00,-4.397583007812500000e-01,2.758789062500000000e-01,5.799560546875000000e-01,6.277465820312500000e-01
-2.000000000000000000e+00,-1.000000000000000000e+00,-6.000000000000000000e+00,-1.200000000000000000e+01,-4.000000000000000000e+00,-5.000000000000000000e+00,-4.000000000000000000e+00,-2.000000000000000000e+00,-4.397583007812500000e-01,2.758789062500000000e-01,5.799560546875000000e-01,6.277465820312500000e-01
2.000000000000000000e+00,1.000000000000000000e+00,-1.000000000000000000e+01,7.000000000000000000e+00,3.000000000000000000e+00,8.000000000000000000e+00,1.500000000000000000e+01,2.000000000000000000e+00,-4.397583007812500000e-01,2.758789062500000000e-01,5.799560546875000000e-01,6.277465820312500000e-01
-3.000000000000000000e+00,-4.000000000000000000e+00,-4.000000000000000000e+00,1.000000000000000000e+00,-3.000000000000000000e+00,-2.000000000000000000e+00,-3.000000000000000000e+00,-1.000000000000000000e+00,-4.394531250000000000e-01,2.758178710937500000e-01,5.799560546875000000e-01,6.279907226562500000e-01
-1.000000000000000000e+00,-2.000000000000000000e+00,-2.000000000000000000e+00,3.000000000000000000e+00,6.000000000000000000e+00,-1.000000000000000000e+00,-7.000000000000000000e+00,-1.000000000000000000e+00,-4.394531250000000000e-01,2.758178710937500000e-01,5.799560546875000000e-01,6.279907226562500000e-01
-1.000000000000000000e+00,2.000000000000000000e+00,1.500000000000000000e+01,7.000000000000000000e+00,-3.000000000000000000e+00,-1.000000000000000000e+00,2.000000000000000000e+00,1.000000000000000000e+00,-4.394531250000000000e-01,2.758178710937500000e-01,5.799560546875000000e-01,6.279907226562500000e-01
2.000000000000000000e+00,1.000000000000000000e+00,-7.000000000000000000e+00,-1.000000000000000000e+01,7.000000000000000000e+00,8.000000000000000000e+00,1.000000000000000000e+00,1.000000000000000000e+00,-4.394531250000000000e-01,2.758178710937500000e-01,5.799560546875000000e-01,6.279907226562500000e-01
-2.000000000000000000e+00,-3.000000000000000000e+00,-2.000000000000000000e+00,-1.700000000000000000e+01,-1.700000000000000000e+01,-6.000000000000000000e+00,0.000000000000000000e+00,-1.000000000000000000e+00,-4.393920898437500000e-01,2.758178710937500000e-01,5.799560546875000000e-01,6.280517578125000000e-01
-1.000000000000000000e+00,0.000000000000000000e+00,-6.000000000000000000e+00,2.300000000000000000e+01,2.000000000000000000e+01,7.000000000000000000e+00,1.000000000000000000e+00,1.000000000000000000e+00,-4.393920898437500000e-01,2.758178710937500000e-01,5.799560546875000000e-01,6.280517578125000000e-01
-2.000000000000000000e+00,-3.000000000000000000e+00,0.000000000000000000e+00,-1.000000000000000000e+00,-2.000000000000000000e+00,-4.000000000000000000e+00,3.000000000000000000e+00,-2.000000000000000000e+00,-4.393920898437500000e-01,2.758178710937500000e-01,5.799560546875000000e-01,6.280517578125000000e-01
-1.000000000000000000e+00,0.000000000000000000e+00,-4.000000000000000000e+00,-1.000000000000000000e+00,-8.000000000000000000e+00,-8.000000000000000000e+00,-1.100000000000000000e+01,-2.000000000000000000e+00,-4.393920898437500000e-01,2.758178710937500000e-01,5.799560546875000000e-01,6.280517578125000000e-01
-1.000000000000000000e+00,-3.000000000000000000e+00,-5.000000000000000000e+00,1.000000000000000000e+00,-3.000000000000000000e+00,2.000000000000000000e+00,-2.000000000000000000e+00,-2.000000000000000000e+00,-4.394531250000000000e-01,2.754516601562500000e-01,5.800170898437500000e-01,6.281127929687500000e-01
1.000000000000000000e+00,1.000000000000000000e+00,3.000000000000000000e+00,4.000000000000000000e+00,7.000000000000000000e+00,-2.000000000000000000e+00,2.000000000000000000e+00,-1.000000000000000000e+00,-4.394531250000000000e-01,2.754516601562500000e-01,5.800170898437500000e-01,6.281127929687500000e-01
2.000000000000000000e+00,-3.000000000000000000e+00,-2.400000000000000000e+01,-1.000000000000000000e+00,-9.000000000000000000e+00,0.000000000000000000e+00,2.000000000000000000e+00,-1.000000000000000000e+00,-4.394531250000000000e-01,2.754516601562500000e-01,5.800170898437500000e-01,6.281127929687500000e-01
-1.000000000000000000e+00,-1.000000000000000000e+00,4.100000000000000000e+01,1.000000000000000000e+01,7.000000000000000000e+00,-1.000000000000000000e+00,-3.000000000000000000e+00,-1.000000000000000000e+00,-4.394531250000000000e-01,2.754516601562500000e-01,5.800170898437500000e-01,6.281127929687500000e-01
-2.000000000000000000e+00,-4.000000000000000000e+00,-4.400000000000000000e+01,-1.600000000000000000e+01,-5.000000000000000000e+00,0.000000000000000000e+00,-3.000000000000000000e+00,-3.000000000000000000e+00,-4.392700195312500000e-01,2.751464843750000000e-01,5.801391601562500000e-01,6.282348632812500000e-01
-2.000000000000000000e+00,0.000000000000000000e+00,9.000000000000000000e+00,-1.700000000000000000e+01,-7.000000000000000000e+00,-9.000000000000000000e+00,-8.000000000000000000e+00,-3.000000000000000000e+00,-4.392700195312500000e-01,2.751464843750000000e-01,5.801391601562500000e-01,6.282348632812500000e-01
-1.000000000000000000e+00,-3.000000000000000000e+00,-2.300000000000000000e+01,-8.000000000000000000e+00,0.000000000000000000e+00,1.800000000000000000e+01,2.300000000000000000e+01,1.000000000000000000e+00,-4.392700195312500000e-01,2.751464843750000000e-01,5.801391601562500000e-01,6.282348632812500000e-01
-2.000000000000000000e+00,-2.000000000000000000e+00,0.000000000000000000e+00,2.000000000000000000e+00,-1.000000000000000000e+01,-9.000000000000000000e+00,-1.300000000000000000e+01,-1.000000000000000000e+00,-4.392700195312500000e-01,2.751464843750000000e-01,5.801391601562500000e-01,6.282348632812500000e-01
0.000000000000000000e+00,-1.000000000000000000e+00,2.100000000000000000e+01,1.500000000000000000e+01,6.000000000000000000e+00,-5.000000000000000000e+00,-2.100000000000000000e+01,1.000000000000000000e+00,-4.392089843750000000e-01,2.745971679687500000e-01,5.801391601562500000e-01,6.285400390625000000e-01
2.000000000000000000e+00,-3.000000000000000000e+00,-2.000000000000000000e+01,-4.000000000000000000e+00,-2.000000000000000000e+00,1.000000000000000000e+00,1.100000000000000000e+01,-3.000000000000000000e+00,-4.392089843750000000e-01,2.745971679687500000e-01,5.801391601562500000e-01,6.285400390625000000e-01
0.000000000000000000e+00,2.000000000000000000e+00,9.000000000000000000e+00,-4.000000000000000000e+00,-8.000000000000000000e+00,3.000000000000000000e+00,5.000000000000000000e+00,-1.000000000000000000e+00,-4.392089843750000000e-01,2.745971679687500000e-01,5.801391601562500000e-01,6.285400390625000000e-01
-3.000000000000000000e+00,-2.000000000000000000e+00,-9.000000000000000000e+00,5.000000000000000000e+00,2.000000000000000000e+00,-4.000000000000000000e+00,-3.000000000000000000e+00,-2.000000000000000000e+00,-4.392089843750000000e-01,2.745971679687500000e-01,5.801391601562500000e-01,6.285400390625000000e-01
-1.000000000000000000e+00,-2.000000000000000000e+00,1.000000000000000000e+01,0.000000000000000000e+00,5.000000000000000000e+00,0.000000000000000000e+00,-2.000000000000000000e+00,-1.000000000000000000e+00,-4.389038085937500000e-01,2.745361328125000000e-01,5.799560546875000000e-01,6.289062500000000000e-01
-2.000000000000000000e+00,3.000000000000000000e+00,6.000000000000000000e+00,-5.000000000000000000e+00,-1.000000000000000000e+01,-4.000000000000000000e+00,-9.000000000000000000e+00,-2.000000000000000000e+00,-4.389038085937500000e-01,2.745361328125000000e-01,5.799560546875000000e-01,6.289062500000000000e-01
-3.000000000000000000e+00,-4.000000000000000000e+00,-1.100000000000000000e+01,-2.000000000000000000e+00,2.000000000000000000e+00,-5.000000000000000000e+00,-4.000000000000000000e+00,-2.000000000000000000e+00,-4.389038085937500000e-01,2.745361328125000000e-01,5.799560546875000000e-01,6.289062500000000000e-01
0.000000000000000000e+00,-2.000000000000000000e+00,-1.100000000000000000e+01,2.000000000000000000e+00,7.000000000000000000e+00,3.000000000000000000e+00,6.000000000000000000e+00,0.000000000000000000e+00,-4.389038085937500000e-01,2.745361328125000000e-01,5.799560546875000000e-01,6.289062500000000000e-01
0.000000000000000000e+00,2.000000000000000000e+00,4.000000000000000000e+00,4.000000000000000000e+00,-3.000000000000000000e+00,-5.000000000000000000e+00,-1.000000000000000000e+00,-2.000000000000000000e+00,-4.384765625000000000e-01,2.746582031250000000e-01,5.800170898437500000e-01,6.291503906250000000e-01
-1.000000000000000000e+00,-2.000000000000000000e+00,1.300000000000000000e+01,-7.000000000000000000e+00,-4.000000000000000000e+00,2.000000000000000000e+00,0.000000000000000000e+00,-1.000000000000000000e+00,-4.384765625000000000e-01,2.746582031250000000e-01,5.800170898437500000e-01,6.291503906250000000e-01
-1.000000000000000000e+00,-2.000000000000000000e+00,-1.300000000000000000e+01,-9.000000000000000000e+00,0.000000000000000000e+00,-2.000000000000000000e+00,-1.000000000000000000e+00,-1.000000000000000000e+00,-4.384765625000000000e-01,2.746582031250000000e-01,5.800170898437500000e-01,6.291503906250000000e-01
1.000000000000000000e+00,0.000000000000000000e+00,1.200000000000000000e+01,9.000000000000000000e+00,1.100000000000000000e+01,-2.000000000000000000e+00,-4.000000000000000000e+00,-1.000000000000000000e+00,-4.384765625000000000e-01,2.746582031250000000e-01,5.800170898437500000e-01,6.291503906250000000e-01
2.000000000000000000e+00,0.000000000000000000e+00,-9.000000000000000000e+00,-2.000000000000000000e+00,-6.000000000000000000e+00,1.000000000000000000e+00,0.000000000000000000e+00,0.000000000000000000e+00,-4.384765625000000000e-01,2.746582031250000000e-01,5.800170898437500000e-01,6.291503906250000000e-01
-1.000000000000000000e+00,2.000000000000000000e+00,1.800000000000000000e+01,1.100000000000000000e+01,1.100000000000000000e+01,6.000000000000000000e+00,7.000000000000000000e+00,0.000000000000000000e+00,-4.384765625000000000e-01,2.746582031250000000e-01,5.800170898437500000e-01,6.291503906250000000e-01
-3.000000000000000000e+00,-6.000000000000000000e+00,-9.000000000000000000e+00,-1.400000000000000000e+01,-5.000000000000000000e+00,-2.000000000000000000e+00,-5.000000000000000000e+00,-1.000000000000000000e+00,-4.384765625000000000e-01,2.746582031250000000e-01,5.800170898437500000e-01,6.291503906250000000e-01
-2.000000000000000000e+00,-4.000000000000000000e+00,-8.000000000000000000e+00,5.000000000000000000e+00,2.000000000000000000e+00,-7.000000000000000000e+00,-5.000000000000000000e+00,-1.000000000000000000e+00,-4.384765625000000000e-01,2.746582031250000000e-01,5.800170898437500000e-01,6.291503906250000000e-01
-1.000000000000000000e+00,-1.000000000000000000e+00,8.000000000000000000e+00,-2.100000000000000000e+01,-1.200000000000000000e+01,-2.000000000000000000e+00,-1.200000000000000000e+01,-3.000000000000000000e+00,-4.384155273437500000e-01,2.745361328125000000e-01,5.800781250000000000e-01,6.292114257812500000e-01
0.000000000000000000e+00,-2.000000000000000000e+00,-9.000000000000000000e+00,5.000000000000000000e+00,1.000000000000000000e+00,5.000000000000000000e+00,6.000000000000000000e+00,2.000000000000000000e+00,-4.384155273437500000e-01,2.745361328125000000e-01,5.800781250000000000e-01,6.292114257812500000e-01
2.000000000000000000e+00,2.000000000000000000e+00,8.000000000000000000e+00,3.000000000000000000e+00,0.000000000000000000e+00,-8.000000000000000000e+00,-1.600000000000000000e+01,-1.000000000000000000e+00,-4.384155273437500000e-01,2.745361328125000000e-01,5.800781250000000000e-01,6.292114257812500000e-01
-1.000000000000000000e+00,-3.000000000000000000e+00,5.000000000000000000e+00,1.200000000000000000e+01,0.000000000000000000e+00,1.200000000000000000e+01,1.300000000000000000e+01,1.000000000000000000e+00,-4.384155273437500000e-01,2.745361328125000000e-01,5.800781250000000000e-01,6.292114257812500000e-01
-2.000000000000000000e+00,-5.000000000000000000e+00,1.000000000000000000e+00,-1.200000000000000000e+01,3.000000000000000000e+00,-1.000000000000000000e+00,7.000000000000000000e+00,2.000000000000000000e+00,-4.383544921875000000e-01,2.745361328125000000e-01,5.800781250000000000e-01,6.292114257812500000e-01
-1.000000000000000000e+00,-2.000000000000000000e+00,-1.300000000000000000e+01,-1.200000000000000000e+01,-7.000000000000000000e+00,-2.000000000000000000e+00,2.000000000000000000e+00,-1.000000000000000000e+00,-4.383544921875000000e-01,2.745361328125000000e-01,5.800781250000000000e-01,6.292114257812500000e-01
-3.000000000000000000e+00,-2.000000000000000000e+00,-3.000000000000000000e+00,5.000000000000000000e+00,0.000000000000000000e+00,-1.000000000000000000e+00,0.000000000000000000e+00,-1.000000000000000000e+00,-4.383544921875000000e-01,2.745361328125000000e-01,5.800781250000000000e-01,6.292114257812500000e-01
0.000000000000000000e+00,-1.000000000000000000e+00,4.000000000000000000e+00,-1.000000000000000000e+00,-1.000000000000000000e+00,-7.000000000000000000e+00,-9.000000000000000000e+00,-2.000000000000000000e+00,-4.383544921875000000e-01,2.745361328125000000e-01,5.800781250000000000e-01,6.292114257812500000e-01
-2.000000000000000000e+00,-1.000000000000000000e+00,-7.000000000000000000e+00,8.000000000000000000e+00,-5.000000000000000000e+00,-4.000000000000000000e+00,-1.000000000000000000e+00,-4.000000000000000000e+00,-4.382934570312500000e-01,2.747802734375000000e-01,5.800781250000000000e-01,6.291503906250000000e-01
0.000000000000000000e+00,0.000000000000000000e+00,1.200000000000000000e+01,6.000000000000000000e+00,7.000000000000000000e+00,3.000000000000000000e+00,-1.000000000000000000e+00,0.000000000000000000e+00,-4.382934570312500000e-01,2.747802734375000000e-01,5.800781250000000000e-01,6.291503906250000000e-01
0.000000000000000000e+00,1.000000000000000000e+00,-3.000000000000000000e+01,-7.000000000000000000e+00,0.000000000000000000e+00,3.000000000000000000e+00,6.000000000000000000e+00,1.000000000000000000e+00,-4.382934570312500000e-01,2.747802734375000000e-01,5.800781250000000000e-01,6.291503906250000000e-01
-2.000000000000000000e+00,0.000000000000000000e+00,1.200000000000000000e+01,-1.200000000000000000e+01,-1.100000000000000000e+01,-6.000000000000000000e+00,-4.000000000000000000e+00,-3.000000000000000000e+00,-4.382934570312500000e-01,2.747802734375000000e-01,5.800781250000000000e-01,6.291503906250000000e-01
1.000000000000000000e+00,0.000000000000000000e+00,4.000000000000000000e+00,1.400000000000000000e+01,1.300000000000000000e+01,4.000000000000000000e+00,5.000000000000000000e+00,0.000000000000000000e+00,-4.384155273437500000e-01,2.749633789062500000e-01,5.799560546875000000e-01,6.291503906250000000e-01
-1.000000000000000000e+00,-1.000000000000000000e+00,-1.100000000000000000e+01,-6.000000000000000000e+00,-1.000000000000000000e+01,-5.000000000000000000e+00,-3.000000000000000000e+00,-2.000000000000000000e+00,-4.384155273437500000e-01,2.749633789062500000e-01,5.799560546875000000e-01,6.291503906250000000e-01
-3.000000000000000000e+00,-1.000000000000000000e+00,2.400000000000000000e+01,2.000000000000000000e+00,-1.000000000000000000e+00,-4.000000000000000000e+00,-3.000000000000000000e+00,-2.000000000000000000e+00,-4.384155273437500000e-01,2.749633789062500000e-01,5.799560546875000000e-01,6.291503906250000000e-01
0.000000000000000000e+00,1.000000000000000000e+00,-1.700000000000000000e+01,-9.000000000000000000e+00,1.000000000000000000e+00,2.000000000000000000e+00,0.000000000000000000e+00,-2.000000000000000000e+00,-4.384155273437500000e-01,2.749633789062500000e-01,5.799560546875000000e-01,6.291503906250000000e-01
-3.000000000000000000e+00,-1.000000000000000000e+00,-7.000000000000000000e+00,1.000000000000000000e+00,-6.000000000000000000e+00,-6.000000000000000000e+00,-8.000000000000000000e+00,-1.000000000000000000e+00,-4.381103515625000000e-01,2.750854492187500000e-01,5.798339843750000000e-01,6.293945312500000000e-01
-3.000000000000000000e+00,-5.000000000000000000e+00,-1.100000000000000000e+01,6.000000000000000000e+00,-4.000000000000000000e+00,1.000000000000000000e+00,0.000000000000000000e+00,-1.000000000000000000e+00,-4.381103515625000000e-01,2.750854492187500000e-01,5.798339843750000000e-01,6.293945312500000000e-01
3.000000000000000000e+00,4.000000000000000000e+00,2.100000000000000000e+01,8.000000000000000000e+00,4.000000000000000000e+00,-9.000000000000000000e+00,-1.800000000000000000e+01,0.000000000000000000e+00,-4.381103515625000000e-01,2.750854492187500000e-01,5.798339843750000000e-01,6.293945312500000000e-01
-1.000000000000000000e+00,-5.000000000000000000e+00,-6.000000000000000000e+00,-4.700000000000000000e+01,-2.000000000000000000e+00,2.300000000000000000e+01,1.400000000000000000e+01,1.000000000000000000e+00,-4.381103515625000000e-01,2.750854492187500000e-01,5.798339843750000000e-01,6.293945312500000000e-01
0.000000000000000000e+00,-1.000000000000000000e+00,-8.000000000000000000e+00,-9.000000000000000000e+00,-6.000000000000000000e+00,-1.000000000000000000e+00,0.000000000000000000e+00,0.000000000000000000e+00,-4.376220703125000000e-01,2.753906250000000000e-01,5.796508789062500000e-01,6.297607421875000000e-01
-2.000000000000000000e+00,-2.000000000000000000e+00,-3.000000000000000000e+00,1.300000000000000000e+01,5.000000000000000000e+00,0.000000000000000000e+00,-3.000000000000000000e+00,-1.000000000000000000e+00,-4.376220703125000000e-01,2.753906250000000000e-01,5.796508789062500000e-01,6.297607421875000000e-01
0.000000000000000000e+00,3.000000000000000000e+00,1.200000000000000000e+01,5.000000000000000000e+00,-1.000000000000000000e+00,-1.000000000000000000e+00,1.300000000000000000e+01,3.000000000000000000e+00,-4.376220703125000000e-01,2.753906250000000000e-01,5.796508789062500000e-01,6.297607421875000000e-01
-1.000000000000000000e+00,-4.000000000000000000e+00,-7.000000000000000000e+00,8.000000000000000000e+00,-5.000000000000000000e+00,-1.000000000000000000e+01,-1.000000000000000000e+01,-4.000000000000000000e+00,-4.376220703125000000e-01,2.753906250000000000e-01,5.796508789062500000e-01,6.297607421875000000e-01
2.000000000000000000e+00,0.000000000000000000e+00,7.000000000000000000e+00,-1.200000000000000000e+01,-1.000000000000000000e+01,-1.000000000000000000e+00,2.000000000000000000e+00,0.000000000000000000e+00,-4.373779296875000000e-01,2.755737304687500000e-01,5.794677734375000000e-01,6.299438476562500000e-01
0.000000000000000000e+00,-1.000000000000000000e+00,-1.300000000000000000e+01,-1.000000000000000000e+00,7.000000000000000000e+00,-2.000000000000000000e+00,-4.000000000000000000e+00,0.000000000000000000e+00,-4.373779296875000000e-01,2.755737304687500000e-01,5.794677734375000000e-01,6.299438476562500000e-01
-1.000000000000000000e+00,-1.000000000000000000e+00,-4.000000000000000000e+00,-1.500000000000000000e+01,-1.900000000000000000e+01,-4.000000000000000000e+00,-1.000000000000000000e+00,-3.000000000000000000e+00,-4.373779296875000000e-01,2.755737304687500000e-01,5.794677734375000000e-01,6.299438476562500000e-01
-1.000000000000000000e+00,0.000000000000000000e+00,1.000000000000000000e+00,1.900000000000000000e+01,2.700000000000000000e+01,1.000000000000000000e+00,0.000000000000000000e+00,0.000000000000000000e+00,-4.373779296875000000e-01,2.755737304687500000e-01,5.794677734375000000e-01,6.299438476562500000e-01
1.000000000000000000e+00,3.000000000000000000e+00,1.400000000000000000e+01,1.500000000000000000e+01,1.600000000000000000e+01,3.000000000000000000e+00,5.000000000000000000e+00,1.000000000000000000e+00,-4.371948242187500000e-01,2.755737304687500000e-01,5.792236328125000000e-01,6.303100585937500000e-01
0.000000000000000000e+00,-1.000000000000000000e+00,-1.000000000000000000e+00,-7.000000000000000000e+00,-8.000000000000000000e+00,-5.000000000000000000e+00,-2.000000000000000000e+00,-1.000000000000000000e+00,-4.371948242187500000e-01,2.755737304687500000e-01,5.792236328125000000e-01,6.303100585937500000e-01
