-2.000000000000000000e+00,-5.000000000000000000e+00,-2.700000000000000000e+01,-2.000000000000000000e+01,-3.000000000000000000e+00,2.000000000000000000e+00,1.000000000000000000e+00,-1.000000000000000000e+00,-1.807861328125000000e-01,4.918212890625000000e-01,1.167602539062500000e-01,8.436279296875000000e-01
-3.000000000000000000e+00,-3.000000000000000000e+00,3.000000000000000000e+00,5.000000000000000000e+00,1.000000000000000000e+00,3.000000000000000000e+00,-1.000000000000000000e+00,-1.000000000000000000e+00,-1.807861328125000000e-01,4.918212890625000000e-01,1.167602539062500000e-01,8.436279296875000000e-01
1.000000000000000000e+00,3.000000000000000000e+00,-2.000000000000000000e+00,-1.000000000000000000e+00,-3.000000000000000000e+00,-2.000000000000000000e+00,1.000000000000000000e+00,-3.000000000000000000e+00,-1.807861328125000000e-01,4.918212890625000000e-01,1.167602539062500000e-01,8.436279296875000000e-01
2.000000000000000000e+00,1.000000000000000000e+00,-6.000000000000000000e+00,-6.000000000000000000e+00,1.000000000000000000e+00,-1.000000000000000000e+00,0.000000000000000000e+00,0.000000000000000000e+00,-1.807861328125000000e-01,4.918212890625000000e-01,1.167602539062500000e-01,8.436279296875000000e-01
1.000000000000000000e+00,1.000000000000000000e+00,8.000000000000000000e+00,1.200000000000000000e+01,5.000000000000000000e+00,2.000000000000000000e+00,2.000000000000000000e+00,-1.000000000000000000e+00,-1.809692382812500000e-01,4.916992187500000000e-01,1.159667968750000000e-01,8.437500000000000000e-01
-7.000000000000000000e+00,-6.000000000000000000e+00,7.000000000000000000e+00,7.000000000000000000e+00,-7.000000000000000000e+00,-6.000000000000000000e+00,-4.000000000000000000e+00,-1.000000000000000000e+00,-1.809692382812500000e-01,4.916992187500000000e-01,1.159667968750000000e-01,8.437500000000000000e-01
-2.000000000000000000e+00,-3.000000000000000000e+00,3.000000000000000000e+00,-1.000000000000000000e+01,-5.000000000000000000e+00,0.000000000000000000e+00,1.000000000000000000e+00,-2.000000000000000000e+00,-1.809692382812500000e-01,4.916992187500000000e-01,1.159667968750000000e-01,8.437500000000000000e-01
-2.000000000000000000e+00,-1.000000000000000000e+00,-1.000000000000000000e+00,-2.000000000000000000e+00,6.000000000000000000e+00,3.000000000000000000e+00,0.000000000000000000e+00,1.000000000000000000e+00,-1.809692382812500000e-01,4.916992187500000000e-01,1.159667968750000000e-01,8.437500000000000000e-01
1.000000000000000000e+00,-1.000000000000000000e+00,1.100000000000000000e+01,6.000000000000000000e+00,5.000000000000000000e+00,1.000000000000000000e+00,1.000000000000000000e+00,-1.000000000000000000e+00,-1.810302734375000000e-01,4.916381835937500000e-01,1.156616210937500000e-01,8.438720703125000000e-01
1.000000000000000000e+00,-4.000000000000000000e+00,-6.000000000000000000e+00,-1.000000000000000000e+01,-9.000000000000000000e+00,-4.000000000000000000e+00,-1.000000000000000000e+00,-2.000000000000000000e+00,-1.810302734375000000e-01,4.916381835937500000e-01,1.156616210937500000e-01,8.438720703125000000e-01
-1.000000000000000000e+00,0.000000000000000000e+00,4.000000000000000000e+00,-1.000000000000000000e+00,-3.000000000000000000e+00,-4.000000000000000000e+00,-2.000000000000000000e+00,-3.000000000000000000e+00,-1.810302734375000000e-01,4.916381835937500000e-01,1.156616210937500000e-01,8.438720703125000000e-01
0.000000000000000000e+00,1.000000000000000000e+00,-4.000000000000000000e+00,-3.000000000000000000e+00,-3.000000000000000000e+00,-1.000000000000000000e+00,-1.000000000000000000e+00,-1.000000000000000000e+00,-1.810302734375000000e-01,4.916381835937500000e-01,1.156616210937500000e-01,8.438720703125000000e-01
0.000000000000000000e+00,0.000000000000000000e+00,1.100000000000000000e+01,5.000000000000000000e+00,-1.000000000000000000e+00,-4.000000000000000000e+00,0.000000000000000000e+00,0.000000000000000000e+00,-1.818237304687500000e-01,4.914550781250000000e-01,1.159667968750000000e-01,8.437500000000000000e-01
-4.000000000000000000e+00,-6.000000000000000000e+00,-2.200000000000000000e+01,-9.000000000000000000e+00,-6.000000000000000000e+00,-1.000000000000000000e+00,-2.000000000000000000e+00,-2.000000000000000000e+00,-1.818237304687500000e-01,4.914550781250000000e-01,1.159667968750000000e-01,8.437500000000000000e-01
-1.000000000000000000e+00,-4.000000000000000000e+00,-1.000000000000000000e+00,-7.000000000000000000e+00,1.000000000000000000e+00,0.000000000000000000e+00,-1.000000000000000000e+00,1.000000000000000000e+00,-1.818237304687500000e-01,4.914550781250000000e-01,1.159667968750000000e-01,8.437500000000000000e-01
1.000000000000000000e+00,3.000000000000000000e+00,2.000000000000000000e+00,0.000000000000000000e+00,-1.400000000000000000e+01,-2.000000000000000000e+00,0.000000000000000000e+00,1.000000000000000000e+00,-1.818237304687500000e-01,4.914550781250000000e-01,1.159667968750000000e-01,8.437500000000000000e-01
1.000000000000000000e+00,3.000000000000000000e+00,0.000000000000000000e+00,1.200000000000000000e+01,1.800000000000000000e+01,3.000000000000000000e+00,1.000000000000000000e+00,1.000000000000000000e+00,-1.834106445312500000e-01,4.910278320312500000e-01,1.163330078125000000e-01,8.435668945312500000e-01
-2.000000000000000000e+00,-4.000000000000000000e+00,4.000000000000000000e+00,-7.000000000000000000e+00,-4.000000000000000000e+00,-1.000000000000000000e+00,2.000000000000000000e+00,-1.000000000000000000e+00,-1.834106445312500000e-01,4.910278320312500000e-01,1.163330078125000000e-01,8.435668945312500000e-01
3.000000000000000000e+00,5.000000000000000000e+00,-5.000000000000000000e+00,0.000000000000000000e+00,1.000000000000000000e+00,-2.000000000000000000e+00,0.000000000000000000e+00,1.000000000000000000e+00,-1.834106445312500000e-01,4.910278320312500000e-01,1.163330078125000000e-01,8.435668945312500000e-01
-4.000000000000000000e+00,-2.000000000000000000e+00,3.000000000000000000e+00,-1.000000000000000000e+00,1.000000000000000000e+00,-3.000000000000000000e+00,-2.000000000000000000e+00,-1.000000000000000000e+00,-1.834106445312500000e-01,4.910278320312500000e-01,1.163330078125000000e-01,8.435668945312500000e-01
0.000000000000000000e+00,2.000000000000000000e+00,-4.000000000000000000e+00,-2.500000000000000000e+01,-2.000000000000000000e+01,-3.000000000000000000e+00,-2.000000000000000000e+00,-1.000000000000000000e+00,-1.849365234375000000e-01,4.904174804687500000e-01,1.164550781250000000e-01,8.436279296875000000e-01
0.000000000000000000e+00,5.000000000000000000e+00,5.000000000000000000e+00,6.000000000000000000e+00,3.000000000000000000e+00,-2.000000000000000000e+00,-1.000000000000000000e+00,-2.000000000000000000e+00,-1.849365234375000000e-01,4.904174804687500000e-01,1.164550781250000000e-01,8.436279296875000000e-01
-1.000000000000000000e+00,-2.000000000000000000e+00,6.000000000000000000e+00,1.000000000000000000e+01,7.000000000000000000e+00,1.000000000000000000e+00,0.000000000000000000e+00,-1.000000000000000000e+00,-1.849365234375000000e-01,4.904174804687500000e-01,1.164550781250000000e-01,8.436279296875000000e-01
-1.000000000000000000e+00,-5.000000000000000000e+00,-1.700000000000000000e+01,-5.000000000000000000e+00,1.200000000000000000e+01,3.000000000000000000e+00,-1.000000000000000000e+00,0.000000000000000000e+00,-1.849365234375000000e-01,4.904174804687500000e-01,1.164550781250000000e-01,8.436279296875000000e-01
-3.000000000000000000e+00,-4.000000000000000000e+00,0.000000000000000000e+00,6.000000000000000000e+00,-3.000000000000000000e+00,-2.000000000000000000e+00,-3.000000000000000000e+00,-2.000000000000000000e+00,-1.862792968750000000e-01,4.896240234375000000e-01,1.165161132812500000e-01,8.437500000000000000e-01
1.000000000000000000e+00,3.000000000000000000e+00,3.000000000000000000e+00,-4.000000000000000000e+00,-1.000000000000000000e+00,-2.000000000000000000e+00,-2.000000000000000000e+00,-1.000000000000000000e+00,-1.862792968750000000e-01,4.896240234375000000e-01,1.165161132812500000e-01,8.437500000000000000e-01
3.000000000000000000e+00,9.000000000000000000e+00,4.000000000000000000e+00,9.000000000000000000e+00,-1.000000000000000000e+00,0.000000000000000000e+00,-2.000000000000000000e+00,-1.000000000000000000e+00,-1.862792968750000000e-01,4.896240234375000000e-01,1.165161132812500000e-01,8.437500000000000000e-01
0.000000000000000000e+00,4.000000000000000000e+00,-1.000000000000000000e+00,-7.000000000000000000e+00,-3.000000000000000000e+00,-2.000000000000000000e+00,0.000000000000000000e+00,-2.000000000000000000e+00,-1.862792968750000000e-01,4.896240234375000000e-01,1.165161132812500000e-01,8.437500000000000000e-01
-4.000000000000000000e+00,-4.000000000000000000e+00,1.000000000000000000e+00,-4.000000000000000000e+00,-9.000000000000000000e+00,-2.000000000000000000e+00,-1.000000000000000000e+00,-1.000000000000000000e+00,-1.873779296875000000e-01,4.890747070312500000e-01,1.162719726562500000e-01,8.438720703125000000e-01
2.000000000000000000e+00,7.000000000000000000e+00,3.000000000000000000e+00,1.400000000000000000e+01,1.500000000000000000e+01,1.000000000000000000e+00,-1.000000000000000000e+00,-1.000000000000000000e+00,-1.873779296875000000e-01,4.890747070312500000e-01,1.162719726562500000e-01,8.438720703125000000e-01
0.000000000000000000e+00,-2.000000000000000000e+00,8.000000000000000000e+00,3.000000000000000000e+00,-2.000000000000000000e+00,0.000000000000000000e+00,1.000000000000000000e+00,0.000000000000000000e+00,-1.873779296875000000e-01,4.890747070312500000e-01,1.162719726562500000e-01,8.438720703125000000e-01
-3.000000000000000000e+00,0.000000000000000000e+00,-5.000000000000000000e+00,9.000000000000000000e+00,0.000000000000000000e+00,-2.000000000000000000e+00,0.000000000000000000e+00,-1.000000000000000000e+00,-1.873779296875000000e-01,4.890747070312500000e-01,1.162719726562500000e-01,8.438720703125000000e-01
-1.000000000000000000e+00,-8.000000000000000000e+00,-5.000000000000000000e+00,-1.600000000000000000e+01,-1.200000000000000000e+01,-5.000000000000000000e+00,-4.000000000000000000e+00,-1.000000000000000000e+00,-1.878662109375000000e-01,4.883422851562500000e-01,1.155395507812500000e-01,8.442382812500000000e-01
3.000000000000000000e+00,6.000000000000000000e+00,3.000000000000000000e+00,2.000000000000000000e+00,8.000000000000000000e+00,4.000000000000000000e+00,4.000000000000000000e+00,3.000000000000000000e+00,-1.878662109375000000e-01,4.883422851562500000e-01,1.155395507812500000e-01,8.442382812500000000e-01
-2.000000000000000000e+00,-1.000000000000000000e+00,-3.000000000000000000e+00,1.200000000000000000e+01,7.000000000000000000e+00,-2.000000000000000000e+00,-4.000000000000000000e+00,-3.000000000000000000e+00,-1.878662109375000000e-01,4.883422851562500000e-01,1.155395507812500000e-01,8.442382812500000000e-01
-1.000000000000000000e+00,-5.000000000000000000e+00,3.000000000000000000e+00,-6.000000000000000000e+00,-1.000000000000000000e+00,2.000000000000000000e+00,-2.000000000000000000e+00,1.000000000000000000e+00,-1.878662109375000000e-01,4.883422851562500000e-01,1.155395507812500000e-01,8.442382812500000000e-01
-2.000000000000000000e+00,-2.000000000000000000e+00,-1.000000000000000000e+01,4.000000000000000000e+00,-5.000000000000000000e+00,-6.000000000000000000e+00,-3.000000000000000000e+00,-3.000000000000000000e+00,-1.879272460937500000e-01,4.877319335937500000e-01,1.145019531250000000e-01,8.447875976562500000e-01
2.000000000000000000e+00,0.000000000000000000e+00,6.000000000000000000e+00,4.000000000000000000e+00,-1.000000000000000000e+00,2.000000000000000000e+00,2.000000000000000000e+00,-1.000000000000000000e+00,-1.879272460937500000e-01,4.877319335937500000e-01,1.145019531250000000e-01,8.447875976562500000e-01
-3.000000000000000000e+00,0.000000000000000000e+00,-1.100000000000000000e+01,-8.000000000000000000e+00,0.000000000000000000e+00,0.000000000000000000e+00,1.000000000000000000e+00,-1.000000000000000000e+00,-1.879272460937500000e-01,4.877319335937500000e-01,1.145019531250000000e-01,8.447875976562500000e-01
-1.000000000000000000e+00,-3.000000000000000000e+00,1.700000000000000000e+01,5.000000000000000000e+00,-3.000000000000000000e+00,1.000000000000000000e+00,0.000000000000000000e+00,-1.000000000000000000e+00,-1.879272460937500000e-01,4.877319335937500000e-01,1.145019531250000000e-01,8.447875976562500000e-01
-2.000000000000000000e+00,-5.000000000000000000e+00,-4.700000000000000000e+01,-1.900000000000000000e+01,-4.000000000000000000e+00,-4.000000000000000000e+00,-4.000000000000000000e+00,-3.000000000000000000e+00,-1.878051757812500000e-01,4.868774414062500000e-01,1.139526367187500000e-01,8.453369140625000000e-01
-1.000000000000000000e+00,3.000000000000000000e+00,9.000000000000000000e+00,4.000000000000000000e+00,-1.000000000000000000e+00,-3.000000000000000000e+00,-6.000000000000000000e+00,-1.000000000000000000e+00,-1.878051757812500000e-01,4.868774414062500000e-01,1.139526367187500000e-01,8.453369140625000000e-01
-4.000000000000000000e+00,-6.000000000000000000e+00,-8.000000000000000000e+00,-5.000000000000000000e+00,-5.000000000000000000e+00,-2.000000000000000000e+00,-4.000000000000000000e+00,-1.000000000000000000e+00,-1.878051757812500000e-01,4.868774414062500000e-01,1.139526367187500000e-01,8.453369140625000000e-01
5.000000000000000000e+00,5.000000000000000000e+00,-4.000000000000000000e+00,-4.000000000000000000e+00,-4.000000000000000000e+00,0.000000000000000000e+00,-1.000000000000000000e+00,1.000000000000000000e+00,-1.878051757812500000e-01,4.868774414062500000e-01,1.139526367187500000e-01,8.453369140625000000e-01
0.000000000000000000e+00,3.000000000000000000e+00,2.200000000000000000e+01,1.800000000000000000e+01,1.400000000000000000e+01,6.000000000000000000e+00,2.000000000000000000e+00,1.000000000000000000e+00,-1.886596679687500000e-01,4.856567382812500000e-01,1.144409179687500000e-01,8.458251953125000000e-01
-4.000000000000000000e+00,-5.000000000000000000e+00,-7.000000000000000000e+00,-1.200000000000000000e+01,-1.200000000000000000e+01,-5.000000000000000000e+00,-2.000000000000000000e+00,-2.000000000000000000e+00,-1.886596679687500000e-01,4.856567382812500000e-01,1.144409179687500000e-01,8.458251953125000000e-01
1.000000000000000000e+00,-6.000000000000000000e+00,-4.000000000000000000e+00,-4.000000000000000000e+00,-3.000000000000000000e+00,1.000000000000000000e+00,2.000000000000000000e+00,1.000000000000000000e+00,-1.886596679687500000e-01,4.856567382812500000e-01,1.144409179687500000e-01,8.458251953125000000e-01
2.000000000000000000e+00,6.000000000000000000e+00,9.000000000000000000e+00,4.000000000000000000e+00,8.000000000000000000e+00,-2.000000000000000000e+00,-2.000000000000000000e+00,-1.000000000000000000e+00,-1.886596679687500000e-01,4.856567382812500000e-01,1.144409179687500000e-01,8.458251953125000000e-01
1.000000000000000000e+00,3.000000000000000000e+00,4.000000000000000000e+00,1.000000000000000000e+01,-1.100000000000000000e+01,-6.000000000000000000e+00,-3.000000000000000000e+00,-1.000000000000000000e+00,-1.899414062500000000e-01,4.843750000000000000e-01,1.155395507812500000e-01,8.460693359375000000e-01
-1.000000000000000000e+00,-5.000000000000000000e+00,-8.000000000000000000e+00,-1.300000000000000000e+01,1.700000000000000000e+01,8.000000000000000000e+00,4.000000000000000000e+00,0.000000000000000000e+00,-1.899414062500000000e-01,4.843750000000000000e-01,1.155395507812500000e-01,8.460693359375000000e-01
-2.000000000000000000e+00,0.000000000000000000e+00,6.000000000000000000e+00,2.000000000000000000e+00,-1.200000000000000000e+01,-5.000000000000000000e+00,-1.000000000000000000e+00,-2.000000000000000000e+00,-1.899414062500000000e-01,4.843750000000000000e-01,1.155395507812500000e-01,8.460693359375000000e-01
4.000000000000000000e+00,-2.000000000000000000e+00,-1.200000000000000000e+01,-1.000000000000000000e+01,2.000000000000000000e+00,1.000000000000000000e+00,-2.000000000000000000e+00,-1.000000000000000000e+00,-1.899414062500000000e-01,4.843750000000000000e-01,1.155395507812500000e-01,8.460693359375000000e-01
-2.000000000000000000e+00,-4.000000000000000000e+00,6.000000000000000000e+00,-3.000000000000000000e+00,1.000000000000000000e+00,0.000000000000000000e+00,2.000000000000000000e+00,-1.000000000000000000e+00,-1.915283203125000000e-01,4.831542968750000000e-01,1.164550781250000000e-01,8.463134765625000000e-01
-1.400000000000000000e+01,-7.000000000000000000e+00,3.000000000000000000e+00,1.100000000000000000e+01,-1.400000000000000000e+01,-7.000000000000000000e+00,-4.000000000000000000e+00,-3.000000000000000000e+00,-1.915283203125000000e-01,4.831542968750000000e-01,1.164550781250000000e-01,8.463134765625000000e-01
3.000000000000000000e+00,-3.000000000000000000e+00,-3.900000000000000000e+01,-2.000000000000000000e+01,3.000000000000000000e+00,1.000000000000000000e+00,0.000000000000000000e+00,0.000000000000000000e+00,-1.915283203125000000e-01,4.831542968750000000e-01,1.164550781250000000e-01,8.463134765625000000e-01
1.000000000000000000e+00,6.000000000000000000e+00,0.000000000000000000e+00,3.000000000000000000e+00,2.000000000000000000e+00,-1.000000000000000000e+00,-1.000000000000000000e+00,-1.000000000000000000e+00,-1.915283203125000000e-01,4.831542968750000000e-01,1.164550781250000000e-01,8.463134765625000000e-01
0.000000000000000000e+00,-2.000000000000000000e+00,1.100000000000000000e+01,8.000000000000000000e+00,3.000000000000000000e+00,1.000000000000000000e+00,0.000000000000000000e+00,-1.000000000000000000e+00,-1.925048828125000000e-01,4.823608398437500000e-01,1.170043945312500000e-01,8.464355468750000000e-01
2.000000000000000000e+00,-3.000000000000000000e+00,-6.000000000000000000e+00,-3.000000000000000000e+00,-9.000000000000000000e+00,-1.000000000000000000e+00,0.000000000000000000e+00,0.000000000000000000e+00,-1.925048828125000000e-01,4.823608398437500000e-01,1.170043945312500000e-01,8.464355468750000000e-01
-1.000000000000000000e+00,1.000000000000000000e+00,1.400000000000000000e+01,0.000000000000000000e+00,3.000000000000000000e+00,-1.000000000000000000e+00,-3.000000000000000000e+00,0.000000000000000000e+00,-1.925048828125000000e-01,4.823608398437500000e-01,1.170043945312500000e-01,8.464355468750000000e-01
-6.000000000000000000e+00,-7.000000000000000000e+00,-4.000000000000000000e+00,-1.000000000000000000e+00,-6.000000000000000000e+00,-7.000000000000000000e+00,-2.000000000000000000e+00,-2.000000000000000000e+00,-1.925048828125000000e-01,4.823608398437500000e-01,1.170043945312500000e-01,8.464355468750000000e-01
2.000000000000000000e+00,3.000000000000000000e+00,6.000000000000000000e+00,-3.000000000000000000e+00,1.000000000000000000e+00,2.000000000000000000e+00,0.000000000000000000e+00,1.000000000000000000e+00,-1.933593750000000000e-01,4.818115234375000000e-01,1.172485351562500000e-01,8.465576171875000000e-01
1.000000000000000000e+00,1.000000000000000000e+00,8.000000000000000000e+00,-1.000000000000000000e+00,-2.000000000000000000e+00,-1.000000000000000000e+00,-1.000000000000000000e+00,1.000000000000000000e+00,-1.933593750000000000e-01,4.818115234375000000e-01,1.172485351562500000e-01,8.465576171875000000e-01
-4.000000000000000000e+00,-4.000000000000000000e+00,1.300000000000000000e+01,0.000000000000000000e+00,-6.000000000000000000e+00,-4.000000000000000000e+00,-3.000000000000000000e+00,-3.000000000000000000e+00,-1.933593750000000000e-01,4.818115234375000000e-01,1.172485351562500000e-01,8.465576171875000000e-01
-4.000000000000000000e+00,-4.000000000000000000e+00,-2.400000000000000000e+01,5.000000000000000000e+00,6.000000000000000000e+00,0.000000000000000000e+00,-1.000000000000000000e+00,-1.000000000000000000e+00,-1.933593750000000000e-01,4.818115234375000000e-01,1.172485351562500000e-01,8.465576171875000000e-01
-4.000000000000000000e+00,-5.000000000000000000e+00,-3.000000000000000000e+00,-2.000000000000000000e+00,0.000000000000000000e+00,0.000000000000000000e+00,1.000000000000000000e+00,0.000000000000000000e+00,-1.938476562500000000e-01,4.813842773437500000e-01,1.172485351562500000e-01,8.466796875000000000e-01
0.000000000000000000e+00,0.000000000000000000e+00,-1.000000000000000000e+00,2.000000000000000000e+00,1.200000000000000000e+01,4.000000000000000000e+00,0.000000000000000000e+00,-3.000000000000000000e+00,-1.938476562500000000e-01,4.813842773437500000e-01,1.172485351562500000e-01,8.466796875000000000e-01
0.000000000000000000e+00,1.000000000000000000e+00,1.700000000000000000e+01,8.000000000000000000e+00,-4.000000000000000000e+00,-2.000000000000000000e+00,-2.000000000000000000e+00,-1.000000000000000000e+00,-1.938476562500000000e-01,4.813842773437500000e-01,1.172485351562500000e-01,8.466796875000000000e-01
-3.000000000000000000e+00,-9.000000000000000000e+00,-2.800000000000000000e+01,-1.800000000000000000e+01,-9.000000000000000000e+00,0.000000000000000000e+00,-3.000000000000000000e+00,-2.000000000000000000e+00,-1.938476562500000000e-01,4.813842773437500000e-01,1.172485351562500000e-01,8.466796875000000000e-01
-1.000000000000000000e+00,2.000000000000000000e+00,1.000000000000000000e+00,4.000000000000000000e+00,4.000000000000000000e+00,0.000000000000000000e+00,1.000000000000000000e+00,0.000000000000000000e+00,-1.934204101562500000e-01,4.812011718750000000e-01,1.171264648437500000e-01,8.469238281250000000e-01
1.000000000000000000e+00,-1.000000000000000000e+00,1.000000000000000000e+00,4.000000000000000000e+00,4.000000000000000000e+00,-1.000000000000000000e+00,-2.000000000000000000e+00,-2.000000000000000000e+00,-1.934204101562500000e-01,4.812011718750000000e-01,1.171264648437500000e-01,8.469238281250000000e-01
-2.000000000000000000e+00,-6.000000000000000000e+00,-1.200000000000000000e+01,-3.000000000000000000e+00,-2.000000000000000000e+00,-1.000000000000000000e+00,1.000000000000000000e+00,-3.000000000000000000e+00,-1.934204101562500000e-01,4.812011718750000000e-01,1.171264648437500000e-01,8.469238281250000000e-01
-4.000000000000000000e+00,-1.000000000000000000e+00,1.700000000000000000e+01,4.000000000000000000e+00,-4.000000000000000000e+00,1.000000000000000000e+00,-2.000000000000000000e+00,1.000000000000000000e+00,-1.934204101562500000e-01,4.812011718750000000e-01,1.171264648437500000e-01,8.469238281250000000e-01
-3.000000000000000000e+00,-2.000000000000000000e+00,0.000000000000000000e+00,-9.000000000000000000e+00,-5.000000000000000000e+00,-2.000000000000000000e+00,-2.000000000000000000e+00,-2.000000000000000000e+00,-1.925048828125000000e-01,4.812622070312500000e-01,1.172485351562500000e-01,8.470458984375000000e-01
0.000000000000000000e+00,-2.000000000000000000e+00,-3.000000000000000000e+00,1.000000000000000000e+00,-1.000000000000000000e+00,0.000000000000000000e+00,-1.000000000000000000e+00,-1.000000000000000000e+00,-1.925048828125000000e-01,4.812622070312500000e-01,1.172485351562500000e-01,8.470458984375000000e-01
1.000000000000000000e+00,7.000000000000000000e+00,1.100000000000000000e+01,1.400000000000000000e+01,7.000000000000000000e+00,2.000000000000000000e+00,2.000000000000000000e+00,1.000000000000000000e+00,-1.925048828125000000e-01,4.812622070312500000e-01,1.172485351562500000e-01,8.470458984375000000e-01
-2.000000000000000000e+00,-7.000000000000000000e+00,-1.400000000000000000e+01,-5.000000000000000000e+00,2.000000000000000000e+00,-3.000000000000000000e+00,2.000000000000000000e+00,-1.000000000000000000e+00,-1.925048828125000000e-01,4.812622070312500000e-01,1.172485351562500000e-01,8.470458984375000000e-01
0.000000000000000000e+00,-2.000000000000000000e+00,-4.000000000000000000e+00,-3.000000000000000000e+00,-5.000000000000000000e+00,-2.000000000000000000e+00,-2.000000000000000000e+00,-2.000000000000000000e+00,-1.916503906250000000e-01,4.812622070312500000e-01,1.178588867187500000e-01,8.471679687500000000e-01
-1.000000000000000000e+00,-2.000000000000000000e+00,-5.000000000000000000e+00,-5.000000000000000000e+00,-2.000000000000000000e+00,-2.000000000000000000e+00,-1.000000000000000000e+00,1.000000000000000000e+00,-1.916503906250000000e-01,4.812622070312500000e-01,1.178588867187500000e-01,8.471679687500000000e-01
1.000000000000000000e+00,9.000000000000000000e+00,8.000000000000000000e+00,4.000000000000000000e+00,1.000000000000000000e+00,1.000000000000000000e+00,-2.000000000000000000e+00,0.000000000000000000e+00,-1.916503906250000000e-01,4.812622070312500000e-01,1.178588867187500000e-01,8.471679687500000000e-01
2.000000000000000000e+00,0.000000000000000000e+00,-9.000000000000000000e+00,-3.000000000000000000e+00,-2.000000000000000000e+00,0.000000000000000000e+00,0.000000000000000000e+00,-1.000000000000000000e+00,-1.916503906250000000e-01,4.812622070312500000e-01,1.178588867187500000e-01,8.471679687500000000e-01
-1.000000000000000000e+00,-3.000000000000000000e+00,-4.000000000000000000e+00,-5.000000000000000000e+00,-3.000000000000000000e+00,-2.000000000000000000e+00,-3.000000000000000000e+00,-3.000000000000000000e+00,-1.909179687500000000e-01,4.809570312500000000e-01,1.185302734375000000e-01,8.474121093750000000e-01
0.000000000000000000e+00,1.000000000000000000e+00,1.300000000000000000e+01,1.000000000000000000e+00,-1.000000000000000000e+01,-4.000000000000000000e+00,2.000000000000000000e+00,-1.000000000000000000e+00,-1.909179687500000000e-01,4.809570312500000000e-01,1.185302734375000000e-01,8.474121093750000000e-01
-1.000000000000000000e+00,-4.000000000000000000e+00,-1.700000000000000000e+01,-1.000000000000000000e+01,3.000000000000000000e+00,1.000000000000000000e+00,-1.000000000000000000e+00,0.000000000000000000e+00,-1.909179687500000000e-01,4.809570312500000000e-01,1.185302734375000000e-01,8.474121093750000000e-01
-3.000000000000000000e+00,-6.000000000000000000e+00,1.600000000000000000e+01,-4.000000000000000000e+00,-5.000000000000000000e+00,-1.000000000000000000e+00,3.000000000000000000e+00,1.000000000000000000e+00,-1.909179687500000000e-01,4.809570312500000000e-01,1.185302734375000000e-01,8.474121093750000000e-01
1.000000000000000000e+00,2.000000000000000000e+00,1.600000000000000000e+01,1.500000000000000000e+01,1.100000000000000000e+01,5.000000000000000000e+00,1.000000000000000000e+00,1.000000000000000000e+00,-1.899414062500000000e-01,4.805908203125000000e-01,1.185913085937500000e-01,8.478393554687500000e-01
-1.000000000000000000e+00,-1.000000000000000000e+00,-1.200000000000000000e+01,-7.000000000000000000e+00,-2.000000000000000000e+00,-3.000000000000000000e+00,-2.000000000000000000e+00,0.000000000000000000e+00,-1.899414062500000000e-01,4.805908203125000000e-01,1.185913085937500000e-01,8.478393554687500000e-01
-1.000000000000000000e+00,-4.000000000000000000e+00,0.000000000000000000e+00,-1.000000000000000000e+00,-8.000000000000000000e+00,-5.000000000000000000e+00,-3.000000000000000000e+00,0.000000000000000000e+00,-1.899414062500000000e-01,4.805908203125000000e-01,1.185913085937500000e-01,8.478393554687500000e-01
-1.000000000000000000e+00,5.000000000000000000e+00,1.700000000000000000e+01,2.000000000000000000e+00,4.000000000000000000e+00,0.000000000000000000e+00,-2.000000000000000000e+00,-1.000000000000000000e+00,-1.899414062500000000e-01,4.805908203125000000e-01,1.185913085937500000e-01,8.478393554687500000e-01
-2.000000000000000000e+00,-5.000000000000000000e+00,7.000000000000000000e+00,7.000000000000000000e+00,-1.000000000000000000e+00,-2.000000000000000000e+00,0.000000000000000000e+00,-1.000000000000000000e+00,-1.892089843750000000e-01,4.801025390625000000e-01,1.177978515625000000e-01,8.483886718750000000e-01
-2.000000000000000000e+00,-1.000000000000000000e+01,-7.600000000000000000e+01,-3.200000000000000000e+01,-1.000000000000000000e+01,-4.000000000000000000e+00,-1.000000000000000000e+00,-2.000000000000000000e+00,-1.892089843750000000e-01,4.801025390625000000e-01,1.177978515625000000e-01,8.483886718750000000e-01
0.000000000000000000e+00,2.000000000000000000e+00,4.000000000000000000e+00,1.100000000000000000e+01,0.000000000000000000e+00,-2.000000000000000000e+00,-1.000000000000000000e+00,-1.000000000000000000e+00,-1.892089843750000000e-01,4.801025390625000000e-01,1.177978515625000000e-01,8.483886718750000000e-01
-4.000000000000000000e+00,-3.000000000000000000e+00,6.000000000000000000e+00,-1.000000000000000000e+01,-6.000000000000000000e+00,0.000000000000000000e+00,3.000000000000000000e+00,-1.000000000000000000e+00,-1.892089843750000000e-01,4.801025390625000000e-01,1.177978515625000000e-01,8.483886718750000000e-01
1.000000000000000000e+00,7.000000000000000000e+00,-1.100000000000000000e+01,-7.000000000000000000e+00,-6.000000000000000000e+00,-4.000000000000000000e+00,-3.000000000000000000e+00,-1.000000000000000000e+00,-1.889038085937500000e-01,4.793701171875000000e-01,1.168212890625000000e-01,8.489990234375000000e-01
3.000000000000000000e+00,1.000000000000000000e+01,2.600000000000000000e+01,1.700000000000000000e+01,3.000000000000000000e+00,-2.000000000000000000e+00,0.000000000000000000e+00,1.000000000000000000e+00,-1.889038085937500000e-01,4.793701171875000000e-01,1.168212890625000000e-01,8.489990234375000000e-01
-4.000000000000000000e+00,-8.000000000000000000e+00,-1.200000000000000000e+01,-9.000000000000000000e+00,4.000000000000000000e+00,-1.000000000000000000e+00,-3.000000000000000000e+00,-1.000000000000000000e+00,-1.889038085937500000e-01,4.793701171875000000e-01,1.168212890625000000e-01,8.489990234375000000e-01
0.000000000000000000e+00,0.000000000000000000e+00,-4.000000000000000000e+00,5.000000000000000000e+00,-1.000000000000000000e+00,-2.000000000000000000e+00,-2.000000000000000000e+00,0.000000000000000000e+00,-1.889038085937500000e-01,4.793701171875000000e-01,1.168212890625000000e-01,8.489990234375000000e-01
-1.000000000000000000e+00,-3.000000000000000000e+00,9.000000000000000000e+00,-5.000000000000000000e+00,-1.000000000000000000e+00,1.000000000000000000e+00,0.000000000000000000e+00,-1.000000000000000000e+00,-1.884765625000000000e-01,4.788208007812500000e-01,1.156005859375000000e-01,8.496093750000000000e-01
2.000000000000000000e+00,7.000000000000000000e+00,1.000000000000000000e+01,7.000000000000000000e+00,-7.000000000000000000e+00,-4.000000000000000000e+00,-3.000000000000000000e+00,0.000000000000000000e+00,-1.884765625000000000e-01,4.788208007812500000e-01,1.156005859375000000e-01,8.496093750000000000e-01
0.000000000000000000e+00,0.000000000000000000e+00,-1.000000000000000000e+01,-8.000000000000000000e+00,0.000000000000000000e+00,1.000000000000000000e+00,0.000000000000000000e+00,-4.000000000000000000e+00,-1.884765625000000000e-01,4.788208007812500000e-01,1.156005859375000000e-01,8.496093750000000000e-01
1.000000000000000000e+00,2.000000000000000000e+00,1.100000000000000000e+01,2.000000000000000000e+00,1.000000000000000000e+00,1.000000000000000000e+00,-1.000000000000000000e+00,1.000000000000000000e+00,-1.884765625000000000e-01,4.788208007812500000e-01,1.156005859375000000e-01,8.496093750000000000e-01
-9.000000000000000000e+00,-3.000000000000000000e+00,7.000000000000000000e+00,1.000000000000000000e+00,2.000000000000000000e+00,-1.000000000000000000e+00,-1.000000000000000000e+00,-1.000000000000000000e+00,-1.885375976562500000e-01,4.783325195312500000e-01,1.146240234375000000e-01,8.499755859375000000e-01
-1.000000000000000000e+00,-6.000000000000000000e+00,-6.000000000000000000e+00,-5.000000000000000000e+00,-4.000000000000000000e+00,-1.000000000000000000e+00,-3.000000000000000000e+00,0.000000000000000000e+00,-1.885375976562500000e-01,4.783325195312500000e-01,1.146240234375000000e-01,8.499755859375000000e-01
-2.000000000000000000e+00,-3.000000000000000000e+00,1.000000000000000000e+00,-1.000000000000000000e+00,-9.000000000000000000e+00,-2.000000000000000000e+00,0.000000000000000000e+00,-2.000000000000000000e+00,-1.885375976562500000e-01,4.783325195312500000e-01,1.146240234375000000e-01,8.499755859375000000e-01
4.000000000000000000e+00,5.000000000000000000e+00,0.000000000000000000e+00,9.000000000000000000e+00,1.100000000000000000e+01,1.000000000000000000e+00,-4.000000000000000000e+00,-1.000000000000000000e+00,-1.885375976562500000e-01,4.783325195312500000e-01,1.146240234375000000e-01,8.499755859375000000e-01
3.000000000000000000e+00,-2.000000000000000000e+00,-1.100000000000000000e+01,-1.400000000000000000e+01,-7.000000000000000000e+00,-1.000000000000000000e+00,1.000000000000000000e+00,1.000000000000000000e+00,-1.892089843750000000e-01,4.777832031250000000e-01,1.140747070312500000e-01,8.501586914062500000e-01
-3.000000000000000000e+00,-1.000000000000000000e+00,2.400000000000000000e+01,1.300000000000000000e+01,4.000000000000000000e+00,0.000000000000000000e+00,0.000000000000000000e+00,-3.000000000000000000e+00,-1.892089843750000000e-01,4.777832031250000000e-01,1.140747070312500000e-01,8.501586914062500000e-01
0.000000000000000000e+00,3.000000000000000000e+00,-2.400000000000000000e+01,-1.000000000000000000e+01,0.000000000000000000e+00,0.000000000000000000e+00,1.000000000000000000e+00,1.000000000000000000e+00,-1.892089843750000000e-01,4.777832031250000000e-01,1.140747070312500000e-01,8.501586914062500000e-01
-5.000000000000000000e+00,-4.000000000000000000e+00,-9.000000000000000000e+00,-7.000000000000000000e+00,-9.000000000000000000e+00,-7.000000000000000000e+00,-4.000000000000000000e+00,-3.000000000000000000e+00,-1.892089843750000000e-01,4.777832031250000000e-01,1.140747070312500000e-01,8.501586914062500000e-01
0.000000000000000000e+00,-3.000000000000000000e+00,-1.100000000000000000e+01,-3.000000000000000000e+00,-1.700000000000000000e+01,0.000000000000000000e+00,1.000000000000000000e+00,0.000000000000000000e+00,-1.899414062500000000e-01,4.774780273437500000e-01,1.132812500000000000e-01,8.502807617187500000e-01
1.000000000000000000e+00,6.000000000000000000e+00,1.600000000000000000e+01,4.000000000000000000e+00,2.400000000000000000e+01,4.000000000000000000e+00,1.000000000000000000e+00,0.000000000000000000e+00,-1.899414062500000000e-01,4.774780273437500000e-01,1.132812500000000000e-01,8.502807617187500000e-01
1.000000000000000000e+00,-1.000000000000000000e+00,-8.000000000000000000e+00,-1.000000000000000000e+00,0.000000000000000000e+00,0.000000000000000000e+00,-1.000000000000000000e+00,0.000000000000000000e+00,-1.899414062500000000e-01,4.774780273437500000e-01,1.132812500000000000e-01,8.502807617187500000e-01
-1.000000000000000000e+00,-3.000000000000000000e+00,6.000000000000000000e+00,1.400000000000000000e+01,3.000000000000000000e+00,-3.000000000000000000e+00,-1.000000000000000000e+00,-3.000000000000000000e+00,-1.899414062500000000e-01,4.774780273437500000e-01,1.132812500000000000e-01,8.502807617187500000e-01
2.000000000000000000e+00,7.000000000000000000e+00,-7.000000000000000000e+00,-1.000000000000000000e+01,-6.000000000000000000e+00,-5.000000000000000000e+00,-4.000000000000000000e+00,-2.000000000000000000e+00,-1.905517578125000000e-01,4.773559570312500000e-01,1.124267578125000000e-01,8.503417968750000000e-01
-3.000000000000000000e+00,-8.000000000000000000e+00,-4.000000000000000000e+00,-7.000000000000000000e+00,-7.000000000000000000e+00,-2.000000000000000000e+00,-1.000000000000000000e+00,-2.000000000000000000e+00,-1.905517578125000000e-01,4.773559570312500000e-01,1.124267578125000000e-01,8.503417968750000000e-01
1.000000000000000000e+00,1.000000000000000000e+00,8.000000000000000000e+00,1.000000000000000000e+01,9.000000000000000000e+00,7.000000000000000000e+00,3.000000000000000000e+00,1.000000000000000000e+00,-1.905517578125000000e-01,4.773559570312500000e-01,1.124267578125000000e-01,8.503417968750000000e-01
-2.000000000000000000e+00,-1.000000000000000000e+00,-1.100000000000000000e+01,-5.000000000000000000e+00,-3.000000000000000000e+00,0.000000000000000000e+00,1.000000000000000000e+00,1.000000000000000000e+00,-1.905517578125000000e-01,4.773559570312500000e-01,1.124267578125000000e-01,8.503417968750000000e-01
-4.000000000000000000e+00,-4.000000000000000000e+00,1.000000000000000000e+00,9.000000000000000000e+00,9.000000000000000000e+00,-1.000000000000000000e+00,-3.000000000000000000e+00,-3.000000000000000000e+00,-1.907958984375000000e-01,4.772338867187500000e-01,1.118774414062500000e-01,8.504638671875000000e-01
0.000000000000000000e+00,1.000000000000000000e+00,-4.000000000000000000e+00,-1.000000000000000000e+01,-1.000000000000000000e+01,-2.000000000000000000e+00,0.000000000000000000e+00,-1.000000000000000000e+00,-1.907958984375000000e-01,4.772338867187500000e-01,1.118774414062500000e-01,8.504638671875000000e-01
-2.000000000000000000e+00,-1.000000000000000000e+00,5.000000000000000000e+00,-3.000000000000000000e+00,-2.000000000000000000e+00,-3.000000000000000000e+00,0.000000000000000000e+00,1.000000000000000000e+00,-1.907958984375000000e-01,4.772338867187500000e-01,1.118774414062500000e-01,8.504638671875000000e-01
-4.000000000000000000e+00,-3.000000000000000000e+00,-1.500000000000000000e+01,-9.000000000000000000e+00,-4.000000000000000000e+00,-2.000000000000000000e+00,-1.000000000000000000e+00,0.000000000000000000e+00,-1.907958984375000000e-01,4.772338867187500000e-01,1.118774414062500000e-01,8.504638671875000000e-01
0.000000000000000000e+00,-2.000000000000000000e+00,9.000000000000000000e+00,6.000000000000000000e+00,-1.000000000000000000e+00,1.000000000000000000e+00,1.000000000000000000e+00,-1.000000000000000000e+00,-1.907958984375000000e-01,4.771728515625000000e-01,1.115722656250000000e-01,8.505249023437500000e-01
-1.000000000000000000e+00,1.000000000000000000e+00,-1.800000000000000000e+01,-1.000000000000000000e+00,7.000000000000000000e+00,1.000000000000000000e+00,0.000000000000000000e+00,-1.000000000000000000e+00,-1.907958984375000000e-01,4.771728515625000000e-01,1.115722656250000000e-01,8.505249023437500000e-01
-2.000000000000000000e+00,-1.000000000000000000e+01,0.000000000000000000e+00,-1.000000000000000000e+01,-1.600000000000000000e+01,-6.000000000000000000e+00,-4.000000000000000000e+00,-4.000000000000000000e+00,-1.907958984375000000e-01,4.771728515625000000e-01,1.115722656250000000e-01,8.505249023437500000e-01
1.000000000000000000e+00,-2.000000000000000000e+00,3.000000000000000000e+00,3.000000000000000000e+00,6.000000000000000000e+00,5.000000000000000000e+00,2.000000000000000000e+00,1.000000000000000000e+00,-1.907958984375000000e-01,4.771728515625000000e-01,1.115722656250000000e-01,8.505249023437500000e-01
-5.000000000000000000e+00,0.000000000000000000e+00,4.000000000000000000e+00,0.000000000000000000e+00,3.000000000000000000e+00,1.000000000000000000e+00,1.000000000000000000e+00,-2.000000000000000000e+00,-1.904296875000000000e-01,4.771118164062500000e-01,1.112060546875000000e-01,8.507080078125000000e-01
-1.000000000000000000e+00,-5.000000000000000000e+00,-4.000000000000000000e+00,-2.000000000000000000e+00,-5.000000000000000000e+00,-1.000000000000000000e+00,-3.000000000000000000e+00,0.000000000000000000e+00,-1.904296875000000000e-01,4.771118164062500000e-01,1.112060546875000000e-01,8.507080078125000000e-01
1.000000000000000000e+00,5.000000000000000000e+00,7.000000000000000000e+00,2.000000000000000000e+00,-1.000000000000000000e+00,0.000000000000000000e+00,-2.000000000000000000e+00,-1.000000000000000000e+00,-1.904296875000000000e-01,4.771118164062500000e-01,1.112060546875000000e-01,8.507080078125000000e-01
2.000000000000000000e+00,1.000000000000000000e+00,1.000000000000000000e+00,3.000000000000000000e+00,-9.000000000000000000e+00,-5.000000000000000000e+00,-3.000000000000000000e+00,-2.000000000000000000e+00,-1.904296875000000000e-01,4.771118164062500000e-01,1.112060546875000000e-01,8.507080078125000000e-01
-1.000000000000000000e+00,-8.000000000000000000e+00,-5.000000000000000000e+00,-1.000000000000000000e+01,1.300000000000000000e+01,0.000000000000000000e+00,-3.000000000000000000e+00,1.000000000000000000e+00,-1.898193359375000000e-01,4.769897460937500000e-01,1.109619140625000000e-01,8.508911132812500000e-01
-6.000000000000000000e+00,-9.000000000000000000e+00,-2.300000000000000000e+01,-1.600000000000000000e+01,-9.000000000000000000e+00,-4.000000000000000000e+00,-1.000000000000000000e+00,-1.000000000000000000e+00,-1.898193359375000000e-01,4.769897460937500000e-01,1.109619140625000000e-01,8.508911132812500000e-01
-2.000000000000000000e+00,1.000000000000000000e+00,3.000000000000000000e+00,-2.000000000000000000e+00,-3.000000000000000000e+00,-2.000000000000000000e+00,-1.000000000000000000e+00,0.000000000000000000e+00,-1.898193359375000000e-01,4.769897460937500000e-01,1.109619140625000000e-01,8.508911132812500000e-01
-2.000000000000000000e+00,2.000000000000000000e+00,4.000000000000000000e+00,4.000000000000000000e+00,-6.000000000000000000e+00,-2.000000000000000000e+00,-4.000000000000000000e+00,-2.000000000000000000e+00,-1.898193359375000000e-01,4.769897460937500000e-01,1.109619140625000000e-01,8.508911132812500000e-01
-2.000000000000000000e+00,-6.000000000000000000e+00,0.000000000000000000e+00,7.000000000000000000e+00,9.000000000000000000e+00,-2.000000000000000000e+00,-1.000000000000000000e+00,0.000000000000000000e+00,-1.895751953125000000e-01,4.769897460937500000e-01,1.111450195312500000e-01,8.509521484375000000e-01
2.000000000000000000e+00,8.000000000000000000e+00,2.400000000000000000e+01,5.000000000000000000e+00,-6.000000000000000000e+00,0.000000000000000000e+00,-1.000000000000000000e+00,-2.000000000000000000e+00,-1.895751953125000000e-01,4.769897460937500000e-01,1.111450195312500000e-01,8.509521484375000000e-01
-3.000000000000000000e+00,-5.000000000000000000e+00,-2.400000000000000000e+01,-1.300000000000000000e+01,-2.000000000000000000e+00,-2.000000000000000000e+00,-2.000000000000000000e+00,-2.000000000000000000e+00,-1.895751953125000000e-01,4.769897460937500000e-01,1.111450195312500000e-01,8.509521484375000000e-01
-2.000000000000000000e+00,-1.000000000000000000e+00,2.000000000000000000e+00,-1.000000000000000000e+00,3.000000000000000000e+00,2.000000000000000000e+00,-1.000000000000000000e+00,-1.000000000000000000e+00,-1.895751953125000000e-01,4.769897460937500000e-01,1.111450195312500000e-01,8.509521484375000000e-01
1.000000000000000000e+00,1.000000000000000000e+00,-2.000000000000000000e+00,2.000000000000000000e+00,-4.000000000000000000e+00,0.000000000000000000e+00,-1.000000000000000000e+00,-1.000000000000000000e+00,-1.900024414062500000e-01,4.767456054687500000e-01,1.115112304687500000e-01,8.509521484375000000e-01
6.000000000000000000e+00,1.000000000000000000e+00,-1.000000000000000000e+00,6.000000000000000000e+00,-2.000000000000000000e+00,0.000000000000000000e+00,0.000000000000000000e+00,0.000000000000000000e+00,-1.900024414062500000e-01,4.767456054687500000e-01,1.115112304687500000e-01,8.509521484375000000e-01
-8.000000000000000000e+00,-2.000000000000000000e+00,8.000000000000000000e+00,2.000000000000000000e+00,8.000000000000000000e+00,-2.000000000000000000e+00,-1.000000000000000000e+00,-2.000000000000000000e+00,-1.900024414062500000e-01,4.767456054687500000e-01,1.115112304687500000e-01,8.509521484375000000e-01
0.000000000000000000e+00,-1.000000000000000000e+00,4.000000000000000000e+00,-6.000000000000000000e+00,-4.000000000000000000e+00,0.000000000000000000e+00,0.000000000000000000e+00,-2.000000000000000000e+00,-1.900024414062500000e-01,4.767456054687500000e-01,1.115112304687500000e-01,8.509521484375000000e-01
1.000000000000000000e+00,4.000000000000000000e+00,-2.100000000000000000e+01,-4.000000000000000000e+00,-2.000000000000000000e+00,-2.000000000000000000e+00,-1.000000000000000000e+00,0.000000000000000000e+00,-1.904907226562500000e-01,4.764404296875000000e-01,1.116943359375000000e-01,8.509521484375000000e-01
-5.000000000000000000e+00,-1.100000000000000000e+01,9.000000000000000000e+00,-8.000000000000000000e+00,-8.000000000000000000e+00,-4.000000000000000000e+00,-2.000000000000000000e+00,0.000000000000000000e+00,-1.904907226562500000e-01,4.764404296875000000e-01,1.116943359375000000e-01,8.509521484375000000e-01
8.000000000000000000e+00,1.100000000000000000e+01,4.000000000000000000e+00,5.000000000000000000e+00,-7.000000000000000000e+00,-2.000000000000000000e+00,0.000000000000000000e+00,1.000000000000000000e+00,-1.904907226562500000e-01,4.764404296875000000e-01,1.116943359375000000e-01,8.509521484375000000e-01
1.000000000000000000e+00,2.000000000000000000e+00,2.600000000000000000e+01,8.000000000000000000e+00,-1.000000000000000000e+00,-3.000000000000000000e+00,-1.000000000000000000e+00,0.000000000000000000e+00,-1.904907226562500000e-01,4.764404296875000000e-01,1.116943359375000000e-01,8.509521484375000000e-01
-9.000000000000000000e+00,-1.100000000000000000e+01,-5.200000000000000000e+01,-1.900000000000000000e+01,-4.000000000000000000e+00,-2.000000000000000000e+00,-1.000000000000000000e+00,-1.000000000000000000e+00,-1.904907226562500000e-01,4.764404296875000000e-01,1.116943359375000000e-01,8.509521484375000000e-01
1.000000000000000000e+00,-1.000000000000000000e+00,-1.000000000000000000e+01,-3.000000000000000000e+00,3.000000000000000000e+00,2.000000000000000000e+00,0.000000000000000000e+00,-2.000000000000000000e+00,-1.904907226562500000e-01,4.764404296875000000e-01,1.116943359375000000e-01,8.509521484375000000e-01
-1.000000000000000000e+00,-1.000000000000000000e+00,-1.000000000000000000e+00,7.000000000000000000e+00,-2.000000000000000000e+00,1.000000000000000000e+00,2.000000000000000000e+00,0.000000000000000000e+00,-1.904907226562500000e-01,4.764404296875000000e-01,1.116943359375000000e-01,8.509521484375000000e-01
1.000000000000000000e+00,-3.000000000000000000e+00,-2.000000000000000000e+00,-1.300000000000000000e+01,-2.000000000000000000e+00,-1.000000000000000000e+00,0.000000000000000000e+00,-1.000000000000000000e+00,-1.904907226562500000e-01,4.764404296875000000e-01,1.116943359375000000e-01,8.509521484375000000e-01
-4.000000000000000000e+00,4.000000000000000000e+00,2.400000000000000000e+01,1.100000000000000000e+01,-3.000000000000000000e+00,-2.000000000000000000e+00,-1.000000000000000000e+00,0.000000000000000000e+00,-1.904907226562500000e-01,4.764404296875000000e-01,1.116943359375000000e-01,8.509521484375000000e-01
-1.000000000000000000e+00,-1.000000000000000000e+00,2.000000000000000000e+00,-1.100000000000000000e+01,-4.000000000000000000e+00,3.000000000000000000e+00,0.000000000000000000e+00,1.000000000000000000e+00,-1.904907226562500000e-01,4.764404296875000000e-01,1.116943359375000000e-01,8.509521484375000000e-01
-3.000000000000000000e+00,-3.000000000000000000e+00,4.000000000000000000e+00,4.000000000000000000e+00,5.000000000000000000e+00,0.000000000000000000e+00,-2.000000000000000000e+00,-2.000000000000000000e+00,-1.904907226562500000e-01,4.764404296875000000e-01,1.116943359375000000e-01,8.509521484375000000e-01
1.000000000000000000e+00,3.000000000000000000e+00,-7.000000000000000000e+00,-1.000000000000000000e+00,4.000000000000000000e+00,0.000000000000000000e+00,-2.000000000000000000e+00,1.000000000000000000e+00,-1.904907226562500000e-01,4.764404296875000000e-01,1.116943359375000000e-01,8.509521484375000000e-01
-1.000000000000000000e+00,-3.000000000000000000e+00,7.000000000000000000e+00,1.500000000000000000e+01,4.000000000000000000e+00,1.000000000000000000e+00,-1.000000000000000000e+00,-1.000000000000000000e+00,-1.904296875000000000e-01,4.766845703125000000e-01,1.115722656250000000e-01,8.508911132812500000e-01
-2.000000000000000000e+00,0.000000000000000000e+00,8.000000000000000000e+00,-2.000000000000000000e+00,-4.000000000000000000e+00,-1.000000000000000000e+00,0.000000000000000000e+00,0.000000000000000000e+00,-1.904296875000000000e-01,4.766845703125000000e-01,1.115722656250000000e-01,8.508911132812500000e-01
-2.000000000000000000e+00,-6.000000000000000000e+00,-2.000000000000000000e+00,-1.000000000000000000e+00,0.000000000000000000e+00,-1.000000000000000000e+00,-2.000000000000000000e+00,-1.000000000000000000e+00,-1.904296875000000000e-01,4.766845703125000000e-01,1.115722656250000000e-01,8.508911132812500000e-01
7.000000000000000000e+00,3.000000000000000000e+00,-6.000000000000000000e+00,-1.000000000000000000e+00,-3.000000000000000000e+00,-3.000000000000000000e+00,-1.000000000000000000e+00,-1.000000000000000000e+00,-1.904296875000000000e-01,4.766845703125000000e-01,1.115722656250000000e-01,8.508911132812500000e-01
-2.000000000000000000e+00,-6.000000000000000000e+00,1.000000000000000000e+00,-1.000000000000000000e+00,1.000000000000000000e+00,-1.000000000000000000e+00,-2.000000000000000000e+00,0.000000000000000000e+00,-1.906127929687500000e-01,4.768066406250000000e-01,1.116943359375000000e-01,8.507690429687500000e-01
-5.000000000000000000e+00,3.000000000000000000e+00,1.000000000000000000e+01,3.000000000000000000e+00,-1.000000000000000000e+00,-4.000000000000000000e+00,-3.000000000000000000e+00,-4.000000000000000000e+00,-1.906127929687500000e-01,4.768066406250000000e-01,1.116943359375000000e-01,8.507690429687500000e-01
2.000000000000000000e+00,-1.000000000000000000e+00,8.000000000000000000e+00,-9.000000000000000000e+00,-1.400000000000000000e+01,-2.000000000000000000e+00,0.000000000000000000e+00,-1.000000000000000000e+00,-1.906127929687500000e-01,4.768066406250000000e-01,1.116943359375000000e-01,8.507690429687500000e-01
-5.000000000000000000e+00,-2.000000000000000000e+00,-3.000000000000000000e+00,1.500000000000000000e+01,3.300000000000000000e+01,5.000000000000000000e+00,1.000000000000000000e+00,0.000000000000000000e+00,-1.906127929687500000e-01,4.768066406250000000e-01,1.116943359375000000e-01,8.507690429687500000e-01
1.300000000000000000e+01,8.000000000000000000e+00,7.000000000000000000e+00,2.000000000000000000e+00,0.000000000000000000e+00,-2.000000000000000000e+00,-2.000000000000000000e+00,2.000000000000000000e+00,-1.904907226562500000e-01,4.768676757812500000e-01,1.117553710937500000e-01,8.507690429687500000e-01
-1.100000000000000000e+01,-5.000000000000000000e+00,-2.100000000000000000e+01,-2.000000000000000000e+00,2.000000000000000000e+00,0.000000000000000000e+00,2.000000000000000000e+00,1.000000000000000000e+00,-1.904907226562500000e-01,4.768676757812500000e-01,1.117553710937500000e-01,8.507690429687500000e-01
-2.000000000000000000e+00,-2.000000000000000000e+00,5.000000000000000000e+00,4.000000000000000000e+00,-6.000000000000000000e+00,-4.000000000000000000e+00,-2.000000000000000000e+00,-2.000000000000000000e+00,-1.904907226562500000e-01,4.768676757812500000e-01,1.117553710937500000e-01,8.507690429687500000e-01
1.000000000000000000e+00,-2.000000000000000000e+00,-7.000000000000000000e+00,-2.000000000000000000e+00,-7.000000000000000000e+00,1.000000000000000000e+00,-1.000000000000000000e+00,-3.000000000000000000e+00,-1.904907226562500000e-01,4.768676757812500000e-01,1.117553710937500000e-01,8.507690429687500000e-01
1.000000000000000000e+00,2.000000000000000000e+00,7.000000000000000000e+00,2.000000000000000000e+00,-2.000000000000000000e+00,-3.000000000000000000e+00,-2.000000000000000000e+00,-4.000000000000000000e+00,-1.904296875000000000e-01,4.768066406250000000e-01,1.118164062500000000e-01,8.507690429687500000e-01
5.000000000000000000e+00,-5.000000000000000000e+00,0.000000000000000000e+00,-1.000000000000000000e+00,3.000000000000000000e+00,1.000000000000000000e+00,-1.000000000000000000e+00,0.000000000000000000e+00,-1.904296875000000000e-01,4.768066406250000000e-01,1.118164062500000000e-01,8.507690429687500000e-01
0.000000000000000000e+00,1.000000000000000000e+00,3.000000000000000000e+00,3.000000000000000000e+00,-1.000000000000000000e+00,-1.000000000000000000e+00,1.000000000000000000e+00,1.000000000000000000e+00,-1.904296875000000000e-01,4.768066406250000000e-01,1.118164062500000000e-01,8.507690429687500000e-01
-8.000000000000000000e+00,-1.200000000000000000e+01,-9.000000000000000000e+00,-1.400000000000000000e+01,-1.500000000000000000e+01,-7.000000000000000000e+00,-4.000000000000000000e+00,-3.000000000000000000e+00,-1.904296875000000000e-01,4.768066406250000000e-01,1.118164062500000000e-01,8.507690429687500000e-01
2.000000000000000000e+00,-1.000000000000000000e+00,3.000000000000000000e+00,-7.000000000000000000e+00,-2.000000000000000000e+00,2.000000000000000000e+00,1.000000000000000000e+00,-2.000000000000000000e+00,-1.899414062500000000e-01,4.766845703125000000e-01,1.118774414062500000e-01,8.509521484375000000e-01
-1.000000000000000000e+00,1.000000000000000000e+00,4.000000000000000000e+00,5.000000000000000000e+00,-3.000000000000000000e+00,-2.000000000000000000e+00,-1.000000000000000000e+00,-4.000000000000000000e+00,-1.899414062500000000e-01,4.766845703125000000e-01,1.118774414062500000e-01,8.509521484375000000e-01
-2.000000000000000000e+00,-2.000000000000000000e+00,7.000000000000000000e+00,4.000000000000000000e+00,5.000000000000000000e+00,0.000000000000000000e+00,2.000000000000000000e+00,-2.000000000000000000e+00,-1.899414062500000000e-01,4.766845703125000000e-01,1.118774414062500000e-01,8.509521484375000000e-01
3.000000000000000000e+00,6.000000000000000000e+00,-9.000000000000000000e+00,-4.000000000000000000e+00,-1.000000000000000000e+00,1.000000000000000000e+00,2.000000000000000000e+00,2.000000000000000000e+00,-1.899414062500000000e-01,4.766845703125000000e-01,1.118774414062500000e-01,8.509521484375000000e-01
-3.000000000000000000e+00,0.000000000000000000e+00,-2.000000000000000000e+00,5.000000000000000000e+00,-2.000000000000000000e+00,-4.000000000000000000e+00,-1.000000000000000000e+00,0.000000000000000000e+00,-1.887817382812500000e-01,4.765014648437500000e-01,1.116943359375000000e-01,8.513183593750000000e-01
-1.000000000000000000e+00,-2.000000000000000000e+00,-3.000000000000000000e+00,-1.500000000000000000e+01,-5.000000000000000000e+00,0.000000000000000000e+00,-1.000000000000000000e+00,2.000000000000000000e+00,-1.887817382812500000e-01,4.765014648437500000e-01,1.116943359375000000e-01,8.513183593750000000e-01
-2.000000000000000000e+00,-2.000000000000000000e+00,-4.000000000000000000e+00,1.500000000000000000e+01,2.000000000000000000e+00,-1.000000000000000000e+00,-2.000000000000000000e+00,-2.000000000000000000e+00,-1.887817382812500000e-01,4.765014648437500000e-01,1.116943359375000000e-01,8.513183593750000000e-01
-2.000000000000000000e+00,-2.000000000000000000e+00,-2.000000000000000000e+00,-1.600000000000000000e+01,-8.000000000000000000e+00,1.000000000000000000e+00,1.000000000000000000e+00,-1.000000000000000000e+00,-1.887817382812500000e-01,4.765014648437500000e-01,1.116943359375000000e-01,8.513183593750000000e-01
-2.000000000000000000e+00,-1.000000000000000000e+00,6.000000000000000000e+00,-4.000000000000000000e+00,-5.000000000000000000e+00,-1.000000000000000000e+00,-1.000000000000000000e+00,-2.000000000000000000e+00,-1.873779296875000000e-01,4.761352539062500000e-01,1.114501953125000000e-01,8.518676757812500000e-01
2.000000000000000000e+00,5.000000000000000000e+00,-4.000000000000000000e+00,1.100000000000000000e+01,6.000000000000000000e+00,0.000000000000000000e+00,0.000000000000000000e+00,-1.000000000000000000e+00,-1.873779296875000000e-01,4.761352539062500000e-01,1.114501953125000000e-01,8.518676757812500000e-01
-3.000000000000000000e+00,-5.000000000000000000e+00,1.200000000000000000e+01,0.000000000000000000e+00,-3.000000000000000000e+00,-4.000000000000000000e+00,-3.000000000000000000e+00,-1.000000000000000000e+00,-1.873779296875000000e-01,4.761352539062500000e-01,1.114501953125000000e-01,8.518676757812500000e-01
-3.000000000000000000e+00,-2.000000000000000000e+00,9.000000000000000000e+00,1.000000000000000000e+01,4.000000000000000000e+00,-1.000000000000000000e+00,0.000000000000000000e+00,-1.000000000000000000e+00,-1.873779296875000000e-01,4.761352539062500000e-01,1.114501953125000000e-01,8.518676757812500000e-01
-2.000000000000000000e+00,-2.000000000000000000e+00,-7.000000000000000000e+00,-1.400000000000000000e+01,-8.000000000000000000e+00,-5.000000000000000000e+00,1.000000000000000000e+00,-1.000000000000000000e+00,-1.859130859375000000e-01,4.758300781250000000e-01,1.108398437500000000e-01,8.524169921875000000e-01
-1.000000000000000000e+00,0.000000000000000000e+00,-4.000000000000000000e+00,5.000000000000000000e+00,4.000000000000000000e+00,2.000000000000000000e+00,1.000000000000000000e+00,-2.000000000000000000e+00,-1.859130859375000000e-01,4.758300781250000000e-01,1.108398437500000000e-01,8.524169921875000000e-01
-2.000000000000000000e+00,2.000000000000000000e+00,-1.100000000000000000e+01,-2.000000000000000000e+01,-1.000000000000000000e+01,-2.000000000000000000e+00,0.000000000000000000e+00,-3.000000000000000000e+00,-1.859130859375000000e-01,4.758300781250000000e-01,1.108398437500000000e-01,8.524169921875000000e-01
0.000000000000000000e+00,5.000000000000000000e+00,1.500000000000000000e+01,4.000000000000000000e+00,-5.000000000000000000e+00,0.000000000000000000e+00,-2.000000000000000000e+00,-2.000000000000000000e+00,-1.859130859375000000e-01,4.758300781250000000e-01,1.108398437500000000e-01,8.524169921875000000e-01
-1.000000000000000000e+00,-3.000000000000000000e+00,9.000000000000000000e+00,3.000000000000000000e+00,3.000000000000000000e+00,1.000000000000000000e+00,0.000000000000000000e+00,0.000000000000000000e+00,-1.854248046875000000e-01,4.755859375000000000e-01,1.104125976562500000e-01,8.527221679687500000e-01
3.000000000000000000e+00,3.000000000000000000e+00,1.000000000000000000e+00,-6.000000000000000000e+00,-9.000000000000000000e+00,-4.000000000000000000e+00,-4.000000000000000000e+00,-1.000000000000000000e+00,-1.854248046875000000e-01,4.755859375000000000e-01,1.104125976562500000e-01,8.527221679687500000e-01
0.000000000000000000e+00,-3.000000000000000000e+00,-9.000000000000000000e+00,-1.000000000000000000e+00,7.000000000000000000e+00,6.000000000000000000e+00,2.000000000000000000e+00,3.000000000000000000e+00,-1.854248046875000000e-01,4.755859375000000000e-01,1.104125976562500000e-01,8.527221679687500000e-01
-1.000000000000000000e+00,0.000000000000000000e+00,6.000000000000000000e+00,2.000000000000000000e+00,-1.000000000000000000e+00,-2.000000000000000000e+00,-2.000000000000000000e+00,1.000000000000000000e+00,-1.854248046875000000e-01,4.755859375000000000e-01,1.104125976562500000e-01,8.527221679687500000e-01
3.000000000000000000e+00,6.000000000000000000e+00,3.000000000000000000e+00,7.000000000000000000e+00,3.000000000000000000e+00,1.000000000000000000e+00,-2.000000000000000000e+00,-1.000000000000000000e+00,-1.857299804687500000e-01,4.753417968750000000e-01,1.099853515625000000e-01,8.528442382812500000e-01
-1.000000000000000000e+01,-7.000000000000000000e+00,-2.000000000000000000e+00,3.000000000000000000e+00,-5.000000000000000000e+00,-2.000000000000000000e+00,-2.000000000000000000e+00,0.000000000000000000e+00,-1.857299804687500000e-01,4.753417968750000000e-01,1.099853515625000000e-01,8.528442382812500000e-01
-2.000000000000000000e+00,-1.000000000000000000e+01,-2.000000000000000000e+00,-6.000000000000000000e+00,1.000000000000000000e+00,-1.000000000000000000e+00,2.000000000000000000e+00,0.000000000000000000e+00,-1.857299804687500000e-01,4.753417968750000000e-01,1.099853515625000000e-01,8.528442382812500000e-01
-1.000000000000000000e+00,-1.000000000000000000e+00,-1.400000000000000000e+01,-3.000000000000000000e+00,1.000000000000000000e+00,-4.000000000000000000e+00,-2.000000000000000000e+00,-2.000000000000000000e+00,-1.857299804687500000e-01,4.753417968750000000e-01,1.099853515625000000e-01,8.528442382812500000e-01
-1.000000000000000000e+00,-1.000000000000000000e+00,7.000000000000000000e+00,-3.000000000000000000e+00,-3.000000000000000000e+00,1.000000000000000000e+00,-2.000000000000000000e+00,0.000000000000000000e+00,-1.863403320312500000e-01,4.751586914062500000e-01,1.094970703125000000e-01,8.529052734375000000e-01
0.000000000000000000e+00,-2.000000000000000000e+00,1.000000000000000000e+00,4.000000000000000000e+00,1.000000000000000000e+00,-1.000000000000000000e+00,-1.000000000000000000e+00,-1.000000000000000000e+00,-1.863403320312500000e-01,4.751586914062500000e-01,1.094970703125000000e-01,8.529052734375000000e-01
-3.000000000000000000e+00,-2.000000000000000000e+00,-4.000000000000000000e+00,-3.000000000000000000e+00,-7.000000000000000000e+00,-3.000000000000000000e+00,-1.000000000000000000e+00,-3.000000000000000000e+00,-1.863403320312500000e-01,4.751586914062500000e-01,1.094970703125000000e-01,8.529052734375000000e-01
1.000000000000000000e+00,1.000000000000000000e+00,1.100000000000000000e+01,0.000000000000000000e+00,1.800000000000000000e+01,7.000000000000000000e+00,2.000000000000000000e+00,1.000000000000000000e+00,-1.863403320312500000e-01,4.751586914062500000e-01,1.094970703125000000e-01,8.529052734375000000e-01
-1.000000000000000000e+00,-7.000000000000000000e+00,-2.100000000000000000e+01,2.000000000000000000e+00,0.000000000000000000e+00,-2.000000000000000000e+00,-2.000000000000000000e+00,-1.000000000000000000e+00,-1.864624023437500000e-01,4.752807617187500000e-01,1.090698242187500000e-01,8.529052734375000000e-01
1.000000000000000000e+00,-1.000000000000000000e+00,4.000000000000000000e+00,-2.000000000000000000e+00,-1.000000000000000000e+00,-1.000000000000000000e+00,-1.000000000000000000e+00,-2.000000000000000000e+00,-1.864624023437500000e-01,4.752807617187500000e-01,1.090698242187500000e-01,8.529052734375000000e-01
3.000000000000000000e+00,5.000000000000000000e+00,-5.000000000000000000e+00,7.000000000000000000e+00,7.000000000000000000e+00,0.000000000000000000e+00,-2.000000000000000000e+00,1.000000000000000000e+00,-1.864624023437500000e-01,4.752807617187500000e-01,1.090698242187500000e-01,8.529052734375000000e-01
-6.000000000000000000e+00,-8.000000000000000000e+00,-1.000000000000000000e+00,-1.000000000000000000e+00,-1.700000000000000000e+01,-8.000000000000000000e+00,-5.000000000000000000e+00,-4.000000000000000000e+00,-1.864624023437500000e-01,4.752807617187500000e-01,1.090698242187500000e-01,8.529052734375000000e-01
0.000000000000000000e+00,3.000000000000000000e+00,1.000000000000000000e+00,-2.000000000000000000e+00,6.000000000000000000e+00,4.000000000000000000e+00,1.000000000000000000e+00,1.000000000000000000e+00,-1.865844726562500000e-01,4.755249023437500000e-01,1.087646484375000000e-01,8.527221679687500000e-01
-1.000000000000000000e+00,-3.000000000000000000e+00,2.000000000000000000e+00,-6.000000000000000000e+00,0.000000000000000000e+00,-1.000000000000000000e+00,-4.000000000000000000e+00,-2.000000000000000000e+00,-1.865844726562500000e-01,4.755249023437500000e-01,1.087646484375000000e-01,8.527221679687500000e-01
-2.000000000000000000e+00,-5.000000000000000000e+00,-2.000000000000000000e+00,4.000000000000000000e+00,3.000000000000000000e+00,-2.000000000000000000e+00,-4.000000000000000000e+00,-3.000000000000000000e+00,-1.865844726562500000e-01,4.755249023437500000e-01,1.087646484375000000e-01,8.527221679687500000e-01
3.000000000000000000e+00,7.000000000000000000e+00,-2.200000000000000000e+01,-6.000000000000000000e+00,-7.000000000000000000e+00,-2.000000000000000000e+00,-1.000000000000000000e+00,0.000000000000000000e+00,-1.865844726562500000e-01,4.755249023437500000e-01,1.087646484375000000e-01,8.527221679687500000e-01
-3.000000000000000000e+00,-2.000000000000000000e+00,3.000000000000000000e+00,-1.000000000000000000e+00,-2.000000000000000000e+00,-2.000000000000000000e+00,-3.000000000000000000e+00,-3.000000000000000000e+00,-1.868286132812500000e-01,4.759521484375000000e-01,1.086425781250000000e-01,8.524780273437500000e-01
2.000000000000000000e+00,0.000000000000000000e+00,6.000000000000000000e+00,2.000000000000000000e+00,2.000000000000000000e+00,0.000000000000000000e+00,1.000000000000000000e+00,1.000000000000000000e+00,-1.868286132812500000e-01,4.759521484375000000e-01,1.086425781250000000e-01,8.524780273437500000e-01
2.000000000000000000e+00,-1.000000000000000000e+00,-1.000000000000000000e+01,-3.000000000000000000e+00,-2.000000000000000000e+00,-3.000000000000000000e+00,-1.000000000000000000e+00,-2.000000000000000000e+00,-1.868286132812500000e-01,4.759521484375000000e-01,1.086425781250000000e-01,8.524780273437500000e-01
-1.000000000000000000e+00,2.000000000000000000e+00,4.000000000000000000e+00,1.000000000000000000e+00,-1.000000000000000000e+00,0.000000000000000000e+00,-1.000000000000000000e+00,-2.000000000000000000e+00,-1.868286132812500000e-01,4.759521484375000000e-01,1.086425781250000000e-01,8.524780273437500000e-01
-4.000000000000000000e+00,-1.000000000000000000e+00,5.000000000000000000e+00,-1.000000000000000000e+00,-2.000000000000000000e+00,-1.000000000000000000e+00,0.000000000000000000e+00,-3.000000000000000000e+00,-1.870727539062500000e-01,4.764404296875000000e-01,1.087646484375000000e-01,8.521118164062500000e-01
0.000000000000000000e+00,0.000000000000000000e+00,6.000000000000000000e+00,2.000000000000000000e+00,0.000000000000000000e+00,-2.000000000000000000e+00,0.000000000000000000e+00,-2.000000000000000000e+00,-1.870727539062500000e-01,4.764404296875000000e-01,1.087646484375000000e-01,8.521118164062500000e-01
-1.000000000000000000e+00,1.000000000000000000e+00,-1.000000000000000000e+01,-1.100000000000000000e+01,-3.000000000000000000e+00,1.000000000000000000e+00,0.000000000000000000e+00,0.000000000000000000e+00,-1.870727539062500000e-01,4.764404296875000000e-01,1.087646484375000000e-01,8.521118164062500000e-01
-2.000000000000000000e+00,-3.000000000000000000e+00,2.900000000000000000e+01,1.700000000000000000e+01,5.000000000000000000e+00,1.000000000000000000e+00,1.000000000000000000e+00,0.000000000000000000e+00,-1.870727539062500000e-01,4.764404296875000000e-01,1.087646484375000000e-01,8.521118164062500000e-01
-1.000000000000000000e+00,1.000000000000000000e+00,-3.300000000000000000e+01,-1.200000000000000000e+01,-9.000000000000000000e+00,-4.000000000000000000e+00,-3.000000000000000000e+00,-1.000000000000000000e+00,-1.869506835937500000e-01,4.769287109375000000e-01,1.093139648437500000e-01,8.518066406250000000e-01
1.000000000000000000e+00,2.000000000000000000e+00,-4.000000000000000000e+00,0.000000000000000000e+00,1.000000000000000000e+01,1.000000000000000000e+00,2.000000000000000000e+00,2.000000000000000000e+00,-1.869506835937500000e-01,4.769287109375000000e-01,1.093139648437500000e-01,8.518066406250000000e-01
-2.000000000000000000e+00,-3.000000000000000000e+00,5.000000000000000000e+00,2.000000000000000000e+00,6.000000000000000000e+00,-1.000000000000000000e+00,-3.000000000000000000e+00,-1.000000000000000000e+00,-1.869506835937500000e-01,4.769287109375000000e-01,1.093139648437500000e-01,8.518066406250000000e-01
0.000000000000000000e+00,-2.000000000000000000e+00,-1.700000000000000000e+01,-1.400000000000000000e+01,-1.700000000000000000e+01,-4.000000000000000000e+00,0.000000000000000000e+00,-1.000000000000000000e+00,-1.869506835937500000e-01,4.769287109375000000e-01,1.093139648437500000e-01,8.518066406250000000e-01
1.000000000000000000e+00,0.000000000000000000e+00,1.200000000000000000e+01,8.000000000000000000e+00,1.000000000000000000e+01,4.000000000000000000e+00,1.000000000000000000e+00,-1.000000000000000000e+00,-1.876220703125000000e-01,4.771118164062500000e-01,1.101074218750000000e-01,8.514404296875000000e-01
2.000000000000000000e+00,1.000000000000000000e+00,-8.000000000000000000e+00,-4.000000000000000000e+00,-7.000000000000000000e+00,-2.000000000000000000e+00,1.000000000000000000e+00,-1.000000000000000000e+00,-1.876220703125000000e-01,4.771118164062500000e-01,1.101074218750000000e-01,8.514404296875000000e-01
0.000000000000000000e+00,7.000000000000000000e+00,0.000000000000000000e+00,2.000000000000000000e+00,4.000000000000000000e+00,2.000000000000000000e+00,-1.000000000000000000e+00,-1.000000000000000000e+00,-1.876220703125000000e-01,4.771118164062500000e-01,1.101074218750000000e-01,8.514404296875000000e-01
-1.000000000000000000e+00,-5.000000000000000000e+00,1.000000000000000000e+00,-3.000000000000000000e+00,-8.000000000000000000e+00,-1.000000000000000000e+00,0.000000000000000000e+00,-1.000000000000000000e+00,-1.876220703125000000e-01,4.771118164062500000e-01,1.101074218750000000e-01,8.514404296875000000e-01
-4.000000000000000000e+00,-9.000000000000000000e+00,2.000000000000000000e+00,-5.000000000000000000e+00,-5.000000000000000000e+00,-2.000000000000000000e+00,-2.000000000000000000e+00,-1.000000000000000000e+00,-1.881713867187500000e-01,4.770507812500000000e-01,1.105957031250000000e-01,8.513183593750000000e-01
-3.000000000000000000e+00,-2.000000000000000000e+00,0.000000000000000000e+00,0.000000000000000000e+00,0.000000000000000000e+00,-1.000000000000000000e+00,-1.000000000000000000e+00,1.000000000000000000e+00,-1.881713867187500000e-01,4.770507812500000000e-01,1.105957031250000000e-01,8.513183593750000000e-01
-1.000000000000000000e+00,-1.000000000000000000e+00,4.000000000000000000e+00,-6.000000000000000000e+00,-5.000000000000000000e+00,-3.000000000000000000e+00,0.000000000000000000e+00,-1.000000000000000000e+00,-1.881713867187500000e-01,4.770507812500000000e-01,1.105957031250000000e-01,8.513183593750000000e-01
-3.000000000000000000e+00,-3.000000000000000000e+00,-8.000000000000000000e+00,5.000000000000000000e+00,1.000000000000000000e+00,3.000000000000000000e+00,1.000000000000000000e+00,0.000000000000000000e+00,-1.881713867187500000e-01,4.770507812500000000e-01,1.105957031250000000e-01,8.513183593750000000e-01
1.000000000000000000e+00,5.000000000000000000e+00,3.000000000000000000e+00,0.000000000000000000e+00,0.000000000000000000e+00,-1.000000000000000000e+00,3.000000000000000000e+00,2.000000000000000000e+00,-1.879882812500000000e-01,4.770507812500000000e-01,1.106567382812500000e-01,8.513183593750000000e-01
-3.000000000000000000e+00,-3.000000000000000000e+00,9.000000000000000000e+00,-3.000000000000000000e+00,-3.000000000000000000e+00,-3.000000000000000000e+00,-4.000000000000000000e+00,-1.000000000000000000e+00,-1.879882812500000000e-01,4.770507812500000000e-01,1.106567382812500000e-01,8.513183593750000000e-01
0.000000000000000000e+00,4.000000000000000000e+00,1.800000000000000000e+01,3.000000000000000000e+00,-1.000000000000000000e+00,-2.000000000000000000e+00,0.000000000000000000e+00,2.000000000000000000e+00,-1.879882812500000000e-01,4.770507812500000000e-01,1.106567382812500000e-01,8.513183593750000000e-01
-1.000000000000000000e+00,-5.000000000000000000e+00,-3.200000000000000000e+01,-1.500000000000000000e+01,-6.000000000000000000e+00,-4.000000000000000000e+00,-2.000000000000000000e+00,-1.000000000000000000e+00,-1.879882812500000000e-01,4.770507812500000000e-01,1.106567382812500000e-01,8.513183593750000000e-01
0.000000000000000000e+00,-3.000000000000000000e+00,-1.300000000000000000e+01,-5.000000000000000000e+00,-1.000000000000000000e+00,1.000000000000000000e+00,0.000000000000000000e+00,0.000000000000000000e+00,-1.878051757812500000e-01,4.768066406250000000e-01,1.107177734375000000e-01,8.515014648437500000e-01
-4.000000000000000000e+00,1.000000000000000000e+00,3.000000000000000000e+00,-1.000000000000000000e+00,-6.000000000000000000e+00,-1.000000000000000000e+00,1.000000000000000000e+00,-3.000000000000000000e+00,-1.878051757812500000e-01,4.768066406250000000e-01,1.107177734375000000e-01,8.515014648437500000e-01
1.000000000000000000e+00,-2.000000000000000000e+00,1.000000000000000000e+00,3.000000000000000000e+00,-1.000000000000000000e+00,-2.000000000000000000e+00,-1.000000000000000000e+00,-1.000000000000000000e+00,-1.878051757812500000e-01,4.768066406250000000e-01,1.107177734375000000e-01,8.515014648437500000e-01
-2.000000000000000000e+00,-6.000000000000000000e+00,7.000000000000000000e+00,0.000000000000000000e+00,-6.000000000000000000e+00,-4.000000000000000000e+00,-2.000000000000000000e+00,-2.000000000000000000e+00,-1.878051757812500000e-01,4.768066406250000000e-01,1.107177734375000000e-01,8.515014648437500000e-01
1.000000000000000000e+00,4.000000000000000000e+00,1.500000000000000000e+01,1.000000000000000000e+00,-1.000000000000000000e+00,-2.000000000000000000e+00,1.000000000000000000e+00,-1.000000000000000000e+00,-1.878662109375000000e-01,4.761352539062500000e-01,1.111450195312500000e-01,8.518066406250000000e-01
-1.000000000000000000e+00,-4.000000000000000000e+00,-4.000000000000000000e+00,-1.000000000000000000e+00,1.000000000000000000e+00,1.000000000000000000e+00,0.000000000000000000e+00,0.000000000000000000e+00,-1.878662109375000000e-01,4.761352539062500000e-01,1.111450195312500000e-01,8.518066406250000000e-01
1.000000000000000000e+00,1.000000000000000000e+00,-2.200000000000000000e+01,-4.000000000000000000e+00,-5.000000000000000000e+00,-5.000000000000000000e+00,-3.000000000000000000e+00,-2.000000000000000000e+00,-1.878662109375000000e-01,4.761352539062500000e-01,1.111450195312500000e-01,8.518066406250000000e-01
0.000000000000000000e+00,3.000000000000000000e+00,-2.000000000000000000e+00,1.600000000000000000e+01,1.300000000000000000e+01,1.000000000000000000e+00,0.000000000000000000e+00,0.000000000000000000e+00,-1.878662109375000000e-01,4.761352539062500000e-01,1.111450195312500000e-01,8.518066406250000000e-01
-3.000000000000000000e+00,-4.000000000000000000e+00,-7.000000000000000000e+00,-9.000000000000000000e+00,-8.000000000000000000e+00,0.000000000000000000e+00,0.000000000000000000e+00,-1.000000000000000000e+00,-1.887207031250000000e-01,4.750976562500000000e-01,1.119995117187500000e-01,8.521118164062500000e-01
-1.000000000000000000e+00,-1.000000000000000000e+00,3.000000000000000000e+00,-5.000000000000000000e+00,-2.000000000000000000e+00,1.000000000000000000e+00,0.000000000000000000e+00,0.000000000000000000e+00,-1.887207031250000000e-01,4.750976562500000000e-01,1.119995117187500000e-01,8.521118164062500000e-01
0.000000000000000000e+00,-1.000000000000000000e+00,-6.000000000000000000e+00,0.000000000000000000e+00,1.000000000000000000e+00,-1.000000000000000000e+00,1.000000000000000000e+00,-1.000000000000000000e+00,-1.887207031250000000e-01,4.750976562500000000e-01,1.119995117187500000e-01,8.521118164062500000e-01
-3.000000000000000000e+00,-3.000000000000000000e+00,8.000000000000000000e+00,-9.000000000000000000e+00,0.000000000000000000e+00,-2.000000000000000000e+00,-2.000000000000000000e+00,-2.000000000000000000e+00,-1.887207031250000000e-01,4.750976562500000000e-01,1.119995117187500000e-01,8.521118164062500000e-01
1.000000000000000000e+00,2.000000000000000000e+00,0.000000000000000000e+00,6.000000000000000000e+00,1.000000000000000000e+00,-5.000000000000000000e+00,-2.000000000000000000e+00,-1.000000000000000000e+00,-1.895141601562500000e-01,4.739990234375000000e-01,1.124267578125000000e-01,8.524169921875000000e-01
-1.000000000000000000e+00,0.000000000000000000e+00,-3.000000000000000000e+00,5.000000000000000000e+00,1.000000000000000000e+00,-2.000000000000000000e+00,-2.000000000000000000e+00,-2.000000000000000000e+00,-1.895141601562500000e-01,4.739990234375000000e-01,1.124267578125000000e-01,8.524169921875000000e-01
0.000000000000000000e+00,1.000000000000000000e+00,-1.000000000000000000e+00,-1.000000000000000000e+00,2.000000000000000000e+00,2.000000000000000000e+00,1.000000000000000000e+00,0.000000000000000000e+00,-1.895141601562500000e-01,4.739990234375000000e-01,1.124267578125000000e-01,8.524169921875000000e-01
-1.000000000000000000e+00,-2.000000000000000000e+00,-2.000000000000000000e+00,-4.000000000000000000e+00,0.000000000000000000e+00,0.000000000000000000e+00,0.000000000000000000e+00,1.000000000000000000e+00,-1.895141601562500000e-01,4.739990234375000000e-01,1.124267578125000000e-01,8.524169921875000000e-01
0.000000000000000000e+00,-2.000000000000000000e+00,1.600000000000000000e+01,9.000000000000000000e+00,4.000000000000000000e+00,1.000000000000000000e+00,-3.000000000000000000e+00,-1.000000000000000000e+00,-1.902465820312500000e-01,4.730834960937500000e-01,1.123657226562500000e-01,8.528442382812500000e-01
0.000000000000000000e+00,2.000000000000000000e+00,-4.000000000000000000e+00,-2.000000000000000000e+00,-2.000000000000000000e+00,-2.000000000000000000e+00,-4.000000000000000000e+00,-2.000000000000000000e+00,-1.902465820312500000e-01,4.730834960937500000e-01,1.123657226562500000e-01,8.528442382812500000e-01
-3.000000000000000000e+00,-7.000000000000000000e+00,-4.100000000000000000e+01,-2.600000000000000000e+01,-1.600000000000000000e+01,-2.000000000000000000e+00,0.000000000000000000e+00,-1.000000000000000000e+00,-1.902465820312500000e-01,4.730834960937500000e-01,1.123657226562500000e-01,8.528442382812500000e-01
-4.000000000000000000e+00,-2.000000000000000000e+00,1.400000000000000000e+01,7.000000000000000000e+00,-3.000000000000000000e+00,0.000000000000000000e+00,-1.000000000000000000e+00,0.000000000000000000e+00,-1.902465820312500000e-01,4.730834960937500000e-01,1.123657226562500000e-01,8.528442382812500000e-01
-1.000000000000000000e+00,-2.000000000000000000e+00,-1.200000000000000000e+01,8.000000000000000000e+00,1.700000000000000000e+01,5.000000000000000000e+00,1.000000000000000000e+00,-1.000000000000000000e+00,-1.899414062500000000e-01,4.721679687500000000e-01,1.119995117187500000e-01,8.534545898437500000e-01
1.000000000000000000e+00,-1.000000000000000000e+00,2.000000000000000000e+00,3.000000000000000000e+00,-3.000000000000000000e+00,-2.000000000000000000e+00,2.000000000000000000e+00,-1.000000000000000000e+00,-1.899414062500000000e-01,4.721679687500000000e-01,1.119995117187500000e-01,8.534545898437500000e-01
