-3.000000000000000000e+00,-4.000000000000000000e+00,3.000000000000000000e+00,1.700000000000000000e+01,-1.000000000000000000e+00,-4.000000000000000000e+00,-6.000000000000000000e+00,-3.000000000000000000e+00,3.715209960937500000e-01,2.254638671875000000e-01,-8.952026367187500000e-01,9.893798828125000000e-02
0.000000000000000000e+00,1.000000000000000000e+00,-1.200000000000000000e+01,-1.000000000000000000e+00,-1.000000000000000000e+00,-4.000000000000000000e+00,-3.000000000000000000e+01,1.000000000000000000e+00,3.715209960937500000e-01,2.254638671875000000e-01,-8.952026367187500000e-01,9.893798828125000000e-02
-4.000000000000000000e+00,-5.000000000000000000e+00,-6.000000000000000000e+00,1.400000000000000000e+01,-7.000000000000000000e+00,-4.000000000000000000e+00,3.000000000000000000e+00,-2.000000000000000000e+00,3.715209960937500000e-01,2.254638671875000000e-01,-8.952026367187500000e-01,9.893798828125000000e-02
0.000000000000000000e+00,-1.000000000000000000e+00,3.600000000000000000e+01,-7.000000000000000000e+00,1.000000000000000000e+00,0.000000000000000000e+00,0.000000000000000000e+00,-3.000000000000000000e+00,3.715209960937500000e-01,2.254638671875000000e-01,-8.952026367187500000e-01,9.893798828125000000e-02
-2.000000000000000000e+00,-2.000000000000000000e+00,-1.400000000000000000e+01,-1.000000000000000000e+00,-3.000000000000000000e+00,1.000000000000000000e+00,5.000000000000000000e+00,-1.000000000000000000e+00,3.715820312500000000e-01,2.254638671875000000e-01,-8.951416015625000000e-01,9.893798828125000000e-02
0.000000000000000000e+00,-1.000000000000000000e+00,-1.600000000000000000e+01,-6.000000000000000000e+00,-3.000000000000000000e+00,-1.000000000000000000e+00,-3.000000000000000000e+00,2.000000000000000000e+00,3.715820312500000000e-01,2.254638671875000000e-01,-8.951416015625000000e-01,9.893798828125000000e-02
2.000000000000000000e+00,6.000000000000000000e+00,2.200000000000000000e+01,1.900000000000000000e+01,6.000000000000000000e+00,3.000000000000000000e+00,-7.000000000000000000e+00,1.000000000000000000e+00,3.715820312500000000e-01,2.254638671875000000e-01,-8.951416015625000000e-01,9.893798828125000000e-02
-1.000000000000000000e+00,5.000000000000000000e+00,1.600000000000000000e+01,-1.200000000000000000e+01,-3.000000000000000000e+00,1.000000000000000000e+00,-3.000000000000000000e+00,0.000000000000000000e+00,3.715820312500000000e-01,2.254638671875000000e-01,-8.951416015625000000e-01,9.893798828125000000e-02
-4.000000000000000000e+00,-1.200000000000000000e+01,-5.100000000000000000e+01,-6.000000000000000000e+00,-3.000000000000000000e+00,-6.000000000000000000e+00,-5.000000000000000000e+00,-1.000000000000000000e+00,3.713378906250000000e-01,2.258911132812500000e-01,-8.951416015625000000e-01,9.936523437500000000e-02
1.000000000000000000e+00,2.000000000000000000e+00,6.000000000000000000e+00,7.000000000000000000e+00,0.000000000000000000e+00,-3.000000000000000000e+00,-3.000000000000000000e+00,2.000000000000000000e+00,3.713378906250000000e-01,2.258911132812500000e-01,-8.951416015625000000e-01,9.936523437500000000e-02
-1.000000000000000000e+00,0.000000000000000000e+00,-6.000000000000000000e+00,-1.600000000000000000e+01,-2.000000000000000000e+00,1.000000000000000000e+00,4.000000000000000000e+00,-1.000000000000000000e+00,3.713378906250000000e-01,2.258911132812500000e-01,-8.951416015625000000e-01,9.936523437500000000e-02
-1.000000000000000000e+00,-4.000000000000000000e+00,-1.600000000000000000e+01,1.200000000000000000e+01,-1.000000000000000000e+00,1.000000000000000000e+00,8.000000000000000000e+00,-2.000000000000000000e+00,3.713378906250000000e-01,2.258911132812500000e-01,-8.951416015625000000e-01,9.936523437500000000e-02
1.000000000000000000e+00,2.000000000000000000e+00,1.600000000000000000e+01,-6.000000000000000000e+00,1.000000000000000000e+00,1.000000000000000000e+00,3.000000000000000000e+00,-1.000000000000000000e+00,3.708496093750000000e-01,2.263183593750000000e-01,-8.952026367187500000e-01,9.954833984375000000e-02
-2.000000000000000000e+00,-1.000000000000000000e+00,4.000000000000000000e+00,-2.000000000000000000e+00,-4.000000000000000000e+00,-4.000000000000000000e+00,-2.000000000000000000e+00,-2.000000000000000000e+00,3.708496093750000000e-01,2.263183593750000000e-01,-8.952026367187500000e-01,9.954833984375000000e-02
-4.000000000000000000e+00,-2.000000000000000000e+00,9.000000000000000000e+00,9.000000000000000000e+00,2.000000000000000000e+00,-1.000000000000000000e+00,-1.000000000000000000e+00,-2.000000000000000000e+00,3.708496093750000000e-01,2.263183593750000000e-01,-8.952026367187500000e-01,9.954833984375000000e-02
3.000000000000000000e+00,-2.000000000000000000e+00,-5.500000000000000000e+01,-1.800000000000000000e+01,-4.000000000000000000e+00,0.000000000000000000e+00,-1.000000000000000000e+00,-1.000000000000000000e+00,3.708496093750000000e-01,2.263183593750000000e-01,-8.952026367187500000e-01,9.954833984375000000e-02
1.000000000000000000e+00,2.000000000000000000e+00,7.200000000000000000e+01,9.000000000000000000e+00,-6.000000000000000000e+00,-1.000000000000000000e+00,1.000000000000000000e+00,-2.000000000000000000e+00,3.702392578125000000e-01,2.260131835937500000e-01,-8.955078125000000000e-01,9.960937500000000000e-02
-5.000000000000000000e+00,-5.000000000000000000e+00,-2.100000000000000000e+01,-9.000000000000000000e+00,-4.000000000000000000e+00,0.000000000000000000e+00,9.000000000000000000e+00,0.000000000000000000e+00,3.702392578125000000e-01,2.260131835937500000e-01,-8.955078125000000000e-01,9.960937500000000000e-02
1.000000000000000000e+00,1.000000000000000000e+00,1.400000000000000000e+01,0.000000000000000000e+00,5.000000000000000000e+00,-1.000000000000000000e+00,-4.000000000000000000e+00,-1.000000000000000000e+00,3.702392578125000000e-01,2.260131835937500000e-01,-8.955078125000000000e-01,9.960937500000000000e-02
-2.000000000000000000e+00,-3.000000000000000000e+00,-1.800000000000000000e+01,0.000000000000000000e+00,-2.000000000000000000e+00,-2.000000000000000000e+00,-1.000000000000000000e+00,-2.000000000000000000e+00,3.702392578125000000e-01,2.260131835937500000e-01,-8.955078125000000000e-01,9.960937500000000000e-02
0.000000000000000000e+00,1.000000000000000000e+00,-5.000000000000000000e+00,-5.000000000000000000e+00,0.000000000000000000e+00,-3.000000000000000000e+00,-3.000000000000000000e+00,0.000000000000000000e+00,3.698120117187500000e-01,2.253417968750000000e-01,-8.958129882812500000e-01,1.000366210937500000e-01
2.000000000000000000e+00,6.000000000000000000e+00,5.400000000000000000e+01,1.300000000000000000e+01,-1.000000000000000000e+00,-2.000000000000000000e+00,4.000000000000000000e+00,0.000000000000000000e+00,3.698120117187500000e-01,2.253417968750000000e-01,-8.958129882812500000e-01,1.000366210937500000e-01
-5.000000000000000000e+00,-9.000000000000000000e+00,-1.000000000000000000e+01,2.000000000000000000e+00,-7.000000000000000000e+00,-3.000000000000000000e+00,-2.000000000000000000e+00,-4.000000000000000000e+00,3.698120117187500000e-01,2.253417968750000000e-01,-8.958129882812500000e-01,1.000366210937500000e-01
0.000000000000000000e+00,1.000000000000000000e+00,3.000000000000000000e+00,-2.900000000000000000e+01,-5.000000000000000000e+00,-1.000000000000000000e+00,1.000000000000000000e+00,0.000000000000000000e+00,3.698120117187500000e-01,2.253417968750000000e-01,-8.958129882812500000e-01,1.000366210937500000e-01
-1.000000000000000000e+00,1.000000000000000000e+00,-4.000000000000000000e+00,3.000000000000000000e+00,7.000000000000000000e+00,2.000000000000000000e+00,2.000000000000000000e+00,1.000000000000000000e+00,3.690185546875000000e-01,2.252807617187500000e-01,-8.960571289062500000e-01,1.005249023437500000e-01
-2.000000000000000000e+00,-7.000000000000000000e+00,4.000000000000000000e+00,4.000000000000000000e+00,-3.000000000000000000e+00,1.000000000000000000e+00,3.000000000000000000e+00,0.000000000000000000e+00,3.690185546875000000e-01,2.252807617187500000e-01,-8.960571289062500000e-01,1.005249023437500000e-01
-1.000000000000000000e+00,1.000000000000000000e+00,-3.000000000000000000e+00,-1.000000000000000000e+00,-3.000000000000000000e+00,-3.000000000000000000e+00,-9.000000000000000000e+00,0.000000000000000000e+00,3.690185546875000000e-01,2.252807617187500000e-01,-8.960571289062500000e-01,1.005249023437500000e-01
0.000000000000000000e+00,0.000000000000000000e+00,-3.000000000000000000e+00,1.400000000000000000e+01,-1.000000000000000000e+00,-2.000000000000000000e+00,-2.000000000000000000e+00,1.000000000000000000e+00,3.690185546875000000e-01,2.252807617187500000e-01,-8.960571289062500000e-01,1.005249023437500000e-01
-2.000000000000000000e+00,0.000000000000000000e+00,1.000000000000000000e+01,1.000000000000000000e+00,-1.000000000000000000e+00,0.000000000000000000e+00,-3.000000000000000000e+00,0.000000000000000000e+00,3.681640625000000000e-01,2.253417968750000000e-01,-8.964233398437500000e-01,1.007690429687500000e-01
0.000000000000000000e+00,0.000000000000000000e+00,-4.500000000000000000e+01,-2.000000000000000000e+01,-1.000000000000000000e+00,1.000000000000000000e+00,3.000000000000000000e+00,-2.000000000000000000e+00,3.681640625000000000e-01,2.253417968750000000e-01,-8.964233398437500000e-01,1.007690429687500000e-01
2.000000000000000000e+00,-1.000000000000000000e+00,1.900000000000000000e+01,1.000000000000000000e+01,3.000000000000000000e+00,-4.000000000000000000e+00,-1.000000000000000000e+01,1.000000000000000000e+00,3.681640625000000000e-01,2.253417968750000000e-01,-8.964233398437500000e-01,1.007690429687500000e-01
-4.000000000000000000e+00,-1.000000000000000000e+00,4.200000000000000000e+01,1.700000000000000000e+01,-6.000000000000000000e+00,-3.000000000000000000e+00,-3.000000000000000000e+00,-6.000000000000000000e+00,3.681640625000000000e-01,2.253417968750000000e-01,-8.964233398437500000e-01,1.007690429687500000e-01
-4.000000000000000000e+00,-4.000000000000000000e+00,-2.900000000000000000e+01,-1.100000000000000000e+01,1.000000000000000000e+00,5.000000000000000000e+00,3.900000000000000000e+01,-2.000000000000000000e+00,3.674316406250000000e-01,2.250976562500000000e-01,-8.967285156250000000e-01,1.007080078125000000e-01
-2.000000000000000000e+00,-5.000000000000000000e+00,5.000000000000000000e+00,-2.000000000000000000e+00,-5.000000000000000000e+00,-6.000000000000000000e+00,3.000000000000000000e+00,-2.000000000000000000e+00,3.674316406250000000e-01,2.250976562500000000e-01,-8.967285156250000000e-01,1.007080078125000000e-01
2.000000000000000000e+00,1.000000000000000000e+00,-1.100000000000000000e+01,-9.000000000000000000e+00,-9.000000000000000000e+00,-7.000000000000000000e+00,5.000000000000000000e+00,1.000000000000000000e+00,3.674316406250000000e-01,2.250976562500000000e-01,-8.967285156250000000e-01,1.007080078125000000e-01
-2.000000000000000000e+00,0.000000000000000000e+00,1.400000000000000000e+01,1.000000000000000000e+01,3.000000000000000000e+00,1.000000000000000000e+00,-1.000000000000000000e+00,1.000000000000000000e+00,3.674316406250000000e-01,2.250976562500000000e-01,-8.967285156250000000e-01,1.007080078125000000e-01
2.000000000000000000e+00,0.000000000000000000e+00,-1.000000000000000000e+00,5.000000000000000000e+00,7.000000000000000000e+00,2.000000000000000000e+00,-1.100000000000000000e+01,1.000000000000000000e+00,3.667602539062500000e-01,2.255859375000000000e-01,-8.969116210937500000e-01,1.006469726562500000e-01
-1.000000000000000000e+00,-3.000000000000000000e+00,-1.200000000000000000e+01,-5.000000000000000000e+00,2.000000000000000000e+00,3.000000000000000000e+00,2.000000000000000000e+00,0.000000000000000000e+00,3.667602539062500000e-01,2.255859375000000000e-01,-8.969116210937500000e-01,1.006469726562500000e-01
-1.000000000000000000e+00,-1.000000000000000000e+00,2.000000000000000000e+00,-1.400000000000000000e+01,-2.000000000000000000e+00,-1.000000000000000000e+00,6.000000000000000000e+00,-1.000000000000000000e+00,3.667602539062500000e-01,2.255859375000000000e-01,-8.969116210937500000e-01,1.006469726562500000e-01
2.000000000000000000e+00,2.000000000000000000e+00,-4.900000000000000000e+01,-7.000000000000000000e+00,0.000000000000000000e+00,-1.000000000000000000e+00,-3.000000000000000000e+00,1.000000000000000000e+00,3.667602539062500000e-01,2.255859375000000000e-01,-8.969116210937500000e-01,1.006469726562500000e-01
-3.000000000000000000e+00,1.000000000000000000e+00,3.600000000000000000e+01,1.400000000000000000e+01,-6.000000000000000000e+00,-7.000000000000000000e+00,-1.400000000000000000e+01,-3.000000000000000000e+00,3.660888671875000000e-01,2.257080078125000000e-01,-8.972167968750000000e-01,1.000976562500000000e-01
-4.000000000000000000e+00,-8.000000000000000000e+00,-3.000000000000000000e+00,-1.700000000000000000e+01,-1.300000000000000000e+01,-7.000000000000000000e+00,-4.000000000000000000e+00,-4.000000000000000000e+00,3.660888671875000000e-01,2.257080078125000000e-01,-8.972167968750000000e-01,1.000976562500000000e-01
-1.000000000000000000e+00,-5.000000000000000000e+00,-3.400000000000000000e+01,-2.600000000000000000e+01,-6.000000000000000000e+00,-1.000000000000000000e+00,-3.000000000000000000e+00,1.000000000000000000e+00,3.660888671875000000e-01,2.257080078125000000e-01,-8.972167968750000000e-01,1.000976562500000000e-01
-1.000000000000000000e+00,1.000000000000000000e+00,8.000000000000000000e+00,1.700000000000000000e+01,4.000000000000000000e+00,1.000000000000000000e+00,3.000000000000000000e+00,0.000000000000000000e+00,3.660888671875000000e-01,2.257080078125000000e-01,-8.972167968750000000e-01,1.000976562500000000e-01
3.000000000000000000e+00,2.000000000000000000e+00,-1.000000000000000000e+01,0.000000000000000000e+00,3.000000000000000000e+00,1.000000000000000000e+00,-9.000000000000000000e+00,-1.000000000000000000e+00,3.657226562500000000e-01,2.258300781250000000e-01,-8.973999023437500000e-01,9.973144531250000000e-02
-1.000000000000000000e+00,4.000000000000000000e+00,1.400000000000000000e+01,0.000000000000000000e+00,3.000000000000000000e+00,-1.000000000000000000e+00,4.000000000000000000e+00,1.000000000000000000e+00,3.657226562500000000e-01,2.258300781250000000e-01,-8.973999023437500000e-01,9.973144531250000000e-02
-2.000000000000000000e+00,2.000000000000000000e+00,9.000000000000000000e+00,8.000000000000000000e+00,-7.000000000000000000e+00,-3.000000000000000000e+00,-9.000000000000000000e+00,-1.000000000000000000e+00,3.657226562500000000e-01,2.258300781250000000e-01,-8.973999023437500000e-01,9.973144531250000000e-02
1.000000000000000000e+00,-1.000000000000000000e+00,8.000000000000000000e+00,1.700000000000000000e+01,4.000000000000000000e+00,2.000000000000000000e+00,9.000000000000000000e+00,1.000000000000000000e+00,3.657226562500000000e-01,2.258300781250000000e-01,-8.973999023437500000e-01,9.973144531250000000e-02
-2.000000000000000000e+00,-4.000000000000000000e+00,-1.400000000000000000e+01,-2.100000000000000000e+01,0.000000000000000000e+00,-2.000000000000000000e+00,-7.000000000000000000e+00,-4.000000000000000000e+00,3.654174804687500000e-01,2.258300781250000000e-01,-8.975219726562500000e-01,9.948730468750000000e-02
-2.000000000000000000e+00,-1.000000000000000000e+00,1.000000000000000000e+00,8.000000000000000000e+00,-1.000000000000000000e+00,-6.000000000000000000e+00,-7.000000000000000000e+00,-1.000000000000000000e+00,3.654174804687500000e-01,2.258300781250000000e-01,-8.975219726562500000e-01,9.948730468750000000e-02
0.000000000000000000e+00,0.000000000000000000e+00,-1.100000000000000000e+01,-8.000000000000000000e+00,-2.000000000000000000e+00,3.000000000000000000e+00,1.500000000000000000e+01,0.000000000000000000e+00,3.654174804687500000e-01,2.258300781250000000e-01,-8.975219726562500000e-01,9.948730468750000000e-02
-2.000000000000000000e+00,0.000000000000000000e+00,8.000000000000000000e+00,7.000000000000000000e+00,4.000000000000000000e+00,4.000000000000000000e+00,3.000000000000000000e+00,0.000000000000000000e+00,3.654174804687500000e-01,2.258300781250000000e-01,-8.975219726562500000e-01,9.948730468750000000e-02
3.000000000000000000e+00,2.000000000000000000e+00,1.000000000000000000e+00,-2.000000000000000000e+00,-2.000000000000000000e+00,-1.000000000000000000e+00,-7.000000000000000000e+00,3.000000000000000000e+00,3.652954101562500000e-01,2.265625000000000000e-01,-8.973999023437500000e-01,9.930419921875000000e-02
0.000000000000000000e+00,-1.000000000000000000e+00,-2.200000000000000000e+01,-4.000000000000000000e+00,1.000000000000000000e+00,-2.000000000000000000e+00,-6.000000000000000000e+00,-1.000000000000000000e+00,3.652954101562500000e-01,2.265625000000000000e-01,-8.973999023437500000e-01,9.930419921875000000e-02
0.000000000000000000e+00,1.000000000000000000e+00,9.000000000000000000e+00,0.000000000000000000e+00,-1.000000000000000000e+00,-4.000000000000000000e+00,0.000000000000000000e+00,1.000000000000000000e+00,3.652954101562500000e-01,2.265625000000000000e-01,-8.973999023437500000e-01,9.930419921875000000e-02
2.000000000000000000e+00,-1.000000000000000000e+00,2.200000000000000000e+01,2.500000000000000000e+01,1.000000000000000000e+01,3.000000000000000000e+00,-2.000000000000000000e+00,3.000000000000000000e+00,3.652954101562500000e-01,2.265625000000000000e-01,-8.973999023437500000e-01,9.930419921875000000e-02
-7.000000000000000000e+00,-9.000000000000000000e+00,-2.500000000000000000e+01,-2.100000000000000000e+01,-6.000000000000000000e+00,-1.000000000000000000e+00,1.000000000000000000e+00,-1.000000000000000000e+00,3.654174804687500000e-01,2.266235351562500000e-01,-8.974609375000000000e-01,9.869384765625000000e-02
-1.000000000000000000e+00,-1.000000000000000000e+00,-1.500000000000000000e+01,-6.000000000000000000e+00,-1.000000000000000000e+00,7.000000000000000000e+00,3.500000000000000000e+01,0.000000000000000000e+00,3.654174804687500000e-01,2.266235351562500000e-01,-8.974609375000000000e-01,9.869384765625000000e-02
-3.000000000000000000e+00,-3.000000000000000000e+00,7.000000000000000000e+00,3.000000000000000000e+00,-3.000000000000000000e+00,-2.000000000000000000e+00,1.000000000000000000e+00,0.000000000000000000e+00,3.654174804687500000e-01,2.266235351562500000e-01,-8.974609375000000000e-01,9.869384765625000000e-02
0.000000000000000000e+00,0.000000000000000000e+00,4.000000000000000000e+00,-3.000000000000000000e+00,-6.000000000000000000e+00,-4.000000000000000000e+00,-2.000000000000000000e+00,-2.000000000000000000e+00,3.654174804687500000e-01,2.266235351562500000e-01,-8.974609375000000000e-01,9.869384765625000000e-02
0.000000000000000000e+00,0.000000000000000000e+00,1.000000000000000000e+01,8.000000000000000000e+00,-1.000000000000000000e+00,-1.000000000000000000e+00,1.000000000000000000e+00,0.000000000000000000e+00,3.656616210937500000e-01,2.266845703125000000e-01,-8.973999023437500000e-01,9.820556640625000000e-02
2.000000000000000000e+00,1.000000000000000000e+00,-7.000000000000000000e+00,8.000000000000000000e+00,1.100000000000000000e+01,3.000000000000000000e+00,-8.000000000000000000e+00,-1.000000000000000000e+00,3.656616210937500000e-01,2.266845703125000000e-01,-8.973999023437500000e-01,9.820556640625000000e-02
-3.000000000000000000e+00,3.000000000000000000e+00,-1.600000000000000000e+01,-8.000000000000000000e+00,3.000000000000000000e+00,4.000000000000000000e+00,3.000000000000000000e+00,-3.000000000000000000e+00,3.656616210937500000e-01,2.266845703125000000e-01,-8.973999023437500000e-01,9.820556640625000000e-02
-3.000000000000000000e+00,-6.000000000000000000e+00,2.000000000000000000e+01,5.000000000000000000e+00,-1.300000000000000000e+01,-6.000000000000000000e+00,6.000000000000000000e+00,-2.000000000000000000e+00,3.656616210937500000e-01,2.266845703125000000e-01,-8.973999023437500000e-01,9.820556640625000000e-02
-3.000000000000000000e+00,-5.000000000000000000e+00,-3.900000000000000000e+01,-2.200000000000000000e+01,-7.000000000000000000e+00,-3.000000000000000000e+00,-1.900000000000000000e+01,-4.000000000000000000e+00,3.659057617187500000e-01,2.268066406250000000e-01,-8.972778320312500000e-01,9.802246093750000000e-02
-2.000000000000000000e+00,1.000000000000000000e+00,8.000000000000000000e+00,-2.000000000000000000e+00,1.000000000000000000e+00,0.000000000000000000e+00,-1.300000000000000000e+01,-2.000000000000000000e+00,3.659057617187500000e-01,2.268066406250000000e-01,-8.972778320312500000e-01,9.802246093750000000e-02
0.000000000000000000e+00,1.000000000000000000e+00,-1.000000000000000000e+00,-8.000000000000000000e+00,3.000000000000000000e+00,2.000000000000000000e+00,6.000000000000000000e+00,0.000000000000000000e+00,3.659057617187500000e-01,2.268066406250000000e-01,-8.972778320312500000e-01,9.802246093750000000e-02
-1.000000000000000000e+00,1.000000000000000000e+00,-1.700000000000000000e+01,-1.200000000000000000e+01,-1.000000000000000000e+00,-5.000000000000000000e+00,-1.300000000000000000e+01,0.000000000000000000e+00,3.659057617187500000e-01,2.268066406250000000e-01,-8.972778320312500000e-01,9.802246093750000000e-02
1.000000000000000000e+00,2.000000000000000000e+00,1.400000000000000000e+01,9.000000000000000000e+00,-4.000000000000000000e+00,0.000000000000000000e+00,8.000000000000000000e+00,-1.000000000000000000e+00,3.661499023437500000e-01,2.274780273437500000e-01,-8.969726562500000000e-01,9.814453125000000000e-02
0.000000000000000000e+00,4.000000000000000000e+00,1.200000000000000000e+01,1.200000000000000000e+01,2.000000000000000000e+00,-1.000000000000000000e+00,-8.000000000000000000e+00,2.000000000000000000e+00,3.661499023437500000e-01,2.274780273437500000e-01,-8.969726562500000000e-01,9.814453125000000000e-02
2.000000000000000000e+00,2.000000000000000000e+00,5.000000000000000000e+00,6.000000000000000000e+00,1.300000000000000000e+01,9.000000000000000000e+00,1.200000000000000000e+01,0.000000000000000000e+00,3.661499023437500000e-01,2.274780273437500000e-01,-8.969726562500000000e-01,9.814453125000000000e-02
-8.000000000000000000e+00,-1.800000000000000000e+01,-2.500000000000000000e+01,-2.100000000000000000e+01,-9.000000000000000000e+00,1.000000000000000000e+00,-6.000000000000000000e+00,-4.000000000000000000e+00,3.661499023437500000e-01,2.274780273437500000e-01,-8.969726562500000000e-01,9.814453125000000000e-02
1.000000000000000000e+00,-2.000000000000000000e+00,-5.000000000000000000e+00,-5.000000000000000000e+00,2.000000000000000000e+00,-4.000000000000000000e+00,0.000000000000000000e+00,-2.000000000000000000e+00,3.663940429687500000e-01,2.278442382812500000e-01,-8.967895507812500000e-01,9.808349609375000000e-02
-1.000000000000000000e+00,1.000000000000000000e+00,-1.600000000000000000e+01,-8.000000000000000000e+00,-1.600000000000000000e+01,-8.000000000000000000e+00,-1.700000000000000000e+01,-2.000000000000000000e+00,3.663940429687500000e-01,2.278442382812500000e-01,-8.967895507812500000e-01,9.808349609375000000e-02
0.000000000000000000e+00,3.000000000000000000e+00,1.200000000000000000e+01,2.000000000000000000e+00,-2.000000000000000000e+00,-3.000000000000000000e+00,-1.800000000000000000e+01,-2.000000000000000000e+00,3.663940429687500000e-01,2.278442382812500000e-01,-8.967895507812500000e-01,9.808349609375000000e-02
-2.000000000000000000e+00,4.000000000000000000e+00,2.200000000000000000e+01,1.200000000000000000e+01,2.000000000000000000e+00,-2.000000000000000000e+00,-2.000000000000000000e+00,1.000000000000000000e+00,3.663940429687500000e-01,2.278442382812500000e-01,-8.967895507812500000e-01,9.808349609375000000e-02
3.000000000000000000e+00,1.000000000000000000e+00,-3.700000000000000000e+01,-1.000000000000000000e+01,2.000000000000000000e+00,5.000000000000000000e+00,1.700000000000000000e+01,2.000000000000000000e+00,3.663940429687500000e-01,2.278442382812500000e-01,-8.967895507812500000e-01,9.802246093750000000e-02
0.000000000000000000e+00,0.000000000000000000e+00,2.700000000000000000e+01,0.000000000000000000e+00,-3.000000000000000000e+00,-3.000000000000000000e+00,-1.500000000000000000e+01,-4.000000000000000000e+00,3.663940429687500000e-01,2.278442382812500000e-01,-8.967895507812500000e-01,9.802246093750000000e-02
-3.000000000000000000e+00,-8.000000000000000000e+00,-1.100000000000000000e+01,3.000000000000000000e+00,-1.000000000000000000e+01,-3.000000000000000000e+00,1.000000000000000000e+00,-1.000000000000000000e+00,3.663940429687500000e-01,2.278442382812500000e-01,-8.967895507812500000e-01,9.802246093750000000e-02
0.000000000000000000e+00,1.000000000000000000e+00,-4.000000000000000000e+00,0.000000000000000000e+00,6.000000000000000000e+00,-1.000000000000000000e+00,-4.000000000000000000e+00,-2.000000000000000000e+00,3.663940429687500000e-01,2.278442382812500000e-01,-8.967895507812500000e-01,9.802246093750000000e-02
-1.000000000000000000e+00,-2.000000000000000000e+00,1.400000000000000000e+01,7.000000000000000000e+00,3.000000000000000000e+00,1.000000000000000000e+00,-1.200000000000000000e+01,-1.000000000000000000e+00,3.663940429687500000e-01,2.279052734375000000e-01,-8.967895507812500000e-01,9.802246093750000000e-02
0.000000000000000000e+00,0.000000000000000000e+00,-5.400000000000000000e+01,-2.000000000000000000e+01,-9.000000000000000000e+00,-5.000000000000000000e+00,3.000000000000000000e+00,1.000000000000000000e+00,3.663940429687500000e-01,2.279052734375000000e-01,-8.967895507812500000e-01,9.802246093750000000e-02
1.000000000000000000e+00,-1.000000000000000000e+00,-1.300000000000000000e+01,5.000000000000000000e+00,4.000000000000000000e+00,4.000000000000000000e+00,2.000000000000000000e+00,1.000000000000000000e+00,3.663940429687500000e-01,2.279052734375000000e-01,-8.967895507812500000e-01,9.802246093750000000e-02
-3.000000000000000000e+00,-2.000000000000000000e+00,6.000000000000000000e+00,-1.900000000000000000e+01,4.000000000000000000e+00,1.000000000000000000e+00,4.000000000000000000e+00,-4.000000000000000000e+00,3.663940429687500000e-01,2.279052734375000000e-01,-8.967895507812500000e-01,9.802246093750000000e-02
2.000000000000000000e+00,6.000000000000000000e+00,6.000000000000000000e+00,5.000000000000000000e+00,2.000000000000000000e+00,-1.000000000000000000e+00,5.000000000000000000e+00,3.000000000000000000e+00,3.663940429687500000e-01,2.281494140625000000e-01,-8.967285156250000000e-01,9.814453125000000000e-02
-2.000000000000000000e+00,-3.000000000000000000e+00,1.800000000000000000e+01,1.500000000000000000e+01,5.000000000000000000e+00,1.000000000000000000e+00,1.300000000000000000e+01,1.000000000000000000e+00,3.663940429687500000e-01,2.281494140625000000e-01,-8.967285156250000000e-01,9.814453125000000000e-02
-5.000000000000000000e+00,-7.000000000000000000e+00,5.000000000000000000e+00,-1.200000000000000000e+01,-1.300000000000000000e+01,-5.000000000000000000e+00,-2.000000000000000000e+00,-4.000000000000000000e+00,3.663940429687500000e-01,2.281494140625000000e-01,-8.967285156250000000e-01,9.814453125000000000e-02
2.000000000000000000e+00,2.000000000000000000e+00,-2.000000000000000000e+01,-4.000000000000000000e+00,-5.000000000000000000e+00,-7.000000000000000000e+00,-7.000000000000000000e+00,0.000000000000000000e+00,3.663940429687500000e-01,2.281494140625000000e-01,-8.967285156250000000e-01,9.814453125000000000e-02
0.000000000000000000e+00,1.000000000000000000e+00,2.000000000000000000e+00,9.000000000000000000e+00,1.000000000000000000e+00,0.000000000000000000e+00,-1.000000000000000000e+00,0.000000000000000000e+00,3.662109375000000000e-01,2.285156250000000000e-01,-8.966064453125000000e-01,9.857177734375000000e-02
-3.000000000000000000e+00,-5.000000000000000000e+00,1.600000000000000000e+01,2.800000000000000000e+01,6.000000000000000000e+00,9.000000000000000000e+00,1.000000000000000000e+01,1.000000000000000000e+00,3.662109375000000000e-01,2.285156250000000000e-01,-8.966064453125000000e-01,9.857177734375000000e-02
2.000000000000000000e+00,4.000000000000000000e+00,-1.600000000000000000e+01,-3.700000000000000000e+01,-7.000000000000000000e+00,-6.000000000000000000e+00,-1.600000000000000000e+01,-5.000000000000000000e+00,3.662109375000000000e-01,2.285156250000000000e-01,-8.966064453125000000e-01,9.857177734375000000e-02
-5.000000000000000000e+00,1.000000000000000000e+00,2.900000000000000000e+01,1.800000000000000000e+01,5.000000000000000000e+00,2.000000000000000000e+00,7.000000000000000000e+00,-3.000000000000000000e+00,3.662109375000000000e-01,2.285156250000000000e-01,-8.966064453125000000e-01,9.857177734375000000e-02
-6.000000000000000000e+00,-3.000000000000000000e+00,-1.200000000000000000e+01,-3.000000000000000000e+00,-6.000000000000000000e+00,-9.000000000000000000e+00,-2.600000000000000000e+01,-4.000000000000000000e+00,3.658447265625000000e-01,2.290039062500000000e-01,-8.966064453125000000e-01,9.906005859375000000e-02
-1.000000000000000000e+00,-3.000000000000000000e+00,-3.800000000000000000e+01,-2.000000000000000000e+00,2.000000000000000000e+00,0.000000000000000000e+00,1.200000000000000000e+01,-1.000000000000000000e+00,3.658447265625000000e-01,2.290039062500000000e-01,-8.966064453125000000e-01,9.906005859375000000e-02
2.000000000000000000e+00,2.000000000000000000e+00,-3.300000000000000000e+01,-1.000000000000000000e+01,-2.000000000000000000e+00,-2.000000000000000000e+00,1.000000000000000000e+00,3.000000000000000000e+00,3.658447265625000000e-01,2.290039062500000000e-01,-8.966064453125000000e-01,9.906005859375000000e-02
0.000000000000000000e+00,0.000000000000000000e+00,4.600000000000000000e+01,1.000000000000000000e+00,-5.000000000000000000e+00,-2.000000000000000000e+00,1.000000000000000000e+00,-1.000000000000000000e+00,3.658447265625000000e-01,2.290039062500000000e-01,-8.966064453125000000e-01,9.906005859375000000e-02
-2.000000000000000000e+00,-7.000000000000000000e+00,-2.800000000000000000e+01,-7.000000000000000000e+00,-3.000000000000000000e+00,3.000000000000000000e+00,1.400000000000000000e+01,-5.000000000000000000e+00,3.656005859375000000e-01,2.294311523437500000e-01,-8.965454101562500000e-01,9.942626953125000000e-02
0.000000000000000000e+00,3.000000000000000000e+00,8.000000000000000000e+00,0.000000000000000000e+00,-2.000000000000000000e+00,-2.000000000000000000e+00,-1.300000000000000000e+01,-3.000000000000000000e+00,3.656005859375000000e-01,2.294311523437500000e-01,-8.965454101562500000e-01,9.942626953125000000e-02
0.000000000000000000e+00,-1.000000000000000000e+00,-3.000000000000000000e+00,6.000000000000000000e+00,5.000000000000000000e+00,0.000000000000000000e+00,1.000000000000000000e+00,2.000000000000000000e+00,3.656005859375000000e-01,2.294311523437500000e-01,-8.965454101562500000e-01,9.942626953125000000e-02
-1.000000000000000000e+00,-3.000000000000000000e+00,-1.100000000000000000e+01,-2.100000000000000000e+01,-1.000000000000000000e+01,-4.000000000000000000e+00,-7.000000000000000000e+00,-2.000000000000000000e+00,3.656005859375000000e-01,2.294311523437500000e-01,-8.965454101562500000e-01,9.942626953125000000e-02
0.000000000000000000e+00,5.000000000000000000e+00,2.800000000000000000e+01,1.600000000000000000e+01,5.000000000000000000e+00,3.000000000000000000e+00,1.000000000000000000e+00,3.000000000000000000e+00,3.654785156250000000e-01,2.292480468750000000e-01,-8.966674804687500000e-01,9.954833984375000000e-02
4.000000000000000000e+00,0.000000000000000000e+00,2.600000000000000000e+01,-1.000000000000000000e+01,-3.000000000000000000e+00,-5.000000000000000000e+00,-1.000000000000000000e+01,-2.000000000000000000e+00,3.654785156250000000e-01,2.292480468750000000e-01,-8.966674804687500000e-01,9.954833984375000000e-02
-3.000000000000000000e+00,-3.000000000000000000e+00,3.000000000000000000e+00,3.000000000000000000e+00,-2.000000000000000000e+00,2.000000000000000000e+00,1.300000000000000000e+01,-1.000000000000000000e+00,3.654785156250000000e-01,2.292480468750000000e-01,-8.966674804687500000e-01,9.954833984375000000e-02
-2.000000000000000000e+00,0.000000000000000000e+00,-2.800000000000000000e+01,-1.000000000000000000e+00,-1.000000000000000000e+00,-1.000000000000000000e+00,-1.000000000000000000e+00,1.000000000000000000e+00,3.654785156250000000e-01,2.292480468750000000e-01,-8.966674804687500000e-01,9.954833984375000000e-02
-2.000000000000000000e+00,-3.000000000000000000e+00,1.600000000000000000e+01,8.000000000000000000e+00,2.000000000000000000e+00,-3.000000000000000000e+00,3.000000000000000000e+00,0.000000000000000000e+00,3.652954101562500000e-01,2.288208007812500000e-01,-8.967895507812500000e-01,9.991455078125000000e-02
-2.000000000000000000e+00,0.000000000000000000e+00,-1.600000000000000000e+01,-1.000000000000000000e+01,1.000000000000000000e+00,2.000000000000000000e+00,0.000000000000000000e+00,-1.000000000000000000e+00,3.652954101562500000e-01,2.288208007812500000e-01,-8.967895507812500000e-01,9.991455078125000000e-02
-1.000000000000000000e+00,2.000000000000000000e+00,4.500000000000000000e+01,3.500000000000000000e+01,0.000000000000000000e+00,-1.000000000000000000e+00,-7.000000000000000000e+00,-1.000000000000000000e+00,3.652954101562500000e-01,2.288208007812500000e-01,-8.967895507812500000e-01,9.991455078125000000e-02
-2.000000000000000000e+00,-2.000000000000000000e+00,-7.100000000000000000e+01,-2.600000000000000000e+01,5.000000000000000000e+00,-1.000000000000000000e+00,-5.000000000000000000e+00,-3.000000000000000000e+00,3.652954101562500000e-01,2.288208007812500000e-01,-8.967895507812500000e-01,9.991455078125000000e-02
0.000000000000000000e+00,0.000000000000000000e+00,4.000000000000000000e+00,3.000000000000000000e+00,-5.000000000000000000e+00,-2.000000000000000000e+00,-3.000000000000000000e+00,1.000000000000000000e+00,3.650512695312500000e-01,2.287597656250000000e-01,-8.967895507812500000e-01,1.007080078125000000e-01
1.000000000000000000e+00,2.000000000000000000e+00,1.900000000000000000e+01,-8.000000000000000000e+00,0.000000000000000000e+00,3.000000000000000000e+00,1.000000000000000000e+01,1.000000000000000000e+00,3.650512695312500000e-01,2.287597656250000000e-01,-8.967895507812500000e-01,1.007080078125000000e-01
-2.000000000000000000e+00,-7.000000000000000000e+00,-1.900000000000000000e+01,4.000000000000000000e+00,-2.000000000000000000e+00,-2.000000000000000000e+00,-3.000000000000000000e+00,-1.000000000000000000e+00,3.650512695312500000e-01,2.287597656250000000e-01,-8.967895507812500000e-01,1.007080078125000000e-01
1.000000000000000000e+00,3.000000000000000000e+00,2.000000000000000000e+00,1.100000000000000000e+01,2.000000000000000000e+00,3.000000000000000000e+00,3.000000000000000000e+00,3.000000000000000000e+00,3.650512695312500000e-01,2.287597656250000000e-01,-8.967895507812500000e-01,1.007080078125000000e-01
1.000000000000000000e+00,-1.000000000000000000e+00,5.000000000000000000e+00,2.000000000000000000e+00,-2.000000000000000000e+00,0.000000000000000000e+00,2.000000000000000000e+00,-2.000000000000000000e+00,3.646850585937500000e-01,2.291870117187500000e-01,-8.967895507812500000e-01,1.015014648437500000e-01
1.000000000000000000e+00,-1.000000000000000000e+00,-8.000000000000000000e+00,-3.000000000000000000e+00,0.000000000000000000e+00,-8.000000000000000000e+00,-3.000000000000000000e+00,-1.000000000000000000e+00,3.646850585937500000e-01,2.291870117187500000e-01,-8.967895507812500000e-01,1.015014648437500000e-01
6.000000000000000000e+00,1.700000000000000000e+01,3.200000000000000000e+01,1.200000000000000000e+01,4.000000000000000000e+00,2.000000000000000000e+00,-1.800000000000000000e+01,4.000000000000000000e+00,3.646850585937500000e-01,2.291870117187500000e-01,-8.967895507812500000e-01,1.015014648437500000e-01
-1.400000000000000000e+01,-2.800000000000000000e+01,-6.900000000000000000e+01,-2.200000000000000000e+01,-1.000000000000000000e+01,-7.000000000000000000e+00,3.700000000000000000e+01,-6.000000000000000000e+00,3.646850585937500000e-01,2.291870117187500000e-01,-8.967895507812500000e-01,1.015014648437500000e-01
-1.000000000000000000e+00,2.000000000000000000e+00,-5.000000000000000000e+00,-8.000000000000000000e+00,-2.000000000000000000e+00,1.000000000000000000e+00,1.000000000000000000e+00,2.000000000000000000e+00,3.642578125000000000e-01,2.291870117187500000e-01,-8.969116210937500000e-01,1.016845703125000000e-01
-2.000000000000000000e+00,-3.000000000000000000e+00,7.000000000000000000e+00,-1.300000000000000000e+01,-6.000000000000000000e+00,9.000000000000000000e+00,2.000000000000000000e+01,-1.000000000000000000e+00,3.642578125000000000e-01,2.291870117187500000e-01,-8.969116210937500000e-01,1.016845703125000000e-01
-1.000000000000000000e+00,0.000000000000000000e+00,1.500000000000000000e+01,6.000000000000000000e+00,8.000000000000000000e+00,-2.000000000000000000e+00,-5.000000000000000000e+00,-3.000000000000000000e+00,3.642578125000000000e-01,2.291870117187500000e-01,-8.969116210937500000e-01,1.016845703125000000e-01
3.000000000000000000e+00,5.000000000000000000e+00,1.300000000000000000e+01,4.000000000000000000e+00,-2.000000000000000000e+00,-3.000000000000000000e+00,-1.900000000000000000e+01,1.000000000000000000e+00,3.642578125000000000e-01,2.291870117187500000e-01,-8.969116210937500000e-01,1.016845703125000000e-01
0.000000000000000000e+00,1.000000000000000000e+00,-3.000000000000000000e+00,-3.000000000000000000e+00,-6.000000000000000000e+00,-5.000000000000000000e+00,-4.000000000000000000e+00,-2.000000000000000000e+00,3.638916015625000000e-01,2.291870117187500000e-01,-8.970947265625000000e-01,1.018066406250000000e-01
-4.000000000000000000e+00,-1.000000000000000000e+00,-4.000000000000000000e+00,4.000000000000000000e+00,-2.000000000000000000e+00,-1.000000000000000000e+00,-1.000000000000000000e+00,0.000000000000000000e+00,3.638916015625000000e-01,2.291870117187500000e-01,-8.970947265625000000e-01,1.018066406250000000e-01
-1.000000000000000000e+00,-4.000000000000000000e+00,-7.000000000000000000e+00,-3.000000000000000000e+00,1.400000000000000000e+01,5.000000000000000000e+00,6.000000000000000000e+00,-1.000000000000000000e+00,3.638916015625000000e-01,2.291870117187500000e-01,-8.970947265625000000e-01,1.018066406250000000e-01
2.000000000000000000e+00,4.000000000000000000e+00,1.000000000000000000e+01,2.000000000000000000e+00,1.000000000000000000e+00,3.000000000000000000e+00,-4.000000000000000000e+00,1.000000000000000000e+00,3.638916015625000000e-01,2.291870117187500000e-01,-8.970947265625000000e-01,1.018066406250000000e-01
-1.000000000000000000e+00,-2.000000000000000000e+00,1.400000000000000000e+01,0.000000000000000000e+00,-1.000000000000000000e+00,0.000000000000000000e+00,1.000000000000000000e+00,-2.000000000000000000e+00,3.634643554687500000e-01,2.286376953125000000e-01,-8.973388671875000000e-01,1.018066406250000000e-01
-1.000000000000000000e+00,2.000000000000000000e+00,4.000000000000000000e+00,3.000000000000000000e+00,-3.000000000000000000e+00,-7.000000000000000000e+00,-1.100000000000000000e+01,1.000000000000000000e+00,3.634643554687500000e-01,2.286376953125000000e-01,-8.973388671875000000e-01,1.018066406250000000e-01
-4.000000000000000000e+00,-4.000000000000000000e+00,5.000000000000000000e+00,-1.000000000000000000e+01,-1.000000000000000000e+01,-6.000000000000000000e+00,-5.000000000000000000e+00,-3.000000000000000000e+00,3.634643554687500000e-01,2.286376953125000000e-01,-8.973388671875000000e-01,1.018066406250000000e-01
1.000000000000000000e+00,2.000000000000000000e+00,2.100000000000000000e+01,3.200000000000000000e+01,7.000000000000000000e+00,-3.000000000000000000e+00,-1.400000000000000000e+01,1.000000000000000000e+00,3.634643554687500000e-01,2.286376953125000000e-01,-8.973388671875000000e-01,1.018066406250000000e-01
-1.000000000000000000e+00,-1.100000000000000000e+01,-4.700000000000000000e+01,-4.300000000000000000e+01,-6.000000000000000000e+00,-1.000000000000000000e+00,4.000000000000000000e+00,-1.000000000000000000e+00,3.631591796875000000e-01,2.286376953125000000e-01,-8.974609375000000000e-01,1.022338867187500000e-01
-2.000000000000000000e+00,-2.000000000000000000e+00,1.000000000000000000e+01,1.000000000000000000e+01,0.000000000000000000e+00,0.000000000000000000e+00,3.000000000000000000e+00,-3.000000000000000000e+00,3.631591796875000000e-01,2.286376953125000000e-01,-8.974609375000000000e-01,1.022338867187500000e-01
-2.000000000000000000e+00,0.000000000000000000e+00,1.700000000000000000e+01,-2.000000000000000000e+00,-3.000000000000000000e+00,-2.000000000000000000e+00,2.000000000000000000e+00,1.000000000000000000e+00,3.631591796875000000e-01,2.286376953125000000e-01,-8.974609375000000000e-01,1.022338867187500000e-01
2.000000000000000000e+00,1.000000000000000000e+00,-4.300000000000000000e+01,-1.100000000000000000e+01,-3.000000000000000000e+00,-1.000000000000000000e+00,-1.000000000000000000e+00,0.000000000000000000e+00,3.631591796875000000e-01,2.286376953125000000e-01,-8.974609375000000000e-01,1.022338867187500000e-01
3.000000000000000000e+00,6.000000000000000000e+00,1.000000000000000000e+01,8.000000000000000000e+00,0.000000000000000000e+00,-2.000000000000000000e+00,-1.000000000000000000e+00,2.000000000000000000e+00,3.629150390625000000e-01,2.290039062500000000e-01,-8.973999023437500000e-01,1.027221679687500000e-01
-2.000000000000000000e+00,-4.000000000000000000e+00,-5.000000000000000000e+00,-3.000000000000000000e+00,-5.000000000000000000e+00,-3.000000000000000000e+00,1.000000000000000000e+00,-2.000000000000000000e+00,3.629150390625000000e-01,2.290039062500000000e-01,-8.973999023437500000e-01,1.027221679687500000e-01
-2.000000000000000000e+00,-7.000000000000000000e+00,-1.900000000000000000e+01,-3.000000000000000000e+00,1.200000000000000000e+01,5.000000000000000000e+00,5.000000000000000000e+00,-2.000000000000000000e+00,3.629150390625000000e-01,2.290039062500000000e-01,-8.973999023437500000e-01,1.027221679687500000e-01
2.000000000000000000e+00,8.000000000000000000e+00,2.200000000000000000e+01,5.000000000000000000e+00,5.000000000000000000e+00,9.000000000000000000e+00,2.000000000000000000e+00,1.000000000000000000e+00,3.629150390625000000e-01,2.290039062500000000e-01,-8.973999023437500000e-01,1.027221679687500000e-01
-2.000000000000000000e+00,3.000000000000000000e+00,9.000000000000000000e+00,1.100000000000000000e+01,2.000000000000000000e+00,-2.000000000000000000e+00,0.000000000000000000e+00,-1.000000000000000000e+00,3.628540039062500000e-01,2.290649414062500000e-01,-8.973999023437500000e-01,1.027221679687500000e-01
-5.000000000000000000e+00,-5.000000000000000000e+00,1.000000000000000000e+00,-9.000000000000000000e+00,-9.000000000000000000e+00,-8.000000000000000000e+00,-8.000000000000000000e+00,-3.000000000000000000e+00,3.628540039062500000e-01,2.290649414062500000e-01,-8.973999023437500000e-01,1.027221679687500000e-01
-4.000000000000000000e+00,-3.000000000000000000e+00,-4.800000000000000000e+01,-3.800000000000000000e+01,-2.200000000000000000e+01,-1.200000000000000000e+01,-7.000000000000000000e+00,-5.000000000000000000e+00,3.628540039062500000e-01,2.290649414062500000e-01,-8.973999023437500000e-01,1.027221679687500000e-01
-2.000000000000000000e+00,-2.000000000000000000e+00,2.000000000000000000e+01,1.000000000000000000e+00,3.000000000000000000e+00,-1.000000000000000000e+00,-1.600000000000000000e+01,-1.000000000000000000e+00,3.628540039062500000e-01,2.290649414062500000e-01,-8.973999023437500000e-01,1.027221679687500000e-01
1.000000000000000000e+00,4.000000000000000000e+00,2.000000000000000000e+01,2.000000000000000000e+00,8.000000000000000000e+00,1.000000000000000000e+01,5.000000000000000000e+01,2.000000000000000000e+00,3.629150390625000000e-01,2.287597656250000000e-01,-8.974609375000000000e-01,1.024780273437500000e-01
-1.000000000000000000e+00,-4.000000000000000000e+00,2.000000000000000000e+01,1.500000000000000000e+01,6.000000000000000000e+00,3.000000000000000000e+00,1.000000000000000000e+00,0.000000000000000000e+00,3.629150390625000000e-01,2.287597656250000000e-01,-8.974609375000000000e-01,1.024780273437500000e-01
0.000000000000000000e+00,-3.000000000000000000e+00,-1.400000000000000000e+01,1.000000000000000000e+01,-5.000000000000000000e+00,-7.000000000000000000e+00,-4.000000000000000000e+00,0.000000000000000000e+00,3.629150390625000000e-01,2.287597656250000000e-01,-8.974609375000000000e-01,1.024780273437500000e-01
0.000000000000000000e+00,1.000000000000000000e+00,2.000000000000000000e+00,-8.000000000000000000e+00,-5.000000000000000000e+00,-1.000000000000000000e+00,-5.000000000000000000e+00,1.000000000000000000e+00,3.629150390625000000e-01,2.287597656250000000e-01,-8.974609375000000000e-01,1.024780273437500000e-01
-4.000000000000000000e+00,0.000000000000000000e+00,1.500000000000000000e+01,0.000000000000000000e+00,-3.000000000000000000e+00,-6.000000000000000000e+00,-2.100000000000000000e+01,-2.000000000000000000e+00,3.630371093750000000e-01,2.286987304687500000e-01,-8.974609375000000000e-01,1.021728515625000000e-01
1.000000000000000000e+00,7.000000000000000000e+00,1.800000000000000000e+01,8.000000000000000000e+00,3.000000000000000000e+00,1.000000000000000000e+00,-2.000000000000000000e+00,0.000000000000000000e+00,3.630371093750000000e-01,2.286987304687500000e-01,-8.974609375000000000e-01,1.021728515625000000e-01
-1.000000000000000000e+00,-2.000000000000000000e+00,1.000000000000000000e+01,8.000000000000000000e+00,-2.000000000000000000e+00,-1.000000000000000000e+00,3.000000000000000000e+00,0.000000000000000000e+00,3.630371093750000000e-01,2.286987304687500000e-01,-8.974609375000000000e-01,1.021728515625000000e-01
-3.000000000000000000e+00,-4.000000000000000000e+00,-4.000000000000000000e+00,-6.000000000000000000e+00,-1.000000000000000000e+01,-6.000000000000000000e+00,-1.000000000000000000e+00,-5.000000000000000000e+00,3.630371093750000000e-01,2.286987304687500000e-01,-8.974609375000000000e-01,1.021728515625000000e-01
3.000000000000000000e+00,-1.000000000000000000e+00,3.000000000000000000e+00,1.500000000000000000e+01,5.000000000000000000e+00,0.000000000000000000e+00,-1.800000000000000000e+01,0.000000000000000000e+00,3.630371093750000000e-01,2.286987304687500000e-01,-8.974609375000000000e-01,1.021728515625000000e-01
-5.000000000000000000e+00,-2.000000000000000000e+00,-1.800000000000000000e+01,-1.100000000000000000e+01,8.000000000000000000e+00,5.000000000000000000e+00,-1.100000000000000000e+01,-1.000000000000000000e+00,3.630371093750000000e-01,2.286987304687500000e-01,-8.974609375000000000e-01,1.021728515625000000e-01
0.000000000000000000e+00,-1.000000000000000000e+00,1.000000000000000000e+01,2.000000000000000000e+00,-3.000000000000000000e+00,-2.000000000000000000e+00,2.000000000000000000e+00,-2.000000000000000000e+00,3.630371093750000000e-01,2.286987304687500000e-01,-8.974609375000000000e-01,1.021728515625000000e-01
1.000000000000000000e+00,-1.000000000000000000e+00,-2.200000000000000000e+01,-1.100000000000000000e+01,-6.000000000000000000e+00,-4.000000000000000000e+00,2.000000000000000000e+00,-2.000000000000000000e+00,3.630371093750000000e-01,2.286987304687500000e-01,-8.974609375000000000e-01,1.021728515625000000e-01
-3.000000000000000000e+00,-1.000000000000000000e+00,1.800000000000000000e+01,5.000000000000000000e+00,3.000000000000000000e+00,1.000000000000000000e+00,-7.000000000000000000e+00,-1.000000000000000000e+00,3.632202148437500000e-01,2.284545898437500000e-01,-8.974609375000000000e-01,1.023559570312500000e-01
4.000000000000000000e+00,0.000000000000000000e+00,-1.400000000000000000e+01,-2.000000000000000000e+00,-3.000000000000000000e+00,-4.000000000000000000e+00,0.000000000000000000e+00,2.000000000000000000e+00,3.632202148437500000e-01,2.284545898437500000e-01,-8.974609375000000000e-01,1.023559570312500000e-01
-1.000000000000000000e+00,-3.000000000000000000e+00,5.000000000000000000e+00,-2.000000000000000000e+00,-3.000000000000000000e+00,1.000000000000000000e+00,0.000000000000000000e+00,-1.000000000000000000e+00,3.632202148437500000e-01,2.284545898437500000e-01,-8.974609375000000000e-01,1.023559570312500000e-01
2.000000000000000000e+00,2.000000000000000000e+00,4.800000000000000000e+01,-6.000000000000000000e+00,-6.000000000000000000e+00,-4.000000000000000000e+00,2.000000000000000000e+00,-1.000000000000000000e+00,3.632202148437500000e-01,2.284545898437500000e-01,-8.974609375000000000e-01,1.023559570312500000e-01
0.000000000000000000e+00,-3.000000000000000000e+00,0.000000000000000000e+00,1.000000000000000000e+00,-6.000000000000000000e+00,-4.000000000000000000e+00,-1.000000000000000000e+00,-1.000000000000000000e+00,3.633422851562500000e-01,2.285766601562500000e-01,-8.973388671875000000e-01,1.026611328125000000e-01
-2.000000000000000000e+00,2.000000000000000000e+00,2.100000000000000000e+01,1.200000000000000000e+01,-3.000000000000000000e+00,-4.000000000000000000e+00,-3.000000000000000000e+00,-4.000000000000000000e+00,3.633422851562500000e-01,2.285766601562500000e-01,-8.973388671875000000e-01,1.026611328125000000e-01
-1.000000000000000000e+00,-3.000000000000000000e+00,-3.200000000000000000e+01,-3.000000000000000000e+00,1.100000000000000000e+01,7.000000000000000000e+00,7.000000000000000000e+00,1.000000000000000000e+00,3.633422851562500000e-01,2.285766601562500000e-01,-8.973388671875000000e-01,1.026611328125000000e-01
-1.000000000000000000e+00,-3.000000000000000000e+00,-1.400000000000000000e+01,-4.000000000000000000e+00,9.000000000000000000e+00,2.000000000000000000e+00,-2.000000000000000000e+00,-2.000000000000000000e+00,3.633422851562500000e-01,2.285766601562500000e-01,-8.973388671875000000e-01,1.026611328125000000e-01
-1.000000000000000000e+00,2.000000000000000000e+00,-1.100000000000000000e+01,1.000000000000000000e+00,3.000000000000000000e+00,2.000000000000000000e+00,-7.000000000000000000e+00,0.000000000000000000e+00,3.634033203125000000e-01,2.286376953125000000e-01,-8.972778320312500000e-01,1.026611328125000000e-01
-1.000000000000000000e+00,-4.000000000000000000e+00,-5.000000000000000000e+00,-1.600000000000000000e+01,-5.000000000000000000e+00,0.000000000000000000e+00,-1.000000000000000000e+00,1.000000000000000000e+00,3.634033203125000000e-01,2.286376953125000000e-01,-8.972778320312500000e-01,1.026611328125000000e-01
1.000000000000000000e+00,3.000000000000000000e+00,7.000000000000000000e+00,6.000000000000000000e+00,-7.000000000000000000e+00,-3.000000000000000000e+00,-6.000000000000000000e+00,-2.000000000000000000e+00,3.634033203125000000e-01,2.286376953125000000e-01,-8.972778320312500000e-01,1.026611328125000000e-01
-1.000000000000000000e+00,2.000000000000000000e+00,5.300000000000000000e+01,2.000000000000000000e+01,5.000000000000000000e+00,0.000000000000000000e+00,-1.000000000000000000e+00,-1.000000000000000000e+00,3.634033203125000000e-01,2.286376953125000000e-01,-8.972778320312500000e-01,1.026611328125000000e-01
-2.000000000000000000e+00,-6.000000000000000000e+00,-2.100000000000000000e+01,-1.100000000000000000e+01,-8.000000000000000000e+00,-2.000000000000000000e+00,3.900000000000000000e+01,-2.000000000000000000e+00,3.633422851562500000e-01,2.282714843750000000e-01,-8.973999023437500000e-01,1.026611328125000000e-01
0.000000000000000000e+00,-1.000000000000000000e+00,1.400000000000000000e+01,4.000000000000000000e+00,2.000000000000000000e+00,-4.000000000000000000e+00,-1.800000000000000000e+01,-1.000000000000000000e+00,3.633422851562500000e-01,2.282714843750000000e-01,-8.973999023437500000e-01,1.026611328125000000e-01
-2.000000000000000000e+00,-1.000000000000000000e+00,1.400000000000000000e+01,-1.000000000000000000e+00,-1.000000000000000000e+00,4.000000000000000000e+00,1.000000000000000000e+01,0.000000000000000000e+00,3.633422851562500000e-01,2.282714843750000000e-01,-8.973999023437500000e-01,1.026611328125000000e-01
1.000000000000000000e+00,2.000000000000000000e+00,-5.000000000000000000e+00,2.000000000000000000e+00,1.000000000000000000e+00,-2.000000000000000000e+00,1.000000000000000000e+00,1.000000000000000000e+00,3.633422851562500000e-01,2.282714843750000000e-01,-8.973999023437500000e-01,1.026611328125000000e-01
-2.000000000000000000e+00,1.000000000000000000e+00,1.000000000000000000e+01,2.000000000000000000e+00,0.000000000000000000e+00,-3.000000000000000000e+00,-2.100000000000000000e+01,0.000000000000000000e+00,3.630981445312500000e-01,2.282104492187500000e-01,-8.975219726562500000e-01,1.027832031250000000e-01
3.000000000000000000e+00,0.000000000000000000e+00,-1.000000000000000000e+00,1.700000000000000000e+01,-1.000000000000000000e+00,-1.000000000000000000e+00,1.000000000000000000e+00,1.000000000000000000e+00,3.630981445312500000e-01,2.282104492187500000e-01,-8.975219726562500000e-01,1.027832031250000000e-01
0.000000000000000000e+00,0.000000000000000000e+00,1.000000000000000000e+00,-2.800000000000000000e+01,-1.000000000000000000e+01,-9.000000000000000000e+00,-1.000000000000000000e+00,-3.000000000000000000e+00,3.630981445312500000e-01,2.282104492187500000e-01,-8.975219726562500000e-01,1.027832031250000000e-01
0.000000000000000000e+00,-3.000000000000000000e+00,5.000000000000000000e+00,3.000000000000000000e+00,3.000000000000000000e+00,4.000000000000000000e+00,1.000000000000000000e+00,0.000000000000000000e+00,3.630981445312500000e-01,2.282104492187500000e-01,-8.975219726562500000e-01,1.027832031250000000e-01
-4.000000000000000000e+00,-4.000000000000000000e+00,1.000000000000000000e+01,-3.000000000000000000e+00,1.000000000000000000e+00,-1.000000000000000000e+00,-1.200000000000000000e+01,-2.000000000000000000e+00,3.627319335937500000e-01,2.279663085937500000e-01,-8.977050781250000000e-01,1.029663085937500000e-01
-3.000000000000000000e+00,-3.000000000000000000e+00,-7.000000000000000000e+00,-4.000000000000000000e+00,-4.000000000000000000e+00,0.000000000000000000e+00,3.000000000000000000e+00,-2.000000000000000000e+00,3.627319335937500000e-01,2.279663085937500000e-01,-8.977050781250000000e-01,1.029663085937500000e-01
0.000000000000000000e+00,-5.000000000000000000e+00,1.400000000000000000e+01,9.000000000000000000e+00,3.000000000000000000e+00,-5.000000000000000000e+00,-1.100000000000000000e+01,-2.000000000000000000e+00,3.627319335937500000e-01,2.279663085937500000e-01,-8.977050781250000000e-01,1.029663085937500000e-01
0.000000000000000000e+00,0.000000000000000000e+00,-2.000000000000000000e+01,1.000000000000000000e+00,-7.000000000000000000e+00,-2.000000000000000000e+00,6.000000000000000000e+00,-1.000000000000000000e+00,3.627319335937500000e-01,2.279663085937500000e-01,-8.977050781250000000e-01,1.029663085937500000e-01
-1.000000000000000000e+00,-1.000000000000000000e+00,1.500000000000000000e+01,-8.000000000000000000e+00,0.000000000000000000e+00,0.000000000000000000e+00,-4.000000000000000000e+00,-4.000000000000000000e+00,3.623657226562500000e-01,2.280883789062500000e-01,-8.977661132812500000e-01,1.033935546875000000e-01
0.000000000000000000e+00,-1.000000000000000000e+00,-2.800000000000000000e+01,-8.000000000000000000e+00,5.000000000000000000e+00,3.000000000000000000e+00,5.000000000000000000e+00,-1.000000000000000000e+00,3.623657226562500000e-01,2.280883789062500000e-01,-8.977661132812500000e-01,1.033935546875000000e-01
-2.000000000000000000e+00,-1.000000000000000000e+00,2.800000000000000000e+01,5.000000000000000000e+00,0.000000000000000000e+00,1.000000000000000000e+00,2.000000000000000000e+00,-3.000000000000000000e+00,3.623657226562500000e-01,2.280883789062500000e-01,-8.977661132812500000e-01,1.033935546875000000e-01
-3.000000000000000000e+00,-4.000000000000000000e+00,1.000000000000000000e+01,-8.000000000000000000e+00,-5.000000000000000000e+00,-3.000000000000000000e+00,-6.000000000000000000e+00,-1.000000000000000000e+00,3.623657226562500000e-01,2.280883789062500000e-01,-8.977661132812500000e-01,1.033935546875000000e-01
3.000000000000000000e+00,0.000000000000000000e+00,-2.600000000000000000e+01,1.000000000000000000e+00,0.000000000000000000e+00,-3.000000000000000000e+00,-3.000000000000000000e+00,-1.000000000000000000e+00,3.619384765625000000e-01,2.277221679687500000e-01,-8.980102539062500000e-01,1.035766601562500000e-01
-4.000000000000000000e+00,-5.000000000000000000e+00,-1.100000000000000000e+01,-1.200000000000000000e+01,-1.000000000000000000e+00,0.000000000000000000e+00,2.000000000000000000e+00,-3.000000000000000000e+00,3.619384765625000000e-01,2.277221679687500000e-01,-8.980102539062500000e-01,1.035766601562500000e-01
-1.000000000000000000e+00,2.000000000000000000e+00,8.000000000000000000e+00,8.000000000000000000e+00,-3.000000000000000000e+00,-1.000000000000000000e+00,-3.000000000000000000e+00,0.000000000000000000e+00,3.619384765625000000e-01,2.277221679687500000e-01,-8.980102539062500000e-01,1.035766601562500000e-01
0.000000000000000000e+00,-3.000000000000000000e+00,-2.200000000000000000e+01,-2.000000000000000000e+00,1.000000000000000000e+00,1.000000000000000000e+00,1.000000000000000000e+00,-2.000000000000000000e+00,3.619384765625000000e-01,2.277221679687500000e-01,-8.980102539062500000e-01,1.035766601562500000e-01
-2.000000000000000000e+00,-1.000000000000000000e+00,6.000000000000000000e+00,7.000000000000000000e+00,-4.000000000000000000e+00,-1.000000000000000000e+00,-1.100000000000000000e+01,-2.000000000000000000e+00,3.613281250000000000e-01,2.272338867187500000e-01,-8.983764648437500000e-01,1.036987304687500000e-01
0.000000000000000000e+00,2.000000000000000000e+00,8.000000000000000000e+00,1.100000000000000000e+01,6.000000000000000000e+00,1.000000000000000000e+00,1.000000000000000000e+00,1.000000000000000000e+00,3.613281250000000000e-01,2.272338867187500000e-01,-8.983764648437500000e-01,1.036987304687500000e-01
-4.000000000000000000e+00,-6.000000000000000000e+00,-2.400000000000000000e+01,-2.300000000000000000e+01,-4.000000000000000000e+00,-1.000000000000000000e+00,-5.000000000000000000e+00,-1.000000000000000000e+00,3.613281250000000000e-01,2.272338867187500000e-01,-8.983764648437500000e-01,1.036987304687500000e-01
-2.000000000000000000e+00,-7.000000000000000000e+00,-2.300000000000000000e+01,-9.000000000000000000e+00,-3.000000000000000000e+00,-1.000000000000000000e+00,0.000000000000000000e+00,0.000000000000000000e+00,3.613281250000000000e-01,2.272338867187500000e-01,-8.983764648437500000e-01,1.036987304687500000e-01
-2.000000000000000000e+00,-1.000000000000000000e+00,9.000000000000000000e+00,4.000000000000000000e+00,-6.000000000000000000e+00,-4.000000000000000000e+00,-2.000000000000000000e+00,-1.000000000000000000e+00,3.608398437500000000e-01,2.266845703125000000e-01,-8.986816406250000000e-01,1.038208007812500000e-01
2.000000000000000000e+00,0.000000000000000000e+00,-1.000000000000000000e+01,-5.000000000000000000e+00,0.000000000000000000e+00,0.000000000000000000e+00,-4.000000000000000000e+00,-1.000000000000000000e+00,3.608398437500000000e-01,2.266845703125000000e-01,-8.986816406250000000e-01,1.038208007812500000e-01
0.000000000000000000e+00,1.000000000000000000e+00,1.000000000000000000e+00,1.100000000000000000e+01,3.000000000000000000e+00,0.000000000000000000e+00,2.000000000000000000e+00,-1.000000000000000000e+00,3.608398437500000000e-01,2.266845703125000000e-01,-8.986816406250000000e-01,1.038208007812500000e-01
-2.000000000000000000e+00,2.000000000000000000e+00,-1.300000000000000000e+01,-5.000000000000000000e+00,1.000000000000000000e+00,1.000000000000000000e+00,-7.000000000000000000e+00,0.000000000000000000e+00,3.608398437500000000e-01,2.266845703125000000e-01,-8.986816406250000000e-01,1.038208007812500000e-01
0.000000000000000000e+00,1.000000000000000000e+00,-8.000000000000000000e+00,-6.000000000000000000e+00,-1.000000000000000000e+00,0.000000000000000000e+00,7.000000000000000000e+00,1.000000000000000000e+00,3.605346679687500000e-01,2.263183593750000000e-01,-8.988647460937500000e-01,1.040649414062500000e-01
2.000000000000000000e+00,0.000000000000000000e+00,2.800000000000000000e+01,-1.000000000000000000e+00,-6.000000000000000000e+00,-6.000000000000000000e+00,-4.000000000000000000e+00,-1.000000000000000000e+00,3.605346679687500000e-01,2.263183593750000000e-01,-8.988647460937500000e-01,1.040649414062500000e-01
-7.000000000000000000e+00,-3.000000000000000000e+00,1.000000000000000000e+00,-1.200000000000000000e+01,1.000000000000000000e+00,-5.000000000000000000e+00,-5.000000000000000000e+01,-3.000000000000000000e+00,3.605346679687500000e-01,2.263183593750000000e-01,-8.988647460937500000e-01,1.040649414062500000e-01
-4.000000000000000000e+00,-3.000000000000000000e+00,3.200000000000000000e+01,1.400000000000000000e+01,-1.000000000000000000e+00,4.000000000000000000e+00,9.000000000000000000e+00,-1.000000000000000000e+00,3.605346679687500000e-01,2.263183593750000000e-01,-8.988647460937500000e-01,1.040649414062500000e-01
-1.000000000000000000e+00,-1.000000000000000000e+00,-4.000000000000000000e+00,-6.000000000000000000e+00,-3.000000000000000000e+00,-5.000000000000000000e+00,-2.000000000000000000e+00,-3.000000000000000000e+00,3.604736328125000000e-01,2.263793945312500000e-01,-8.988647460937500000e-01,1.043701171875000000e-01
0.000000000000000000e+00,-2.000000000000000000e+00,-1.700000000000000000e+01,-3.000000000000000000e+00,-1.000000000000000000e+00,3.000000000000000000e+00,9.000000000000000000e+00,-2.000000000000000000e+00,3.604736328125000000e-01,2.263793945312500000e-01,-8.988647460937500000e-01,1.043701171875000000e-01
3.000000000000000000e+00,3.000000000000000000e+00,1.000000000000000000e+00,-2.000000000000000000e+00,-5.000000000000000000e+00,-3.000000000000000000e+00,-1.000000000000000000e+00,0.000000000000000000e+00,3.604736328125000000e-01,2.263793945312500000e-01,-8.988647460937500000e-01,1.043701171875000000e-01
-1.000000000000000000e+00,2.000000000000000000e+00,-2.000000000000000000e+00,-2.000000000000000000e+00,-4.000000000000000000e+00,0.000000000000000000e+00,-9.000000000000000000e+00,-2.000000000000000000e+00,3.604736328125000000e-01,2.263793945312500000e-01,-8.988647460937500000e-01,1.043701171875000000e-01
1.000000000000000000e+00,3.000000000000000000e+00,-1.300000000000000000e+01,9.000000000000000000e+00,1.600000000000000000e+01,9.000000000000000000e+00,-2.000000000000000000e+00,0.000000000000000000e+00,3.604736328125000000e-01,2.263793945312500000e-01,-8.988647460937500000e-01,1.043701171875000000e-01
-3.000000000000000000e+00,1.000000000000000000e+00,1.600000000000000000e+01,0.000000000000000000e+00,-6.000000000000000000e+00,-1.000000000000000000e+00,-4.000000000000000000e+00,-2.000000000000000000e+00,3.604736328125000000e-01,2.263793945312500000e-01,-8.988647460937500000e-01,1.043701171875000000e-01
-1.000000000000000000e+00,-8.000000000000000000e+00,9.000000000000000000e+00,1.500000000000000000e+01,0.000000000000000000e+00,-3.000000000000000000e+00,1.300000000000000000e+01,0.000000000000000000e+00,3.604736328125000000e-01,2.263793945312500000e-01,-8.988647460937500000e-01,1.043701171875000000e-01
-5.000000000000000000e+00,-6.000000000000000000e+00,-2.500000000000000000e+01,-2.500000000000000000e+01,-6.000000000000000000e+00,-4.000000000000000000e+00,-3.000000000000000000e+00,-2.000000000000000000e+00,3.604736328125000000e-01,2.263793945312500000e-01,-8.988647460937500000e-01,1.043701171875000000e-01
-2.000000000000000000e+00,-1.000000000000000000e+00,-1.000000000000000000e+00,2.000000000000000000e+00,1.000000000000000000e+00,0.000000000000000000e+00,2.000000000000000000e+00,-3.000000000000000000e+00,3.605957031250000000e-01,2.263793945312500000e-01,-8.988037109375000000e-01,1.041259765625000000e-01
-1.000000000000000000e+00,0.000000000000000000e+00,-1.200000000000000000e+01,-5.000000000000000000e+00,-5.000000000000000000e+00,-5.000000000000000000e+00,0.000000000000000000e+00,-2.000000000000000000e+00,3.605957031250000000e-01,2.263793945312500000e-01,-8.988037109375000000e-01,1.041259765625000000e-01
-2.000000000000000000e+00,3.000000000000000000e+00,1.000000000000000000e+00,1.700000000000000000e+01,1.000000000000000000e+00,2.000000000000000000e+00,1.000000000000000000e+01,0.000000000000000000e+00,3.605957031250000000e-01,2.263793945312500000e-01,-8.988037109375000000e-01,1.041259765625000000e-01
2.000000000000000000e+00,-1.000000000000000000e+00,-5.000000000000000000e+00,-1.000000000000000000e+00,-8.000000000000000000e+00,-1.000000000000000000e+00,3.000000000000000000e+00,-1.000000000000000000e+00,3.605957031250000000e-01,2.263793945312500000e-01,-8.988037109375000000e-01,1.041259765625000000e-01
-2.000000000000000000e+00,-5.000000000000000000e+00,4.000000000000000000e+00,-4.000000000000000000e+00,2.000000000000000000e+00,2.000000000000000000e+00,-1.100000000000000000e+01,-2.000000000000000000e+00,3.608398437500000000e-01,2.262573242187500000e-01,-8.988037109375000000e-01,1.039428710937500000e-01
1.000000000000000000e+00,1.000000000000000000e+00,-2.000000000000000000e+00,2.000000000000000000e+00,6.000000000000000000e+00,1.000000000000000000e+00,0.000000000000000000e+00,0.000000000000000000e+00,3.608398437500000000e-01,2.262573242187500000e-01,-8.988037109375000000e-01,1.039428710937500000e-01
-5.000000000000000000e+00,-6.000000000000000000e+00,-7.000000000000000000e+00,-3.000000000000000000e+00,-4.000000000000000000e+00,-3.000000000000000000e+00,4.000000000000000000e+00,-4.000000000000000000e+00,3.608398437500000000e-01,2.262573242187500000e-01,-8.988037109375000000e-01,1.039428710937500000e-01
5.000000000000000000e+00,5.000000000000000000e+00,-3.000000000000000000e+00,-1.000000000000000000e+00,1.000000000000000000e+00,-3.000000000000000000e+00,-5.000000000000000000e+00,2.000000000000000000e+00,3.608398437500000000e-01,2.262573242187500000e-01,-8.988037109375000000e-01,1.039428710937500000e-01
-5.000000000000000000e+00,-6.000000000000000000e+00,-4.000000000000000000e+01,2.000000000000000000e+00,-4.000000000000000000e+00,-4.000000000000000000e+00,-5.000000000000000000e+00,-2.000000000000000000e+00,3.607788085937500000e-01,2.262573242187500000e-01,-8.988037109375000000e-01,1.039428710937500000e-01
-1.000000000000000000e+00,-2.000000000000000000e+00,-1.300000000000000000e+01,8.000000000000000000e+00,-3.000000000000000000e+00,-1.000000000000000000e+00,-1.000000000000000000e+00,-2.000000000000000000e+00,3.607788085937500000e-01,2.262573242187500000e-01,-8.988037109375000000e-01,1.039428710937500000e-01
4.000000000000000000e+00,0.000000000000000000e+00,2.600000000000000000e+01,-1.200000000000000000e+01,-3.000000000000000000e+00,3.000000000000000000e+00,7.000000000000000000e+00,1.000000000000000000e+00,3.607788085937500000e-01,2.262573242187500000e-01,-8.988037109375000000e-01,1.039428710937500000e-01
-7.000000000000000000e+00,1.000000000000000000e+00,3.000000000000000000e+00,1.000000000000000000e+01,7.000000000000000000e+00,1.000000000000000000e+00,1.000000000000000000e+01,-1.000000000000000000e+00,3.607788085937500000e-01,2.262573242187500000e-01,-8.988037109375000000e-01,1.039428710937500000e-01
2.000000000000000000e+00,-1.000000000000000000e+00,1.800000000000000000e+01,-2.000000000000000000e+00,-5.000000000000000000e+00,-1.000000000000000000e+00,0.000000000000000000e+00,-1.000000000000000000e+00,3.608398437500000000e-01,2.267456054687500000e-01,-8.986206054687500000e-01,1.040649414062500000e-01
-1.000000000000000000e+00,0.000000000000000000e+00,-2.100000000000000000e+01,-6.000000000000000000e+00,5.000000000000000000e+00,2.000000000000000000e+00,1.000000000000000000e+00,1.000000000000000000e+00,3.608398437500000000e-01,2.267456054687500000e-01,-8.986206054687500000e-01,1.040649414062500000e-01
-1.000000000000000000e+00,1.000000000000000000e+00,2.000000000000000000e+00,4.000000000000000000e+00,2.000000000000000000e+00,2.000000000000000000e+00,2.900000000000000000e+01,1.000000000000000000e+00,3.608398437500000000e-01,2.267456054687500000e-01,-8.986206054687500000e-01,1.040649414062500000e-01
2.000000000000000000e+00,1.000000000000000000e+00,-3.000000000000000000e+00,4.000000000000000000e+00,3.000000000000000000e+00,2.000000000000000000e+00,0.000000000000000000e+00,-1.000000000000000000e+00,3.608398437500000000e-01,2.267456054687500000e-01,-8.986206054687500000e-01,1.040649414062500000e-01
-3.000000000000000000e+00,-3.000000000000000000e+00,2.600000000000000000e+01,2.000000000000000000e+01,3.000000000000000000e+00,-3.000000000000000000e+00,-5.000000000000000000e+00,-1.000000000000000000e+00,3.607177734375000000e-01,2.271118164062500000e-01,-8.986206054687500000e-01,1.040649414062500000e-01
-5.000000000000000000e+00,-1.000000000000000000e+01,-1.900000000000000000e+01,-3.200000000000000000e+01,-1.000000000000000000e+01,-2.000000000000000000e+00,1.200000000000000000e+01,-2.000000000000000000e+00,3.607177734375000000e-01,2.271118164062500000e-01,-8.986206054687500000e-01,1.040649414062500000e-01
4.000000000000000000e+00,5.000000000000000000e+00,-5.000000000000000000e+00,-4.000000000000000000e+00,-5.000000000000000000e+00,-7.000000000000000000e+00,-1.300000000000000000e+01,-1.000000000000000000e+00,3.607177734375000000e-01,2.271118164062500000e-01,-8.986206054687500000e-01,1.040649414062500000e-01
-2.000000000000000000e+00,-4.000000000000000000e+00,-1.100000000000000000e+01,1.000000000000000000e+00,1.000000000000000000e+00,1.000000000000000000e+00,-3.000000000000000000e+00,-1.000000000000000000e+00,3.607177734375000000e-01,2.271118164062500000e-01,-8.986206054687500000e-01,1.040649414062500000e-01
1.000000000000000000e+00,6.000000000000000000e+00,1.000000000000000000e+01,3.000000000000000000e+00,4.000000000000000000e+00,8.000000000000000000e+00,1.900000000000000000e+01,-1.000000000000000000e+00,3.607177734375000000e-01,2.271118164062500000e-01,-8.986206054687500000e-01,1.040649414062500000e-01
2.000000000000000000e+00,2.000000000000000000e+00,4.000000000000000000e+00,8.000000000000000000e+00,5.000000000000000000e+00,1.000000000000000000e+00,-3.000000000000000000e+00,0.000000000000000000e+00,3.607177734375000000e-01,2.271118164062500000e-01,-8.986206054687500000e-01,1.040649414062500000e-01
-4.000000000000000000e+00,-7.000000000000000000e+00,2.500000000000000000e+01,-1.100000000000000000e+01,-6.000000000000000000e+00,-2.000000000000000000e+00,-4.000000000000000000e+00,-3.000000000000000000e+00,3.607177734375000000e-01,2.271118164062500000e-01,-8.986206054687500000e-01,1.040649414062500000e-01
0.000000000000000000e+00,2.000000000000000000e+00,-6.400000000000000000e+01,-1.200000000000000000e+01,-6.000000000000000000e+00,-7.000000000000000000e+00,-9.000000000000000000e+00,-4.000000000000000000e+00,3.607177734375000000e-01,2.271118164062500000e-01,-8.986206054687500000e-01,1.040649414062500000e-01
0.000000000000000000e+00,-2.000000000000000000e+00,6.000000000000000000e+00,-1.800000000000000000e+01,-1.100000000000000000e+01,-2.000000000000000000e+00,-7.000000000000000000e+00,0.000000000000000000e+00,3.605957031250000000e-01,2.268066406250000000e-01,-8.987426757812500000e-01,1.040039062500000000e-01
-3.000000000000000000e+00,-1.000000000000000000e+00,1.500000000000000000e+01,1.100000000000000000e+01,3.000000000000000000e+00,0.000000000000000000e+00,-3.000000000000000000e+00,-1.000000000000000000e+00,3.605957031250000000e-01,2.268066406250000000e-01,-8.987426757812500000e-01,1.040039062500000000e-01
1.000000000000000000e+00,-1.000000000000000000e+00,-2.200000000000000000e+01,0.000000000000000000e+00,6.000000000000000000e+00,-2.000000000000000000e+00,1.000000000000000000e+00,-1.000000000000000000e+00,3.605957031250000000e-01,2.268066406250000000e-01,-8.987426757812500000e-01,1.040039062500000000e-01
1.000000000000000000e+00,-1.000000000000000000e+00,3.200000000000000000e+01,5.000000000000000000e+00,3.000000000000000000e+00,2.000000000000000000e+00,7.000000000000000000e+00,0.000000000000000000e+00,3.605957031250000000e-01,2.268066406250000000e-01,-8.987426757812500000e-01,1.040039062500000000e-01
0.000000000000000000e+00,-1.000000000000000000e+00,3.000000000000000000e+00,9.000000000000000000e+00,3.000000000000000000e+00,1.000000000000000000e+00,-2.000000000000000000e+00,-1.000000000000000000e+00,3.603515625000000000e-01,2.267456054687500000e-01,-8.988037109375000000e-01,1.042480468750000000e-01
0.000000000000000000e+00,1.000000000000000000e+00,-1.000000000000000000e+01,-1.200000000000000000e+01,-6.000000000000000000e+00,-2.000000000000000000e+00,-3.000000000000000000e+00,-2.000000000000000000e+00,3.603515625000000000e-01,2.267456054687500000e-01,-8.988037109375000000e-01,1.042480468750000000e-01
-2.000000000000000000e+00,-3.000000000000000000e+00,-1.100000000000000000e+01,8.000000000000000000e+00,-9.000000000000000000e+00,-1.000000000000000000e+00,0.000000000000000000e+00,-2.000000000000000000e+00,3.603515625000000000e-01,2.267456054687500000e-01,-8.988037109375000000e-01,1.042480468750000000e-01
0.000000000000000000e+00,0.000000000000000000e+00,1.100000000000000000e+01,-2.000000000000000000e+00,-3.000000000000000000e+00,-5.000000000000000000e+00,-1.300000000000000000e+01,-1.000000000000000000e+00,3.603515625000000000e-01,2.267456054687500000e-01,-8.988037109375000000e-01,1.042480468750000000e-01
0.000000000000000000e+00,0.000000000000000000e+00,-2.400000000000000000e+01,-9.000000000000000000e+00,3.000000000000000000e+00,1.000000000000000000e+00,1.100000000000000000e+01,0.000000000000000000e+00,3.600463867187500000e-01,2.266235351562500000e-01,-8.989257812500000000e-01,1.045532226562500000e-01
-1.000000000000000000e+00,-1.200000000000000000e+01,-3.100000000000000000e+01,1.000000000000000000e+00,-8.000000000000000000e+00,-7.000000000000000000e+00,-3.000000000000000000e+00,-4.000000000000000000e+00,3.600463867187500000e-01,2.266235351562500000e-01,-8.989257812500000000e-01,1.045532226562500000e-01
-2.000000000000000000e+00,0.000000000000000000e+00,1.000000000000000000e+01,-5.000000000000000000e+00,-1.000000000000000000e+00,-1.000000000000000000e+00,-7.000000000000000000e+00,-1.000000000000000000e+00,3.600463867187500000e-01,2.266235351562500000e-01,-8.989257812500000000e-01,1.045532226562500000e-01
-1.000000000000000000e+00,-3.000000000000000000e+00,2.200000000000000000e+01,3.000000000000000000e+00,2.000000000000000000e+00,0.000000000000000000e+00,-1.000000000000000000e+00,-1.000000000000000000e+00,3.600463867187500000e-01,2.266235351562500000e-01,-8.989257812500000000e-01,1.045532226562500000e-01
-1.000000000000000000e+00,-1.000000000000000000e+00,-1.000000000000000000e+00,4.000000000000000000e+00,-1.100000000000000000e+01,-5.000000000000000000e+00,-3.000000000000000000e+00,-2.000000000000000000e+00,3.596191406250000000e-01,2.266235351562500000e-01,-8.991088867187500000e-01,1.048583984375000000e-01
-1.000000000000000000e+00,6.000000000000000000e+00,-1.400000000000000000e+01,-7.000000000000000000e+00,9.000000000000000000e+00,0.000000000000000000e+00,-8.000000000000000000e+00,-1.000000000000000000e+00,3.596191406250000000e-01,2.266235351562500000e-01,-8.991088867187500000e-01,1.048583984375000000e-01
0.000000000000000000e+00,-1.000000000000000000e+00,9.000000000000000000e+00,2.000000000000000000e+00,6.000000000000000000e+00,1.000000000000000000e+01,2.000000000000000000e+01,-1.000000000000000000e+00,3.596191406250000000e-01,2.266235351562500000e-01,-8.991088867187500000e-01,1.048583984375000000e-01
0.000000000000000000e+00,-1.000000000000000000e+00,-3.300000000000000000e+01,-4.000000000000000000e+00,-7.000000000000000000e+00,-3.000000000000000000e+00,-4.000000000000000000e+00,-1.000000000000000000e+00,3.596191406250000000e-01,2.266235351562500000e-01,-8.991088867187500000e-01,1.048583984375000000e-01
-2.000000000000000000e+00,-1.000000000000000000e+00,2.700000000000000000e+01,0.000000000000000000e+00,2.000000000000000000e+00,-3.000000000000000000e+00,3.000000000000000000e+00,1.000000000000000000e+00,3.592529296875000000e-01,2.266845703125000000e-01,-8.992309570312500000e-01,1.048583984375000000e-01
0.000000000000000000e+00,-1.000000000000000000e+00,2.900000000000000000e+01,1.000000000000000000e+00,-5.000000000000000000e+00,-2.000000000000000000e+00,-1.000000000000000000e+00,-2.000000000000000000e+00,3.592529296875000000e-01,2.266845703125000000e-01,-8.992309570312500000e-01,1.048583984375000000e-01
-2.000000000000000000e+00,-2.000000000000000000e+00,-2.100000000000000000e+01,2.000000000000000000e+00,-2.000000000000000000e+00,-5.000000000000000000e+00,0.000000000000000000e+00,-1.000000000000000000e+00,3.592529296875000000e-01,2.266845703125000000e-01,-8.992309570312500000e-01,1.048583984375000000e-01
0.000000000000000000e+00,2.000000000000000000e+00,1.200000000000000000e+01,-1.300000000000000000e+01,-7.000000000000000000e+00,-3.000000000000000000e+00,-1.100000000000000000e+01,0.000000000000000000e+00,3.592529296875000000e-01,2.266845703125000000e-01,-8.992309570312500000e-01,1.048583984375000000e-01
1.000000000000000000e+00,-3.000000000000000000e+00,-3.800000000000000000e+01,-2.400000000000000000e+01,-4.000000000000000000e+00,-5.000000000000000000e+00,-7.000000000000000000e+00,0.000000000000000000e+00,3.591918945312500000e-01,2.266845703125000000e-01,-8.992309570312500000e-01,1.048583984375000000e-01
-3.000000000000000000e+00,1.000000000000000000e+00,4.100000000000000000e+01,2.200000000000000000e+01,8.000000000000000000e+00,5.000000000000000000e+00,2.000000000000000000e+00,-1.000000000000000000e+00,3.591918945312500000e-01,2.266845703125000000e-01,-8.992309570312500000e-01,1.048583984375000000e-01
