5.000000000000000000e+00,-6.000000000000000000e+00,-1.000000000000000000e+01,0.000000000000000000e+00,2.000000000000000000e+00,-1.000000000000000000e+00,5.000000000000000000e+00,-1.000000000000000000e+00,5.034790039062500000e-01,1.898803710937500000e-01,-8.428344726562500000e-01,1.214599609375000000e-02
-3.000000000000000000e+00,-5.000000000000000000e+00,2.000000000000000000e+01,6.000000000000000000e+00,0.000000000000000000e+00,-3.000000000000000000e+00,-3.000000000000000000e+00,-3.000000000000000000e+00,5.034790039062500000e-01,1.898803710937500000e-01,-8.428344726562500000e-01,1.214599609375000000e-02
-4.000000000000000000e+00,0.000000000000000000e+00,-1.400000000000000000e+01,-1.000000000000000000e+01,-8.000000000000000000e+00,-1.000000000000000000e+00,2.000000000000000000e+00,-4.000000000000000000e+00,5.034790039062500000e-01,1.898803710937500000e-01,-8.428344726562500000e-01,1.214599609375000000e-02
2.000000000000000000e+00,0.000000000000000000e+00,8.000000000000000000e+00,-2.000000000000000000e+00,3.000000000000000000e+00,0.000000000000000000e+00,-4.000000000000000000e+00,0.000000000000000000e+00,5.034790039062500000e-01,1.898803710937500000e-01,-8.428344726562500000e-01,1.214599609375000000e-02
-2.000000000000000000e+00,1.000000000000000000e+00,-6.000000000000000000e+00,-4.000000000000000000e+00,-2.000000000000000000e+00,-2.000000000000000000e+00,1.000000000000000000e+00,-2.000000000000000000e+00,5.026855468750000000e-01,1.896362304687500000e-01,-8.433227539062500000e-01,1.190185546875000000e-02
-4.000000000000000000e+00,1.000000000000000000e+00,-5.000000000000000000e+00,5.000000000000000000e+00,-2.000000000000000000e+00,0.000000000000000000e+00,4.000000000000000000e+00,3.000000000000000000e+00,5.026855468750000000e-01,1.896362304687500000e-01,-8.433227539062500000e-01,1.190185546875000000e-02
-2.000000000000000000e+00,5.000000000000000000e+00,2.000000000000000000e+01,3.000000000000000000e+00,-4.000000000000000000e+00,-2.000000000000000000e+00,-6.000000000000000000e+00,-1.000000000000000000e+00,5.026855468750000000e-01,1.896362304687500000e-01,-8.433227539062500000e-01,1.190185546875000000e-02
-3.000000000000000000e+00,-7.000000000000000000e+00,1.500000000000000000e+01,0.000000000000000000e+00,3.000000000000000000e+00,-2.000000000000000000e+00,-4.000000000000000000e+00,-1.000000000000000000e+00,5.026855468750000000e-01,1.896362304687500000e-01,-8.433227539062500000e-01,1.190185546875000000e-02
8.000000000000000000e+00,-4.000000000000000000e+00,-1.400000000000000000e+01,-1.000000000000000000e+01,-7.000000000000000000e+00,-6.000000000000000000e+00,-1.500000000000000000e+01,-3.000000000000000000e+00,5.021972656250000000e-01,1.892700195312500000e-01,-8.436889648437500000e-01,1.171875000000000000e-02
0.000000000000000000e+00,-3.000000000000000000e+00,-1.000000000000000000e+00,-4.000000000000000000e+00,3.000000000000000000e+00,2.000000000000000000e+00,-3.000000000000000000e+00,-1.000000000000000000e+00,5.021972656250000000e-01,1.892700195312500000e-01,-8.436889648437500000e-01,1.171875000000000000e-02
4.000000000000000000e+00,-2.000000000000000000e+00,-1.500000000000000000e+01,4.000000000000000000e+00,3.000000000000000000e+00,-1.000000000000000000e+00,-4.000000000000000000e+00,-1.000000000000000000e+00,5.021972656250000000e-01,1.892700195312500000e-01,-8.436889648437500000e-01,1.171875000000000000e-02
-1.000000000000000000e+00,1.000000000000000000e+00,-1.000000000000000000e+00,-4.000000000000000000e+00,5.000000000000000000e+00,-1.000000000000000000e+00,-1.000000000000000000e+00,-1.000000000000000000e+00,5.021972656250000000e-01,1.892700195312500000e-01,-8.436889648437500000e-01,1.171875000000000000e-02
-9.000000000000000000e+00,0.000000000000000000e+00,-1.000000000000000000e+00,4.000000000000000000e+00,-2.000000000000000000e+00,-1.000000000000000000e+00,3.000000000000000000e+00,0.000000000000000000e+00,5.021362304687500000e-01,1.891479492187500000e-01,-8.438110351562500000e-01,1.159667968750000000e-02
5.000000000000000000e+00,5.000000000000000000e+00,1.600000000000000000e+01,-1.000000000000000000e+00,-4.000000000000000000e+00,-4.000000000000000000e+00,1.000000000000000000e+00,-1.000000000000000000e+00,5.021362304687500000e-01,1.891479492187500000e-01,-8.438110351562500000e-01,1.159667968750000000e-02
-1.100000000000000000e+01,-1.500000000000000000e+01,-1.700000000000000000e+01,-4.000000000000000000e+00,-3.000000000000000000e+00,-3.000000000000000000e+00,-5.000000000000000000e+00,-4.000000000000000000e+00,5.021362304687500000e-01,1.891479492187500000e-01,-8.438110351562500000e-01,1.159667968750000000e-02
-3.000000000000000000e+00,3.000000000000000000e+00,4.000000000000000000e+00,1.300000000000000000e+01,-1.000000000000000000e+00,3.000000000000000000e+00,6.000000000000000000e+00,3.000000000000000000e+00,5.021362304687500000e-01,1.891479492187500000e-01,-8.438110351562500000e-01,1.159667968750000000e-02
1.000000000000000000e+00,-2.000000000000000000e+00,-9.000000000000000000e+00,-2.200000000000000000e+01,-5.000000000000000000e+00,-1.000000000000000000e+00,7.000000000000000000e+00,-4.000000000000000000e+00,5.025024414062500000e-01,1.891479492187500000e-01,-8.435668945312500000e-01,1.141357421875000000e-02
-4.000000000000000000e+00,-7.000000000000000000e+00,5.000000000000000000e+00,-9.000000000000000000e+00,-4.000000000000000000e+00,-3.000000000000000000e+00,-3.000000000000000000e+00,-1.000000000000000000e+00,5.025024414062500000e-01,1.891479492187500000e-01,-8.435668945312500000e-01,1.141357421875000000e-02
8.000000000000000000e+00,6.000000000000000000e+00,5.000000000000000000e+00,8.000000000000000000e+00,-1.000000000000000000e+00,-2.000000000000000000e+00,0.000000000000000000e+00,0.000000000000000000e+00,5.025024414062500000e-01,1.891479492187500000e-01,-8.435668945312500000e-01,1.141357421875000000e-02
-3.000000000000000000e+00,-2.000000000000000000e+00,-4.000000000000000000e+00,4.000000000000000000e+00,4.000000000000000000e+00,3.000000000000000000e+00,0.000000000000000000e+00,-2.000000000000000000e+00,5.025024414062500000e-01,1.891479492187500000e-01,-8.435668945312500000e-01,1.141357421875000000e-02
0.000000000000000000e+00,7.000000000000000000e+00,1.000000000000000000e+00,2.000000000000000000e+00,3.000000000000000000e+00,3.000000000000000000e+00,2.000000000000000000e+00,-3.000000000000000000e+00,5.034179687500000000e-01,1.884765625000000000e-01,-8.432006835937500000e-01,1.080322265625000000e-02
-3.000000000000000000e+00,-8.000000000000000000e+00,9.000000000000000000e+00,1.200000000000000000e+01,-5.000000000000000000e+00,-1.000000000000000000e+00,1.100000000000000000e+01,1.000000000000000000e+00,5.034179687500000000e-01,1.884765625000000000e-01,-8.432006835937500000e-01,1.080322265625000000e-02
-3.000000000000000000e+00,-6.000000000000000000e+00,-2.100000000000000000e+01,-8.000000000000000000e+00,-4.000000000000000000e+00,0.000000000000000000e+00,-2.000000000000000000e+00,1.000000000000000000e+00,5.034179687500000000e-01,1.884765625000000000e-01,-8.432006835937500000e-01,1.080322265625000000e-02
1.000000000000000000e+00,-2.000000000000000000e+00,-3.000000000000000000e+00,-1.000000000000000000e+01,-6.000000000000000000e+00,-6.000000000000000000e+00,-1.700000000000000000e+01,-2.000000000000000000e+00,5.034179687500000000e-01,1.884765625000000000e-01,-8.432006835937500000e-01,1.080322265625000000e-02
2.000000000000000000e+00,3.000000000000000000e+00,7.000000000000000000e+00,2.000000000000000000e+00,-1.000000000000000000e+00,1.000000000000000000e+00,1.100000000000000000e+01,-1.000000000000000000e+00,5.046997070312500000e-01,1.875610351562500000e-01,-8.426513671875000000e-01,1.043701171875000000e-02
4.000000000000000000e+00,3.000000000000000000e+00,-9.000000000000000000e+00,-4.000000000000000000e+00,-7.000000000000000000e+00,-4.000000000000000000e+00,-9.000000000000000000e+00,-3.000000000000000000e+00,5.046997070312500000e-01,1.875610351562500000e-01,-8.426513671875000000e-01,1.043701171875000000e-02
1.000000000000000000e+00,-1.000000000000000000e+00,7.000000000000000000e+00,3.000000000000000000e+00,2.000000000000000000e+00,-1.000000000000000000e+00,1.000000000000000000e+00,1.000000000000000000e+00,5.046997070312500000e-01,1.875610351562500000e-01,-8.426513671875000000e-01,1.043701171875000000e-02
-2.000000000000000000e+00,-4.000000000000000000e+00,-1.000000000000000000e+00,-5.000000000000000000e+00,9.000000000000000000e+00,3.000000000000000000e+00,2.000000000000000000e+00,-2.000000000000000000e+00,5.046997070312500000e-01,1.875610351562500000e-01,-8.426513671875000000e-01,1.043701171875000000e-02
-2.000000000000000000e+00,0.000000000000000000e+00,-4.000000000000000000e+00,-2.000000000000000000e+00,-6.000000000000000000e+00,-2.000000000000000000e+00,-5.000000000000000000e+00,1.000000000000000000e+00,5.061035156250000000e-01,1.870727539062500000e-01,-8.418579101562500000e-01,1.068115234375000000e-02
0.000000000000000000e+00,6.000000000000000000e+00,3.000000000000000000e+00,8.000000000000000000e+00,1.100000000000000000e+01,1.000000000000000000e+00,-7.000000000000000000e+00,1.000000000000000000e+00,5.061035156250000000e-01,1.870727539062500000e-01,-8.418579101562500000e-01,1.068115234375000000e-02
2.000000000000000000e+00,-7.000000000000000000e+00,-6.000000000000000000e+00,-5.000000000000000000e+00,-3.000000000000000000e+00,-2.000000000000000000e+00,-6.000000000000000000e+00,-3.000000000000000000e+00,5.061035156250000000e-01,1.870727539062500000e-01,-8.418579101562500000e-01,1.068115234375000000e-02
7.000000000000000000e+00,-4.000000000000000000e+00,-5.000000000000000000e+00,-6.000000000000000000e+00,-6.000000000000000000e+00,0.000000000000000000e+00,1.000000000000000000e+00,-2.000000000000000000e+00,5.061035156250000000e-01,1.870727539062500000e-01,-8.418579101562500000e-01,1.068115234375000000e-02
-7.000000000000000000e+00,-9.000000000000000000e+00,0.000000000000000000e+00,8.000000000000000000e+00,2.000000000000000000e+00,-1.000000000000000000e+00,2.000000000000000000e+00,0.000000000000000000e+00,5.075073242187500000e-01,1.870117187500000000e-01,-8.410644531250000000e-01,1.098632812500000000e-02
-1.000000000000000000e+00,-2.000000000000000000e+00,-1.100000000000000000e+01,-1.200000000000000000e+01,-2.000000000000000000e+00,-4.000000000000000000e+00,-3.000000000000000000e+00,-2.000000000000000000e+00,5.075073242187500000e-01,1.870117187500000000e-01,-8.410644531250000000e-01,1.098632812500000000e-02
-5.000000000000000000e+00,6.000000000000000000e+00,7.000000000000000000e+00,2.000000000000000000e+00,0.000000000000000000e+00,0.000000000000000000e+00,0.000000000000000000e+00,-1.000000000000000000e+00,5.075073242187500000e-01,1.870117187500000000e-01,-8.410644531250000000e-01,1.098632812500000000e-02
2.000000000000000000e+00,5.000000000000000000e+00,-1.000000000000000000e+00,-1.000000000000000000e+00,-5.000000000000000000e+00,-2.000000000000000000e+00,-4.000000000000000000e+00,-3.000000000000000000e+00,5.075073242187500000e-01,1.870117187500000000e-01,-8.410644531250000000e-01,1.098632812500000000e-02
-2.000000000000000000e+00,-3.000000000000000000e+00,-2.000000000000000000e+00,-3.000000000000000000e+00,-3.000000000000000000e+00,2.000000000000000000e+00,1.100000000000000000e+01,4.000000000000000000e+00,5.087280273437500000e-01,1.870727539062500000e-01,-8.402709960937500000e-01,1.092529296875000000e-02
-2.000000000000000000e+00,0.000000000000000000e+00,1.000000000000000000e+01,9.000000000000000000e+00,-2.000000000000000000e+00,0.000000000000000000e+00,-2.000000000000000000e+00,-1.000000000000000000e+00,5.087280273437500000e-01,1.870727539062500000e-01,-8.402709960937500000e-01,1.092529296875000000e-02
4.000000000000000000e+00,-6.000000000000000000e+00,-1.200000000000000000e+01,-5.000000000000000000e+00,0.000000000000000000e+00,-1.000000000000000000e+00,-1.000000000000000000e+00,0.000000000000000000e+00,5.087280273437500000e-01,1.870727539062500000e-01,-8.402709960937500000e-01,1.092529296875000000e-02
-7.000000000000000000e+00,-4.000000000000000000e+00,-7.000000000000000000e+00,-4.000000000000000000e+00,1.000000000000000000e+00,-4.000000000000000000e+00,-6.000000000000000000e+00,-4.000000000000000000e+00,5.087280273437500000e-01,1.870727539062500000e-01,-8.402709960937500000e-01,1.092529296875000000e-02
2.000000000000000000e+00,2.000000000000000000e+00,4.000000000000000000e+00,-4.000000000000000000e+00,3.000000000000000000e+00,7.000000000000000000e+00,2.300000000000000000e+01,-3.000000000000000000e+00,5.099487304687500000e-01,1.864624023437500000e-01,-8.397216796875000000e-01,1.068115234375000000e-02
2.000000000000000000e+00,0.000000000000000000e+00,-5.000000000000000000e+00,5.000000000000000000e+00,0.000000000000000000e+00,-2.000000000000000000e+00,0.000000000000000000e+00,-1.000000000000000000e+00,5.099487304687500000e-01,1.864624023437500000e-01,-8.397216796875000000e-01,1.068115234375000000e-02
2.000000000000000000e+00,3.000000000000000000e+00,9.000000000000000000e+00,3.000000000000000000e+00,-5.000000000000000000e+00,0.000000000000000000e+00,2.000000000000000000e+00,-5.000000000000000000e+00,5.099487304687500000e-01,1.864624023437500000e-01,-8.397216796875000000e-01,1.068115234375000000e-02
-1.000000000000000000e+00,-1.000000000000000000e+00,2.000000000000000000e+00,8.000000000000000000e+00,-2.000000000000000000e+00,1.000000000000000000e+00,6.000000000000000000e+00,1.000000000000000000e+00,5.099487304687500000e-01,1.864624023437500000e-01,-8.397216796875000000e-01,1.068115234375000000e-02
-2.000000000000000000e+00,-3.000000000000000000e+00,3.000000000000000000e+00,-9.000000000000000000e+00,3.000000000000000000e+00,0.000000000000000000e+00,-9.000000000000000000e+00,-1.000000000000000000e+00,5.108642578125000000e-01,1.856079101562500000e-01,-8.393554687500000000e-01,1.043701171875000000e-02
2.000000000000000000e+00,7.000000000000000000e+00,5.000000000000000000e+00,0.000000000000000000e+00,0.000000000000000000e+00,4.000000000000000000e+00,4.000000000000000000e+00,1.000000000000000000e+00,5.108642578125000000e-01,1.856079101562500000e-01,-8.393554687500000000e-01,1.043701171875000000e-02
1.000000000000000000e+00,3.000000000000000000e+00,-5.000000000000000000e+00,-8.000000000000000000e+00,-4.000000000000000000e+00,-4.000000000000000000e+00,-4.000000000000000000e+00,-1.000000000000000000e+00,5.108642578125000000e-01,1.856079101562500000e-01,-8.393554687500000000e-01,1.043701171875000000e-02
-7.000000000000000000e+00,-1.600000000000000000e+01,-1.100000000000000000e+01,-2.000000000000000000e+00,-4.000000000000000000e+00,-4.000000000000000000e+00,-5.000000000000000000e+00,0.000000000000000000e+00,5.108642578125000000e-01,1.856079101562500000e-01,-8.393554687500000000e-01,1.043701171875000000e-02
-2.000000000000000000e+00,-7.000000000000000000e+00,4.000000000000000000e+00,-1.000000000000000000e+00,-3.000000000000000000e+00,-4.000000000000000000e+00,-8.000000000000000000e+00,0.000000000000000000e+00,5.114746093750000000e-01,1.848754882812500000e-01,-8.391113281250000000e-01,1.025390625000000000e-02
-1.000000000000000000e+00,-2.000000000000000000e+00,3.000000000000000000e+00,-2.000000000000000000e+00,0.000000000000000000e+00,1.000000000000000000e+00,1.000000000000000000e+00,-2.000000000000000000e+00,5.114746093750000000e-01,1.848754882812500000e-01,-8.391113281250000000e-01,1.025390625000000000e-02
-2.000000000000000000e+00,7.000000000000000000e+00,9.000000000000000000e+00,5.000000000000000000e+00,2.000000000000000000e+00,-1.000000000000000000e+00,-2.000000000000000000e+00,1.000000000000000000e+00,5.114746093750000000e-01,1.848754882812500000e-01,-8.391113281250000000e-01,1.025390625000000000e-02
0.000000000000000000e+00,8.000000000000000000e+00,2.000000000000000000e+00,-3.000000000000000000e+00,2.000000000000000000e+00,1.000000000000000000e+00,3.000000000000000000e+00,0.000000000000000000e+00,5.114746093750000000e-01,1.848754882812500000e-01,-8.391113281250000000e-01,1.025390625000000000e-02
-1.000000000000000000e+00,0.000000000000000000e+00,-6.000000000000000000e+00,7.000000000000000000e+00,-3.000000000000000000e+00,-2.000000000000000000e+00,-1.200000000000000000e+01,-6.000000000000000000e+00,5.118408203125000000e-01,1.845092773437500000e-01,-8.389892578125000000e-01,1.000976562500000000e-02
-3.000000000000000000e+00,-1.000000000000000000e+00,-4.000000000000000000e+00,-9.000000000000000000e+00,1.200000000000000000e+01,-1.000000000000000000e+00,-6.000000000000000000e+00,8.000000000000000000e+00,5.118408203125000000e-01,1.845092773437500000e-01,-8.389892578125000000e-01,1.000976562500000000e-02
9.000000000000000000e+00,5.000000000000000000e+00,-6.000000000000000000e+00,9.000000000000000000e+00,5.000000000000000000e+00,4.000000000000000000e+00,3.000000000000000000e+00,1.000000000000000000e+00,5.118408203125000000e-01,1.845092773437500000e-01,-8.389892578125000000e-01,1.000976562500000000e-02
-7.000000000000000000e+00,-2.000000000000000000e+00,1.200000000000000000e+01,-5.000000000000000000e+00,-1.000000000000000000e+01,-4.000000000000000000e+00,1.000000000000000000e+00,-1.000000000000000000e+00,5.118408203125000000e-01,1.845092773437500000e-01,-8.389892578125000000e-01,1.000976562500000000e-02
-8.000000000000000000e+00,-1.000000000000000000e+01,-5.000000000000000000e+00,3.000000000000000000e+00,-1.100000000000000000e+01,-4.000000000000000000e+00,7.000000000000000000e+00,-5.000000000000000000e+00,5.119018554687500000e-01,1.838989257812500000e-01,-8.390502929687500000e-01,9.521484375000000000e-03
-1.000000000000000000e+01,-5.000000000000000000e+00,-1.200000000000000000e+01,-2.700000000000000000e+01,-1.200000000000000000e+01,-6.000000000000000000e+00,-8.000000000000000000e+00,-6.000000000000000000e+00,5.119018554687500000e-01,1.838989257812500000e-01,-8.390502929687500000e-01,9.521484375000000000e-03
-1.000000000000000000e+00,-4.000000000000000000e+00,4.000000000000000000e+00,1.400000000000000000e+01,9.000000000000000000e+00,-2.000000000000000000e+00,-1.000000000000000000e+00,0.000000000000000000e+00,5.119018554687500000e-01,1.838989257812500000e-01,-8.390502929687500000e-01,9.521484375000000000e-03
5.000000000000000000e+00,5.000000000000000000e+00,1.000000000000000000e+00,-7.000000000000000000e+00,8.000000000000000000e+00,7.000000000000000000e+00,5.000000000000000000e+00,1.000000000000000000e+00,5.119018554687500000e-01,1.838989257812500000e-01,-8.390502929687500000e-01,9.521484375000000000e-03
3.000000000000000000e+00,5.000000000000000000e+00,0.000000000000000000e+00,8.000000000000000000e+00,5.000000000000000000e+00,0.000000000000000000e+00,-4.000000000000000000e+00,2.000000000000000000e+00,5.122070312500000000e-01,1.835327148437500000e-01,-8.389892578125000000e-01,9.155273437500000000e-03
-1.000000000000000000e+00,-4.000000000000000000e+00,-4.000000000000000000e+00,3.000000000000000000e+00,-7.000000000000000000e+00,-2.000000000000000000e+00,-5.000000000000000000e+00,-3.000000000000000000e+00,5.122070312500000000e-01,1.835327148437500000e-01,-8.389892578125000000e-01,9.155273437500000000e-03
-3.000000000000000000e+00,-1.000000000000000000e+00,2.000000000000000000e+00,-8.000000000000000000e+00,-2.000000000000000000e+00,3.000000000000000000e+00,2.000000000000000000e+00,1.000000000000000000e+00,5.122070312500000000e-01,1.835327148437500000e-01,-8.389892578125000000e-01,9.155273437500000000e-03
4.000000000000000000e+00,8.000000000000000000e+00,8.000000000000000000e+00,7.000000000000000000e+00,-4.000000000000000000e+00,-1.000000000000000000e+00,1.000000000000000000e+00,-1.000000000000000000e+00,5.122070312500000000e-01,1.835327148437500000e-01,-8.389892578125000000e-01,9.155273437500000000e-03
-3.000000000000000000e+00,-5.000000000000000000e+00,-7.000000000000000000e+00,-3.000000000000000000e+00,0.000000000000000000e+00,-5.000000000000000000e+00,-6.000000000000000000e+00,-1.000000000000000000e+00,5.125732421875000000e-01,1.832275390625000000e-01,-8.388671875000000000e-01,8.544921875000000000e-03
-2.000000000000000000e+00,-3.000000000000000000e+00,-4.000000000000000000e+00,4.000000000000000000e+00,-6.000000000000000000e+00,-6.000000000000000000e+00,0.000000000000000000e+00,-2.000000000000000000e+00,5.125732421875000000e-01,1.832275390625000000e-01,-8.388671875000000000e-01,8.544921875000000000e-03
0.000000000000000000e+00,-5.000000000000000000e+00,-1.000000000000000000e+00,-8.000000000000000000e+00,-5.000000000000000000e+00,-2.000000000000000000e+00,-3.000000000000000000e+00,-1.000000000000000000e+00,5.125732421875000000e-01,1.832275390625000000e-01,-8.388671875000000000e-01,8.544921875000000000e-03
-3.000000000000000000e+00,-6.000000000000000000e+00,-1.000000000000000000e+00,-2.000000000000000000e+00,6.000000000000000000e+00,3.000000000000000000e+00,0.000000000000000000e+00,-1.000000000000000000e+00,5.125732421875000000e-01,1.832275390625000000e-01,-8.388671875000000000e-01,8.544921875000000000e-03
0.000000000000000000e+00,1.000000000000000000e+00,-3.000000000000000000e+00,8.000000000000000000e+00,7.000000000000000000e+00,3.000000000000000000e+00,3.000000000000000000e+00,1.000000000000000000e+00,5.131835937500000000e-01,1.828002929687500000e-01,-8.385620117187500000e-01,8.056640625000000000e-03
1.000000000000000000e+00,2.000000000000000000e+00,3.000000000000000000e+00,1.000000000000000000e+00,-3.000000000000000000e+00,1.000000000000000000e+00,4.000000000000000000e+00,-3.000000000000000000e+00,5.131835937500000000e-01,1.828002929687500000e-01,-8.385620117187500000e-01,8.056640625000000000e-03
-4.000000000000000000e+00,-1.000000000000000000e+00,-4.000000000000000000e+00,-1.000000000000000000e+00,-4.000000000000000000e+00,-1.000000000000000000e+00,1.000000000000000000e+00,-2.000000000000000000e+00,5.131835937500000000e-01,1.828002929687500000e-01,-8.385620117187500000e-01,8.056640625000000000e-03
2.000000000000000000e+00,4.000000000000000000e+00,4.000000000000000000e+00,3.000000000000000000e+00,-2.000000000000000000e+00,-5.000000000000000000e+00,-7.000000000000000000e+00,-1.000000000000000000e+00,5.131835937500000000e-01,1.828002929687500000e-01,-8.385620117187500000e-01,8.056640625000000000e-03
1.000000000000000000e+01,8.000000000000000000e+00,0.000000000000000000e+00,-6.000000000000000000e+00,-3.000000000000000000e+00,-3.000000000000000000e+00,-1.200000000000000000e+01,4.000000000000000000e+00,5.139160156250000000e-01,1.824951171875000000e-01,-8.381347656250000000e-01,7.995605468750000000e-03
-1.500000000000000000e+01,-8.000000000000000000e+00,1.000000000000000000e+00,9.000000000000000000e+00,-4.000000000000000000e+00,-2.000000000000000000e+00,-8.000000000000000000e+00,-2.000000000000000000e+00,5.139160156250000000e-01,1.824951171875000000e-01,-8.381347656250000000e-01,7.995605468750000000e-03
-2.200000000000000000e+01,-1.100000000000000000e+01,-1.300000000000000000e+01,-3.400000000000000000e+01,-2.000000000000000000e+00,-1.000000000000000000e+00,0.000000000000000000e+00,-5.000000000000000000e+00,5.139160156250000000e-01,1.824951171875000000e-01,-8.381347656250000000e-01,7.995605468750000000e-03
1.000000000000000000e+00,-6.000000000000000000e+00,-9.000000000000000000e+00,1.000000000000000000e+01,1.000000000000000000e+00,0.000000000000000000e+00,1.000000000000000000e+00,-3.000000000000000000e+00,5.139160156250000000e-01,1.824951171875000000e-01,-8.381347656250000000e-01,7.995605468750000000e-03
4.000000000000000000e+00,2.000000000000000000e+00,1.000000000000000000e+00,-4.000000000000000000e+00,-2.000000000000000000e+00,-2.000000000000000000e+00,-2.000000000000000000e+00,-2.000000000000000000e+00,5.148315429687500000e-01,1.824340820312500000e-01,-8.375854492187500000e-01,8.361816406250000000e-03
8.000000000000000000e+00,4.000000000000000000e+00,-3.000000000000000000e+00,9.000000000000000000e+00,8.000000000000000000e+00,1.000000000000000000e+00,0.000000000000000000e+00,-2.000000000000000000e+00,5.148315429687500000e-01,1.824340820312500000e-01,-8.375854492187500000e-01,8.361816406250000000e-03
3.000000000000000000e+00,2.000000000000000000e+00,1.000000000000000000e+00,3.000000000000000000e+00,-1.000000000000000000e+00,-1.000000000000000000e+00,-2.000000000000000000e+00,0.000000000000000000e+00,5.148315429687500000e-01,1.824340820312500000e-01,-8.375854492187500000e-01,8.361816406250000000e-03
-2.000000000000000000e+00,-2.000000000000000000e+00,0.000000000000000000e+00,-5.000000000000000000e+00,-7.000000000000000000e+00,-3.000000000000000000e+00,-1.000000000000000000e+00,0.000000000000000000e+00,5.148315429687500000e-01,1.824340820312500000e-01,-8.375854492187500000e-01,8.361816406250000000e-03
-2.000000000000000000e+00,3.000000000000000000e+00,9.000000000000000000e+00,-5.000000000000000000e+00,-5.000000000000000000e+00,1.000000000000000000e+00,-2.000000000000000000e+00,0.000000000000000000e+00,5.159301757812500000e-01,1.819458007812500000e-01,-8.370361328125000000e-01,8.850097656250000000e-03
3.000000000000000000e+00,-1.000000000000000000e+00,-1.500000000000000000e+01,3.000000000000000000e+00,7.000000000000000000e+00,3.000000000000000000e+00,9.000000000000000000e+00,3.000000000000000000e+00,5.159301757812500000e-01,1.819458007812500000e-01,-8.370361328125000000e-01,8.850097656250000000e-03
-3.000000000000000000e+00,-5.000000000000000000e+00,-1.300000000000000000e+01,-1.000000000000000000e+00,-4.000000000000000000e+00,-4.000000000000000000e+00,-3.000000000000000000e+00,-3.000000000000000000e+00,5.159301757812500000e-01,1.819458007812500000e-01,-8.370361328125000000e-01,8.850097656250000000e-03
-3.000000000000000000e+00,-2.000000000000000000e+00,1.000000000000000000e+01,-3.000000000000000000e+00,-3.000000000000000000e+00,1.000000000000000000e+00,5.000000000000000000e+00,2.000000000000000000e+00,5.159301757812500000e-01,1.819458007812500000e-01,-8.370361328125000000e-01,8.850097656250000000e-03
6.000000000000000000e+00,-8.000000000000000000e+00,-3.300000000000000000e+01,1.000000000000000000e+00,-3.000000000000000000e+00,-1.000000000000000000e+00,-1.000000000000000000e+00,-2.000000000000000000e+00,5.170288085937500000e-01,1.810302734375000000e-01,-8.365478515625000000e-01,9.277343750000000000e-03
-1.000000000000000000e+00,-1.000000000000000000e+00,-3.000000000000000000e+00,-7.000000000000000000e+00,4.000000000000000000e+00,0.000000000000000000e+00,-1.000000000000000000e+00,-2.000000000000000000e+00,5.170288085937500000e-01,1.810302734375000000e-01,-8.365478515625000000e-01,9.277343750000000000e-03
0.000000000000000000e+00,-2.000000000000000000e+00,-1.000000000000000000e+00,8.000000000000000000e+00,-1.000000000000000000e+00,-2.000000000000000000e+00,-4.000000000000000000e+00,-3.000000000000000000e+00,5.170288085937500000e-01,1.810302734375000000e-01,-8.365478515625000000e-01,9.277343750000000000e-03
3.000000000000000000e+00,2.000000000000000000e+00,-4.000000000000000000e+00,-1.100000000000000000e+01,-1.100000000000000000e+01,-3.000000000000000000e+00,2.000000000000000000e+00,-1.000000000000000000e+00,5.170288085937500000e-01,1.810302734375000000e-01,-8.365478515625000000e-01,9.277343750000000000e-03
-5.000000000000000000e+00,3.000000000000000000e+00,9.000000000000000000e+00,-8.000000000000000000e+00,-1.000000000000000000e+00,0.000000000000000000e+00,1.000000000000000000e+00,1.000000000000000000e+00,5.180053710937500000e-01,1.801757812500000000e-01,-8.361816406250000000e-01,9.826660156250000000e-03
1.000000000000000000e+00,-2.000000000000000000e+00,-1.000000000000000000e+00,1.000000000000000000e+01,6.000000000000000000e+00,0.000000000000000000e+00,-9.000000000000000000e+00,0.000000000000000000e+00,5.180053710937500000e-01,1.801757812500000000e-01,-8.361816406250000000e-01,9.826660156250000000e-03
5.000000000000000000e+00,7.000000000000000000e+00,-1.000000000000000000e+00,-7.000000000000000000e+00,1.000000000000000000e+00,5.000000000000000000e+00,1.200000000000000000e+01,-1.000000000000000000e+00,5.180053710937500000e-01,1.801757812500000000e-01,-8.361816406250000000e-01,9.826660156250000000e-03
-3.000000000000000000e+00,-4.000000000000000000e+00,1.300000000000000000e+01,1.500000000000000000e+01,6.000000000000000000e+00,2.000000000000000000e+00,1.000000000000000000e+01,-1.000000000000000000e+00,5.180053710937500000e-01,1.801757812500000000e-01,-8.361816406250000000e-01,9.826660156250000000e-03
-4.000000000000000000e+00,-2.000000000000000000e+00,-2.000000000000000000e+00,-3.000000000000000000e+00,-3.000000000000000000e+00,-2.000000000000000000e+00,2.000000000000000000e+00,2.000000000000000000e+00,5.187988281250000000e-01,1.795654296875000000e-01,-8.357543945312500000e-01,1.013183593750000000e-02
9.000000000000000000e+00,0.000000000000000000e+00,-8.000000000000000000e+00,-9.000000000000000000e+00,-1.000000000000000000e+01,-7.000000000000000000e+00,-3.000000000000000000e+00,-2.000000000000000000e+00,5.187988281250000000e-01,1.795654296875000000e-01,-8.357543945312500000e-01,1.013183593750000000e-02
-9.000000000000000000e+00,-3.000000000000000000e+00,5.000000000000000000e+00,-3.000000000000000000e+00,-7.000000000000000000e+00,-4.000000000000000000e+00,-7.000000000000000000e+00,-1.000000000000000000e+00,5.187988281250000000e-01,1.795654296875000000e-01,-8.357543945312500000e-01,1.013183593750000000e-02
4.000000000000000000e+00,-3.000000000000000000e+00,1.000000000000000000e+00,-5.000000000000000000e+00,-1.000000000000000000e+00,-2.000000000000000000e+00,-1.000000000000000000e+00,-2.000000000000000000e+00,5.187988281250000000e-01,1.795654296875000000e-01,-8.357543945312500000e-01,1.013183593750000000e-02
3.000000000000000000e+00,0.000000000000000000e+00,-3.000000000000000000e+00,-1.000000000000000000e+00,6.000000000000000000e+00,3.000000000000000000e+00,1.000000000000000000e+00,-1.000000000000000000e+00,5.193481445312500000e-01,1.797485351562500000e-01,-8.353881835937500000e-01,1.043701171875000000e-02
-2.000000000000000000e+00,0.000000000000000000e+00,-3.000000000000000000e+00,-2.000000000000000000e+00,-6.000000000000000000e+00,-4.000000000000000000e+00,-1.000000000000000000e+00,-1.000000000000000000e+00,5.193481445312500000e-01,1.797485351562500000e-01,-8.353881835937500000e-01,1.043701171875000000e-02
4.000000000000000000e+00,3.000000000000000000e+00,3.000000000000000000e+00,9.000000000000000000e+00,3.000000000000000000e+00,2.000000000000000000e+00,-2.000000000000000000e+00,1.000000000000000000e+00,5.193481445312500000e-01,1.797485351562500000e-01,-8.353881835937500000e-01,1.043701171875000000e-02
1.000000000000000000e+00,0.000000000000000000e+00,-9.000000000000000000e+00,-7.000000000000000000e+00,-1.000000000000000000e+00,0.000000000000000000e+00,-2.000000000000000000e+00,1.000000000000000000e+00,5.193481445312500000e-01,1.797485351562500000e-01,-8.353881835937500000e-01,1.043701171875000000e-02
-3.000000000000000000e+00,-2.000000000000000000e+00,1.000000000000000000e+00,1.000000000000000000e+00,-4.000000000000000000e+00,-4.000000000000000000e+00,-2.000000000000000000e+00,-2.000000000000000000e+00,5.198364257812500000e-01,1.805419921875000000e-01,-8.348999023437500000e-01,1.080322265625000000e-02
0.000000000000000000e+00,5.000000000000000000e+00,-4.000000000000000000e+00,-1.000000000000000000e+00,-3.000000000000000000e+00,-1.000000000000000000e+00,-1.000000000000000000e+00,-3.000000000000000000e+00,5.198364257812500000e-01,1.805419921875000000e-01,-8.348999023437500000e-01,1.080322265625000000e-02
-2.000000000000000000e+00,-6.000000000000000000e+00,-4.000000000000000000e+00,-1.000000000000000000e+00,4.000000000000000000e+00,3.000000000000000000e+00,5.000000000000000000e+00,0.000000000000000000e+00,5.198364257812500000e-01,1.805419921875000000e-01,-8.348999023437500000e-01,1.080322265625000000e-02
-2.000000000000000000e+00,-1.000000000000000000e+00,6.000000000000000000e+00,0.000000000000000000e+00,-2.000000000000000000e+00,-2.000000000000000000e+00,-4.000000000000000000e+00,4.000000000000000000e+00,5.198364257812500000e-01,1.805419921875000000e-01,-8.348999023437500000e-01,1.080322265625000000e-02
-4.000000000000000000e+00,-4.000000000000000000e+00,2.000000000000000000e+00,5.000000000000000000e+00,-1.000000000000000000e+00,-4.000000000000000000e+00,-9.000000000000000000e+00,-2.000000000000000000e+00,5.199584960937500000e-01,1.813354492187500000e-01,-8.346557617187500000e-01,1.123046875000000000e-02
-1.000000000000000000e+00,0.000000000000000000e+00,1.200000000000000000e+01,-2.000000000000000000e+01,-4.000000000000000000e+00,0.000000000000000000e+00,5.000000000000000000e+00,1.000000000000000000e+00,5.199584960937500000e-01,1.813354492187500000e-01,-8.346557617187500000e-01,1.123046875000000000e-02
-2.000000000000000000e+00,-1.000000000000000000e+00,5.000000000000000000e+00,1.100000000000000000e+01,-1.400000000000000000e+01,-5.000000000000000000e+00,-4.000000000000000000e+00,0.000000000000000000e+00,5.199584960937500000e-01,1.813354492187500000e-01,-8.346557617187500000e-01,1.123046875000000000e-02
0.000000000000000000e+00,-2.000000000000000000e+00,-9.000000000000000000e+00,-2.000000000000000000e+00,1.800000000000000000e+01,4.000000000000000000e+00,1.000000000000000000e+00,-1.000000000000000000e+00,5.199584960937500000e-01,1.813354492187500000e-01,-8.346557617187500000e-01,1.123046875000000000e-02
0.000000000000000000e+00,6.000000000000000000e+00,-4.000000000000000000e+00,4.000000000000000000e+00,2.000000000000000000e+00,-4.000000000000000000e+00,-1.000000000000000000e+01,-1.000000000000000000e+00,5.201416015625000000e-01,1.824951171875000000e-01,-8.342895507812500000e-01,1.165771484375000000e-02
-3.000000000000000000e+00,-9.000000000000000000e+00,1.000000000000000000e+01,1.200000000000000000e+01,9.000000000000000000e+00,3.000000000000000000e+00,7.000000000000000000e+00,1.000000000000000000e+00,5.201416015625000000e-01,1.824951171875000000e-01,-8.342895507812500000e-01,1.165771484375000000e-02
8.000000000000000000e+00,1.000000000000000000e+00,1.800000000000000000e+01,-4.000000000000000000e+00,-3.000000000000000000e+00,2.000000000000000000e+00,-4.000000000000000000e+00,-2.000000000000000000e+00,5.201416015625000000e-01,1.824951171875000000e-01,-8.342895507812500000e-01,1.165771484375000000e-02
-9.000000000000000000e+00,-2.000000000000000000e+00,-3.000000000000000000e+00,-2.000000000000000000e+00,-4.000000000000000000e+00,-6.000000000000000000e+00,-6.000000000000000000e+00,0.000000000000000000e+00,5.201416015625000000e-01,1.824951171875000000e-01,-8.342895507812500000e-01,1.165771484375000000e-02
-1.400000000000000000e+01,-5.000000000000000000e+00,6.000000000000000000e+00,0.000000000000000000e+00,-5.000000000000000000e+00,-4.000000000000000000e+00,3.000000000000000000e+00,-5.000000000000000000e+00,5.202636718750000000e-01,1.836547851562500000e-01,-8.339233398437500000e-01,1.171875000000000000e-02
7.000000000000000000e+00,0.000000000000000000e+00,-7.000000000000000000e+00,0.000000000000000000e+00,-2.000000000000000000e+00,-3.000000000000000000e+00,-2.000000000000000000e+00,-2.000000000000000000e+00,5.202636718750000000e-01,1.836547851562500000e-01,-8.339233398437500000e-01,1.171875000000000000e-02
4.000000000000000000e+00,1.000000000000000000e+00,-4.000000000000000000e+00,-1.000000000000000000e+00,7.000000000000000000e+00,5.000000000000000000e+00,1.000000000000000000e+00,0.000000000000000000e+00,5.202636718750000000e-01,1.836547851562500000e-01,-8.339233398437500000e-01,1.171875000000000000e-02
-4.000000000000000000e+00,1.000000000000000000e+00,-8.000000000000000000e+00,-4.000000000000000000e+00,-5.000000000000000000e+00,1.000000000000000000e+00,2.000000000000000000e+00,-1.000000000000000000e+00,5.202636718750000000e-01,1.836547851562500000e-01,-8.339233398437500000e-01,1.171875000000000000e-02
0.000000000000000000e+00,0.000000000000000000e+00,-4.000000000000000000e+00,-2.000000000000000000e+00,3.000000000000000000e+00,2.000000000000000000e+00,4.000000000000000000e+00,0.000000000000000000e+00,5.205688476562500000e-01,1.840820312500000000e-01,-8.336791992187500000e-01,1.165771484375000000e-02
-6.000000000000000000e+00,1.000000000000000000e+00,6.000000000000000000e+00,-7.000000000000000000e+00,-1.300000000000000000e+01,-3.000000000000000000e+00,0.000000000000000000e+00,0.000000000000000000e+00,5.205688476562500000e-01,1.840820312500000000e-01,-8.336791992187500000e-01,1.165771484375000000e-02
1.000000000000000000e+00,-1.100000000000000000e+01,-4.000000000000000000e+00,-4.000000000000000000e+00,1.100000000000000000e+01,-1.000000000000000000e+00,-1.000000000000000000e+00,-1.000000000000000000e+00,5.205688476562500000e-01,1.840820312500000000e-01,-8.336791992187500000e-01,1.165771484375000000e-02
0.000000000000000000e+00,5.000000000000000000e+00,-7.000000000000000000e+00,3.000000000000000000e+00,-1.000000000000000000e+00,-4.000000000000000000e+00,-6.000000000000000000e+00,-3.000000000000000000e+00,5.205688476562500000e-01,1.840820312500000000e-01,-8.336791992187500000e-01,1.165771484375000000e-02
4.000000000000000000e+00,-5.000000000000000000e+00,-3.000000000000000000e+00,-3.000000000000000000e+00,-3.000000000000000000e+00,-1.000000000000000000e+00,3.000000000000000000e+00,1.000000000000000000e+00,5.208740234375000000e-01,1.840820312500000000e-01,-8.334350585937500000e-01,1.208496093750000000e-02
-8.000000000000000000e+00,-6.000000000000000000e+00,-1.200000000000000000e+01,-4.000000000000000000e+00,-2.000000000000000000e+00,-1.000000000000000000e+00,-5.000000000000000000e+00,-2.000000000000000000e+00,5.208740234375000000e-01,1.840820312500000000e-01,-8.334350585937500000e-01,1.208496093750000000e-02
-2.000000000000000000e+00,1.000000000000000000e+00,0.000000000000000000e+00,-3.000000000000000000e+00,-2.000000000000000000e+00,0.000000000000000000e+00,6.000000000000000000e+00,-3.000000000000000000e+00,5.208740234375000000e-01,1.840820312500000000e-01,-8.334350585937500000e-01,1.208496093750000000e-02
0.000000000000000000e+00,1.000000000000000000e+00,-2.000000000000000000e+00,3.000000000000000000e+00,-5.000000000000000000e+00,-1.000000000000000000e+00,-2.000000000000000000e+00,-3.000000000000000000e+00,5.208740234375000000e-01,1.840820312500000000e-01,-8.334350585937500000e-01,1.208496093750000000e-02
2.000000000000000000e+00,2.000000000000000000e+00,2.000000000000000000e+00,-1.700000000000000000e+01,0.000000000000000000e+00,2.000000000000000000e+00,0.000000000000000000e+00,-2.000000000000000000e+00,5.210571289062500000e-01,1.845703125000000000e-01,-8.331909179687500000e-01,1.336669921875000000e-02
5.000000000000000000e+00,6.000000000000000000e+00,2.000000000000000000e+00,1.800000000000000000e+01,6.000000000000000000e+00,-3.000000000000000000e+00,-5.000000000000000000e+00,1.000000000000000000e+00,5.210571289062500000e-01,1.845703125000000000e-01,-8.331909179687500000e-01,1.336669921875000000e-02
0.000000000000000000e+00,-1.000000000000000000e+00,-1.200000000000000000e+01,-7.000000000000000000e+00,1.000000000000000000e+00,1.000000000000000000e+00,3.000000000000000000e+00,2.000000000000000000e+00,5.210571289062500000e-01,1.845703125000000000e-01,-8.331909179687500000e-01,1.336669921875000000e-02
-6.000000000000000000e+00,-1.200000000000000000e+01,-1.800000000000000000e+01,-5.000000000000000000e+00,-5.000000000000000000e+00,-1.000000000000000000e+00,4.000000000000000000e+00,-1.000000000000000000e+00,5.210571289062500000e-01,1.845703125000000000e-01,-8.331909179687500000e-01,1.336669921875000000e-02
-4.000000000000000000e+00,0.000000000000000000e+00,2.000000000000000000e+01,6.000000000000000000e+00,5.000000000000000000e+00,1.000000000000000000e+00,4.000000000000000000e+00,-2.000000000000000000e+00,5.208740234375000000e-01,1.856079101562500000e-01,-8.330688476562500000e-01,1.464843750000000000e-02
-5.000000000000000000e+00,-5.000000000000000000e+00,-2.300000000000000000e+01,-1.500000000000000000e+01,-1.500000000000000000e+01,-7.000000000000000000e+00,-3.000000000000000000e+00,-2.000000000000000000e+00,5.208740234375000000e-01,1.856079101562500000e-01,-8.330688476562500000e-01,1.464843750000000000e-02
-1.000000000000000000e+00,2.000000000000000000e+00,7.000000000000000000e+00,8.000000000000000000e+00,7.000000000000000000e+00,-3.000000000000000000e+00,-4.000000000000000000e+00,-1.000000000000000000e+00,5.208740234375000000e-01,1.856079101562500000e-01,-8.330688476562500000e-01,1.464843750000000000e-02
7.000000000000000000e+00,6.000000000000000000e+00,6.000000000000000000e+00,1.100000000000000000e+01,-2.000000000000000000e+00,-1.000000000000000000e+00,-4.000000000000000000e+00,-3.000000000000000000e+00,5.208740234375000000e-01,1.856079101562500000e-01,-8.330688476562500000e-01,1.464843750000000000e-02
1.000000000000000000e+00,2.000000000000000000e+00,-1.000000000000000000e+01,-1.800000000000000000e+01,0.000000000000000000e+00,2.000000000000000000e+00,5.000000000000000000e+00,5.000000000000000000e+00,5.202026367187500000e-01,1.864013671875000000e-01,-8.333129882812500000e-01,1.513671875000000000e-02
-2.000000000000000000e+00,-1.000000000000000000e+00,-7.000000000000000000e+00,2.000000000000000000e+00,-3.000000000000000000e+00,0.000000000000000000e+00,2.000000000000000000e+00,1.000000000000000000e+00,5.202026367187500000e-01,1.864013671875000000e-01,-8.333129882812500000e-01,1.513671875000000000e-02
7.000000000000000000e+00,3.000000000000000000e+00,0.000000000000000000e+00,-7.000000000000000000e+00,-7.000000000000000000e+00,-7.000000000000000000e+00,-1.700000000000000000e+01,-4.000000000000000000e+00,5.202026367187500000e-01,1.864013671875000000e-01,-8.333129882812500000e-01,1.513671875000000000e-02
-1.300000000000000000e+01,-1.000000000000000000e+00,1.000000000000000000e+00,-3.000000000000000000e+00,-2.000000000000000000e+00,5.000000000000000000e+00,2.100000000000000000e+01,3.000000000000000000e+00,5.202026367187500000e-01,1.864013671875000000e-01,-8.333129882812500000e-01,1.513671875000000000e-02
-2.000000000000000000e+00,-4.000000000000000000e+00,3.000000000000000000e+00,6.000000000000000000e+00,0.000000000000000000e+00,-3.000000000000000000e+00,-6.000000000000000000e+00,-3.000000000000000000e+00,5.194702148437500000e-01,1.864624023437500000e-01,-8.337402343750000000e-01,1.507568359375000000e-02
-3.000000000000000000e+00,-2.000000000000000000e+00,-3.000000000000000000e+00,-1.000000000000000000e+00,-5.000000000000000000e+00,-1.000000000000000000e+00,-1.000000000000000000e+00,-5.000000000000000000e+00,5.194702148437500000e-01,1.864624023437500000e-01,-8.337402343750000000e-01,1.507568359375000000e-02
7.000000000000000000e+00,0.000000000000000000e+00,0.000000000000000000e+00,-3.000000000000000000e+00,-1.000000000000000000e+00,-2.000000000000000000e+00,-5.000000000000000000e+00,0.000000000000000000e+00,5.194702148437500000e-01,1.864624023437500000e-01,-8.337402343750000000e-01,1.507568359375000000e-02
5.000000000000000000e+00,-3.000000000000000000e+00,6.000000000000000000e+00,-4.000000000000000000e+00,2.000000000000000000e+00,0.000000000000000000e+00,-1.000000000000000000e+01,0.000000000000000000e+00,5.194702148437500000e-01,1.864624023437500000e-01,-8.337402343750000000e-01,1.507568359375000000e-02
1.000000000000000000e+00,8.000000000000000000e+00,3.000000000000000000e+00,2.000000000000000000e+00,-4.000000000000000000e+00,0.000000000000000000e+00,2.000000000000000000e+00,0.000000000000000000e+00,5.183105468750000000e-01,1.867675781250000000e-01,-8.344116210937500000e-01,1.538085937500000000e-02
0.000000000000000000e+00,-7.000000000000000000e+00,7.000000000000000000e+00,-5.000000000000000000e+00,1.000000000000000000e+00,-1.000000000000000000e+00,-6.000000000000000000e+00,1.000000000000000000e+00,5.183105468750000000e-01,1.867675781250000000e-01,-8.344116210937500000e-01,1.538085937500000000e-02
-5.000000000000000000e+00,1.000000000000000000e+00,0.000000000000000000e+00,4.000000000000000000e+00,-5.000000000000000000e+00,1.000000000000000000e+00,5.000000000000000000e+00,-1.000000000000000000e+00,5.183105468750000000e-01,1.867675781250000000e-01,-8.344116210937500000e-01,1.538085937500000000e-02
-2.000000000000000000e+00,-1.000000000000000000e+00,-1.000000000000000000e+00,-1.100000000000000000e+01,-4.000000000000000000e+00,-2.000000000000000000e+00,-1.000000000000000000e+01,-4.000000000000000000e+00,5.183105468750000000e-01,1.867675781250000000e-01,-8.344116210937500000e-01,1.538085937500000000e-02
1.000000000000000000e+00,2.000000000000000000e+00,-1.200000000000000000e+01,1.200000000000000000e+01,4.000000000000000000e+00,-2.000000000000000000e+00,5.000000000000000000e+00,-1.000000000000000000e+00,5.171508789062500000e-01,1.874389648437500000e-01,-8.349609375000000000e-01,1.593017578125000000e-02
0.000000000000000000e+00,2.000000000000000000e+00,2.100000000000000000e+01,1.000000000000000000e+00,-4.000000000000000000e+00,-2.000000000000000000e+00,-9.000000000000000000e+00,-2.000000000000000000e+00,5.171508789062500000e-01,1.874389648437500000e-01,-8.349609375000000000e-01,1.593017578125000000e-02
-8.000000000000000000e+00,-7.000000000000000000e+00,-1.000000000000000000e+01,-3.000000000000000000e+00,2.000000000000000000e+00,0.000000000000000000e+00,0.000000000000000000e+00,5.000000000000000000e+00,5.171508789062500000e-01,1.874389648437500000e-01,-8.349609375000000000e-01,1.593017578125000000e-02
3.000000000000000000e+00,-1.000000000000000000e+00,-4.000000000000000000e+00,0.000000000000000000e+00,-1.000000000000000000e+00,-1.000000000000000000e+00,-3.000000000000000000e+00,-2.000000000000000000e+00,5.171508789062500000e-01,1.874389648437500000e-01,-8.349609375000000000e-01,1.593017578125000000e-02
1.000000000000000000e+00,-4.000000000000000000e+00,-5.000000000000000000e+00,-4.000000000000000000e+00,-7.000000000000000000e+00,-3.000000000000000000e+00,-4.000000000000000000e+00,-1.000000000000000000e+00,5.160522460937500000e-01,1.886596679687500000e-01,-8.353881835937500000e-01,1.617431640625000000e-02
-2.000000000000000000e+00,1.000000000000000000e+00,6.000000000000000000e+00,0.000000000000000000e+00,1.000000000000000000e+00,0.000000000000000000e+00,3.000000000000000000e+00,0.000000000000000000e+00,5.160522460937500000e-01,1.886596679687500000e-01,-8.353881835937500000e-01,1.617431640625000000e-02
4.000000000000000000e+00,6.000000000000000000e+00,1.700000000000000000e+01,1.200000000000000000e+01,-5.000000000000000000e+00,-2.000000000000000000e+00,1.000000000000000000e+00,-1.000000000000000000e+00,5.160522460937500000e-01,1.886596679687500000e-01,-8.353881835937500000e-01,1.617431640625000000e-02
-3.000000000000000000e+00,-6.000000000000000000e+00,-3.400000000000000000e+01,-1.400000000000000000e+01,0.000000000000000000e+00,-3.000000000000000000e+00,-2.000000000000000000e+00,-2.000000000000000000e+00,5.160522460937500000e-01,1.886596679687500000e-01,-8.353881835937500000e-01,1.617431640625000000e-02
0.000000000000000000e+00,-3.000000000000000000e+00,-1.100000000000000000e+01,6.000000000000000000e+00,1.000000000000000000e+01,6.000000000000000000e+00,1.800000000000000000e+01,-4.000000000000000000e+00,5.151367187500000000e-01,1.896972656250000000e-01,-8.356933593750000000e-01,1.593017578125000000e-02
-5.000000000000000000e+00,-8.000000000000000000e+00,-4.000000000000000000e+00,-2.000000000000000000e+00,4.000000000000000000e+00,0.000000000000000000e+00,5.000000000000000000e+00,1.000000000000000000e+00,5.151367187500000000e-01,1.896972656250000000e-01,-8.356933593750000000e-01,1.593017578125000000e-02
-1.000000000000000000e+00,0.000000000000000000e+00,-2.000000000000000000e+00,-2.000000000000000000e+00,-1.000000000000000000e+00,1.000000000000000000e+00,2.000000000000000000e+00,-2.000000000000000000e+00,5.151367187500000000e-01,1.896972656250000000e-01,-8.356933593750000000e-01,1.593017578125000000e-02
-2.000000000000000000e+00,1.000000000000000000e+00,-1.000000000000000000e+00,-2.000000000000000000e+00,-1.100000000000000000e+01,-4.000000000000000000e+00,-7.000000000000000000e+00,1.000000000000000000e+00,5.151367187500000000e-01,1.896972656250000000e-01,-8.356933593750000000e-01,1.593017578125000000e-02
1.000000000000000000e+00,1.000000000000000000e+00,5.000000000000000000e+00,3.000000000000000000e+00,-3.000000000000000000e+00,-3.000000000000000000e+00,-1.000000000000000000e+01,-2.000000000000000000e+00,5.147094726562500000e-01,1.907348632812500000e-01,-8.357543945312500000e-01,1.513671875000000000e-02
-1.200000000000000000e+01,1.000000000000000000e+00,0.000000000000000000e+00,-2.000000000000000000e+00,2.000000000000000000e+00,3.000000000000000000e+00,1.000000000000000000e+01,0.000000000000000000e+00,5.147094726562500000e-01,1.907348632812500000e-01,-8.357543945312500000e-01,1.513671875000000000e-02
3.000000000000000000e+00,-6.000000000000000000e+00,-1.900000000000000000e+01,-1.000000000000000000e+01,-3.000000000000000000e+00,1.000000000000000000e+00,7.000000000000000000e+00,-1.000000000000000000e+00,5.147094726562500000e-01,1.907348632812500000e-01,-8.357543945312500000e-01,1.513671875000000000e-02
4.000000000000000000e+00,-3.000000000000000000e+00,-2.000000000000000000e+00,7.000000000000000000e+00,3.000000000000000000e+00,0.000000000000000000e+00,-1.000000000000000000e+00,-2.000000000000000000e+00,5.147094726562500000e-01,1.907348632812500000e-01,-8.357543945312500000e-01,1.513671875000000000e-02
-4.000000000000000000e+00,-2.000000000000000000e+00,0.000000000000000000e+00,-3.000000000000000000e+00,-4.000000000000000000e+00,-2.000000000000000000e+00,1.000000000000000000e+00,1.000000000000000000e+00,5.147094726562500000e-01,1.918945312500000000e-01,-8.355102539062500000e-01,1.428222656250000000e-02
2.000000000000000000e+00,-1.000000000000000000e+00,-2.000000000000000000e+00,-5.000000000000000000e+00,-2.000000000000000000e+00,0.000000000000000000e+00,-1.000000000000000000e+00,-1.000000000000000000e+00,5.147094726562500000e-01,1.918945312500000000e-01,-8.355102539062500000e-01,1.428222656250000000e-02
-1.000000000000000000e+00,1.000000000000000000e+00,5.000000000000000000e+00,-1.000000000000000000e+00,-5.000000000000000000e+00,-5.000000000000000000e+00,-1.000000000000000000e+01,-2.000000000000000000e+00,5.147094726562500000e-01,1.918945312500000000e-01,-8.355102539062500000e-01,1.428222656250000000e-02
-1.000000000000000000e+00,1.000000000000000000e+00,3.000000000000000000e+00,1.000000000000000000e+00,1.000000000000000000e+00,-2.000000000000000000e+00,3.000000000000000000e+00,0.000000000000000000e+00,5.147094726562500000e-01,1.918945312500000000e-01,-8.355102539062500000e-01,1.428222656250000000e-02
3.000000000000000000e+00,2.000000000000000000e+00,3.000000000000000000e+00,1.200000000000000000e+01,2.000000000000000000e+00,2.000000000000000000e+00,-9.000000000000000000e+00,-1.000000000000000000e+00,5.147705078125000000e-01,1.929931640625000000e-01,-8.352050781250000000e-01,1.373291015625000000e-02
5.000000000000000000e+00,0.000000000000000000e+00,-5.000000000000000000e+00,-1.300000000000000000e+01,0.000000000000000000e+00,2.000000000000000000e+00,7.000000000000000000e+00,3.000000000000000000e+00,5.147705078125000000e-01,1.929931640625000000e-01,-8.352050781250000000e-01,1.373291015625000000e-02
-1.200000000000000000e+01,-6.000000000000000000e+00,-4.000000000000000000e+00,-3.000000000000000000e+00,3.000000000000000000e+00,1.000000000000000000e+00,1.000000000000000000e+00,-2.000000000000000000e+00,5.147705078125000000e-01,1.929931640625000000e-01,-8.352050781250000000e-01,1.373291015625000000e-02
1.000000000000000000e+00,-1.000000000000000000e+00,4.000000000000000000e+00,-9.000000000000000000e+00,-7.000000000000000000e+00,-4.000000000000000000e+00,-5.000000000000000000e+00,-3.000000000000000000e+00,5.147705078125000000e-01,1.929931640625000000e-01,-8.352050781250000000e-01,1.373291015625000000e-02
-4.000000000000000000e+00,-8.000000000000000000e+00,-3.000000000000000000e+00,-1.000000000000000000e+00,-2.000000000000000000e+00,-3.000000000000000000e+00,6.000000000000000000e+00,-3.000000000000000000e+00,5.146484375000000000e-01,1.943359375000000000e-01,-8.350219726562500000e-01,1.361083984375000000e-02
4.000000000000000000e+00,5.000000000000000000e+00,1.400000000000000000e+01,8.000000000000000000e+00,-1.000000000000000000e+01,-2.000000000000000000e+00,-1.000000000000000000e+00,-4.000000000000000000e+00,5.146484375000000000e-01,1.943359375000000000e-01,-8.350219726562500000e-01,1.361083984375000000e-02
-2.000000000000000000e+00,1.000000000000000000e+00,-2.000000000000000000e+00,-2.000000000000000000e+00,6.000000000000000000e+00,1.000000000000000000e+00,-2.000000000000000000e+00,0.000000000000000000e+00,5.146484375000000000e-01,1.943359375000000000e-01,-8.350219726562500000e-01,1.361083984375000000e-02
0.000000000000000000e+00,6.000000000000000000e+00,7.000000000000000000e+00,7.000000000000000000e+00,6.000000000000000000e+00,6.000000000000000000e+00,9.000000000000000000e+00,2.000000000000000000e+00,5.146484375000000000e-01,1.943359375000000000e-01,-8.350219726562500000e-01,1.361083984375000000e-02
0.000000000000000000e+00,-6.000000000000000000e+00,-1.600000000000000000e+01,-1.300000000000000000e+01,-7.000000000000000000e+00,-2.000000000000000000e+00,-8.000000000000000000e+00,-2.000000000000000000e+00,5.142822265625000000e-01,1.958007812500000000e-01,-8.348999023437500000e-01,1.367187500000000000e-02
-5.000000000000000000e+00,-2.000000000000000000e+00,-6.000000000000000000e+00,0.000000000000000000e+00,-1.000000000000000000e+00,-4.000000000000000000e+00,-5.000000000000000000e+00,0.000000000000000000e+00,5.142822265625000000e-01,1.958007812500000000e-01,-8.348999023437500000e-01,1.367187500000000000e-02
0.000000000000000000e+00,-2.000000000000000000e+00,-3.000000000000000000e+00,5.000000000000000000e+00,-4.000000000000000000e+00,-6.000000000000000000e+00,-3.000000000000000000e+00,-3.000000000000000000e+00,5.142822265625000000e-01,1.958007812500000000e-01,-8.348999023437500000e-01,1.367187500000000000e-02
0.000000000000000000e+00,-1.000000000000000000e+00,5.000000000000000000e+00,-2.000000000000000000e+00,-9.000000000000000000e+00,-6.000000000000000000e+00,-1.700000000000000000e+01,-1.000000000000000000e+00,5.142822265625000000e-01,1.958007812500000000e-01,-8.348999023437500000e-01,1.367187500000000000e-02
-2.000000000000000000e+00,3.000000000000000000e+00,1.000000000000000000e+00,-1.000000000000000000e+00,0.000000000000000000e+00,2.000000000000000000e+00,-1.000000000000000000e+00,2.000000000000000000e+00,5.137329101562500000e-01,1.970214843750000000e-01,-8.348999023437500000e-01,1.361083984375000000e-02
6.000000000000000000e+00,-1.000000000000000000e+00,-4.000000000000000000e+00,-7.000000000000000000e+00,3.000000000000000000e+00,5.000000000000000000e+00,3.000000000000000000e+00,-3.000000000000000000e+00,5.137329101562500000e-01,1.970214843750000000e-01,-8.348999023437500000e-01,1.361083984375000000e-02
-8.000000000000000000e+00,5.000000000000000000e+00,1.200000000000000000e+01,2.500000000000000000e+01,6.000000000000000000e+00,0.000000000000000000e+00,0.000000000000000000e+00,0.000000000000000000e+00,5.137329101562500000e-01,1.970214843750000000e-01,-8.348999023437500000e-01,1.361083984375000000e-02
5.000000000000000000e+00,-3.000000000000000000e+00,-1.500000000000000000e+01,-2.100000000000000000e+01,1.000000000000000000e+00,0.000000000000000000e+00,-2.000000000000000000e+00,-1.000000000000000000e+00,5.137329101562500000e-01,1.970214843750000000e-01,-8.348999023437500000e-01,1.361083984375000000e-02
-1.600000000000000000e+01,-7.000000000000000000e+00,1.200000000000000000e+01,1.000000000000000000e+00,-1.100000000000000000e+01,-4.000000000000000000e+00,-3.000000000000000000e+00,-1.000000000000000000e+00,5.130004882812500000e-01,1.977539062500000000e-01,-8.352050781250000000e-01,1.330566406250000000e-02
-1.000000000000000000e+00,-6.000000000000000000e+00,-1.100000000000000000e+01,1.000000000000000000e+00,4.000000000000000000e+00,-2.000000000000000000e+00,-1.100000000000000000e+01,-2.000000000000000000e+00,5.130004882812500000e-01,1.977539062500000000e-01,-8.352050781250000000e-01,1.330566406250000000e-02
-3.000000000000000000e+00,-2.000000000000000000e+00,1.000000000000000000e+00,-2.700000000000000000e+01,-1.100000000000000000e+01,-4.000000000000000000e+00,8.000000000000000000e+00,6.000000000000000000e+00,5.130004882812500000e-01,1.977539062500000000e-01,-8.352050781250000000e-01,1.330566406250000000e-02
5.000000000000000000e+00,5.000000000000000000e+00,9.000000000000000000e+00,2.400000000000000000e+01,1.000000000000000000e+01,5.000000000000000000e+00,5.000000000000000000e+00,2.000000000000000000e+00,5.130004882812500000e-01,1.977539062500000000e-01,-8.352050781250000000e-01,1.330566406250000000e-02
2.000000000000000000e+00,0.000000000000000000e+00,-6.000000000000000000e+00,-3.000000000000000000e+00,-5.000000000000000000e+00,-5.000000000000000000e+00,-1.100000000000000000e+01,-2.000000000000000000e+00,5.119628906250000000e-01,1.984863281250000000e-01,-8.356323242187500000e-01,1.300048828125000000e-02
-2.000000000000000000e+00,-3.000000000000000000e+00,4.000000000000000000e+00,3.000000000000000000e+00,2.000000000000000000e+00,4.000000000000000000e+00,1.000000000000000000e+01,0.000000000000000000e+00,5.119628906250000000e-01,1.984863281250000000e-01,-8.356323242187500000e-01,1.300048828125000000e-02
-3.000000000000000000e+00,1.000000000000000000e+00,-1.200000000000000000e+01,4.000000000000000000e+00,0.000000000000000000e+00,-1.000000000000000000e+00,-1.000000000000000000e+00,-4.000000000000000000e+00,5.119628906250000000e-01,1.984863281250000000e-01,-8.356323242187500000e-01,1.300048828125000000e-02
2.000000000000000000e+00,-2.000000000000000000e+00,-4.000000000000000000e+00,-3.000000000000000000e+00,-4.000000000000000000e+00,-2.000000000000000000e+00,-3.000000000000000000e+00,-1.000000000000000000e+00,5.119628906250000000e-01,1.984863281250000000e-01,-8.356323242187500000e-01,1.300048828125000000e-02
3.000000000000000000e+00,-5.000000000000000000e+00,1.400000000000000000e+01,-1.100000000000000000e+01,-5.000000000000000000e+00,-3.000000000000000000e+00,-1.000000000000000000e+00,3.000000000000000000e+00,5.108642578125000000e-01,1.990356445312500000e-01,-8.362426757812500000e-01,1.275634765625000000e-02
-9.000000000000000000e+00,4.000000000000000000e+00,8.000000000000000000e+00,9.000000000000000000e+00,2.000000000000000000e+00,-4.000000000000000000e+00,-6.000000000000000000e+00,-3.000000000000000000e+00,5.108642578125000000e-01,1.990356445312500000e-01,-8.362426757812500000e-01,1.275634765625000000e-02
-4.000000000000000000e+00,-3.000000000000000000e+00,-5.000000000000000000e+00,-4.000000000000000000e+00,2.000000000000000000e+00,3.000000000000000000e+00,-2.000000000000000000e+00,0.000000000000000000e+00,5.108642578125000000e-01,1.990356445312500000e-01,-8.362426757812500000e-01,1.275634765625000000e-02
-3.000000000000000000e+00,-4.000000000000000000e+00,-3.000000000000000000e+00,-6.000000000000000000e+00,-5.000000000000000000e+00,1.000000000000000000e+00,6.000000000000000000e+00,-3.000000000000000000e+00,5.108642578125000000e-01,1.990356445312500000e-01,-8.362426757812500000e-01,1.275634765625000000e-02
-3.000000000000000000e+00,-1.000000000000000000e+00,-2.000000000000000000e+00,4.000000000000000000e+00,2.000000000000000000e+00,0.000000000000000000e+00,-5.000000000000000000e+00,-2.000000000000000000e+00,5.095825195312500000e-01,1.995239257812500000e-01,-8.368530273437500000e-01,1.245117187500000000e-02
4.000000000000000000e+00,0.000000000000000000e+00,-6.000000000000000000e+00,-6.000000000000000000e+00,-7.000000000000000000e+00,-4.000000000000000000e+00,-3.000000000000000000e+00,-2.000000000000000000e+00,5.095825195312500000e-01,1.995239257812500000e-01,-8.368530273437500000e-01,1.245117187500000000e-02
3.000000000000000000e+00,3.000000000000000000e+00,7.000000000000000000e+00,3.000000000000000000e+00,-1.000000000000000000e+01,-4.000000000000000000e+00,-7.000000000000000000e+00,-7.000000000000000000e+00,5.095825195312500000e-01,1.995239257812500000e-01,-8.368530273437500000e-01,1.245117187500000000e-02
-4.000000000000000000e+00,0.000000000000000000e+00,2.000000000000000000e+00,1.000000000000000000e+00,1.900000000000000000e+01,6.000000000000000000e+00,6.000000000000000000e+00,3.000000000000000000e+00,5.095825195312500000e-01,1.995239257812500000e-01,-8.368530273437500000e-01,1.245117187500000000e-02
0.000000000000000000e+00,-2.000000000000000000e+00,-1.000000000000000000e+00,0.000000000000000000e+00,1.000000000000000000e+00,6.000000000000000000e+00,6.000000000000000000e+00,0.000000000000000000e+00,5.082397460937500000e-01,1.994628906250000000e-01,-8.377075195312500000e-01,1.190185546875000000e-02
-3.000000000000000000e+00,-5.000000000000000000e+00,-4.000000000000000000e+00,1.000000000000000000e+00,1.000000000000000000e+00,-2.000000000000000000e+00,-2.000000000000000000e+00,-2.000000000000000000e+00,5.082397460937500000e-01,1.994628906250000000e-01,-8.377075195312500000e-01,1.190185546875000000e-02
5.000000000000000000e+00,-1.000000000000000000e+00,-1.600000000000000000e+01,-1.200000000000000000e+01,-6.000000000000000000e+00,-6.000000000000000000e+00,-8.000000000000000000e+00,-1.000000000000000000e+00,5.082397460937500000e-01,1.994628906250000000e-01,-8.377075195312500000e-01,1.190185546875000000e-02
-7.000000000000000000e+00,1.000000000000000000e+00,-3.000000000000000000e+00,6.000000000000000000e+00,-9.000000000000000000e+00,-6.000000000000000000e+00,-3.000000000000000000e+00,-3.000000000000000000e+00,5.082397460937500000e-01,1.994628906250000000e-01,-8.377075195312500000e-01,1.190185546875000000e-02
2.000000000000000000e+00,1.000000000000000000e+00,-1.000000000000000000e+00,6.000000000000000000e+00,-4.000000000000000000e+00,-2.000000000000000000e+00,2.000000000000000000e+00,-3.000000000000000000e+00,5.073852539062500000e-01,1.994018554687500000e-01,-8.382568359375000000e-01,1.123046875000000000e-02
-2.000000000000000000e+00,0.000000000000000000e+00,0.000000000000000000e+00,-1.500000000000000000e+01,8.000000000000000000e+00,3.000000000000000000e+00,-1.000000000000000000e+00,0.000000000000000000e+00,5.073852539062500000e-01,1.994018554687500000e-01,-8.382568359375000000e-01,1.123046875000000000e-02
0.000000000000000000e+00,-1.000000000000000000e+00,2.000000000000000000e+00,1.700000000000000000e+01,3.000000000000000000e+00,1.000000000000000000e+00,-2.000000000000000000e+00,-2.000000000000000000e+00,5.073852539062500000e-01,1.994018554687500000e-01,-8.382568359375000000e-01,1.123046875000000000e-02
-1.000000000000000000e+00,0.000000000000000000e+00,0.000000000000000000e+00,-3.000000000000000000e+00,-3.000000000000000000e+00,-4.000000000000000000e+00,-5.000000000000000000e+00,-1.000000000000000000e+00,5.073852539062500000e-01,1.994018554687500000e-01,-8.382568359375000000e-01,1.123046875000000000e-02
-2.000000000000000000e+00,2.000000000000000000e+00,-3.000000000000000000e+00,3.000000000000000000e+00,5.000000000000000000e+00,4.000000000000000000e+00,2.100000000000000000e+01,1.000000000000000000e+00,5.070800781250000000e-01,1.987304687500000000e-01,-8.386230468750000000e-01,1.037597656250000000e-02
6.000000000000000000e+00,8.000000000000000000e+00,6.000000000000000000e+00,-2.000000000000000000e+00,-3.000000000000000000e+00,2.000000000000000000e+00,-2.000000000000000000e+00,-2.000000000000000000e+00,5.070800781250000000e-01,1.987304687500000000e-01,-8.386230468750000000e-01,1.037597656250000000e-02
-1.000000000000000000e+00,-1.500000000000000000e+01,-1.200000000000000000e+01,1.000000000000000000e+00,3.000000000000000000e+00,-2.000000000000000000e+00,-2.000000000000000000e+00,-1.000000000000000000e+00,5.070800781250000000e-01,1.987304687500000000e-01,-8.386230468750000000e-01,1.037597656250000000e-02
-8.000000000000000000e+00,-9.000000000000000000e+00,-9.000000000000000000e+00,-4.000000000000000000e+00,-9.000000000000000000e+00,0.000000000000000000e+00,-1.000000000000000000e+00,-1.000000000000000000e+00,5.070800781250000000e-01,1.987304687500000000e-01,-8.386230468750000000e-01,1.037597656250000000e-02
0.000000000000000000e+00,-4.000000000000000000e+00,-9.000000000000000000e+00,-6.000000000000000000e+00,-2.000000000000000000e+00,-2.000000000000000000e+00,-1.100000000000000000e+01,-3.000000000000000000e+00,5.072631835937500000e-01,1.979980468750000000e-01,-8.386840820312500000e-01,9.704589843750000000e-03
0.000000000000000000e+00,-1.000000000000000000e+00,-2.000000000000000000e+00,6.000000000000000000e+00,-1.000000000000000000e+00,-2.000000000000000000e+00,-2.000000000000000000e+00,1.000000000000000000e+00,5.072631835937500000e-01,1.979980468750000000e-01,-8.386840820312500000e-01,9.704589843750000000e-03
6.000000000000000000e+00,7.000000000000000000e+00,6.000000000000000000e+00,-1.000000000000000000e+00,5.000000000000000000e+00,0.000000000000000000e+00,3.000000000000000000e+00,2.000000000000000000e+00,5.072631835937500000e-01,1.979980468750000000e-01,-8.386840820312500000e-01,9.704589843750000000e-03
1.000000000000000000e+00,-3.000000000000000000e+00,5.000000000000000000e+00,-5.000000000000000000e+00,-8.000000000000000000e+00,-5.000000000000000000e+00,-1.000000000000000000e+00,-3.000000000000000000e+00,5.072631835937500000e-01,1.979980468750000000e-01,-8.386840820312500000e-01,9.704589843750000000e-03
-2.000000000000000000e+00,-1.000000000000000000e+00,0.000000000000000000e+00,2.000000000000000000e+00,-4.000000000000000000e+00,-1.000000000000000000e+00,-5.000000000000000000e+00,-2.000000000000000000e+00,5.079956054687500000e-01,1.974487304687500000e-01,-8.383789062500000000e-01,8.972167968750000000e-03
1.000000000000000000e+00,0.000000000000000000e+00,-7.000000000000000000e+00,7.000000000000000000e+00,9.000000000000000000e+00,3.000000000000000000e+00,0.000000000000000000e+00,-2.000000000000000000e+00,5.079956054687500000e-01,1.974487304687500000e-01,-8.383789062500000000e-01,8.972167968750000000e-03
-2.000000000000000000e+00,1.000000000000000000e+00,3.000000000000000000e+00,-1.300000000000000000e+01,-5.000000000000000000e+00,0.000000000000000000e+00,-4.000000000000000000e+00,-2.000000000000000000e+00,5.079956054687500000e-01,1.974487304687500000e-01,-8.383789062500000000e-01,8.972167968750000000e-03
-1.000000000000000000e+00,-3.000000000000000000e+00,-2.000000000000000000e+00,0.000000000000000000e+00,-3.000000000000000000e+00,1.000000000000000000e+00,2.000000000000000000e+00,-5.000000000000000000e+00,5.079956054687500000e-01,1.974487304687500000e-01,-8.383789062500000000e-01,8.972167968750000000e-03
2.000000000000000000e+00,3.000000000000000000e+00,2.000000000000000000e+00,-2.000000000000000000e+00,-1.000000000000000000e+00,-4.000000000000000000e+00,-1.000000000000000000e+00,2.000000000000000000e+00,5.087890625000000000e-01,1.965942382812500000e-01,-8.381347656250000000e-01,8.056640625000000000e-03
1.000000000000000000e+00,4.000000000000000000e+00,0.000000000000000000e+00,-8.000000000000000000e+00,-1.000000000000000000e+01,-2.000000000000000000e+00,2.000000000000000000e+00,1.000000000000000000e+00,5.087890625000000000e-01,1.965942382812500000e-01,-8.381347656250000000e-01,8.056640625000000000e-03
-8.000000000000000000e+00,-1.100000000000000000e+01,0.000000000000000000e+00,2.300000000000000000e+01,2.000000000000000000e+01,6.000000000000000000e+00,2.200000000000000000e+01,0.000000000000000000e+00,5.087890625000000000e-01,1.965942382812500000e-01,-8.381347656250000000e-01,8.056640625000000000e-03
-3.000000000000000000e+00,-2.000000000000000000e+00,7.000000000000000000e+00,-4.000000000000000000e+00,-3.000000000000000000e+00,-3.000000000000000000e+00,-8.000000000000000000e+00,-3.000000000000000000e+00,5.087890625000000000e-01,1.965942382812500000e-01,-8.381347656250000000e-01,8.056640625000000000e-03
-2.000000000000000000e+00,-3.000000000000000000e+00,1.000000000000000000e+00,-1.000000000000000000e+00,-4.000000000000000000e+00,-2.000000000000000000e+00,-2.000000000000000000e+00,-4.000000000000000000e+00,5.094604492187500000e-01,1.958007812500000000e-01,-8.378906250000000000e-01,6.835937500000000000e-03
-2.000000000000000000e+00,-4.000000000000000000e+00,-2.000000000000000000e+00,0.000000000000000000e+00,4.000000000000000000e+00,-2.000000000000000000e+00,-1.000000000000000000e+00,-2.000000000000000000e+00,5.094604492187500000e-01,1.958007812500000000e-01,-8.378906250000000000e-01,6.835937500000000000e-03
0.000000000000000000e+00,2.000000000000000000e+00,0.000000000000000000e+00,-1.300000000000000000e+01,-1.000000000000000000e+01,-2.000000000000000000e+00,-6.000000000000000000e+00,-1.000000000000000000e+00,5.094604492187500000e-01,1.958007812500000000e-01,-8.378906250000000000e-01,6.835937500000000000e-03
4.000000000000000000e+00,6.000000000000000000e+00,-4.000000000000000000e+00,4.000000000000000000e+00,0.000000000000000000e+00,2.000000000000000000e+00,2.000000000000000000e+00,1.000000000000000000e+00,5.094604492187500000e-01,1.958007812500000000e-01,-8.378906250000000000e-01,6.835937500000000000e-03
2.000000000000000000e+00,1.000000000000000000e+00,3.000000000000000000e+00,4.000000000000000000e+00,1.100000000000000000e+01,4.000000000000000000e+00,-2.000000000000000000e+00,-1.000000000000000000e+00,5.101318359375000000e-01,1.949462890625000000e-01,-8.377075195312500000e-01,5.493164062500000000e-03
-2.000000000000000000e+00,-2.000000000000000000e+00,-1.000000000000000000e+00,5.000000000000000000e+00,-4.000000000000000000e+00,-3.000000000000000000e+00,-5.000000000000000000e+00,1.000000000000000000e+00,5.101318359375000000e-01,1.949462890625000000e-01,-8.377075195312500000e-01,5.493164062500000000e-03
-6.000000000000000000e+00,2.000000000000000000e+00,-2.000000000000000000e+00,6.000000000000000000e+00,3.000000000000000000e+00,0.000000000000000000e+00,-1.000000000000000000e+00,0.000000000000000000e+00,5.101318359375000000e-01,1.949462890625000000e-01,-8.377075195312500000e-01,5.493164062500000000e-03
-3.000000000000000000e+00,-6.000000000000000000e+00,3.000000000000000000e+00,-4.000000000000000000e+00,-9.000000000000000000e+00,-8.000000000000000000e+00,-2.000000000000000000e+00,-1.000000000000000000e+00,5.101318359375000000e-01,1.949462890625000000e-01,-8.377075195312500000e-01,5.493164062500000000e-03
0.000000000000000000e+00,-9.000000000000000000e+00,-2.100000000000000000e+01,-1.900000000000000000e+01,-6.000000000000000000e+00,-4.000000000000000000e+00,4.000000000000000000e+00,0.000000000000000000e+00,5.108032226562500000e-01,1.937866210937500000e-01,-8.375854492187500000e-01,4.211425781250000000e-03
1.000000000000000000e+00,-4.000000000000000000e+00,9.000000000000000000e+00,7.000000000000000000e+00,4.000000000000000000e+00,3.000000000000000000e+00,-1.000000000000000000e+00,-4.000000000000000000e+00,5.108032226562500000e-01,1.937866210937500000e-01,-8.375854492187500000e-01,4.211425781250000000e-03
7.000000000000000000e+00,1.000000000000000000e+00,-7.000000000000000000e+00,-5.000000000000000000e+00,-4.000000000000000000e+00,0.000000000000000000e+00,-3.000000000000000000e+00,0.000000000000000000e+00,5.108032226562500000e-01,1.937866210937500000e-01,-8.375854492187500000e-01,4.211425781250000000e-03
-3.000000000000000000e+00,1.000000000000000000e+00,2.000000000000000000e+00,3.000000000000000000e+00,6.000000000000000000e+00,1.000000000000000000e+00,4.000000000000000000e+00,-1.000000000000000000e+00,5.108032226562500000e-01,1.937866210937500000e-01,-8.375854492187500000e-01,4.211425781250000000e-03
-2.000000000000000000e+00,4.000000000000000000e+00,3.000000000000000000e+00,-3.000000000000000000e+00,-9.000000000000000000e+00,-7.000000000000000000e+00,-6.000000000000000000e+00,-2.000000000000000000e+00,5.114135742187500000e-01,1.927490234375000000e-01,-8.374633789062500000e-01,2.685546875000000000e-03
-3.000000000000000000e+00,-2.000000000000000000e+00,-4.000000000000000000e+00,-1.800000000000000000e+01,-1.200000000000000000e+01,-4.000000000000000000e+00,-2.000000000000000000e+00,2.000000000000000000e+00,5.114135742187500000e-01,1.927490234375000000e-01,-8.374633789062500000e-01,2.685546875000000000e-03
3.000000000000000000e+00,4.000000000000000000e+00,1.100000000000000000e+01,7.000000000000000000e+00,8.000000000000000000e+00,6.000000000000000000e+00,8.000000000000000000e+00,0.000000000000000000e+00,5.114135742187500000e-01,1.927490234375000000e-01,-8.374633789062500000e-01,2.685546875000000000e-03
6.000000000000000000e+00,-1.000000000000000000e+00,-1.200000000000000000e+01,-3.000000000000000000e+00,5.000000000000000000e+00,-4.000000000000000000e+00,-1.600000000000000000e+01,-1.000000000000000000e+00,5.114135742187500000e-01,1.927490234375000000e-01,-8.374633789062500000e-01,2.685546875000000000e-03
-7.000000000000000000e+00,2.000000000000000000e+00,1.000000000000000000e+01,6.000000000000000000e+00,5.000000000000000000e+00,4.000000000000000000e+00,4.000000000000000000e+00,0.000000000000000000e+00,5.119018554687500000e-01,1.912841796875000000e-01,-8.374633789062500000e-01,5.493164062500000000e-04
-6.000000000000000000e+00,-1.100000000000000000e+01,-2.000000000000000000e+00,-5.000000000000000000e+00,-7.000000000000000000e+00,-2.000000000000000000e+00,2.000000000000000000e+00,-1.000000000000000000e+00,5.119018554687500000e-01,1.912841796875000000e-01,-8.374633789062500000e-01,5.493164062500000000e-04
0.000000000000000000e+00,-4.000000000000000000e+00,-8.000000000000000000e+00,-1.500000000000000000e+01,-1.100000000000000000e+01,-4.000000000000000000e+00,-1.300000000000000000e+01,-9.000000000000000000e+00,5.119018554687500000e-01,1.912841796875000000e-01,-8.374633789062500000e-01,5.493164062500000000e-04
2.000000000000000000e+00,0.000000000000000000e+00,1.100000000000000000e+01,0.000000000000000000e+00,0.000000000000000000e+00,0.000000000000000000e+00,1.000000000000000000e+00,4.000000000000000000e+00,5.119018554687500000e-01,1.912841796875000000e-01,-8.374633789062500000e-01,5.493164062500000000e-04
1.000000000000000000e+00,0.000000000000000000e+00,3.000000000000000000e+00,4.000000000000000000e+00,0.000000000000000000e+00,-3.000000000000000000e+00,-7.000000000000000000e+00,-1.000000000000000000e+00,5.123291015625000000e-01,1.896362304687500000e-01,-8.375854492187500000e-01,-1.586914062500000000e-03
-1.000000000000000000e+00,1.000000000000000000e+00,-3.000000000000000000e+00,0.000000000000000000e+00,-5.000000000000000000e+00,-7.000000000000000000e+00,1.000000000000000000e+00,-1.000000000000000000e+00,5.123291015625000000e-01,1.896362304687500000e-01,-8.375854492187500000e-01,-1.586914062500000000e-03
-5.000000000000000000e+00,1.000000000000000000e+00,4.000000000000000000e+00,-8.000000000000000000e+00,-1.800000000000000000e+01,-6.000000000000000000e+00,-2.000000000000000000e+00,-3.000000000000000000e+00,5.123291015625000000e-01,1.896362304687500000e-01,-8.375854492187500000e-01,-1.586914062500000000e-03
4.000000000000000000e+00,3.000000000000000000e+00,-3.000000000000000000e+00,2.000000000000000000e+01,2.900000000000000000e+01,1.100000000000000000e+01,4.000000000000000000e+00,-1.000000000000000000e+00,5.123291015625000000e-01,1.896362304687500000e-01,-8.375854492187500000e-01,-1.586914062500000000e-03
0.000000000000000000e+00,3.000000000000000000e+00,1.000000000000000000e+00,-2.000000000000000000e+00,2.000000000000000000e+00,0.000000000000000000e+00,-7.000000000000000000e+00,0.000000000000000000e+00,5.129394531250000000e-01,1.876831054687500000e-01,-8.376464843750000000e-01,-3.845214843750000000e-03
1.000000000000000000e+00,-6.000000000000000000e+00,-5.000000000000000000e+00,2.000000000000000000e+00,0.000000000000000000e+00,2.000000000000000000e+00,1.000000000000000000e+00,-2.000000000000000000e+00,5.129394531250000000e-01,1.876831054687500000e-01,-8.376464843750000000e-01,-3.845214843750000000e-03
2.000000000000000000e+00,3.000000000000000000e+00,1.700000000000000000e+01,-5.000000000000000000e+00,-6.000000000000000000e+00,-4.000000000000000000e+00,-3.000000000000000000e+00,2.000000000000000000e+00,5.129394531250000000e-01,1.876831054687500000e-01,-8.376464843750000000e-01,-3.845214843750000000e-03
-8.000000000000000000e+00,-5.000000000000000000e+00,-2.900000000000000000e+01,-2.000000000000000000e+01,-1.200000000000000000e+01,-4.000000000000000000e+00,0.000000000000000000e+00,-4.000000000000000000e+00,5.129394531250000000e-01,1.876831054687500000e-01,-8.376464843750000000e-01,-3.845214843750000000e-03
-2.000000000000000000e+00,-8.000000000000000000e+00,-3.000000000000000000e+00,-1.000000000000000000e+00,-5.000000000000000000e+00,1.000000000000000000e+00,-3.000000000000000000e+00,-1.000000000000000000e+00,5.134887695312500000e-01,1.858520507812500000e-01,-8.377075195312500000e-01,-5.859375000000000000e-03
-1.000000000000000000e+00,1.000000000000000000e+00,-5.000000000000000000e+00,0.000000000000000000e+00,2.000000000000000000e+00,-3.000000000000000000e+00,-1.500000000000000000e+01,-2.000000000000000000e+00,5.134887695312500000e-01,1.858520507812500000e-01,-8.377075195312500000e-01,-5.859375000000000000e-03
