4.000000000000000000e+00,5.000000000000000000e+00,1.000000000000000000e+00,2.000000000000000000e+00,2.000000000000000000e+00,3.000000000000000000e+00,-1.000000000000000000e+00,-1.000000000000000000e+00,3.877563476562500000e-01,1.513671875000000000e-01,-9.082641601562500000e-01,-4.315185546875000000e-02
6.000000000000000000e+00,2.000000000000000000e+00,-1.000000000000000000e+00,3.000000000000000000e+00,-1.000000000000000000e+00,-2.000000000000000000e+00,1.000000000000000000e+00,1.000000000000000000e+00,3.877563476562500000e-01,1.513671875000000000e-01,-9.082641601562500000e-01,-4.315185546875000000e-02
3.000000000000000000e+00,8.000000000000000000e+00,-2.000000000000000000e+00,-2.000000000000000000e+00,0.000000000000000000e+00,-3.000000000000000000e+00,1.000000000000000000e+00,1.000000000000000000e+00,3.867797851562500000e-01,1.516113281250000000e-01,-9.086303710937500000e-01,-4.272460937500000000e-02
0.000000000000000000e+00,2.000000000000000000e+00,6.000000000000000000e+00,1.000000000000000000e+00,-5.000000000000000000e+00,-1.000000000000000000e+00,-1.000000000000000000e+00,-1.000000000000000000e+00,3.867797851562500000e-01,1.516113281250000000e-01,-9.086303710937500000e-01,-4.272460937500000000e-02
-1.600000000000000000e+01,-1.300000000000000000e+01,-4.000000000000000000e+00,-6.000000000000000000e+00,-4.000000000000000000e+00,0.000000000000000000e+00,4.000000000000000000e+00,-2.000000000000000000e+00,3.867797851562500000e-01,1.516113281250000000e-01,-9.086303710937500000e-01,-4.272460937500000000e-02
9.000000000000000000e+00,1.000000000000000000e+01,2.000000000000000000e+00,0.000000000000000000e+00,2.000000000000000000e+00,0.000000000000000000e+00,0.000000000000000000e+00,0.000000000000000000e+00,3.867797851562500000e-01,1.516113281250000000e-01,-9.086303710937500000e-01,-4.272460937500000000e-02
4.000000000000000000e+00,-5.000000000000000000e+00,-2.100000000000000000e+01,-9.000000000000000000e+00,-1.100000000000000000e+01,-5.000000000000000000e+00,-5.000000000000000000e+00,-3.000000000000000000e+00,3.856811523437500000e-01,1.519775390625000000e-01,-9.090576171875000000e-01,-4.205322265625000000e-02
5.000000000000000000e+00,-5.000000000000000000e+00,-2.000000000000000000e+00,3.000000000000000000e+00,3.000000000000000000e+00,1.000000000000000000e+00,-1.000000000000000000e+00,2.000000000000000000e+00,3.856811523437500000e-01,1.519775390625000000e-01,-9.090576171875000000e-01,-4.205322265625000000e-02
-6.000000000000000000e+00,-1.900000000000000000e+01,-9.000000000000000000e+00,-7.000000000000000000e+00,-1.000000000000000000e+00,-2.000000000000000000e+00,-2.000000000000000000e+00,-2.000000000000000000e+00,3.856811523437500000e-01,1.519775390625000000e-01,-9.090576171875000000e-01,-4.205322265625000000e-02
-1.600000000000000000e+01,0.000000000000000000e+00,-9.000000000000000000e+00,1.000000000000000000e+00,1.000000000000000000e+00,4.000000000000000000e+00,1.000000000000000000e+00,-1.000000000000000000e+00,3.856811523437500000e-01,1.519775390625000000e-01,-9.090576171875000000e-01,-4.205322265625000000e-02
7.000000000000000000e+00,1.100000000000000000e+01,4.000000000000000000e+00,2.000000000000000000e+00,1.000000000000000000e+00,-3.000000000000000000e+00,-2.000000000000000000e+00,0.000000000000000000e+00,3.846435546875000000e-01,1.525878906250000000e-01,-9.094238281250000000e-01,-4.132080078125000000e-02
0.000000000000000000e+00,-1.000000000000000000e+00,2.000000000000000000e+00,6.000000000000000000e+00,-4.000000000000000000e+00,-4.000000000000000000e+00,0.000000000000000000e+00,-3.000000000000000000e+00,3.846435546875000000e-01,1.525878906250000000e-01,-9.094238281250000000e-01,-4.132080078125000000e-02
-2.000000000000000000e+00,-8.000000000000000000e+00,-6.000000000000000000e+00,-1.100000000000000000e+01,0.000000000000000000e+00,2.000000000000000000e+00,-4.000000000000000000e+00,-1.000000000000000000e+00,3.846435546875000000e-01,1.525878906250000000e-01,-9.094238281250000000e-01,-4.132080078125000000e-02
9.000000000000000000e+00,1.300000000000000000e+01,1.100000000000000000e+01,-1.000000000000000000e+00,0.000000000000000000e+00,1.000000000000000000e+00,1.000000000000000000e+00,3.000000000000000000e+00,3.846435546875000000e-01,1.525878906250000000e-01,-9.094238281250000000e-01,-4.132080078125000000e-02
2.000000000000000000e+00,1.900000000000000000e+01,1.700000000000000000e+01,5.000000000000000000e+00,-2.000000000000000000e+00,1.000000000000000000e+00,1.000000000000000000e+00,2.000000000000000000e+00,3.836669921875000000e-01,1.528930664062500000e-01,-9.098510742187500000e-01,-4.089355468750000000e-02
-7.000000000000000000e+00,-2.500000000000000000e+01,3.000000000000000000e+00,-5.000000000000000000e+00,-6.000000000000000000e+00,-7.000000000000000000e+00,-2.000000000000000000e+00,-2.000000000000000000e+00,3.836669921875000000e-01,1.528930664062500000e-01,-9.098510742187500000e-01,-4.089355468750000000e-02
-4.000000000000000000e+00,-1.200000000000000000e+01,-7.000000000000000000e+00,-3.000000000000000000e+00,-9.000000000000000000e+00,-5.000000000000000000e+00,-9.000000000000000000e+00,-5.000000000000000000e+00,3.836669921875000000e-01,1.528930664062500000e-01,-9.098510742187500000e-01,-4.089355468750000000e-02
-1.000000000000000000e+00,-4.000000000000000000e+00,1.000000000000000000e+00,-1.100000000000000000e+01,-3.000000000000000000e+00,-6.000000000000000000e+00,-5.000000000000000000e+00,-1.000000000000000000e+00,3.836669921875000000e-01,1.528930664062500000e-01,-9.098510742187500000e-01,-4.089355468750000000e-02
-5.000000000000000000e+00,-1.000000000000000000e+00,1.400000000000000000e+01,1.100000000000000000e+01,1.000000000000000000e+00,2.000000000000000000e+00,0.000000000000000000e+00,-1.000000000000000000e+00,3.831176757812500000e-01,1.527709960937500000e-01,-9.100952148437500000e-01,-4.064941406250000000e-02
0.000000000000000000e+00,1.100000000000000000e+01,3.000000000000000000e+00,-6.000000000000000000e+00,-1.000000000000000000e+00,-1.000000000000000000e+00,0.000000000000000000e+00,0.000000000000000000e+00,3.831176757812500000e-01,1.527709960937500000e-01,-9.100952148437500000e-01,-4.064941406250000000e-02
0.000000000000000000e+00,1.000000000000000000e+00,-4.000000000000000000e+00,1.000000000000000000e+00,-1.000000000000000000e+00,-2.000000000000000000e+00,1.000000000000000000e+00,0.000000000000000000e+00,3.831176757812500000e-01,1.527709960937500000e-01,-9.100952148437500000e-01,-4.064941406250000000e-02
7.000000000000000000e+00,3.000000000000000000e+00,1.000000000000000000e+00,-2.000000000000000000e+00,2.000000000000000000e+00,0.000000000000000000e+00,-4.000000000000000000e+00,-2.000000000000000000e+00,3.831176757812500000e-01,1.527709960937500000e-01,-9.100952148437500000e-01,-4.064941406250000000e-02
0.000000000000000000e+00,3.000000000000000000e+00,-1.700000000000000000e+01,-8.000000000000000000e+00,-4.000000000000000000e+00,-3.000000000000000000e+00,-2.000000000000000000e+00,-2.000000000000000000e+00,3.828735351562500000e-01,1.522216796875000000e-01,-9.102783203125000000e-01,-3.997802734375000000e-02
-3.000000000000000000e+00,-4.000000000000000000e+00,1.300000000000000000e+01,1.000000000000000000e+00,-4.000000000000000000e+00,0.000000000000000000e+00,6.000000000000000000e+00,1.000000000000000000e+00,3.828735351562500000e-01,1.522216796875000000e-01,-9.102783203125000000e-01,-3.997802734375000000e-02
-1.400000000000000000e+01,-7.000000000000000000e+00,2.000000000000000000e+00,2.000000000000000000e+00,6.000000000000000000e+00,-3.000000000000000000e+00,-1.000000000000000000e+00,-2.000000000000000000e+00,3.828735351562500000e-01,1.522216796875000000e-01,-9.102783203125000000e-01,-3.997802734375000000e-02
-1.000000000000000000e+00,-6.000000000000000000e+00,-2.400000000000000000e+01,1.000000000000000000e+00,-2.000000000000000000e+00,0.000000000000000000e+00,0.000000000000000000e+00,-3.000000000000000000e+00,3.828735351562500000e-01,1.522216796875000000e-01,-9.102783203125000000e-01,-3.997802734375000000e-02
3.000000000000000000e+00,4.000000000000000000e+00,2.600000000000000000e+01,-1.000000000000000000e+00,2.000000000000000000e+00,-2.000000000000000000e+00,-3.000000000000000000e+00,0.000000000000000000e+00,3.828735351562500000e-01,1.519775390625000000e-01,-9.104003906250000000e-01,-3.894042968750000000e-02
6.000000000000000000e+00,-2.000000000000000000e+00,-4.300000000000000000e+01,-2.000000000000000000e+00,-4.000000000000000000e+00,-1.000000000000000000e+00,-1.000000000000000000e+00,-1.000000000000000000e+00,3.828735351562500000e-01,1.519775390625000000e-01,-9.104003906250000000e-01,-3.894042968750000000e-02
0.000000000000000000e+00,6.000000000000000000e+00,2.300000000000000000e+01,0.000000000000000000e+00,0.000000000000000000e+00,0.000000000000000000e+00,-4.000000000000000000e+00,0.000000000000000000e+00,3.828735351562500000e-01,1.519775390625000000e-01,-9.104003906250000000e-01,-3.894042968750000000e-02
2.000000000000000000e+00,-1.700000000000000000e+01,-9.000000000000000000e+00,-6.000000000000000000e+00,-5.000000000000000000e+00,-3.000000000000000000e+00,0.000000000000000000e+00,-2.000000000000000000e+00,3.828735351562500000e-01,1.519775390625000000e-01,-9.104003906250000000e-01,-3.894042968750000000e-02
5.000000000000000000e+00,0.000000000000000000e+00,3.000000000000000000e+00,0.000000000000000000e+00,-2.000000000000000000e+00,0.000000000000000000e+00,2.000000000000000000e+00,0.000000000000000000e+00,3.828125000000000000e-01,1.524658203125000000e-01,-9.104003906250000000e-01,-3.790283203125000000e-02
-2.800000000000000000e+01,-3.000000000000000000e+00,-1.000000000000000000e+01,1.000000000000000000e+00,-2.000000000000000000e+00,0.000000000000000000e+00,-1.000000000000000000e+00,-2.000000000000000000e+00,3.828125000000000000e-01,1.524658203125000000e-01,-9.104003906250000000e-01,-3.790283203125000000e-02
1.000000000000000000e+00,5.000000000000000000e+00,2.200000000000000000e+01,-3.000000000000000000e+00,0.000000000000000000e+00,1.000000000000000000e+00,-2.000000000000000000e+00,0.000000000000000000e+00,3.828125000000000000e-01,1.524658203125000000e-01,-9.104003906250000000e-01,-3.790283203125000000e-02
6.000000000000000000e+00,9.000000000000000000e+00,-6.000000000000000000e+00,-1.000000000000000000e+00,-2.000000000000000000e+00,-4.000000000000000000e+00,-8.000000000000000000e+00,0.000000000000000000e+00,3.828125000000000000e-01,1.524658203125000000e-01,-9.104003906250000000e-01,-3.790283203125000000e-02
-1.000000000000000000e+00,-8.000000000000000000e+00,-1.400000000000000000e+01,-5.000000000000000000e+00,-3.000000000000000000e+00,-1.000000000000000000e+00,6.000000000000000000e+00,-3.000000000000000000e+00,3.831176757812500000e-01,1.528930664062500000e-01,-9.102172851562500000e-01,-3.698730468750000000e-02
-4.000000000000000000e+00,0.000000000000000000e+00,1.200000000000000000e+01,5.000000000000000000e+00,1.000000000000000000e+00,-3.000000000000000000e+00,-9.000000000000000000e+00,-4.000000000000000000e+00,3.831176757812500000e-01,1.528930664062500000e-01,-9.102172851562500000e-01,-3.698730468750000000e-02
-6.000000000000000000e+00,-1.600000000000000000e+01,-8.000000000000000000e+00,-7.000000000000000000e+00,-4.000000000000000000e+00,-2.000000000000000000e+00,2.000000000000000000e+00,-1.000000000000000000e+00,3.831176757812500000e-01,1.528930664062500000e-01,-9.102172851562500000e-01,-3.698730468750000000e-02
-6.000000000000000000e+00,-8.000000000000000000e+00,-2.400000000000000000e+01,-3.000000000000000000e+00,-1.000000000000000000e+00,0.000000000000000000e+00,-3.000000000000000000e+00,-2.000000000000000000e+00,3.831176757812500000e-01,1.528930664062500000e-01,-9.102172851562500000e-01,-3.698730468750000000e-02
1.000000000000000000e+00,6.000000000000000000e+00,3.000000000000000000e+00,-2.000000000000000000e+00,1.000000000000000000e+00,-1.000000000000000000e+00,-3.000000000000000000e+00,-1.000000000000000000e+00,3.836669921875000000e-01,1.530151367187500000e-01,-9.099731445312500000e-01,-3.613281250000000000e-02
9.000000000000000000e+00,8.000000000000000000e+00,0.000000000000000000e+00,-2.000000000000000000e+00,1.000000000000000000e+00,1.000000000000000000e+00,0.000000000000000000e+00,1.000000000000000000e+00,3.836669921875000000e-01,1.530151367187500000e-01,-9.099731445312500000e-01,-3.613281250000000000e-02
2.000000000000000000e+00,5.000000000000000000e+00,-6.000000000000000000e+00,-8.000000000000000000e+00,-1.000000000000000000e+01,-5.000000000000000000e+00,-5.000000000000000000e+00,-2.000000000000000000e+00,3.836669921875000000e-01,1.530151367187500000e-01,-9.099731445312500000e-01,-3.613281250000000000e-02
1.900000000000000000e+01,1.500000000000000000e+01,3.400000000000000000e+01,2.100000000000000000e+01,1.000000000000000000e+01,5.000000000000000000e+00,6.000000000000000000e+00,3.000000000000000000e+00,3.836669921875000000e-01,1.530151367187500000e-01,-9.099731445312500000e-01,-3.613281250000000000e-02
-3.800000000000000000e+01,-2.000000000000000000e+01,-5.400000000000000000e+01,-1.300000000000000000e+01,-8.000000000000000000e+00,-3.000000000000000000e+00,-4.000000000000000000e+00,-2.000000000000000000e+00,3.843994140625000000e-01,1.531372070312500000e-01,-9.097290039062500000e-01,-3.521728515625000000e-02
-1.000000000000000000e+01,-7.000000000000000000e+00,-4.000000000000000000e+00,-2.000000000000000000e+00,-3.000000000000000000e+00,-3.000000000000000000e+00,1.000000000000000000e+00,0.000000000000000000e+00,3.843994140625000000e-01,1.531372070312500000e-01,-9.097290039062500000e-01,-3.521728515625000000e-02
0.000000000000000000e+00,-4.000000000000000000e+00,-6.000000000000000000e+00,3.000000000000000000e+00,2.000000000000000000e+00,0.000000000000000000e+00,-2.000000000000000000e+00,-1.000000000000000000e+00,3.843994140625000000e-01,1.531372070312500000e-01,-9.097290039062500000e-01,-3.521728515625000000e-02
-6.000000000000000000e+00,0.000000000000000000e+00,-8.000000000000000000e+00,-2.000000000000000000e+00,3.000000000000000000e+00,-2.000000000000000000e+00,-1.000000000000000000e+00,-2.000000000000000000e+00,3.843994140625000000e-01,1.531372070312500000e-01,-9.097290039062500000e-01,-3.521728515625000000e-02
1.500000000000000000e+01,8.000000000000000000e+00,1.900000000000000000e+01,-6.000000000000000000e+00,-5.000000000000000000e+00,1.000000000000000000e+00,1.000000000000000000e+00,-1.000000000000000000e+00,3.851318359375000000e-01,1.533813476562500000e-01,-9.094238281250000000e-01,-3.448486328125000000e-02
7.000000000000000000e+00,1.000000000000000000e+00,1.400000000000000000e+01,8.000000000000000000e+00,-4.000000000000000000e+00,-2.000000000000000000e+00,1.000000000000000000e+00,1.000000000000000000e+00,3.851318359375000000e-01,1.533813476562500000e-01,-9.094238281250000000e-01,-3.448486328125000000e-02
2.000000000000000000e+00,8.000000000000000000e+00,-6.000000000000000000e+00,-2.000000000000000000e+00,5.000000000000000000e+00,0.000000000000000000e+00,1.000000000000000000e+00,1.000000000000000000e+00,3.854980468750000000e-01,1.533203125000000000e-01,-9.092407226562500000e-01,-3.399658203125000000e-02
3.000000000000000000e+00,2.000000000000000000e+00,-2.000000000000000000e+01,-1.000000000000000000e+01,-2.000000000000000000e+00,-4.000000000000000000e+00,-1.000000000000000000e+00,0.000000000000000000e+00,3.854980468750000000e-01,1.533203125000000000e-01,-9.092407226562500000e-01,-3.399658203125000000e-02
-2.100000000000000000e+01,-1.000000000000000000e+01,1.400000000000000000e+01,6.000000000000000000e+00,6.000000000000000000e+00,6.000000000000000000e+00,1.100000000000000000e+01,1.000000000000000000e+00,3.854980468750000000e-01,1.533203125000000000e-01,-9.092407226562500000e-01,-3.399658203125000000e-02
9.000000000000000000e+00,-6.000000000000000000e+00,-4.000000000000000000e+00,-7.000000000000000000e+00,-2.000000000000000000e+00,-5.000000000000000000e+00,-6.000000000000000000e+00,-4.000000000000000000e+00,3.854980468750000000e-01,1.533203125000000000e-01,-9.092407226562500000e-01,-3.399658203125000000e-02
0.000000000000000000e+00,-2.000000000000000000e+00,-6.000000000000000000e+00,3.000000000000000000e+00,1.000000000000000000e+00,0.000000000000000000e+00,5.000000000000000000e+00,-2.000000000000000000e+00,3.856201171875000000e-01,1.536254882812500000e-01,-9.091796875000000000e-01,-3.350830078125000000e-02
-9.000000000000000000e+00,-1.200000000000000000e+01,1.100000000000000000e+01,2.000000000000000000e+00,-2.000000000000000000e+00,-1.000000000000000000e+00,2.000000000000000000e+00,-2.000000000000000000e+00,3.856201171875000000e-01,1.536254882812500000e-01,-9.091796875000000000e-01,-3.350830078125000000e-02
6.000000000000000000e+00,-2.000000000000000000e+00,-4.000000000000000000e+00,-5.000000000000000000e+00,-4.000000000000000000e+00,-6.000000000000000000e+00,-7.000000000000000000e+00,-1.000000000000000000e+00,3.856201171875000000e-01,1.536254882812500000e-01,-9.091796875000000000e-01,-3.350830078125000000e-02
-1.000000000000000000e+00,4.000000000000000000e+00,5.000000000000000000e+00,-3.000000000000000000e+00,4.000000000000000000e+00,3.000000000000000000e+00,6.000000000000000000e+00,2.000000000000000000e+00,3.856201171875000000e-01,1.536254882812500000e-01,-9.091796875000000000e-01,-3.350830078125000000e-02
6.000000000000000000e+00,1.300000000000000000e+01,7.000000000000000000e+00,1.100000000000000000e+01,6.000000000000000000e+00,1.000000000000000000e+00,-1.000000000000000000e+00,0.000000000000000000e+00,3.854980468750000000e-01,1.538085937500000000e-01,-9.092407226562500000e-01,-3.308105468750000000e-02
-1.000000000000000000e+00,5.000000000000000000e+00,8.000000000000000000e+00,4.000000000000000000e+00,-2.000000000000000000e+00,1.000000000000000000e+00,-1.000000000000000000e+00,0.000000000000000000e+00,3.854980468750000000e-01,1.538085937500000000e-01,-9.092407226562500000e-01,-3.308105468750000000e-02
-9.000000000000000000e+00,-1.500000000000000000e+01,-1.800000000000000000e+01,-3.000000000000000000e+00,0.000000000000000000e+00,-1.000000000000000000e+00,-1.000000000000000000e+00,-2.000000000000000000e+00,3.854980468750000000e-01,1.538085937500000000e-01,-9.092407226562500000e-01,-3.308105468750000000e-02
8.000000000000000000e+00,3.000000000000000000e+00,8.000000000000000000e+00,1.000000000000000000e+00,1.000000000000000000e+00,-1.000000000000000000e+00,2.000000000000000000e+00,-2.000000000000000000e+00,3.854980468750000000e-01,1.538085937500000000e-01,-9.092407226562500000e-01,-3.308105468750000000e-02
1.000000000000000000e+00,-7.000000000000000000e+00,-1.900000000000000000e+01,-6.000000000000000000e+00,-1.000000000000000000e+00,-6.000000000000000000e+00,-6.000000000000000000e+00,-3.000000000000000000e+00,3.852539062500000000e-01,1.544799804687500000e-01,-9.092407226562500000e-01,-3.265380859375000000e-02
-2.000000000000000000e+00,4.000000000000000000e+00,1.400000000000000000e+01,-6.000000000000000000e+00,-4.000000000000000000e+00,-2.000000000000000000e+00,-2.000000000000000000e+00,0.000000000000000000e+00,3.852539062500000000e-01,1.544799804687500000e-01,-9.092407226562500000e-01,-3.265380859375000000e-02
1.100000000000000000e+01,7.000000000000000000e+00,8.000000000000000000e+00,3.000000000000000000e+00,0.000000000000000000e+00,0.000000000000000000e+00,-3.000000000000000000e+00,0.000000000000000000e+00,3.852539062500000000e-01,1.544799804687500000e-01,-9.092407226562500000e-01,-3.265380859375000000e-02
-2.000000000000000000e+00,1.000000000000000000e+00,-1.000000000000000000e+00,1.000000000000000000e+00,-2.000000000000000000e+00,-2.000000000000000000e+00,-1.000000000000000000e+00,-2.000000000000000000e+00,3.852539062500000000e-01,1.544799804687500000e-01,-9.092407226562500000e-01,-3.265380859375000000e-02
-7.000000000000000000e+00,-6.000000000000000000e+00,-8.000000000000000000e+00,1.000000000000000000e+00,-5.000000000000000000e+00,-4.000000000000000000e+00,-3.000000000000000000e+00,-2.000000000000000000e+00,3.848266601562500000e-01,1.549072265625000000e-01,-9.093017578125000000e-01,-3.259277343750000000e-02
1.600000000000000000e+01,3.000000000000000000e+00,3.000000000000000000e+00,-9.000000000000000000e+00,1.000000000000000000e+00,-1.000000000000000000e+00,1.000000000000000000e+00,-1.000000000000000000e+00,3.848266601562500000e-01,1.549072265625000000e-01,-9.093017578125000000e-01,-3.259277343750000000e-02
-1.400000000000000000e+01,-1.000000000000000000e+01,3.000000000000000000e+00,8.000000000000000000e+00,0.000000000000000000e+00,-2.000000000000000000e+00,2.000000000000000000e+00,-1.000000000000000000e+00,3.848266601562500000e-01,1.549072265625000000e-01,-9.093017578125000000e-01,-3.259277343750000000e-02
5.000000000000000000e+00,-1.200000000000000000e+01,-6.000000000000000000e+00,-5.000000000000000000e+00,-1.000000000000000000e+00,2.000000000000000000e+00,-2.000000000000000000e+00,1.000000000000000000e+00,3.848266601562500000e-01,1.549072265625000000e-01,-9.093017578125000000e-01,-3.259277343750000000e-02
-2.200000000000000000e+01,-2.000000000000000000e+00,-3.000000000000000000e+00,-6.000000000000000000e+00,-6.000000000000000000e+00,-3.000000000000000000e+00,-1.000000000000000000e+00,-3.000000000000000000e+00,3.843383789062500000e-01,1.553344726562500000e-01,-9.094848632812500000e-01,-3.253173828125000000e-02
2.000000000000000000e+00,2.000000000000000000e+00,-7.000000000000000000e+00,6.000000000000000000e+00,3.000000000000000000e+00,4.000000000000000000e+00,0.000000000000000000e+00,0.000000000000000000e+00,3.843383789062500000e-01,1.553344726562500000e-01,-9.094848632812500000e-01,-3.253173828125000000e-02
1.000000000000000000e+01,7.000000000000000000e+00,-1.200000000000000000e+01,-4.000000000000000000e+00,2.000000000000000000e+00,-1.000000000000000000e+00,1.000000000000000000e+00,2.000000000000000000e+00,3.843383789062500000e-01,1.553344726562500000e-01,-9.094848632812500000e-01,-3.253173828125000000e-02
-3.000000000000000000e+00,-2.000000000000000000e+00,2.600000000000000000e+01,0.000000000000000000e+00,-2.000000000000000000e+00,0.000000000000000000e+00,2.000000000000000000e+00,-2.000000000000000000e+00,3.843383789062500000e-01,1.553344726562500000e-01,-9.094848632812500000e-01,-3.253173828125000000e-02
1.000000000000000000e+01,1.000000000000000000e+00,-2.000000000000000000e+00,-5.000000000000000000e+00,-4.000000000000000000e+00,-3.000000000000000000e+00,-1.000000000000000000e+00,1.000000000000000000e+00,3.838500976562500000e-01,1.555786132812500000e-01,-9.096069335937500000e-01,-3.247070312500000000e-02
-1.000000000000000000e+00,-2.000000000000000000e+00,2.000000000000000000e+00,1.000000000000000000e+00,-6.000000000000000000e+00,-2.000000000000000000e+00,1.000000000000000000e+00,0.000000000000000000e+00,3.838500976562500000e-01,1.555786132812500000e-01,-9.096069335937500000e-01,-3.247070312500000000e-02
-3.000000000000000000e+00,1.300000000000000000e+01,-1.000000000000000000e+00,2.000000000000000000e+00,8.000000000000000000e+00,4.000000000000000000e+00,1.000000000000000000e+00,-4.000000000000000000e+00,3.838500976562500000e-01,1.555786132812500000e-01,-9.096069335937500000e-01,-3.247070312500000000e-02
-1.800000000000000000e+01,-1.900000000000000000e+01,-2.800000000000000000e+01,-5.000000000000000000e+00,-6.000000000000000000e+00,-4.000000000000000000e+00,-8.000000000000000000e+00,-2.000000000000000000e+00,3.838500976562500000e-01,1.555786132812500000e-01,-9.096069335937500000e-01,-3.247070312500000000e-02
0.000000000000000000e+00,-3.000000000000000000e+00,4.000000000000000000e+00,3.000000000000000000e+00,5.000000000000000000e+00,3.000000000000000000e+00,0.000000000000000000e+00,0.000000000000000000e+00,3.832397460937500000e-01,1.560058593750000000e-01,-9.098510742187500000e-01,-3.222656250000000000e-02
-1.000000000000000000e+00,-2.000000000000000000e+00,-2.000000000000000000e+00,-1.000000000000000000e+00,-2.000000000000000000e+00,-5.000000000000000000e+00,-4.000000000000000000e+00,-1.000000000000000000e+00,3.832397460937500000e-01,1.560058593750000000e-01,-9.098510742187500000e-01,-3.222656250000000000e-02
7.000000000000000000e+00,1.000000000000000000e+01,4.000000000000000000e+00,-3.000000000000000000e+00,-6.000000000000000000e+00,-3.000000000000000000e+00,-5.000000000000000000e+00,1.000000000000000000e+00,3.832397460937500000e-01,1.560058593750000000e-01,-9.098510742187500000e-01,-3.222656250000000000e-02
7.000000000000000000e+00,1.300000000000000000e+01,9.000000000000000000e+00,9.000000000000000000e+00,4.000000000000000000e+00,1.000000000000000000e+00,0.000000000000000000e+00,2.000000000000000000e+00,3.832397460937500000e-01,1.560058593750000000e-01,-9.098510742187500000e-01,-3.222656250000000000e-02
-1.000000000000000000e+00,-1.100000000000000000e+01,-2.000000000000000000e+00,-3.000000000000000000e+00,-6.000000000000000000e+00,-5.000000000000000000e+00,-2.000000000000000000e+00,-4.000000000000000000e+00,3.828125000000000000e-01,1.563110351562500000e-01,-9.099731445312500000e-01,-3.179931640625000000e-02
-5.000000000000000000e+00,-4.000000000000000000e+00,-9.000000000000000000e+00,2.000000000000000000e+00,0.000000000000000000e+00,1.000000000000000000e+00,0.000000000000000000e+00,-2.000000000000000000e+00,3.828125000000000000e-01,1.563110351562500000e-01,-9.099731445312500000e-01,-3.179931640625000000e-02
9.000000000000000000e+00,6.000000000000000000e+00,2.000000000000000000e+00,0.000000000000000000e+00,1.000000000000000000e+00,3.000000000000000000e+00,2.000000000000000000e+00,1.000000000000000000e+00,3.828125000000000000e-01,1.563110351562500000e-01,-9.099731445312500000e-01,-3.179931640625000000e-02
-5.000000000000000000e+00,1.000000000000000000e+00,-5.000000000000000000e+00,-6.000000000000000000e+00,-3.000000000000000000e+00,-2.000000000000000000e+00,-1.000000000000000000e+00,0.000000000000000000e+00,3.828125000000000000e-01,1.563110351562500000e-01,-9.099731445312500000e-01,-3.179931640625000000e-02
7.000000000000000000e+00,7.000000000000000000e+00,-7.000000000000000000e+00,0.000000000000000000e+00,0.000000000000000000e+00,0.000000000000000000e+00,1.000000000000000000e+00,0.000000000000000000e+00,3.824462890625000000e-01,1.565551757812500000e-01,-9.100952148437500000e-01,-3.100585937500000000e-02
-2.200000000000000000e+01,-4.000000000000000000e+00,1.200000000000000000e+01,5.000000000000000000e+00,1.000000000000000000e+00,-2.000000000000000000e+00,-2.000000000000000000e+00,-3.000000000000000000e+00,3.824462890625000000e-01,1.565551757812500000e-01,-9.100952148437500000e-01,-3.100585937500000000e-02
4.000000000000000000e+00,-1.300000000000000000e+01,5.000000000000000000e+00,-5.000000000000000000e+00,-4.000000000000000000e+00,-5.000000000000000000e+00,-5.000000000000000000e+00,-4.000000000000000000e+00,3.824462890625000000e-01,1.565551757812500000e-01,-9.100952148437500000e-01,-3.100585937500000000e-02
8.000000000000000000e+00,1.200000000000000000e+01,-9.000000000000000000e+00,-2.000000000000000000e+00,3.000000000000000000e+00,1.000000000000000000e+00,6.000000000000000000e+00,-1.000000000000000000e+00,3.824462890625000000e-01,1.565551757812500000e-01,-9.100952148437500000e-01,-3.100585937500000000e-02
-1.000000000000000000e+00,3.000000000000000000e+00,1.100000000000000000e+01,2.000000000000000000e+00,-3.000000000000000000e+00,0.000000000000000000e+00,-1.000000000000000000e+00,-1.000000000000000000e+00,3.822631835937500000e-01,1.565551757812500000e-01,-9.102172851562500000e-01,-3.015136718750000000e-02
3.000000000000000000e+00,-8.000000000000000000e+00,-1.300000000000000000e+01,-1.000000000000000000e+00,0.000000000000000000e+00,2.000000000000000000e+00,2.000000000000000000e+00,1.000000000000000000e+00,3.822631835937500000e-01,1.565551757812500000e-01,-9.102172851562500000e-01,-3.015136718750000000e-02
-1.000000000000000000e+00,7.000000000000000000e+00,1.200000000000000000e+01,5.000000000000000000e+00,-3.000000000000000000e+00,-2.000000000000000000e+00,-1.000000000000000000e+00,1.000000000000000000e+00,3.822631835937500000e-01,1.565551757812500000e-01,-9.102172851562500000e-01,-3.015136718750000000e-02
0.000000000000000000e+00,0.000000000000000000e+00,2.000000000000000000e+00,-9.000000000000000000e+00,-1.000000000000000000e+00,0.000000000000000000e+00,-3.000000000000000000e+00,-2.000000000000000000e+00,3.822631835937500000e-01,1.565551757812500000e-01,-9.102172851562500000e-01,-3.015136718750000000e-02
5.000000000000000000e+00,2.000000000000000000e+00,1.300000000000000000e+01,8.000000000000000000e+00,1.000000000000000000e+00,0.000000000000000000e+00,0.000000000000000000e+00,-1.000000000000000000e+00,3.822021484375000000e-01,1.563110351562500000e-01,-9.102783203125000000e-01,-2.935791015625000000e-02
-1.000000000000000000e+00,-5.000000000000000000e+00,-1.100000000000000000e+01,-1.000000000000000000e+00,1.000000000000000000e+00,-1.000000000000000000e+00,2.000000000000000000e+00,-1.000000000000000000e+00,3.822021484375000000e-01,1.563110351562500000e-01,-9.102783203125000000e-01,-2.935791015625000000e-02
-4.000000000000000000e+00,-9.000000000000000000e+00,3.000000000000000000e+00,-1.000000000000000000e+00,0.000000000000000000e+00,-3.000000000000000000e+00,-2.000000000000000000e+00,-2.000000000000000000e+00,3.822021484375000000e-01,1.563110351562500000e-01,-9.102783203125000000e-01,-2.935791015625000000e-02
-2.000000000000000000e+00,-4.000000000000000000e+00,1.000000000000000000e+00,2.000000000000000000e+00,0.000000000000000000e+00,0.000000000000000000e+00,-6.000000000000000000e+00,0.000000000000000000e+00,3.822021484375000000e-01,1.563110351562500000e-01,-9.102783203125000000e-01,-2.935791015625000000e-02
-5.000000000000000000e+00,-3.000000000000000000e+00,-1.200000000000000000e+01,-8.000000000000000000e+00,-5.000000000000000000e+00,-1.000000000000000000e+00,0.000000000000000000e+00,1.000000000000000000e+00,3.820800781250000000e-01,1.561279296875000000e-01,-9.104003906250000000e-01,-2.856445312500000000e-02
-6.000000000000000000e+00,0.000000000000000000e+00,6.000000000000000000e+00,-5.000000000000000000e+00,-7.000000000000000000e+00,-3.000000000000000000e+00,-7.000000000000000000e+00,-4.000000000000000000e+00,3.820800781250000000e-01,1.561279296875000000e-01,-9.104003906250000000e-01,-2.856445312500000000e-02
2.000000000000000000e+00,1.200000000000000000e+01,8.000000000000000000e+00,3.000000000000000000e+00,1.000000000000000000e+00,-1.000000000000000000e+00,-1.000000000000000000e+00,0.000000000000000000e+00,3.820800781250000000e-01,1.561279296875000000e-01,-9.104003906250000000e-01,-2.856445312500000000e-02
-4.000000000000000000e+00,0.000000000000000000e+00,-3.700000000000000000e+01,-8.000000000000000000e+00,-2.000000000000000000e+00,1.000000000000000000e+00,1.000000000000000000e+00,-1.000000000000000000e+00,3.820800781250000000e-01,1.561279296875000000e-01,-9.104003906250000000e-01,-2.856445312500000000e-02
1.000000000000000000e+01,-3.000000000000000000e+00,1.400000000000000000e+01,0.000000000000000000e+00,-1.000000000000000000e+00,1.000000000000000000e+00,1.000000000000000000e+00,2.000000000000000000e+00,3.818359375000000000e-01,1.560668945312500000e-01,-9.105834960937500000e-01,-2.783203125000000000e-02
-4.000000000000000000e+00,2.000000000000000000e+00,-1.000000000000000000e+01,2.000000000000000000e+00,0.000000000000000000e+00,-3.000000000000000000e+00,1.000000000000000000e+00,0.000000000000000000e+00,3.818359375000000000e-01,1.560668945312500000e-01,-9.105834960937500000e-01,-2.783203125000000000e-02
-3.000000000000000000e+00,-1.800000000000000000e+01,8.000000000000000000e+00,-4.000000000000000000e+00,-1.000000000000000000e+00,-4.000000000000000000e+00,-2.000000000000000000e+00,-1.000000000000000000e+00,3.818359375000000000e-01,1.560668945312500000e-01,-9.105834960937500000e-01,-2.783203125000000000e-02
-1.000000000000000000e+00,3.000000000000000000e+00,0.000000000000000000e+00,1.000000000000000000e+00,1.000000000000000000e+00,-5.000000000000000000e+00,-2.000000000000000000e+00,-1.000000000000000000e+00,3.818359375000000000e-01,1.560668945312500000e-01,-9.105834960937500000e-01,-2.783203125000000000e-02
-3.000000000000000000e+00,4.000000000000000000e+00,3.000000000000000000e+00,1.000000000000000000e+00,-2.000000000000000000e+00,-1.000000000000000000e+00,-6.000000000000000000e+00,-2.000000000000000000e+00,3.815307617187500000e-01,1.564941406250000000e-01,-9.106445312500000000e-01,-2.728271484375000000e-02
2.100000000000000000e+01,3.000000000000000000e+00,-4.000000000000000000e+00,-1.000000000000000000e+00,-1.000000000000000000e+00,2.000000000000000000e+00,7.000000000000000000e+00,3.000000000000000000e+00,3.815307617187500000e-01,1.564941406250000000e-01,-9.106445312500000000e-01,-2.728271484375000000e-02
-2.500000000000000000e+01,-6.000000000000000000e+00,-1.200000000000000000e+01,-8.000000000000000000e+00,-4.000000000000000000e+00,1.000000000000000000e+00,1.000000000000000000e+00,-2.000000000000000000e+00,3.815307617187500000e-01,1.564941406250000000e-01,-9.106445312500000000e-01,-2.728271484375000000e-02
-1.000000000000000000e+01,-5.000000000000000000e+00,8.000000000000000000e+00,8.000000000000000000e+00,1.000000000000000000e+00,-1.000000000000000000e+00,-1.000000000000000000e+00,0.000000000000000000e+00,3.815307617187500000e-01,1.564941406250000000e-01,-9.106445312500000000e-01,-2.728271484375000000e-02
-3.000000000000000000e+00,0.000000000000000000e+00,-1.300000000000000000e+01,-1.000000000000000000e+01,3.000000000000000000e+00,2.000000000000000000e+00,1.000000000000000000e+00,0.000000000000000000e+00,3.811035156250000000e-01,1.566772460937500000e-01,-9.107666015625000000e-01,-2.709960937500000000e-02
1.000000000000000000e+00,-4.000000000000000000e+00,7.000000000000000000e+00,2.000000000000000000e+00,6.000000000000000000e+00,-1.000000000000000000e+00,-2.000000000000000000e+00,0.000000000000000000e+00,3.811035156250000000e-01,1.566772460937500000e-01,-9.107666015625000000e-01,-2.709960937500000000e-02
8.000000000000000000e+00,7.000000000000000000e+00,-5.000000000000000000e+00,3.000000000000000000e+00,-2.000000000000000000e+00,1.000000000000000000e+00,2.000000000000000000e+00,3.000000000000000000e+00,3.811035156250000000e-01,1.566772460937500000e-01,-9.107666015625000000e-01,-2.709960937500000000e-02
4.000000000000000000e+00,0.000000000000000000e+00,7.000000000000000000e+00,0.000000000000000000e+00,1.000000000000000000e+00,3.000000000000000000e+00,1.000000000000000000e+00,0.000000000000000000e+00,3.811035156250000000e-01,1.566772460937500000e-01,-9.107666015625000000e-01,-2.709960937500000000e-02
-6.000000000000000000e+00,-4.000000000000000000e+00,-1.600000000000000000e+01,-7.000000000000000000e+00,-4.000000000000000000e+00,-3.000000000000000000e+00,-4.000000000000000000e+00,-3.000000000000000000e+00,3.806152343750000000e-01,1.569824218750000000e-01,-9.108886718750000000e-01,-2.716064453125000000e-02
6.000000000000000000e+00,9.000000000000000000e+00,1.100000000000000000e+01,1.000000000000000000e+00,-4.000000000000000000e+00,-5.000000000000000000e+00,-2.000000000000000000e+00,0.000000000000000000e+00,3.806152343750000000e-01,1.569824218750000000e-01,-9.108886718750000000e-01,-2.716064453125000000e-02
3.000000000000000000e+00,3.000000000000000000e+00,-2.800000000000000000e+01,3.000000000000000000e+00,-1.000000000000000000e+00,2.000000000000000000e+00,2.000000000000000000e+00,0.000000000000000000e+00,3.806152343750000000e-01,1.569824218750000000e-01,-9.108886718750000000e-01,-2.716064453125000000e-02
-1.200000000000000000e+01,-2.100000000000000000e+01,7.000000000000000000e+00,9.000000000000000000e+00,5.000000000000000000e+00,0.000000000000000000e+00,-4.000000000000000000e+00,-5.000000000000000000e+00,3.806152343750000000e-01,1.569824218750000000e-01,-9.108886718750000000e-01,-2.716064453125000000e-02
-3.000000000000000000e+00,-2.000000000000000000e+00,9.000000000000000000e+00,0.000000000000000000e+00,0.000000000000000000e+00,-3.000000000000000000e+00,1.000000000000000000e+00,-1.000000000000000000e+00,3.800048828125000000e-01,1.574096679687500000e-01,-9.111328125000000000e-01,-2.716064453125000000e-02
-1.000000000000000000e+01,-5.000000000000000000e+00,-1.500000000000000000e+01,-9.000000000000000000e+00,-1.000000000000000000e+00,-1.000000000000000000e+00,-5.000000000000000000e+00,0.000000000000000000e+00,3.800048828125000000e-01,1.574096679687500000e-01,-9.111328125000000000e-01,-2.716064453125000000e-02
6.000000000000000000e+00,1.200000000000000000e+01,9.000000000000000000e+00,0.000000000000000000e+00,0.000000000000000000e+00,0.000000000000000000e+00,0.000000000000000000e+00,-1.000000000000000000e+00,3.800048828125000000e-01,1.574096679687500000e-01,-9.111328125000000000e-01,-2.716064453125000000e-02
5.000000000000000000e+00,3.000000000000000000e+00,2.000000000000000000e+00,4.000000000000000000e+00,-2.000000000000000000e+00,-4.000000000000000000e+00,-3.000000000000000000e+00,0.000000000000000000e+00,3.800048828125000000e-01,1.574096679687500000e-01,-9.111328125000000000e-01,-2.716064453125000000e-02
3.000000000000000000e+00,-3.000000000000000000e+00,-2.000000000000000000e+00,-8.000000000000000000e+00,-8.000000000000000000e+00,-2.000000000000000000e+00,2.000000000000000000e+00,0.000000000000000000e+00,3.793945312500000000e-01,1.582641601562500000e-01,-9.111938476562500000e-01,-2.697753906250000000e-02
8.000000000000000000e+00,4.000000000000000000e+00,4.000000000000000000e+00,1.300000000000000000e+01,2.000000000000000000e+00,-1.000000000000000000e+00,0.000000000000000000e+00,-2.000000000000000000e+00,3.793945312500000000e-01,1.582641601562500000e-01,-9.111938476562500000e-01,-2.697753906250000000e-02
-6.000000000000000000e+00,-7.000000000000000000e+00,5.000000000000000000e+00,3.000000000000000000e+00,0.000000000000000000e+00,5.000000000000000000e+00,-1.000000000000000000e+00,-1.000000000000000000e+00,3.793945312500000000e-01,1.582641601562500000e-01,-9.111938476562500000e-01,-2.697753906250000000e-02
1.300000000000000000e+01,-6.000000000000000000e+00,-2.000000000000000000e+01,-8.000000000000000000e+00,0.000000000000000000e+00,-4.000000000000000000e+00,-3.000000000000000000e+00,-1.000000000000000000e+00,3.793945312500000000e-01,1.582641601562500000e-01,-9.111938476562500000e-01,-2.697753906250000000e-02
-2.600000000000000000e+01,-8.000000000000000000e+00,7.000000000000000000e+00,1.000000000000000000e+00,0.000000000000000000e+00,1.000000000000000000e+00,-2.000000000000000000e+00,-1.000000000000000000e+00,3.790283203125000000e-01,1.588745117187500000e-01,-9.112548828125000000e-01,-2.697753906250000000e-02
-7.000000000000000000e+00,2.000000000000000000e+00,0.000000000000000000e+00,-5.000000000000000000e+00,-3.000000000000000000e+00,-2.000000000000000000e+00,-7.000000000000000000e+00,-2.000000000000000000e+00,3.790283203125000000e-01,1.588745117187500000e-01,-9.112548828125000000e-01,-2.697753906250000000e-02
4.000000000000000000e+00,1.000000000000000000e+00,-5.000000000000000000e+00,-2.000000000000000000e+00,-1.000000000000000000e+00,-3.000000000000000000e+00,3.000000000000000000e+00,1.000000000000000000e+00,3.790283203125000000e-01,1.588745117187500000e-01,-9.112548828125000000e-01,-2.697753906250000000e-02
3.000000000000000000e+00,1.700000000000000000e+01,2.100000000000000000e+01,-3.000000000000000000e+00,-4.000000000000000000e+00,1.000000000000000000e+00,3.000000000000000000e+00,3.000000000000000000e+00,3.790283203125000000e-01,1.588745117187500000e-01,-9.112548828125000000e-01,-2.697753906250000000e-02
1.100000000000000000e+01,-8.000000000000000000e+00,-3.500000000000000000e+01,-1.000000000000000000e+00,-1.000000000000000000e+00,-3.000000000000000000e+00,0.000000000000000000e+00,-1.000000000000000000e+00,3.789062500000000000e-01,1.591186523437500000e-01,-9.112548828125000000e-01,-2.703857421875000000e-02
-8.000000000000000000e+00,-1.100000000000000000e+01,1.400000000000000000e+01,1.000000000000000000e+01,-4.000000000000000000e+00,-3.000000000000000000e+00,-3.000000000000000000e+00,-2.000000000000000000e+00,3.789062500000000000e-01,1.591186523437500000e-01,-9.112548828125000000e-01,-2.703857421875000000e-02
0.000000000000000000e+00,0.000000000000000000e+00,-5.000000000000000000e+00,-1.100000000000000000e+01,5.000000000000000000e+00,-1.000000000000000000e+00,-1.000000000000000000e+00,-4.000000000000000000e+00,3.789062500000000000e-01,1.591186523437500000e-01,-9.112548828125000000e-01,-2.703857421875000000e-02
0.000000000000000000e+00,-6.000000000000000000e+00,1.100000000000000000e+01,-1.000000000000000000e+00,-2.000000000000000000e+00,-1.000000000000000000e+00,-1.000000000000000000e+00,-1.000000000000000000e+00,3.789062500000000000e-01,1.591186523437500000e-01,-9.112548828125000000e-01,-2.703857421875000000e-02
4.000000000000000000e+00,6.000000000000000000e+00,-7.000000000000000000e+00,-3.000000000000000000e+00,-1.000000000000000000e+00,0.000000000000000000e+00,0.000000000000000000e+00,0.000000000000000000e+00,3.788452148437500000e-01,1.596679687500000000e-01,-9.111938476562500000e-01,-2.697753906250000000e-02
-6.000000000000000000e+00,8.000000000000000000e+00,-1.100000000000000000e+01,-4.000000000000000000e+00,-1.000000000000000000e+00,2.000000000000000000e+00,0.000000000000000000e+00,-1.000000000000000000e+00,3.788452148437500000e-01,1.596679687500000000e-01,-9.111938476562500000e-01,-2.697753906250000000e-02
9.000000000000000000e+00,-1.200000000000000000e+01,2.100000000000000000e+01,7.000000000000000000e+00,-4.000000000000000000e+00,-6.000000000000000000e+00,-3.000000000000000000e+00,0.000000000000000000e+00,3.788452148437500000e-01,1.596679687500000000e-01,-9.111938476562500000e-01,-2.697753906250000000e-02
-1.700000000000000000e+01,1.400000000000000000e+01,-1.300000000000000000e+01,-6.000000000000000000e+00,-1.000000000000000000e+00,-5.000000000000000000e+00,-6.000000000000000000e+00,-5.000000000000000000e+00,3.788452148437500000e-01,1.596679687500000000e-01,-9.111938476562500000e-01,-2.697753906250000000e-02
-7.000000000000000000e+00,-2.500000000000000000e+01,1.200000000000000000e+01,-4.000000000000000000e+00,-1.000000000000000000e+00,1.000000000000000000e+00,-3.000000000000000000e+00,-2.000000000000000000e+00,3.788452148437500000e-01,1.602783203125000000e-01,-9.110717773437500000e-01,-2.697753906250000000e-02
-9.000000000000000000e+00,-1.200000000000000000e+01,-2.500000000000000000e+01,-1.000000000000000000e+00,1.000000000000000000e+00,-1.000000000000000000e+00,-7.000000000000000000e+00,-3.000000000000000000e+00,3.788452148437500000e-01,1.602783203125000000e-01,-9.110717773437500000e-01,-2.697753906250000000e-02
4.000000000000000000e+00,8.000000000000000000e+00,4.000000000000000000e+00,1.000000000000000000e+00,-2.000000000000000000e+00,-1.000000000000000000e+00,-1.000000000000000000e+00,0.000000000000000000e+00,3.788452148437500000e-01,1.602783203125000000e-01,-9.110717773437500000e-01,-2.697753906250000000e-02
6.000000000000000000e+00,9.000000000000000000e+00,-1.000000000000000000e+00,-4.000000000000000000e+00,1.000000000000000000e+00,-2.000000000000000000e+00,1.000000000000000000e+00,1.000000000000000000e+00,3.788452148437500000e-01,1.602783203125000000e-01,-9.110717773437500000e-01,-2.697753906250000000e-02
1.000000000000000000e+00,0.000000000000000000e+00,6.000000000000000000e+00,6.000000000000000000e+00,-1.000000000000000000e+00,-2.000000000000000000e+00,0.000000000000000000e+00,1.000000000000000000e+00,3.788452148437500000e-01,1.608276367187500000e-01,-9.110107421875000000e-01,-2.703857421875000000e-02
-3.000000000000000000e+00,-2.000000000000000000e+00,-3.000000000000000000e+00,-1.300000000000000000e+01,-6.000000000000000000e+00,-4.000000000000000000e+00,0.000000000000000000e+00,0.000000000000000000e+00,3.788452148437500000e-01,1.608276367187500000e-01,-9.110107421875000000e-01,-2.703857421875000000e-02
-6.000000000000000000e+00,-2.000000000000000000e+00,2.000000000000000000e+00,4.000000000000000000e+00,5.000000000000000000e+00,1.000000000000000000e+00,-6.000000000000000000e+00,-2.000000000000000000e+00,3.788452148437500000e-01,1.608276367187500000e-01,-9.110107421875000000e-01,-2.703857421875000000e-02
3.000000000000000000e+00,-5.000000000000000000e+00,-1.600000000000000000e+01,-2.000000000000000000e+00,-1.000000000000000000e+00,4.000000000000000000e+00,9.000000000000000000e+00,0.000000000000000000e+00,3.788452148437500000e-01,1.608276367187500000e-01,-9.110107421875000000e-01,-2.703857421875000000e-02
1.000000000000000000e+00,-8.000000000000000000e+00,9.000000000000000000e+00,-3.000000000000000000e+00,-4.000000000000000000e+00,-4.000000000000000000e+00,-1.000000000000000000e+00,-3.000000000000000000e+00,3.787231445312500000e-01,1.610717773437500000e-01,-9.110107421875000000e-01,-2.734375000000000000e-02
-2.300000000000000000e+01,-9.000000000000000000e+00,0.000000000000000000e+00,-4.000000000000000000e+00,-2.000000000000000000e+00,1.000000000000000000e+00,2.000000000000000000e+00,-1.000000000000000000e+00,3.787231445312500000e-01,1.610717773437500000e-01,-9.110107421875000000e-01,-2.734375000000000000e-02
1.000000000000000000e+00,8.000000000000000000e+00,7.000000000000000000e+00,2.000000000000000000e+00,-2.000000000000000000e+00,-3.000000000000000000e+00,-3.000000000000000000e+00,-1.000000000000000000e+00,3.787231445312500000e-01,1.610717773437500000e-01,-9.110107421875000000e-01,-2.734375000000000000e-02
0.000000000000000000e+00,-4.000000000000000000e+00,-2.500000000000000000e+01,-4.000000000000000000e+00,-5.000000000000000000e+00,-1.000000000000000000e+00,-3.000000000000000000e+00,-1.000000000000000000e+00,3.787231445312500000e-01,1.610717773437500000e-01,-9.110107421875000000e-01,-2.734375000000000000e-02
2.000000000000000000e+00,7.000000000000000000e+00,1.000000000000000000e+00,6.000000000000000000e+00,-4.000000000000000000e+00,-1.000000000000000000e+00,-1.000000000000000000e+00,-1.000000000000000000e+00,3.784179687500000000e-01,1.611328125000000000e-01,-9.110717773437500000e-01,-2.764892578125000000e-02
2.100000000000000000e+01,1.000000000000000000e+00,-5.000000000000000000e+00,-6.000000000000000000e+00,-4.000000000000000000e+00,-4.000000000000000000e+00,-2.000000000000000000e+00,-1.000000000000000000e+00,3.784179687500000000e-01,1.611328125000000000e-01,-9.110717773437500000e-01,-2.764892578125000000e-02
-4.100000000000000000e+01,-9.000000000000000000e+00,-2.100000000000000000e+01,1.000000000000000000e+00,5.000000000000000000e+00,1.000000000000000000e+00,0.000000000000000000e+00,-1.000000000000000000e+00,3.784179687500000000e-01,1.611328125000000000e-01,-9.110717773437500000e-01,-2.764892578125000000e-02
-1.000000000000000000e+00,-9.000000000000000000e+00,1.800000000000000000e+01,-1.000000000000000000e+00,-2.000000000000000000e+00,0.000000000000000000e+00,-1.000000000000000000e+00,-3.000000000000000000e+00,3.784179687500000000e-01,1.611328125000000000e-01,-9.110717773437500000e-01,-2.764892578125000000e-02
3.000000000000000000e+00,4.000000000000000000e+00,-1.000000000000000000e+01,-2.000000000000000000e+00,0.000000000000000000e+00,-3.000000000000000000e+00,0.000000000000000000e+00,-2.000000000000000000e+00,3.780517578125000000e-01,1.611328125000000000e-01,-9.112548828125000000e-01,-2.783203125000000000e-02
-6.000000000000000000e+00,0.000000000000000000e+00,7.000000000000000000e+00,1.000000000000000000e+00,2.000000000000000000e+00,0.000000000000000000e+00,-1.000000000000000000e+00,-3.000000000000000000e+00,3.780517578125000000e-01,1.611328125000000000e-01,-9.112548828125000000e-01,-2.783203125000000000e-02
7.000000000000000000e+00,-1.000000000000000000e+00,-1.200000000000000000e+01,-1.200000000000000000e+01,-7.000000000000000000e+00,-7.000000000000000000e+00,-3.000000000000000000e+00,1.000000000000000000e+00,3.780517578125000000e-01,1.611328125000000000e-01,-9.112548828125000000e-01,-2.783203125000000000e-02
6.000000000000000000e+00,8.000000000000000000e+00,5.000000000000000000e+00,1.000000000000000000e+00,1.000000000000000000e+00,0.000000000000000000e+00,-2.000000000000000000e+00,-1.000000000000000000e+00,3.780517578125000000e-01,1.611328125000000000e-01,-9.112548828125000000e-01,-2.783203125000000000e-02
-1.000000000000000000e+00,1.000000000000000000e+00,-9.000000000000000000e+00,0.000000000000000000e+00,2.000000000000000000e+00,0.000000000000000000e+00,-6.000000000000000000e+00,0.000000000000000000e+00,3.775024414062500000e-01,1.610717773437500000e-01,-9.114379882812500000e-01,-2.807617187500000000e-02
-1.000000000000000000e+00,-2.300000000000000000e+01,0.000000000000000000e+00,-2.000000000000000000e+00,-1.000000000000000000e+00,4.000000000000000000e+00,0.000000000000000000e+00,-4.000000000000000000e+00,3.775024414062500000e-01,1.610717773437500000e-01,-9.114379882812500000e-01,-2.807617187500000000e-02
1.000000000000000000e+01,6.000000000000000000e+00,9.000000000000000000e+00,-6.000000000000000000e+00,-6.000000000000000000e+00,-4.000000000000000000e+00,-1.000000000000000000e+00,-3.000000000000000000e+00,3.775024414062500000e-01,1.610717773437500000e-01,-9.114379882812500000e-01,-2.807617187500000000e-02
-2.600000000000000000e+01,-1.100000000000000000e+01,0.000000000000000000e+00,1.000000000000000000e+01,4.000000000000000000e+00,2.000000000000000000e+00,0.000000000000000000e+00,1.000000000000000000e+00,3.775024414062500000e-01,1.610717773437500000e-01,-9.114379882812500000e-01,-2.807617187500000000e-02
1.600000000000000000e+01,1.500000000000000000e+01,4.000000000000000000e+00,0.000000000000000000e+00,1.000000000000000000e+00,-4.000000000000000000e+00,0.000000000000000000e+00,0.000000000000000000e+00,3.770141601562500000e-01,1.609497070312500000e-01,-9.116821289062500000e-01,-2.813720703125000000e-02
-9.000000000000000000e+00,-4.000000000000000000e+00,-1.000000000000000000e+00,-3.000000000000000000e+00,2.000000000000000000e+00,-2.000000000000000000e+00,0.000000000000000000e+00,-2.000000000000000000e+00,3.770141601562500000e-01,1.609497070312500000e-01,-9.116821289062500000e-01,-2.813720703125000000e-02
8.000000000000000000e+00,-1.000000000000000000e+01,-1.200000000000000000e+01,3.000000000000000000e+00,-9.000000000000000000e+00,-6.000000000000000000e+00,-5.000000000000000000e+00,-1.000000000000000000e+00,3.770141601562500000e-01,1.609497070312500000e-01,-9.116821289062500000e-01,-2.813720703125000000e-02
9.000000000000000000e+00,9.000000000000000000e+00,1.600000000000000000e+01,-9.000000000000000000e+00,-1.000000000000000000e+00,0.000000000000000000e+00,2.000000000000000000e+00,0.000000000000000000e+00,3.770141601562500000e-01,1.609497070312500000e-01,-9.116821289062500000e-01,-2.813720703125000000e-02
-5.000000000000000000e+00,-8.000000000000000000e+00,-7.000000000000000000e+00,2.000000000000000000e+00,-1.000000000000000000e+00,-1.000000000000000000e+00,-1.000000000000000000e+00,-2.000000000000000000e+00,3.765258789062500000e-01,1.607055664062500000e-01,-9.119262695312500000e-01,-2.850341796875000000e-02
3.000000000000000000e+00,3.000000000000000000e+00,4.000000000000000000e+00,4.000000000000000000e+00,1.000000000000000000e+00,-4.000000000000000000e+00,0.000000000000000000e+00,0.000000000000000000e+00,3.765258789062500000e-01,1.607055664062500000e-01,-9.119262695312500000e-01,-2.850341796875000000e-02
-1.000000000000000000e+00,-2.000000000000000000e+00,-8.000000000000000000e+00,-4.000000000000000000e+00,0.000000000000000000e+00,-1.000000000000000000e+00,-4.000000000000000000e+00,-2.000000000000000000e+00,3.765258789062500000e-01,1.607055664062500000e-01,-9.119262695312500000e-01,-2.850341796875000000e-02
7.000000000000000000e+00,7.000000000000000000e+00,1.300000000000000000e+01,-3.000000000000000000e+00,-1.000000000000000000e+00,-2.000000000000000000e+00,-1.000000000000000000e+00,0.000000000000000000e+00,3.765258789062500000e-01,1.607055664062500000e-01,-9.119262695312500000e-01,-2.850341796875000000e-02
-2.000000000000000000e+01,-1.100000000000000000e+01,-4.000000000000000000e+00,-6.000000000000000000e+00,0.000000000000000000e+00,1.000000000000000000e+00,-1.000000000000000000e+00,-2.000000000000000000e+00,3.760375976562500000e-01,1.604614257812500000e-01,-9.121704101562500000e-01,-2.899169921875000000e-02
-3.000000000000000000e+00,1.000000000000000000e+00,-2.000000000000000000e+00,-2.000000000000000000e+00,-2.000000000000000000e+00,2.000000000000000000e+00,-2.000000000000000000e+00,-2.000000000000000000e+00,3.760375976562500000e-01,1.604614257812500000e-01,-9.121704101562500000e-01,-2.899169921875000000e-02
1.000000000000000000e+01,1.600000000000000000e+01,3.000000000000000000e+01,1.100000000000000000e+01,0.000000000000000000e+00,0.000000000000000000e+00,0.000000000000000000e+00,-1.000000000000000000e+00,3.760375976562500000e-01,1.604614257812500000e-01,-9.121704101562500000e-01,-2.899169921875000000e-02
-1.100000000000000000e+01,-2.000000000000000000e+00,-4.400000000000000000e+01,-7.000000000000000000e+00,2.000000000000000000e+00,4.000000000000000000e+00,-1.000000000000000000e+00,-2.000000000000000000e+00,3.760375976562500000e-01,1.604614257812500000e-01,-9.121704101562500000e-01,-2.899169921875000000e-02
6.000000000000000000e+00,-1.400000000000000000e+01,-1.200000000000000000e+01,-6.000000000000000000e+00,-4.000000000000000000e+00,-1.000000000000000000e+00,6.000000000000000000e+00,0.000000000000000000e+00,3.756103515625000000e-01,1.602172851562500000e-01,-9.123535156250000000e-01,-2.954101562500000000e-02
-1.200000000000000000e+01,-2.000000000000000000e+00,-6.000000000000000000e+00,-3.000000000000000000e+00,-4.000000000000000000e+00,0.000000000000000000e+00,-1.000000000000000000e+00,-2.000000000000000000e+00,3.756103515625000000e-01,1.602172851562500000e-01,-9.123535156250000000e-01,-2.954101562500000000e-02
6.000000000000000000e+00,0.000000000000000000e+00,2.000000000000000000e+00,5.000000000000000000e+00,2.000000000000000000e+00,0.000000000000000000e+00,-1.000000000000000000e+00,-1.000000000000000000e+00,3.756103515625000000e-01,1.602172851562500000e-01,-9.123535156250000000e-01,-2.954101562500000000e-02
0.000000000000000000e+00,-8.000000000000000000e+00,6.000000000000000000e+00,0.000000000000000000e+00,-6.000000000000000000e+00,-4.000000000000000000e+00,-3.000000000000000000e+00,0.000000000000000000e+00,3.756103515625000000e-01,1.602172851562500000e-01,-9.123535156250000000e-01,-2.954101562500000000e-02
3.000000000000000000e+00,1.100000000000000000e+01,4.000000000000000000e+00,4.000000000000000000e+00,3.000000000000000000e+00,1.000000000000000000e+00,0.000000000000000000e+00,1.000000000000000000e+00,3.751220703125000000e-01,1.601562500000000000e-01,-9.125366210937500000e-01,-2.978515625000000000e-02
1.000000000000000000e+00,5.000000000000000000e+00,6.000000000000000000e+00,-2.000000000000000000e+00,-2.000000000000000000e+00,0.000000000000000000e+00,3.000000000000000000e+00,1.000000000000000000e+00,3.751220703125000000e-01,1.601562500000000000e-01,-9.125366210937500000e-01,-2.978515625000000000e-02
-1.000000000000000000e+00,3.000000000000000000e+00,-2.000000000000000000e+00,2.000000000000000000e+00,1.000000000000000000e+00,2.000000000000000000e+00,0.000000000000000000e+00,0.000000000000000000e+00,3.751220703125000000e-01,1.601562500000000000e-01,-9.125366210937500000e-01,-2.978515625000000000e-02
2.300000000000000000e+01,1.300000000000000000e+01,6.000000000000000000e+00,3.000000000000000000e+00,3.000000000000000000e+00,-2.000000000000000000e+00,0.000000000000000000e+00,-1.000000000000000000e+00,3.751220703125000000e-01,1.601562500000000000e-01,-9.125366210937500000e-01,-2.978515625000000000e-02
-5.000000000000000000e+00,-2.300000000000000000e+01,-4.000000000000000000e+00,-4.000000000000000000e+00,-3.000000000000000000e+00,-1.000000000000000000e+00,-2.000000000000000000e+00,-2.000000000000000000e+00,3.746948242187500000e-01,1.605834960937500000e-01,-9.126586914062500000e-01,-2.990722656250000000e-02
-6.000000000000000000e+00,-6.000000000000000000e+00,-1.000000000000000000e+00,2.000000000000000000e+00,0.000000000000000000e+00,-1.000000000000000000e+00,0.000000000000000000e+00,-3.000000000000000000e+00,3.746948242187500000e-01,1.605834960937500000e-01,-9.126586914062500000e-01,-2.990722656250000000e-02
-4.000000000000000000e+00,-5.000000000000000000e+00,-6.000000000000000000e+00,-6.000000000000000000e+00,0.000000000000000000e+00,-1.000000000000000000e+00,0.000000000000000000e+00,-1.000000000000000000e+00,3.746948242187500000e-01,1.605834960937500000e-01,-9.126586914062500000e-01,-2.990722656250000000e-02
0.000000000000000000e+00,-5.000000000000000000e+00,-5.000000000000000000e+00,-3.000000000000000000e+00,-7.000000000000000000e+00,-5.000000000000000000e+00,1.000000000000000000e+00,-1.000000000000000000e+00,3.746948242187500000e-01,1.605834960937500000e-01,-9.126586914062500000e-01,-2.990722656250000000e-02
8.000000000000000000e+00,1.600000000000000000e+01,1.900000000000000000e+01,4.000000000000000000e+00,3.000000000000000000e+00,5.000000000000000000e+00,-2.000000000000000000e+00,1.000000000000000000e+00,3.741455078125000000e-01,1.611938476562500000e-01,-9.127807617187500000e-01,-2.996826171875000000e-02
2.000000000000000000e+00,9.000000000000000000e+00,-5.000000000000000000e+00,-2.000000000000000000e+00,-1.000000000000000000e+00,-1.000000000000000000e+00,2.000000000000000000e+00,-1.000000000000000000e+00,3.741455078125000000e-01,1.611938476562500000e-01,-9.127807617187500000e-01,-2.996826171875000000e-02
0.000000000000000000e+00,-1.000000000000000000e+00,9.000000000000000000e+00,-1.000000000000000000e+00,0.000000000000000000e+00,0.000000000000000000e+00,2.000000000000000000e+00,-1.000000000000000000e+00,3.741455078125000000e-01,1.611938476562500000e-01,-9.127807617187500000e-01,-2.996826171875000000e-02
3.000000000000000000e+00,-6.000000000000000000e+00,-1.300000000000000000e+01,1.100000000000000000e+01,-2.000000000000000000e+00,-2.000000000000000000e+00,-3.000000000000000000e+00,-3.000000000000000000e+00,3.741455078125000000e-01,1.611938476562500000e-01,-9.127807617187500000e-01,-2.996826171875000000e-02
-2.900000000000000000e+01,-2.000000000000000000e+00,-4.000000000000000000e+00,-1.600000000000000000e+01,-5.000000000000000000e+00,-4.000000000000000000e+00,-3.000000000000000000e+00,-2.000000000000000000e+00,3.737792968750000000e-01,1.613769531250000000e-01,-9.129028320312500000e-01,-3.015136718750000000e-02
-1.000000000000000000e+00,-7.000000000000000000e+00,5.000000000000000000e+00,-2.000000000000000000e+00,3.000000000000000000e+00,0.000000000000000000e+00,4.000000000000000000e+00,2.000000000000000000e+00,3.737792968750000000e-01,1.613769531250000000e-01,-9.129028320312500000e-01,-3.015136718750000000e-02
-3.000000000000000000e+00,1.000000000000000000e+00,-3.000000000000000000e+00,1.000000000000000000e+00,0.000000000000000000e+00,-1.000000000000000000e+00,1.000000000000000000e+00,-2.000000000000000000e+00,3.737792968750000000e-01,1.613769531250000000e-01,-9.129028320312500000e-01,-3.015136718750000000e-02
-2.000000000000000000e+00,-1.900000000000000000e+01,2.000000000000000000e+00,-2.000000000000000000e+00,-6.000000000000000000e+00,0.000000000000000000e+00,-1.000000000000000000e+00,0.000000000000000000e+00,3.737792968750000000e-01,1.613769531250000000e-01,-9.129028320312500000e-01,-3.015136718750000000e-02
1.300000000000000000e+01,1.600000000000000000e+01,5.000000000000000000e+00,1.200000000000000000e+01,8.000000000000000000e+00,2.000000000000000000e+00,-3.000000000000000000e+00,-1.000000000000000000e+00,3.735961914062500000e-01,1.612548828125000000e-01,-9.129638671875000000e-01,-3.033447265625000000e-02
-5.000000000000000000e+00,-4.000000000000000000e+00,-7.000000000000000000e+00,-2.000000000000000000e+00,-4.000000000000000000e+00,-3.000000000000000000e+00,-7.000000000000000000e+00,-3.000000000000000000e+00,3.735961914062500000e-01,1.612548828125000000e-01,-9.129638671875000000e-01,-3.033447265625000000e-02
8.000000000000000000e+00,7.000000000000000000e+00,6.000000000000000000e+00,-1.000000000000000000e+00,0.000000000000000000e+00,1.000000000000000000e+00,-1.000000000000000000e+00,-2.000000000000000000e+00,3.735961914062500000e-01,1.612548828125000000e-01,-9.129638671875000000e-01,-3.033447265625000000e-02
-2.100000000000000000e+01,6.000000000000000000e+00,-1.800000000000000000e+01,-1.100000000000000000e+01,-5.000000000000000000e+00,-3.000000000000000000e+00,-1.000000000000000000e+00,0.000000000000000000e+00,3.735961914062500000e-01,1.612548828125000000e-01,-9.129638671875000000e-01,-3.033447265625000000e-02
5.000000000000000000e+00,-1.800000000000000000e+01,-1.000000000000000000e+00,5.000000000000000000e+00,-3.000000000000000000e+00,-4.000000000000000000e+00,-3.000000000000000000e+00,0.000000000000000000e+00,3.734741210937500000e-01,1.609497070312500000e-01,-9.130859375000000000e-01,-3.021240234375000000e-02
1.000000000000000000e+00,2.000000000000000000e+00,3.000000000000000000e+00,-1.000000000000000000e+00,4.000000000000000000e+00,1.000000000000000000e+00,-1.000000000000000000e+00,-1.000000000000000000e+00,3.734741210937500000e-01,1.609497070312500000e-01,-9.130859375000000000e-01,-3.021240234375000000e-02
-1.000000000000000000e+00,-5.000000000000000000e+00,-2.000000000000000000e+00,0.000000000000000000e+00,-3.000000000000000000e+00,-1.000000000000000000e+00,0.000000000000000000e+00,0.000000000000000000e+00,3.734741210937500000e-01,1.609497070312500000e-01,-9.130859375000000000e-01,-3.021240234375000000e-02
-1.000000000000000000e+00,-6.000000000000000000e+00,1.100000000000000000e+01,-3.000000000000000000e+00,-5.000000000000000000e+00,-4.000000000000000000e+00,-1.000000000000000000e+00,-3.000000000000000000e+00,3.734741210937500000e-01,1.609497070312500000e-01,-9.130859375000000000e-01,-3.021240234375000000e-02
1.000000000000000000e+00,1.300000000000000000e+01,1.300000000000000000e+01,0.000000000000000000e+00,1.000000000000000000e+00,3.000000000000000000e+00,4.000000000000000000e+00,0.000000000000000000e+00,3.732299804687500000e-01,1.608886718750000000e-01,-9.132080078125000000e-01,-2.990722656250000000e-02
2.000000000000000000e+00,-3.000000000000000000e+00,-3.400000000000000000e+01,-1.000000000000000000e+00,2.000000000000000000e+00,5.000000000000000000e+00,-1.000000000000000000e+00,0.000000000000000000e+00,3.732299804687500000e-01,1.608886718750000000e-01,-9.132080078125000000e-01,-2.990722656250000000e-02
-9.000000000000000000e+00,-1.600000000000000000e+01,1.000000000000000000e+00,-1.300000000000000000e+01,-9.000000000000000000e+00,-6.000000000000000000e+00,-5.000000000000000000e+00,-1.000000000000000000e+00,3.732299804687500000e-01,1.608886718750000000e-01,-9.132080078125000000e-01,-2.990722656250000000e-02
6.000000000000000000e+00,0.000000000000000000e+00,1.300000000000000000e+01,-1.000000000000000000e+00,-3.000000000000000000e+00,-1.000000000000000000e+00,0.000000000000000000e+00,-1.000000000000000000e+00,3.732299804687500000e-01,1.608886718750000000e-01,-9.132080078125000000e-01,-2.990722656250000000e-02
0.000000000000000000e+00,5.000000000000000000e+00,-1.600000000000000000e+01,-5.000000000000000000e+00,-4.000000000000000000e+00,-3.000000000000000000e+00,-2.000000000000000000e+00,-1.000000000000000000e+00,3.728637695312500000e-01,1.608276367187500000e-01,-9.133911132812500000e-01,-2.947998046875000000e-02
1.000000000000000000e+00,7.000000000000000000e+00,2.000000000000000000e+01,9.000000000000000000e+00,3.000000000000000000e+00,-1.000000000000000000e+00,1.000000000000000000e+00,1.000000000000000000e+00,3.728637695312500000e-01,1.608276367187500000e-01,-9.133911132812500000e-01,-2.947998046875000000e-02
1.000000000000000000e+00,-3.000000000000000000e+00,-1.700000000000000000e+01,-3.000000000000000000e+00,1.000000000000000000e+00,-2.000000000000000000e+00,-5.000000000000000000e+00,-3.000000000000000000e+00,3.728637695312500000e-01,1.608276367187500000e-01,-9.133911132812500000e-01,-2.947998046875000000e-02
6.000000000000000000e+00,7.000000000000000000e+00,1.400000000000000000e+01,3.000000000000000000e+00,1.000000000000000000e+00,0.000000000000000000e+00,-3.000000000000000000e+00,0.000000000000000000e+00,3.728637695312500000e-01,1.608276367187500000e-01,-9.133911132812500000e-01,-2.947998046875000000e-02
2.300000000000000000e+01,-1.000000000000000000e+00,-2.000000000000000000e+01,-2.000000000000000000e+00,-1.000000000000000000e+00,-3.000000000000000000e+00,3.000000000000000000e+00,1.000000000000000000e+00,3.723144531250000000e-01,1.608886718750000000e-01,-9.135742187500000000e-01,-2.929687500000000000e-02
-3.600000000000000000e+01,-7.000000000000000000e+00,1.000000000000000000e+01,-1.000000000000000000e+00,-1.000000000000000000e+00,0.000000000000000000e+00,1.000000000000000000e+00,-5.000000000000000000e+00,3.723144531250000000e-01,1.608886718750000000e-01,-9.135742187500000000e-01,-2.929687500000000000e-02
-9.000000000000000000e+00,-3.200000000000000000e+01,-4.600000000000000000e+01,-1.600000000000000000e+01,-1.300000000000000000e+01,-3.000000000000000000e+00,-3.000000000000000000e+00,-3.000000000000000000e+00,3.723144531250000000e-01,1.608886718750000000e-01,-9.135742187500000000e-01,-2.929687500000000000e-02
-1.400000000000000000e+01,-2.000000000000000000e+00,7.000000000000000000e+00,4.000000000000000000e+00,2.000000000000000000e+00,-5.000000000000000000e+00,-2.000000000000000000e+00,-1.000000000000000000e+00,3.723144531250000000e-01,1.608886718750000000e-01,-9.135742187500000000e-01,-2.929687500000000000e-02
1.100000000000000000e+01,8.000000000000000000e+00,9.000000000000000000e+00,-6.000000000000000000e+00,-3.000000000000000000e+00,2.000000000000000000e+00,4.000000000000000000e+00,2.000000000000000000e+00,3.717041015625000000e-01,1.610717773437500000e-01,-9.138183593750000000e-01,-2.923583984375000000e-02
1.500000000000000000e+01,8.000000000000000000e+00,-1.000000000000000000e+00,9.000000000000000000e+00,2.000000000000000000e+00,-1.000000000000000000e+00,-2.000000000000000000e+00,1.000000000000000000e+00,3.717041015625000000e-01,1.610717773437500000e-01,-9.138183593750000000e-01,-2.923583984375000000e-02
-1.000000000000000000e+00,1.100000000000000000e+01,4.000000000000000000e+00,5.000000000000000000e+00,5.000000000000000000e+00,2.000000000000000000e+00,-1.000000000000000000e+00,-2.000000000000000000e+00,3.717041015625000000e-01,1.610717773437500000e-01,-9.138183593750000000e-01,-2.923583984375000000e-02
8.000000000000000000e+00,1.000000000000000000e+00,7.000000000000000000e+00,-5.000000000000000000e+00,-3.000000000000000000e+00,-1.000000000000000000e+00,-4.000000000000000000e+00,1.000000000000000000e+00,3.717041015625000000e-01,1.610717773437500000e-01,-9.138183593750000000e-01,-2.923583984375000000e-02
-5.000000000000000000e+00,4.000000000000000000e+00,-1.400000000000000000e+01,-3.000000000000000000e+00,-3.000000000000000000e+00,-3.000000000000000000e+00,1.000000000000000000e+00,0.000000000000000000e+00,3.710937500000000000e-01,1.609497070312500000e-01,-9.140625000000000000e-01,-2.941894531250000000e-02
2.000000000000000000e+00,-6.000000000000000000e+00,-1.000000000000000000e+00,-2.000000000000000000e+00,-3.000000000000000000e+00,-3.000000000000000000e+00,-1.000000000000000000e+00,0.000000000000000000e+00,3.710937500000000000e-01,1.609497070312500000e-01,-9.140625000000000000e-01,-2.941894531250000000e-02
-1.100000000000000000e+01,-1.000000000000000000e+00,1.400000000000000000e+01,4.000000000000000000e+00,1.000000000000000000e+00,0.000000000000000000e+00,1.000000000000000000e+00,-2.000000000000000000e+00,3.710937500000000000e-01,1.609497070312500000e-01,-9.140625000000000000e-01,-2.941894531250000000e-02
6.000000000000000000e+00,2.000000000000000000e+00,-2.000000000000000000e+01,-2.000000000000000000e+00,1.000000000000000000e+00,2.000000000000000000e+00,-3.000000000000000000e+00,-2.000000000000000000e+00,3.710937500000000000e-01,1.609497070312500000e-01,-9.140625000000000000e-01,-2.941894531250000000e-02
-9.000000000000000000e+00,-2.000000000000000000e+00,6.000000000000000000e+00,-4.000000000000000000e+00,-1.000000000000000000e+00,-2.000000000000000000e+00,-5.000000000000000000e+00,-2.000000000000000000e+00,3.705444335937500000e-01,1.610107421875000000e-01,-9.143066406250000000e-01,-2.941894531250000000e-02
2.000000000000000000e+00,4.000000000000000000e+00,1.100000000000000000e+01,3.000000000000000000e+00,0.000000000000000000e+00,0.000000000000000000e+00,-1.000000000000000000e+00,-1.000000000000000000e+00,3.705444335937500000e-01,1.610107421875000000e-01,-9.143066406250000000e-01,-2.941894531250000000e-02
9.000000000000000000e+00,1.000000000000000000e+00,-1.300000000000000000e+01,-2.000000000000000000e+00,-2.000000000000000000e+00,-3.000000000000000000e+00,-2.000000000000000000e+00,0.000000000000000000e+00,3.705444335937500000e-01,1.610107421875000000e-01,-9.143066406250000000e-01,-2.941894531250000000e-02
-1.000000000000000000e+00,-6.000000000000000000e+00,-3.000000000000000000e+00,-4.000000000000000000e+00,2.000000000000000000e+00,0.000000000000000000e+00,1.000000000000000000e+00,-2.000000000000000000e+00,3.705444335937500000e-01,1.610107421875000000e-01,-9.143066406250000000e-01,-2.941894531250000000e-02
-7.000000000000000000e+00,-4.000000000000000000e+00,1.000000000000000000e+01,5.000000000000000000e+00,1.000000000000000000e+00,1.000000000000000000e+00,-4.000000000000000000e+00,-2.000000000000000000e+00,3.700561523437500000e-01,1.614990234375000000e-01,-9.144287109375000000e-01,-2.935791015625000000e-02
-9.000000000000000000e+00,-1.400000000000000000e+01,-8.000000000000000000e+00,-7.000000000000000000e+00,-2.000000000000000000e+00,-2.000000000000000000e+00,2.000000000000000000e+00,-1.000000000000000000e+00,3.700561523437500000e-01,1.614990234375000000e-01,-9.144287109375000000e-01,-2.935791015625000000e-02
3.000000000000000000e+00,9.000000000000000000e+00,1.000000000000000000e+00,4.000000000000000000e+00,5.000000000000000000e+00,2.000000000000000000e+00,-1.000000000000000000e+00,-2.000000000000000000e+00,3.700561523437500000e-01,1.614990234375000000e-01,-9.144287109375000000e-01,-2.935791015625000000e-02
4.000000000000000000e+00,4.000000000000000000e+00,9.000000000000000000e+00,0.000000000000000000e+00,0.000000000000000000e+00,0.000000000000000000e+00,-1.000000000000000000e+00,2.000000000000000000e+00,3.700561523437500000e-01,1.614990234375000000e-01,-9.144287109375000000e-01,-2.935791015625000000e-02
7.000000000000000000e+00,-4.000000000000000000e+00,0.000000000000000000e+00,7.000000000000000000e+00,-4.000000000000000000e+00,-3.000000000000000000e+00,-2.000000000000000000e+00,-3.000000000000000000e+00,3.696289062500000000e-01,1.621704101562500000e-01,-9.144897460937500000e-01,-2.935791015625000000e-02
-1.000000000000000000e+01,-1.100000000000000000e+01,-1.200000000000000000e+01,-9.000000000000000000e+00,1.000000000000000000e+00,-3.000000000000000000e+00,-1.000000000000000000e+00,-1.000000000000000000e+00,3.696289062500000000e-01,1.621704101562500000e-01,-9.144897460937500000e-01,-2.935791015625000000e-02
-7.000000000000000000e+00,2.000000000000000000e+00,2.100000000000000000e+01,-4.000000000000000000e+00,-5.000000000000000000e+00,3.000000000000000000e+00,2.000000000000000000e+00,1.000000000000000000e+00,3.696289062500000000e-01,1.621704101562500000e-01,-9.144897460937500000e-01,-2.935791015625000000e-02
-7.000000000000000000e+00,-7.000000000000000000e+00,-8.000000000000000000e+00,3.000000000000000000e+00,1.000000000000000000e+00,-2.000000000000000000e+00,-3.000000000000000000e+00,0.000000000000000000e+00,3.696289062500000000e-01,1.621704101562500000e-01,-9.144897460937500000e-01,-2.935791015625000000e-02
5.000000000000000000e+00,-2.000000000000000000e+00,2.000000000000000000e+00,1.000000000000000000e+00,3.000000000000000000e+00,1.000000000000000000e+00,1.000000000000000000e+00,1.000000000000000000e+00,3.694458007812500000e-01,1.624755859375000000e-01,-9.144897460937500000e-01,-2.954101562500000000e-02
1.500000000000000000e+01,1.000000000000000000e+01,6.000000000000000000e+00,0.000000000000000000e+00,-5.000000000000000000e+00,-2.000000000000000000e+00,-4.000000000000000000e+00,0.000000000000000000e+00,3.694458007812500000e-01,1.624755859375000000e-01,-9.144897460937500000e-01,-2.954101562500000000e-02
1.000000000000000000e+00,-1.000000000000000000e+00,-1.000000000000000000e+00,-1.000000000000000000e+00,-2.000000000000000000e+00,0.000000000000000000e+00,8.000000000000000000e+00,1.000000000000000000e+00,3.694458007812500000e-01,1.624755859375000000e-01,-9.144897460937500000e-01,-2.954101562500000000e-02
5.000000000000000000e+00,1.400000000000000000e+01,8.000000000000000000e+00,7.000000000000000000e+00,-1.000000000000000000e+00,-2.000000000000000000e+00,1.000000000000000000e+00,-3.000000000000000000e+00,3.694458007812500000e-01,1.624755859375000000e-01,-9.144897460937500000e-01,-2.954101562500000000e-02
-2.000000000000000000e+00,-5.000000000000000000e+00,-1.000000000000000000e+00,-3.000000000000000000e+00,3.000000000000000000e+00,1.000000000000000000e+00,-4.000000000000000000e+00,-1.000000000000000000e+00,3.692626953125000000e-01,1.626586914062500000e-01,-9.144897460937500000e-01,-2.972412109375000000e-02
-7.000000000000000000e+00,-2.700000000000000000e+01,-3.200000000000000000e+01,-1.400000000000000000e+01,-2.000000000000000000e+00,-1.000000000000000000e+00,0.000000000000000000e+00,-4.000000000000000000e+00,3.692626953125000000e-01,1.626586914062500000e-01,-9.144897460937500000e-01,-2.972412109375000000e-02
-1.000000000000000000e+00,-6.000000000000000000e+00,5.000000000000000000e+00,-1.000000000000000000e+00,-3.000000000000000000e+00,-3.000000000000000000e+00,-3.000000000000000000e+00,-2.000000000000000000e+00,3.692626953125000000e-01,1.626586914062500000e-01,-9.144897460937500000e-01,-2.972412109375000000e-02
1.000000000000000000e+00,4.000000000000000000e+00,-2.000000000000000000e+00,-2.000000000000000000e+00,1.000000000000000000e+00,1.000000000000000000e+00,-2.000000000000000000e+00,-2.000000000000000000e+00,3.692626953125000000e-01,1.626586914062500000e-01,-9.144897460937500000e-01,-2.972412109375000000e-02
-7.000000000000000000e+00,1.800000000000000000e+01,1.300000000000000000e+01,7.000000000000000000e+00,3.000000000000000000e+00,2.000000000000000000e+00,2.000000000000000000e+00,-1.000000000000000000e+00,3.692016601562500000e-01,1.627197265625000000e-01,-9.144897460937500000e-01,-2.966308593750000000e-02
1.500000000000000000e+01,7.000000000000000000e+00,1.500000000000000000e+01,1.000000000000000000e+00,-3.000000000000000000e+00,-2.000000000000000000e+00,-1.000000000000000000e+00,-3.000000000000000000e+00,3.692016601562500000e-01,1.627197265625000000e-01,-9.144897460937500000e-01,-2.966308593750000000e-02
-1.300000000000000000e+01,-1.500000000000000000e+01,-7.000000000000000000e+00,0.000000000000000000e+00,4.000000000000000000e+00,0.000000000000000000e+00,-5.000000000000000000e+00,-3.000000000000000000e+00,3.692016601562500000e-01,1.627197265625000000e-01,-9.144897460937500000e-01,-2.966308593750000000e-02
-1.000000000000000000e+00,-3.000000000000000000e+00,0.000000000000000000e+00,-8.000000000000000000e+00,-7.000000000000000000e+00,-5.000000000000000000e+00,1.000000000000000000e+00,1.000000000000000000e+00,3.692016601562500000e-01,1.627197265625000000e-01,-9.144897460937500000e-01,-2.966308593750000000e-02
-9.000000000000000000e+00,7.000000000000000000e+00,-1.000000000000000000e+01,1.000000000000000000e+01,2.000000000000000000e+00,-4.000000000000000000e+00,-6.000000000000000000e+00,-5.000000000000000000e+00,3.692016601562500000e-01,1.626586914062500000e-01,-9.145507812500000000e-01,-2.966308593750000000e-02
1.000000000000000000e+00,0.000000000000000000e+00,7.000000000000000000e+00,-1.000000000000000000e+00,2.000000000000000000e+00,2.000000000000000000e+00,2.000000000000000000e+00,2.000000000000000000e+00,3.692016601562500000e-01,1.626586914062500000e-01,-9.145507812500000000e-01,-2.966308593750000000e-02
0.000000000000000000e+00,1.000000000000000000e+00,-6.000000000000000000e+00,2.000000000000000000e+00,-4.000000000000000000e+00,-2.000000000000000000e+00,-1.000000000000000000e+00,2.000000000000000000e+00,3.692016601562500000e-01,1.626586914062500000e-01,-9.145507812500000000e-01,-2.966308593750000000e-02
2.000000000000000000e+00,4.000000000000000000e+00,6.000000000000000000e+00,-1.000000000000000000e+00,-3.000000000000000000e+00,-3.000000000000000000e+00,-3.000000000000000000e+00,-2.000000000000000000e+00,3.692016601562500000e-01,1.626586914062500000e-01,-9.145507812500000000e-01,-2.966308593750000000e-02
1.200000000000000000e+01,-5.000000000000000000e+00,1.400000000000000000e+01,-6.000000000000000000e+00,3.000000000000000000e+00,0.000000000000000000e+00,2.000000000000000000e+00,2.000000000000000000e+00,3.692016601562500000e-01,1.627807617187500000e-01,-9.145507812500000000e-01,-2.941894531250000000e-02
-1.000000000000000000e+01,-1.000000000000000000e+00,-2.600000000000000000e+01,-1.200000000000000000e+01,-9.000000000000000000e+00,-6.000000000000000000e+00,-8.000000000000000000e+00,-4.000000000000000000e+00,3.692016601562500000e-01,1.627807617187500000e-01,-9.145507812500000000e-01,-2.941894531250000000e-02
