7.000000000000000000e+00,0.000000000000000000e+00,8.000000000000000000e+00,-3.000000000000000000e+00,0.000000000000000000e+00,-4.000000000000000000e+00,-1.000000000000000000e+00,1.000000000000000000e+00,4.359741210937500000e-01,2.468261718750000000e-01,-8.592529296875000000e-01,1.030883789062500000e-01
-2.000000000000000000e+00,-1.000000000000000000e+00,-1.400000000000000000e+01,-3.000000000000000000e+01,-1.000000000000000000e+01,-4.000000000000000000e+00,2.000000000000000000e+00,0.000000000000000000e+00,4.359741210937500000e-01,2.468261718750000000e-01,-8.592529296875000000e-01,1.030883789062500000e-01
-8.000000000000000000e+00,4.000000000000000000e+00,7.000000000000000000e+00,5.000000000000000000e+00,-2.000000000000000000e+00,-3.000000000000000000e+00,8.000000000000000000e+00,-5.000000000000000000e+00,4.373168945312500000e-01,2.465820312500000000e-01,-8.587646484375000000e-01,1.024169921875000000e-01
-5.000000000000000000e+00,-2.100000000000000000e+01,-1.000000000000000000e+00,-3.000000000000000000e+00,-4.000000000000000000e+00,-3.000000000000000000e+00,-5.000000000000000000e+01,-8.000000000000000000e+00,4.373168945312500000e-01,2.465820312500000000e-01,-8.587646484375000000e-01,1.024169921875000000e-01
-1.000000000000000000e+00,1.100000000000000000e+01,-1.800000000000000000e+01,0.000000000000000000e+00,3.000000000000000000e+00,5.000000000000000000e+00,4.000000000000000000e+01,2.000000000000000000e+00,4.373168945312500000e-01,2.465820312500000000e-01,-8.587646484375000000e-01,1.024169921875000000e-01
0.000000000000000000e+00,-3.000000000000000000e+00,1.400000000000000000e+01,7.000000000000000000e+00,-1.000000000000000000e+00,6.000000000000000000e+00,9.000000000000000000e+00,1.000000000000000000e+00,4.373168945312500000e-01,2.465820312500000000e-01,-8.587646484375000000e-01,1.024169921875000000e-01
0.000000000000000000e+00,-5.000000000000000000e+00,-1.100000000000000000e+01,-5.000000000000000000e+00,-1.500000000000000000e+01,-1.000000000000000000e+00,2.000000000000000000e+00,3.000000000000000000e+00,4.377441406250000000e-01,2.473754882812500000e-01,-8.584594726562500000e-01,1.013183593750000000e-01
-5.000000000000000000e+00,-8.000000000000000000e+00,-2.000000000000000000e+00,-1.000000000000000000e+01,6.000000000000000000e+00,0.000000000000000000e+00,1.300000000000000000e+01,-2.000000000000000000e+00,4.377441406250000000e-01,2.473754882812500000e-01,-8.584594726562500000e-01,1.013183593750000000e-01
2.000000000000000000e+00,1.000000000000000000e+00,-7.000000000000000000e+00,1.100000000000000000e+01,7.000000000000000000e+00,-6.000000000000000000e+00,-2.100000000000000000e+01,-2.000000000000000000e+00,4.377441406250000000e-01,2.473754882812500000e-01,-8.584594726562500000e-01,1.013183593750000000e-01
6.000000000000000000e+00,9.000000000000000000e+00,5.000000000000000000e+00,1.100000000000000000e+01,-2.000000000000000000e+00,-2.000000000000000000e+00,-4.000000000000000000e+00,-5.000000000000000000e+00,4.377441406250000000e-01,2.473754882812500000e-01,-8.584594726562500000e-01,1.013183593750000000e-01
-3.000000000000000000e+00,-1.100000000000000000e+01,-6.800000000000000000e+01,-4.500000000000000000e+01,-4.000000000000000000e+00,2.000000000000000000e+00,4.000000000000000000e+00,-3.000000000000000000e+00,4.375610351562500000e-01,2.486572265625000000e-01,-8.583374023437500000e-01,9.954833984375000000e-02
4.000000000000000000e+00,6.000000000000000000e+00,3.200000000000000000e+01,1.700000000000000000e+01,-7.000000000000000000e+00,-8.000000000000000000e+00,-1.500000000000000000e+01,-1.000000000000000000e+00,4.375610351562500000e-01,2.486572265625000000e-01,-8.583374023437500000e-01,9.954833984375000000e-02
9.000000000000000000e+00,4.000000000000000000e+00,-1.800000000000000000e+01,1.000000000000000000e+00,3.000000000000000000e+00,9.000000000000000000e+00,-1.000000000000000000e+01,-1.000000000000000000e+00,4.375610351562500000e-01,2.486572265625000000e-01,-8.583374023437500000e-01,9.954833984375000000e-02
-1.600000000000000000e+01,-1.700000000000000000e+01,-1.600000000000000000e+01,-1.400000000000000000e+01,-2.000000000000000000e+00,0.000000000000000000e+00,9.000000000000000000e+00,-3.000000000000000000e+00,4.375610351562500000e-01,2.486572265625000000e-01,-8.583374023437500000e-01,9.954833984375000000e-02
-2.000000000000000000e+00,4.000000000000000000e+00,-4.000000000000000000e+00,2.500000000000000000e+01,6.000000000000000000e+00,1.000000000000000000e+00,-1.300000000000000000e+01,-1.000000000000000000e+00,4.371337890625000000e-01,2.493896484375000000e-01,-8.585205078125000000e-01,9.832763671875000000e-02
3.000000000000000000e+00,2.000000000000000000e+00,4.300000000000000000e+01,-1.800000000000000000e+01,-1.600000000000000000e+01,-1.000000000000000000e+01,-6.000000000000000000e+00,-4.000000000000000000e+00,4.371337890625000000e-01,2.493896484375000000e-01,-8.585205078125000000e-01,9.832763671875000000e-02
-1.000000000000000000e+00,0.000000000000000000e+00,-1.200000000000000000e+01,-6.000000000000000000e+00,4.000000000000000000e+00,4.000000000000000000e+00,1.600000000000000000e+01,0.000000000000000000e+00,4.371337890625000000e-01,2.493896484375000000e-01,-8.585205078125000000e-01,9.832763671875000000e-02
6.000000000000000000e+00,4.000000000000000000e+00,2.000000000000000000e+00,1.100000000000000000e+01,1.200000000000000000e+01,1.000000000000000000e+00,2.000000000000000000e+00,1.000000000000000000e+00,4.371337890625000000e-01,2.493896484375000000e-01,-8.585205078125000000e-01,9.832763671875000000e-02
7.000000000000000000e+00,-3.000000000000000000e+00,-5.000000000000000000e+00,-4.000000000000000000e+00,-1.100000000000000000e+01,-1.000000000000000000e+01,-1.400000000000000000e+01,3.000000000000000000e+00,4.364624023437500000e-01,2.492675781250000000e-01,-8.588256835937500000e-01,9.881591796875000000e-02
-3.000000000000000000e+00,-2.000000000000000000e+00,-1.500000000000000000e+01,-3.000000000000000000e+00,-1.000000000000000000e+00,7.000000000000000000e+00,2.300000000000000000e+01,-2.000000000000000000e+00,4.364624023437500000e-01,2.492675781250000000e-01,-8.588256835937500000e-01,9.881591796875000000e-02
-8.000000000000000000e+00,-1.000000000000000000e+00,1.300000000000000000e+01,7.000000000000000000e+00,-1.100000000000000000e+01,-6.000000000000000000e+00,-5.000000000000000000e+00,-4.000000000000000000e+00,4.364624023437500000e-01,2.492675781250000000e-01,-8.588256835937500000e-01,9.881591796875000000e-02
-1.000000000000000000e+00,-3.000000000000000000e+00,-9.000000000000000000e+00,-5.000000000000000000e+00,3.000000000000000000e+00,3.000000000000000000e+00,-2.000000000000000000e+00,0.000000000000000000e+00,4.364624023437500000e-01,2.492675781250000000e-01,-8.588256835937500000e-01,9.881591796875000000e-02
-7.000000000000000000e+00,-1.700000000000000000e+01,-2.100000000000000000e+01,-2.000000000000000000e+01,1.600000000000000000e+01,6.000000000000000000e+00,9.000000000000000000e+00,-2.000000000000000000e+00,4.351196289062500000e-01,2.498168945312500000e-01,-8.591918945312500000e-01,1.004638671875000000e-01
1.100000000000000000e+01,9.000000000000000000e+00,-5.000000000000000000e+00,6.000000000000000000e+00,-3.000000000000000000e+00,-2.000000000000000000e+00,5.000000000000000000e+00,3.000000000000000000e+00,4.351196289062500000e-01,2.498168945312500000e-01,-8.591918945312500000e-01,1.004638671875000000e-01
3.000000000000000000e+00,9.000000000000000000e+00,1.000000000000000000e+00,-5.000000000000000000e+00,-1.100000000000000000e+01,-1.000000000000000000e+01,-3.800000000000000000e+01,-6.000000000000000000e+00,4.351196289062500000e-01,2.498168945312500000e-01,-8.591918945312500000e-01,1.004638671875000000e-01
-1.000000000000000000e+00,-8.000000000000000000e+00,1.000000000000000000e+00,1.300000000000000000e+01,7.000000000000000000e+00,-1.000000000000000000e+00,1.300000000000000000e+01,-2.000000000000000000e+00,4.351196289062500000e-01,2.498168945312500000e-01,-8.591918945312500000e-01,1.004638671875000000e-01
-5.000000000000000000e+00,-9.000000000000000000e+00,-1.200000000000000000e+01,0.000000000000000000e+00,-8.000000000000000000e+00,-2.000000000000000000e+00,-1.100000000000000000e+01,0.000000000000000000e+00,4.341430664062500000e-01,2.491455078125000000e-01,-8.598632812500000000e-01,1.003417968750000000e-01
-1.300000000000000000e+01,-4.000000000000000000e+00,3.000000000000000000e+00,-3.000000000000000000e+00,6.000000000000000000e+00,1.000000000000000000e+00,2.700000000000000000e+01,-2.000000000000000000e+00,4.341430664062500000e-01,2.491455078125000000e-01,-8.598632812500000000e-01,1.003417968750000000e-01
7.000000000000000000e+00,-6.000000000000000000e+00,-1.200000000000000000e+01,6.000000000000000000e+00,5.000000000000000000e+00,1.000000000000000000e+00,-2.100000000000000000e+01,-2.000000000000000000e+00,4.341430664062500000e-01,2.491455078125000000e-01,-8.598632812500000000e-01,1.003417968750000000e-01
-3.000000000000000000e+00,4.000000000000000000e+00,1.900000000000000000e+01,-2.100000000000000000e+01,-1.400000000000000000e+01,-3.000000000000000000e+00,-3.000000000000000000e+00,-3.000000000000000000e+00,4.341430664062500000e-01,2.491455078125000000e-01,-8.598632812500000000e-01,1.003417968750000000e-01
1.100000000000000000e+01,1.600000000000000000e+01,1.000000000000000000e+00,1.100000000000000000e+01,-2.000000000000000000e+00,-4.000000000000000000e+00,2.000000000000000000e+00,1.000000000000000000e+00,4.331665039062500000e-01,2.482910156250000000e-01,-8.605346679687500000e-01,1.008911132812500000e-01
-4.000000000000000000e+00,-8.000000000000000000e+00,1.000000000000000000e+01,-1.200000000000000000e+01,-2.000000000000000000e+00,-4.000000000000000000e+00,-6.000000000000000000e+00,0.000000000000000000e+00,4.331665039062500000e-01,2.482910156250000000e-01,-8.605346679687500000e-01,1.008911132812500000e-01
-1.000000000000000000e+01,-2.000000000000000000e+00,1.000000000000000000e+01,2.000000000000000000e+00,-2.000000000000000000e+00,0.000000000000000000e+00,8.000000000000000000e+00,-1.000000000000000000e+00,4.331665039062500000e-01,2.482910156250000000e-01,-8.605346679687500000e-01,1.008911132812500000e-01
4.000000000000000000e+00,4.000000000000000000e+00,-3.100000000000000000e+01,0.000000000000000000e+00,-4.000000000000000000e+00,-3.000000000000000000e+00,-6.000000000000000000e+00,0.000000000000000000e+00,4.331665039062500000e-01,2.482910156250000000e-01,-8.605346679687500000e-01,1.008911132812500000e-01
-1.000000000000000000e+00,6.000000000000000000e+00,4.900000000000000000e+01,2.000000000000000000e+00,8.000000000000000000e+00,2.000000000000000000e+00,1.800000000000000000e+01,1.000000000000000000e+00,4.323120117187500000e-01,2.487182617187500000e-01,-8.607177734375000000e-01,1.018676757812500000e-01
1.000000000000000000e+00,1.000000000000000000e+00,-2.400000000000000000e+01,-1.800000000000000000e+01,-1.400000000000000000e+01,-1.000000000000000000e+00,0.000000000000000000e+00,-1.000000000000000000e+00,4.323120117187500000e-01,2.487182617187500000e-01,-8.607177734375000000e-01,1.018676757812500000e-01
-1.100000000000000000e+01,-1.000000000000000000e+01,8.000000000000000000e+00,3.000000000000000000e+00,-1.200000000000000000e+01,-5.000000000000000000e+00,2.000000000000000000e+00,-2.000000000000000000e+00,4.323120117187500000e-01,2.487182617187500000e-01,-8.607177734375000000e-01,1.018676757812500000e-01
5.000000000000000000e+00,4.000000000000000000e+00,1.400000000000000000e+01,4.000000000000000000e+00,1.900000000000000000e+01,7.000000000000000000e+00,-3.000000000000000000e+00,3.000000000000000000e+00,4.323120117187500000e-01,2.487182617187500000e-01,-8.607177734375000000e-01,1.018676757812500000e-01
6.000000000000000000e+00,8.000000000000000000e+00,3.000000000000000000e+00,9.000000000000000000e+00,2.000000000000000000e+00,-1.000000000000000000e+00,-7.000000000000000000e+00,0.000000000000000000e+00,4.316406250000000000e-01,2.490234375000000000e-01,-8.610229492187500000e-01,1.015014648437500000e-01
-3.000000000000000000e+00,-4.000000000000000000e+00,-2.000000000000000000e+01,2.000000000000000000e+00,0.000000000000000000e+00,-7.000000000000000000e+00,-1.000000000000000000e+01,-1.000000000000000000e+00,4.316406250000000000e-01,2.490234375000000000e-01,-8.610229492187500000e-01,1.015014648437500000e-01
-1.000000000000000000e+00,0.000000000000000000e+00,-3.000000000000000000e+00,-1.000000000000000000e+01,-1.100000000000000000e+01,6.000000000000000000e+00,1.300000000000000000e+01,3.000000000000000000e+00,4.316406250000000000e-01,2.490234375000000000e-01,-8.610229492187500000e-01,1.015014648437500000e-01
-1.000000000000000000e+00,0.000000000000000000e+00,-1.800000000000000000e+01,4.000000000000000000e+00,-4.000000000000000000e+00,-7.000000000000000000e+00,-4.000000000000000000e+00,-3.000000000000000000e+00,4.316406250000000000e-01,2.490234375000000000e-01,-8.610229492187500000e-01,1.015014648437500000e-01
0.000000000000000000e+00,-4.000000000000000000e+00,2.000000000000000000e+01,-2.000000000000000000e+00,-8.000000000000000000e+00,-1.000000000000000000e+00,-2.000000000000000000e+00,-2.000000000000000000e+00,4.315185546875000000e-01,2.486572265625000000e-01,-8.612670898437500000e-01,1.007690429687500000e-01
-6.000000000000000000e+00,1.000000000000000000e+00,-8.000000000000000000e+00,-2.000000000000000000e+00,2.000000000000000000e+00,-3.000000000000000000e+00,-3.600000000000000000e+01,1.000000000000000000e+00,4.315185546875000000e-01,2.486572265625000000e-01,-8.612670898437500000e-01,1.007690429687500000e-01
8.000000000000000000e+00,-2.000000000000000000e+00,-7.000000000000000000e+00,-2.000000000000000000e+00,2.000000000000000000e+00,-5.000000000000000000e+00,2.000000000000000000e+00,-6.000000000000000000e+00,4.315185546875000000e-01,2.486572265625000000e-01,-8.612670898437500000e-01,1.007690429687500000e-01
-1.000000000000000000e+00,-2.000000000000000000e+00,1.000000000000000000e+01,-9.000000000000000000e+00,-4.000000000000000000e+00,3.000000000000000000e+00,-5.000000000000000000e+00,6.000000000000000000e+00,4.315185546875000000e-01,2.486572265625000000e-01,-8.612670898437500000e-01,1.007690429687500000e-01
-3.000000000000000000e+00,4.000000000000000000e+00,2.000000000000000000e+00,-1.000000000000000000e+00,8.000000000000000000e+00,-1.000000000000000000e+00,-2.000000000000000000e+00,-3.000000000000000000e+00,4.316406250000000000e-01,2.492065429687500000e-01,-8.610839843750000000e-01,1.007690429687500000e-01
3.000000000000000000e+00,-3.000000000000000000e+00,-4.000000000000000000e+00,1.600000000000000000e+01,3.000000000000000000e+00,4.000000000000000000e+00,-6.000000000000000000e+00,1.000000000000000000e+00,4.316406250000000000e-01,2.492065429687500000e-01,-8.610839843750000000e-01,1.007690429687500000e-01
-5.000000000000000000e+00,-3.000000000000000000e+00,1.100000000000000000e+01,-7.000000000000000000e+00,-3.000000000000000000e+00,-5.000000000000000000e+00,1.900000000000000000e+01,-2.000000000000000000e+00,4.316406250000000000e-01,2.492065429687500000e-01,-8.610839843750000000e-01,1.007690429687500000e-01
-9.000000000000000000e+00,-5.000000000000000000e+00,-2.500000000000000000e+01,-3.000000000000000000e+00,1.000000000000000000e+00,-3.000000000000000000e+00,-2.900000000000000000e+01,-1.000000000000000000e+00,4.316406250000000000e-01,2.492065429687500000e-01,-8.610839843750000000e-01,1.007690429687500000e-01
2.000000000000000000e+00,-1.100000000000000000e+01,-2.300000000000000000e+01,2.000000000000000000e+00,-5.000000000000000000e+00,-7.000000000000000000e+00,-1.000000000000000000e+01,-6.000000000000000000e+00,4.324951171875000000e-01,2.502441406250000000e-01,-8.604125976562500000e-01,1.003417968750000000e-01
8.000000000000000000e+00,1.100000000000000000e+01,4.100000000000000000e+01,3.000000000000000000e+01,-9.000000000000000000e+00,-4.000000000000000000e+00,-4.000000000000000000e+00,5.000000000000000000e+00,4.324951171875000000e-01,2.502441406250000000e-01,-8.604125976562500000e-01,1.003417968750000000e-01
-4.000000000000000000e+00,-6.000000000000000000e+00,-1.200000000000000000e+01,-4.900000000000000000e+01,1.600000000000000000e+01,3.000000000000000000e+00,6.000000000000000000e+00,3.000000000000000000e+00,4.324951171875000000e-01,2.502441406250000000e-01,-8.604125976562500000e-01,1.003417968750000000e-01
9.000000000000000000e+00,7.000000000000000000e+00,1.400000000000000000e+01,2.000000000000000000e+00,-3.000000000000000000e+00,3.000000000000000000e+00,2.100000000000000000e+01,0.000000000000000000e+00,4.324951171875000000e-01,2.502441406250000000e-01,-8.604125976562500000e-01,1.003417968750000000e-01
-7.000000000000000000e+00,4.000000000000000000e+00,2.000000000000000000e+00,1.200000000000000000e+01,2.000000000000000000e+00,0.000000000000000000e+00,-1.300000000000000000e+01,2.000000000000000000e+00,4.346313476562500000e-01,2.514648437500000000e-01,-8.591308593750000000e-01,9.887695312500000000e-02
-1.000000000000000000e+00,-2.000000000000000000e+00,-1.700000000000000000e+01,4.000000000000000000e+00,1.000000000000000000e+00,-2.000000000000000000e+00,5.000000000000000000e+00,-5.000000000000000000e+00,4.346313476562500000e-01,2.514648437500000000e-01,-8.591308593750000000e-01,9.887695312500000000e-02
-3.000000000000000000e+00,-7.000000000000000000e+00,-4.000000000000000000e+00,2.800000000000000000e+01,-5.000000000000000000e+00,-1.000000000000000000e+00,-1.600000000000000000e+01,-2.000000000000000000e+00,4.346313476562500000e-01,2.514648437500000000e-01,-8.591308593750000000e-01,9.887695312500000000e-02
-1.000000000000000000e+00,2.000000000000000000e+00,6.000000000000000000e+00,-1.900000000000000000e+01,-3.000000000000000000e+00,-5.000000000000000000e+00,-6.000000000000000000e+00,-1.000000000000000000e+00,4.346313476562500000e-01,2.514648437500000000e-01,-8.591308593750000000e-01,9.887695312500000000e-02
-1.000000000000000000e+00,1.000000000000000000e+00,1.000000000000000000e+01,-1.300000000000000000e+01,-3.000000000000000000e+00,2.000000000000000000e+00,8.000000000000000000e+00,-1.000000000000000000e+00,4.375000000000000000e-01,2.519531250000000000e-01,-8.577270507812500000e-01,9.692382812500000000e-02
1.000000000000000000e+00,1.000000000000000000e+00,-5.200000000000000000e+01,-2.000000000000000000e+00,1.000000000000000000e+00,2.000000000000000000e+00,1.600000000000000000e+01,-3.000000000000000000e+00,4.375000000000000000e-01,2.519531250000000000e-01,-8.577270507812500000e-01,9.692382812500000000e-02
5.000000000000000000e+00,-1.100000000000000000e+01,1.000000000000000000e+00,1.000000000000000000e+01,5.000000000000000000e+00,-2.000000000000000000e+00,-1.500000000000000000e+01,2.000000000000000000e+00,4.375000000000000000e-01,2.519531250000000000e-01,-8.577270507812500000e-01,9.692382812500000000e-02
-7.000000000000000000e+00,-6.000000000000000000e+00,1.200000000000000000e+01,3.000000000000000000e+00,-6.000000000000000000e+00,-3.000000000000000000e+00,1.200000000000000000e+01,-3.000000000000000000e+00,4.375000000000000000e-01,2.519531250000000000e-01,-8.577270507812500000e-01,9.692382812500000000e-02
-4.000000000000000000e+00,3.000000000000000000e+00,-1.300000000000000000e+01,3.000000000000000000e+00,-4.000000000000000000e+00,1.000000000000000000e+00,-1.000000000000000000e+00,-1.000000000000000000e+00,4.398803710937500000e-01,2.526245117187500000e-01,-8.565063476562500000e-01,9.533691406250000000e-02
2.000000000000000000e+00,-5.000000000000000000e+00,-2.000000000000000000e+00,-2.000000000000000000e+01,-5.000000000000000000e+00,0.000000000000000000e+00,0.000000000000000000e+00,-2.000000000000000000e+00,4.398803710937500000e-01,2.526245117187500000e-01,-8.565063476562500000e-01,9.533691406250000000e-02
-1.400000000000000000e+01,1.000000000000000000e+00,-1.300000000000000000e+01,5.000000000000000000e+00,8.000000000000000000e+00,4.000000000000000000e+00,4.000000000000000000e+00,-1.000000000000000000e+00,4.398803710937500000e-01,2.526245117187500000e-01,-8.565063476562500000e-01,9.533691406250000000e-02
2.000000000000000000e+00,-2.000000000000000000e+00,-2.000000000000000000e+00,7.000000000000000000e+00,-4.000000000000000000e+00,-4.000000000000000000e+00,1.300000000000000000e+01,-1.300000000000000000e+01,4.398803710937500000e-01,2.526245117187500000e-01,-8.565063476562500000e-01,9.533691406250000000e-02
4.000000000000000000e+00,1.000000000000000000e+00,9.000000000000000000e+00,-3.000000000000000000e+00,-7.000000000000000000e+00,1.000000000000000000e+00,1.400000000000000000e+01,5.000000000000000000e+00,4.415283203125000000e-01,2.534790039062500000e-01,-8.555908203125000000e-01,9.393310546875000000e-02
5.000000000000000000e+00,5.000000000000000000e+00,3.000000000000000000e+00,-4.000000000000000000e+00,4.000000000000000000e+00,7.000000000000000000e+00,6.000000000000000000e+00,1.000000000000000000e+00,4.415283203125000000e-01,2.534790039062500000e-01,-8.555908203125000000e-01,9.393310546875000000e-02
-3.000000000000000000e+00,4.000000000000000000e+00,6.000000000000000000e+00,4.000000000000000000e+00,-3.000000000000000000e+00,-1.100000000000000000e+01,-5.000000000000000000e+00,1.000000000000000000e+00,4.415283203125000000e-01,2.534790039062500000e-01,-8.555908203125000000e-01,9.393310546875000000e-02
-3.000000000000000000e+00,-6.000000000000000000e+00,1.100000000000000000e+01,4.000000000000000000e+00,-1.000000000000000000e+00,2.000000000000000000e+00,-1.600000000000000000e+01,-5.000000000000000000e+00,4.415283203125000000e-01,2.534790039062500000e-01,-8.555908203125000000e-01,9.393310546875000000e-02
-3.000000000000000000e+00,-5.000000000000000000e+00,-1.000000000000000000e+01,-3.000000000000000000e+00,-8.000000000000000000e+00,-6.000000000000000000e+00,-8.000000000000000000e+00,-5.000000000000000000e+00,4.425659179687500000e-01,2.545776367187500000e-01,-8.547973632812500000e-01,9.265136718750000000e-02
-5.000000000000000000e+00,-1.200000000000000000e+01,7.000000000000000000e+00,-1.100000000000000000e+01,4.000000000000000000e+00,4.000000000000000000e+00,7.000000000000000000e+00,-2.000000000000000000e+00,4.425659179687500000e-01,2.545776367187500000e-01,-8.547973632812500000e-01,9.265136718750000000e-02
3.000000000000000000e+00,1.000000000000000000e+00,-1.700000000000000000e+01,-4.000000000000000000e+00,-2.000000000000000000e+00,-3.000000000000000000e+00,-3.000000000000000000e+00,-1.000000000000000000e+00,4.425659179687500000e-01,2.545776367187500000e-01,-8.547973632812500000e-01,9.265136718750000000e-02
-5.000000000000000000e+00,7.000000000000000000e+00,-2.000000000000000000e+01,6.000000000000000000e+00,-1.500000000000000000e+01,-4.000000000000000000e+00,5.000000000000000000e+00,4.000000000000000000e+00,4.425659179687500000e-01,2.545776367187500000e-01,-8.547973632812500000e-01,9.265136718750000000e-02
0.000000000000000000e+00,4.000000000000000000e+00,1.000000000000000000e+01,1.900000000000000000e+01,1.600000000000000000e+01,0.000000000000000000e+00,-2.300000000000000000e+01,-6.000000000000000000e+00,4.432983398437500000e-01,2.556152343750000000e-01,-8.543090820312500000e-01,9.118652343750000000e-02
0.000000000000000000e+00,-4.000000000000000000e+00,-1.000000000000000000e+01,-3.900000000000000000e+01,-5.000000000000000000e+00,2.000000000000000000e+00,-4.000000000000000000e+00,1.000000000000000000e+00,4.432983398437500000e-01,2.556152343750000000e-01,-8.543090820312500000e-01,9.118652343750000000e-02
-1.100000000000000000e+01,-1.200000000000000000e+01,-5.000000000000000000e+00,-1.000000000000000000e+00,-5.000000000000000000e+00,2.000000000000000000e+00,8.000000000000000000e+00,-1.000000000000000000e+00,4.432983398437500000e-01,2.556152343750000000e-01,-8.543090820312500000e-01,9.118652343750000000e-02
1.000000000000000000e+00,-1.000000000000000000e+00,1.900000000000000000e+01,-1.100000000000000000e+01,-1.200000000000000000e+01,-6.000000000000000000e+00,-1.200000000000000000e+01,1.000000000000000000e+00,4.432983398437500000e-01,2.556152343750000000e-01,-8.543090820312500000e-01,9.118652343750000000e-02
-6.000000000000000000e+00,-1.000000000000000000e+00,-1.000000000000000000e+00,1.500000000000000000e+01,4.000000000000000000e+00,2.000000000000000000e+00,1.100000000000000000e+01,-1.000000000000000000e+00,4.442749023437500000e-01,2.554321289062500000e-01,-8.540649414062500000e-01,8.953857421875000000e-02
-1.000000000000000000e+00,3.000000000000000000e+00,1.300000000000000000e+01,1.300000000000000000e+01,3.000000000000000000e+00,-3.000000000000000000e+00,2.000000000000000000e+00,-4.000000000000000000e+00,4.442749023437500000e-01,2.554321289062500000e-01,-8.540649414062500000e-01,8.953857421875000000e-02
3.000000000000000000e+00,2.000000000000000000e+00,1.000000000000000000e+00,1.000000000000000000e+00,2.000000000000000000e+00,2.000000000000000000e+00,-3.000000000000000000e+00,1.000000000000000000e+00,4.442749023437500000e-01,2.554321289062500000e-01,-8.540649414062500000e-01,8.953857421875000000e-02
1.000000000000000000e+00,1.000000000000000000e+00,-7.000000000000000000e+00,-2.900000000000000000e+01,-1.600000000000000000e+01,-6.000000000000000000e+00,5.000000000000000000e+00,0.000000000000000000e+00,4.442749023437500000e-01,2.554321289062500000e-01,-8.540649414062500000e-01,8.953857421875000000e-02
1.100000000000000000e+01,2.000000000000000000e+00,1.000000000000000000e+00,4.200000000000000000e+01,2.200000000000000000e+01,0.000000000000000000e+00,-1.700000000000000000e+01,-1.000000000000000000e+00,4.445800781250000000e-01,2.546386718750000000e-01,-8.542480468750000000e-01,8.807373046875000000e-02
9.000000000000000000e+00,1.000000000000000000e+01,1.200000000000000000e+01,3.000000000000000000e+00,1.900000000000000000e+01,1.400000000000000000e+01,3.200000000000000000e+01,8.000000000000000000e+00,4.445800781250000000e-01,2.546386718750000000e-01,-8.542480468750000000e-01,8.807373046875000000e-02
-3.000000000000000000e+01,-1.900000000000000000e+01,1.400000000000000000e+01,-9.000000000000000000e+00,-9.000000000000000000e+00,-4.000000000000000000e+00,3.000000000000000000e+00,-4.000000000000000000e+00,4.445800781250000000e-01,2.546386718750000000e-01,-8.542480468750000000e-01,8.807373046875000000e-02
-1.000000000000000000e+00,-1.000000000000000000e+01,-1.200000000000000000e+01,-7.000000000000000000e+00,5.000000000000000000e+00,0.000000000000000000e+00,5.000000000000000000e+00,-3.000000000000000000e+00,4.445800781250000000e-01,2.546386718750000000e-01,-8.542480468750000000e-01,8.807373046875000000e-02
-1.000000000000000000e+00,-1.000000000000000000e+00,1.000000000000000000e+00,-2.700000000000000000e+01,-2.400000000000000000e+01,-6.000000000000000000e+00,6.000000000000000000e+00,-2.000000000000000000e+00,4.448242187500000000e-01,2.543334960937500000e-01,-8.543090820312500000e-01,8.721923828125000000e-02
8.000000000000000000e+00,2.000000000000000000e+00,-2.000000000000000000e+00,1.000000000000000000e+01,-4.000000000000000000e+00,-6.000000000000000000e+00,-2.000000000000000000e+01,-3.000000000000000000e+00,4.448242187500000000e-01,2.543334960937500000e-01,-8.543090820312500000e-01,8.721923828125000000e-02
1.200000000000000000e+01,1.300000000000000000e+01,4.000000000000000000e+00,-2.000000000000000000e+00,-1.000000000000000000e+00,2.000000000000000000e+00,5.000000000000000000e+00,2.000000000000000000e+00,4.448242187500000000e-01,2.543334960937500000e-01,-8.543090820312500000e-01,8.721923828125000000e-02
-4.000000000000000000e+00,1.000000000000000000e+00,-1.000000000000000000e+00,1.400000000000000000e+01,2.000000000000000000e+00,-1.000000000000000000e+00,2.000000000000000000e+00,0.000000000000000000e+00,4.448242187500000000e-01,2.543334960937500000e-01,-8.543090820312500000e-01,8.721923828125000000e-02
-2.000000000000000000e+00,-5.000000000000000000e+00,-3.000000000000000000e+00,-1.000000000000000000e+01,1.000000000000000000e+00,-5.000000000000000000e+00,-2.400000000000000000e+01,1.000000000000000000e+00,4.449462890625000000e-01,2.546386718750000000e-01,-8.541259765625000000e-01,8.746337890625000000e-02
-6.000000000000000000e+00,6.000000000000000000e+00,1.000000000000000000e+01,1.700000000000000000e+01,-4.000000000000000000e+00,6.000000000000000000e+00,2.800000000000000000e+01,-1.000000000000000000e+00,4.449462890625000000e-01,2.546386718750000000e-01,-8.541259765625000000e-01,8.746337890625000000e-02
1.400000000000000000e+01,2.400000000000000000e+01,4.000000000000000000e+00,-1.000000000000000000e+01,8.000000000000000000e+00,8.000000000000000000e+00,1.200000000000000000e+01,-2.000000000000000000e+00,4.449462890625000000e-01,2.546386718750000000e-01,-8.541259765625000000e-01,8.746337890625000000e-02
-1.000000000000000000e+00,-1.100000000000000000e+01,3.000000000000000000e+00,2.000000000000000000e+00,3.000000000000000000e+00,-1.000000000000000000e+00,2.000000000000000000e+00,8.000000000000000000e+00,4.449462890625000000e-01,2.546386718750000000e-01,-8.541259765625000000e-01,8.746337890625000000e-02
-2.000000000000000000e+01,-2.100000000000000000e+01,-1.600000000000000000e+01,-1.200000000000000000e+01,-2.000000000000000000e+00,1.000000000000000000e+00,3.000000000000000000e+00,-5.000000000000000000e+00,4.448242187500000000e-01,2.550659179687500000e-01,-8.540039062500000000e-01,8.819580078125000000e-02
-7.000000000000000000e+00,-9.000000000000000000e+00,-9.000000000000000000e+00,2.000000000000000000e+00,-3.000000000000000000e+00,-8.000000000000000000e+00,-2.400000000000000000e+01,-5.000000000000000000e+00,4.448242187500000000e-01,2.550659179687500000e-01,-8.540039062500000000e-01,8.819580078125000000e-02
2.000000000000000000e+00,-1.000000000000000000e+00,1.200000000000000000e+01,7.000000000000000000e+00,-1.200000000000000000e+01,-5.000000000000000000e+00,-8.000000000000000000e+00,-4.000000000000000000e+00,4.448242187500000000e-01,2.550659179687500000e-01,-8.540039062500000000e-01,8.819580078125000000e-02
9.000000000000000000e+00,1.500000000000000000e+01,-9.000000000000000000e+00,3.000000000000000000e+00,1.000000000000000000e+00,1.000000000000000000e+00,-1.000000000000000000e+00,0.000000000000000000e+00,4.448242187500000000e-01,2.550659179687500000e-01,-8.540039062500000000e-01,8.819580078125000000e-02
5.000000000000000000e+00,9.000000000000000000e+00,1.400000000000000000e+01,-1.000000000000000000e+01,1.000000000000000000e+00,-1.000000000000000000e+00,9.000000000000000000e+00,4.000000000000000000e+00,4.453125000000000000e-01,2.550048828125000000e-01,-8.536987304687500000e-01,8.856201171875000000e-02
-7.000000000000000000e+00,-5.000000000000000000e+00,0.000000000000000000e+00,-2.000000000000000000e+00,-5.000000000000000000e+00,1.000000000000000000e+00,1.000000000000000000e+00,-1.000000000000000000e+00,4.453125000000000000e-01,2.550048828125000000e-01,-8.536987304687500000e-01,8.856201171875000000e-02
1.000000000000000000e+00,1.000000000000000000e+00,-1.400000000000000000e+01,-6.000000000000000000e+00,-9.000000000000000000e+00,-5.000000000000000000e+00,-7.000000000000000000e+00,-7.000000000000000000e+00,4.453125000000000000e-01,2.550048828125000000e-01,-8.536987304687500000e-01,8.856201171875000000e-02
-3.000000000000000000e+00,-1.000000000000000000e+00,0.000000000000000000e+00,1.000000000000000000e+00,2.000000000000000000e+00,-1.000000000000000000e+00,2.000000000000000000e+01,4.000000000000000000e+00,4.453125000000000000e-01,2.550048828125000000e-01,-8.536987304687500000e-01,8.856201171875000000e-02
-2.000000000000000000e+00,-4.000000000000000000e+00,5.000000000000000000e+00,7.000000000000000000e+00,2.000000000000000000e+01,1.000000000000000000e+01,5.000000000000000000e+00,-1.000000000000000000e+00,4.459838867187500000e-01,2.536621093750000000e-01,-8.536987304687500000e-01,8.886718750000000000e-02
1.000000000000000000e+00,5.000000000000000000e+00,-1.000000000000000000e+00,1.000000000000000000e+00,1.000000000000000000e+00,-2.000000000000000000e+00,-7.000000000000000000e+00,-1.000000000000000000e+00,4.459838867187500000e-01,2.536621093750000000e-01,-8.536987304687500000e-01,8.886718750000000000e-02
-1.000000000000000000e+00,-8.000000000000000000e+00,2.000000000000000000e+00,1.000000000000000000e+01,-3.000000000000000000e+00,-2.000000000000000000e+00,3.000000000000000000e+00,1.000000000000000000e+00,4.459838867187500000e-01,2.536621093750000000e-01,-8.536987304687500000e-01,8.886718750000000000e-02
0.000000000000000000e+00,-4.000000000000000000e+00,-3.200000000000000000e+01,-1.000000000000000000e+01,-2.000000000000000000e+00,-4.000000000000000000e+00,-2.200000000000000000e+01,-3.000000000000000000e+00,4.459838867187500000e-01,2.536621093750000000e-01,-8.536987304687500000e-01,8.886718750000000000e-02
-1.100000000000000000e+01,-5.000000000000000000e+00,1.800000000000000000e+01,-3.000000000000000000e+01,-1.900000000000000000e+01,-9.000000000000000000e+00,7.000000000000000000e+00,-3.000000000000000000e+00,4.465332031250000000e-01,2.526855468750000000e-01,-8.536376953125000000e-01,8.959960937500000000e-02
-3.000000000000000000e+00,-1.300000000000000000e+01,-4.000000000000000000e+01,-4.000000000000000000e+00,-1.000000000000000000e+00,-2.000000000000000000e+00,1.000000000000000000e+00,-3.000000000000000000e+00,4.465332031250000000e-01,2.526855468750000000e-01,-8.536376953125000000e-01,8.959960937500000000e-02
-1.000000000000000000e+00,-7.000000000000000000e+00,2.000000000000000000e+00,-9.000000000000000000e+00,-1.000000000000000000e+00,0.000000000000000000e+00,-1.000000000000000000e+01,2.000000000000000000e+00,4.465332031250000000e-01,2.526855468750000000e-01,-8.536376953125000000e-01,8.959960937500000000e-02
-1.000000000000000000e+00,-3.000000000000000000e+00,2.000000000000000000e+00,1.200000000000000000e+01,3.000000000000000000e+00,-1.000000000000000000e+00,-6.000000000000000000e+00,-4.000000000000000000e+00,4.465332031250000000e-01,2.526855468750000000e-01,-8.536376953125000000e-01,8.959960937500000000e-02
5.000000000000000000e+00,1.100000000000000000e+01,-1.000000000000000000e+00,8.000000000000000000e+00,-3.000000000000000000e+00,1.000000000000000000e+00,2.000000000000000000e+00,3.000000000000000000e+00,4.467773437500000000e-01,2.518310546875000000e-01,-8.536376953125000000e-01,9.063720703125000000e-02
1.000000000000000000e+00,8.000000000000000000e+00,1.600000000000000000e+01,-1.000000000000000000e+00,-4.000000000000000000e+00,-6.000000000000000000e+00,-1.700000000000000000e+01,-1.000000000000000000e+00,4.467773437500000000e-01,2.518310546875000000e-01,-8.536376953125000000e-01,9.063720703125000000e-02
-1.000000000000000000e+00,-7.000000000000000000e+00,-2.500000000000000000e+01,-1.000000000000000000e+00,3.000000000000000000e+00,-3.000000000000000000e+00,0.000000000000000000e+00,1.000000000000000000e+00,4.467773437500000000e-01,2.518310546875000000e-01,-8.536376953125000000e-01,9.063720703125000000e-02
4.000000000000000000e+00,4.000000000000000000e+00,2.200000000000000000e+01,1.600000000000000000e+01,4.000000000000000000e+00,4.000000000000000000e+00,-2.000000000000000000e+00,-3.000000000000000000e+00,4.467773437500000000e-01,2.518310546875000000e-01,-8.536376953125000000e-01,9.063720703125000000e-02
2.000000000000000000e+01,3.000000000000000000e+00,-2.100000000000000000e+01,-3.800000000000000000e+01,-1.700000000000000000e+01,-2.000000000000000000e+00,-7.000000000000000000e+00,-1.000000000000000000e+00,4.464111328125000000e-01,2.507324218750000000e-01,-8.541259765625000000e-01,9.155273437500000000e-02
-2.200000000000000000e+01,-1.000000000000000000e+01,1.000000000000000000e+01,4.000000000000000000e+00,-6.000000000000000000e+00,-3.000000000000000000e+00,-2.000000000000000000e+00,-2.000000000000000000e+00,4.464111328125000000e-01,2.507324218750000000e-01,-8.541259765625000000e-01,9.155273437500000000e-02
-7.000000000000000000e+00,-8.000000000000000000e+00,8.000000000000000000e+00,6.000000000000000000e+00,9.000000000000000000e+00,-4.000000000000000000e+00,-1.200000000000000000e+01,-2.000000000000000000e+00,4.464111328125000000e-01,2.507324218750000000e-01,-8.541259765625000000e-01,9.155273437500000000e-02
-9.000000000000000000e+00,-8.000000000000000000e+00,-1.100000000000000000e+01,6.000000000000000000e+00,6.000000000000000000e+00,1.500000000000000000e+01,6.100000000000000000e+01,0.000000000000000000e+00,4.464111328125000000e-01,2.507324218750000000e-01,-8.541259765625000000e-01,9.155273437500000000e-02
8.000000000000000000e+00,7.000000000000000000e+00,-1.000000000000000000e+01,4.000000000000000000e+00,-9.000000000000000000e+00,-7.000000000000000000e+00,7.000000000000000000e+00,-8.000000000000000000e+00,4.456787109375000000e-01,2.495727539062500000e-01,-8.547973632812500000e-01,9.197998046875000000e-02
1.300000000000000000e+01,1.500000000000000000e+01,7.000000000000000000e+00,-1.200000000000000000e+01,-1.200000000000000000e+01,4.000000000000000000e+00,2.200000000000000000e+01,1.100000000000000000e+01,4.456787109375000000e-01,2.495727539062500000e-01,-8.547973632812500000e-01,9.197998046875000000e-02
-7.000000000000000000e+00,-1.400000000000000000e+01,-1.000000000000000000e+01,4.000000000000000000e+00,8.000000000000000000e+00,1.000000000000000000e+00,-7.000000000000000000e+00,-2.000000000000000000e+00,4.456787109375000000e-01,2.495727539062500000e-01,-8.547973632812500000e-01,9.197998046875000000e-02
2.000000000000000000e+00,-1.000000000000000000e+00,8.000000000000000000e+00,-6.000000000000000000e+00,0.000000000000000000e+00,-3.000000000000000000e+00,-2.000000000000000000e+01,-3.000000000000000000e+00,4.456787109375000000e-01,2.495727539062500000e-01,-8.547973632812500000e-01,9.197998046875000000e-02
-3.000000000000000000e+00,-1.000000000000000000e+01,-1.800000000000000000e+01,-8.000000000000000000e+00,-6.000000000000000000e+00,-2.000000000000000000e+00,-1.000000000000000000e+00,0.000000000000000000e+00,4.446411132812500000e-01,2.482299804687500000e-01,-8.556518554687500000e-01,9.246826171875000000e-02
-1.000000000000000000e+00,3.000000000000000000e+00,-5.000000000000000000e+00,-1.000000000000000000e+00,0.000000000000000000e+00,-4.000000000000000000e+00,-7.000000000000000000e+00,-4.000000000000000000e+00,4.446411132812500000e-01,2.482299804687500000e-01,-8.556518554687500000e-01,9.246826171875000000e-02
-2.000000000000000000e+00,6.000000000000000000e+00,1.800000000000000000e+01,-3.000000000000000000e+00,-4.000000000000000000e+00,-3.000000000000000000e+00,-1.000000000000000000e+00,0.000000000000000000e+00,4.446411132812500000e-01,2.482299804687500000e-01,-8.556518554687500000e-01,9.246826171875000000e-02
-1.000000000000000000e+00,5.000000000000000000e+00,-7.000000000000000000e+00,2.000000000000000000e+00,1.000000000000000000e+00,-1.000000000000000000e+00,-1.300000000000000000e+01,-1.000000000000000000e+00,4.446411132812500000e-01,2.482299804687500000e-01,-8.556518554687500000e-01,9.246826171875000000e-02
-3.000000000000000000e+00,-5.000000000000000000e+00,2.400000000000000000e+01,-3.000000000000000000e+00,-2.000000000000000000e+00,1.000000000000000000e+00,0.000000000000000000e+00,0.000000000000000000e+00,4.443969726562500000e-01,2.454833984375000000e-01,-8.563842773437500000e-01,9.393310546875000000e-02
4.000000000000000000e+00,8.000000000000000000e+00,-1.000000000000000000e+00,1.200000000000000000e+01,1.000000000000000000e+01,-1.000000000000000000e+00,-7.000000000000000000e+00,0.000000000000000000e+00,4.443969726562500000e-01,2.454833984375000000e-01,-8.563842773437500000e-01,9.393310546875000000e-02
-6.000000000000000000e+00,-1.700000000000000000e+01,-6.000000000000000000e+00,-8.000000000000000000e+00,-1.000000000000000000e+01,-1.000000000000000000e+00,-5.000000000000000000e+00,-1.000000000000000000e+00,4.443969726562500000e-01,2.454833984375000000e-01,-8.563842773437500000e-01,9.393310546875000000e-02
-1.000000000000000000e+00,-2.000000000000000000e+00,1.000000000000000000e+00,1.400000000000000000e+01,3.000000000000000000e+00,-2.000000000000000000e+00,0.000000000000000000e+00,1.000000000000000000e+00,4.443969726562500000e-01,2.454833984375000000e-01,-8.563842773437500000e-01,9.393310546875000000e-02
-4.000000000000000000e+00,-4.000000000000000000e+00,2.000000000000000000e+00,-2.000000000000000000e+00,6.000000000000000000e+00,-3.000000000000000000e+00,-6.000000000000000000e+00,-1.000000000000000000e+00,4.438476562500000000e-01,2.432250976562500000e-01,-8.570556640625000000e-01,9.661865234375000000e-02
1.000000000000000000e+00,-5.000000000000000000e+00,-4.600000000000000000e+01,-1.100000000000000000e+01,-5.000000000000000000e+00,-5.000000000000000000e+00,-1.000000000000000000e+00,-5.000000000000000000e+00,4.438476562500000000e-01,2.432250976562500000e-01,-8.570556640625000000e-01,9.661865234375000000e-02
2.000000000000000000e+00,4.000000000000000000e+00,2.800000000000000000e+01,-1.000000000000000000e+01,-5.000000000000000000e+00,-5.000000000000000000e+00,0.000000000000000000e+00,-2.000000000000000000e+00,4.438476562500000000e-01,2.432250976562500000e-01,-8.570556640625000000e-01,9.661865234375000000e-02
-7.000000000000000000e+00,-5.000000000000000000e+00,-2.300000000000000000e+01,-6.000000000000000000e+00,-2.000000000000000000e+00,2.000000000000000000e+00,-4.000000000000000000e+00,0.000000000000000000e+00,4.438476562500000000e-01,2.432250976562500000e-01,-8.570556640625000000e-01,9.661865234375000000e-02
-7.000000000000000000e+00,0.000000000000000000e+00,8.000000000000000000e+00,1.600000000000000000e+01,-2.000000000000000000e+00,-5.000000000000000000e+00,-1.200000000000000000e+01,-5.000000000000000000e+00,4.429321289062500000e-01,2.415161132812500000e-01,-8.577880859375000000e-01,9.857177734375000000e-02
0.000000000000000000e+00,-4.000000000000000000e+00,8.000000000000000000e+00,-1.500000000000000000e+01,-3.000000000000000000e+00,1.000000000000000000e+00,-1.500000000000000000e+01,5.000000000000000000e+00,4.429321289062500000e-01,2.415161132812500000e-01,-8.577880859375000000e-01,9.857177734375000000e-02
1.400000000000000000e+01,2.000000000000000000e+01,-8.000000000000000000e+00,7.000000000000000000e+00,-7.000000000000000000e+00,1.000000000000000000e+00,1.500000000000000000e+01,0.000000000000000000e+00,4.429321289062500000e-01,2.415161132812500000e-01,-8.577880859375000000e-01,9.857177734375000000e-02
2.000000000000000000e+00,-8.000000000000000000e+00,5.000000000000000000e+00,1.000000000000000000e+00,1.500000000000000000e+01,0.000000000000000000e+00,2.300000000000000000e+01,5.000000000000000000e+00,4.429321289062500000e-01,2.415161132812500000e-01,-8.577880859375000000e-01,9.857177734375000000e-02
-9.000000000000000000e+00,4.000000000000000000e+00,2.100000000000000000e+01,1.000000000000000000e+00,5.000000000000000000e+00,-4.000000000000000000e+00,-7.000000000000000000e+00,1.000000000000000000e+00,4.419555664062500000e-01,2.404174804687500000e-01,-8.583374023437500000e-01,1.004028320312500000e-01
-8.000000000000000000e+00,-2.100000000000000000e+01,-1.200000000000000000e+01,0.000000000000000000e+00,-4.000000000000000000e+00,-8.000000000000000000e+00,-1.300000000000000000e+01,-6.000000000000000000e+00,4.419555664062500000e-01,2.404174804687500000e-01,-8.583374023437500000e-01,1.004028320312500000e-01
4.000000000000000000e+00,9.000000000000000000e+00,-6.000000000000000000e+00,-3.000000000000000000e+00,-1.000000000000000000e+00,-1.000000000000000000e+00,-8.000000000000000000e+00,0.000000000000000000e+00,4.419555664062500000e-01,2.404174804687500000e-01,-8.583374023437500000e-01,1.004028320312500000e-01
-1.000000000000000000e+00,-1.200000000000000000e+01,1.000000000000000000e+00,-3.000000000000000000e+00,-4.000000000000000000e+00,-7.000000000000000000e+00,-2.400000000000000000e+01,-3.000000000000000000e+00,4.419555664062500000e-01,2.404174804687500000e-01,-8.583374023437500000e-01,1.004028320312500000e-01
5.000000000000000000e+00,4.000000000000000000e+00,-1.800000000000000000e+01,-8.000000000000000000e+00,-3.000000000000000000e+00,1.100000000000000000e+01,3.300000000000000000e+01,3.000000000000000000e+00,4.409179687500000000e-01,2.412109375000000000e-01,-8.585205078125000000e-01,1.019287109375000000e-01
-1.000000000000000000e+00,2.000000000000000000e+00,1.400000000000000000e+01,1.300000000000000000e+01,3.000000000000000000e+00,2.000000000000000000e+00,-1.000000000000000000e+00,-2.000000000000000000e+00,4.409179687500000000e-01,2.412109375000000000e-01,-8.585205078125000000e-01,1.019287109375000000e-01
-2.000000000000000000e+00,-1.000000000000000000e+00,-7.000000000000000000e+00,-1.900000000000000000e+01,-1.000000000000000000e+00,1.000000000000000000e+00,4.000000000000000000e+00,3.000000000000000000e+00,4.409179687500000000e-01,2.412109375000000000e-01,-8.585205078125000000e-01,1.019287109375000000e-01
-1.000000000000000000e+00,1.000000000000000000e+00,-8.000000000000000000e+00,3.000000000000000000e+00,-4.000000000000000000e+00,-4.000000000000000000e+00,-1.000000000000000000e+01,-5.000000000000000000e+00,4.409179687500000000e-01,2.412109375000000000e-01,-8.585205078125000000e-01,1.019287109375000000e-01
-4.000000000000000000e+00,-3.000000000000000000e+00,3.000000000000000000e+00,2.000000000000000000e+00,-2.000000000000000000e+00,-3.000000000000000000e+00,-2.000000000000000000e+00,3.000000000000000000e+00,4.399414062500000000e-01,2.418823242187500000e-01,-8.588256835937500000e-01,1.018066406250000000e-01
-2.000000000000000000e+00,6.000000000000000000e+00,1.500000000000000000e+01,-8.000000000000000000e+00,-1.200000000000000000e+01,-6.000000000000000000e+00,-1.000000000000000000e+01,-2.000000000000000000e+00,4.399414062500000000e-01,2.418823242187500000e-01,-8.588256835937500000e-01,1.018066406250000000e-01
1.000000000000000000e+00,2.000000000000000000e+00,-2.000000000000000000e+01,2.200000000000000000e+01,1.400000000000000000e+01,0.000000000000000000e+00,8.000000000000000000e+00,-1.000000000000000000e+00,4.399414062500000000e-01,2.418823242187500000e-01,-8.588256835937500000e-01,1.018066406250000000e-01
1.300000000000000000e+01,2.000000000000000000e+00,-2.000000000000000000e+00,-3.000000000000000000e+00,1.000000000000000000e+01,-1.000000000000000000e+00,-2.000000000000000000e+01,0.000000000000000000e+00,4.399414062500000000e-01,2.418823242187500000e-01,-8.588256835937500000e-01,1.018066406250000000e-01
2.000000000000000000e+00,-5.000000000000000000e+00,-1.000000000000000000e+01,6.000000000000000000e+00,5.000000000000000000e+00,8.000000000000000000e+00,2.000000000000000000e+00,2.000000000000000000e+00,4.391479492187500000e-01,2.420654296875000000e-01,-8.593750000000000000e-01,1.003417968750000000e-01
-2.700000000000000000e+01,-1.000000000000000000e+01,0.000000000000000000e+00,5.000000000000000000e+00,-2.000000000000000000e+00,-5.000000000000000000e+00,-1.000000000000000000e+00,-6.000000000000000000e+00,4.391479492187500000e-01,2.420654296875000000e-01,-8.593750000000000000e-01,1.003417968750000000e-01
-1.200000000000000000e+01,-1.100000000000000000e+01,-5.000000000000000000e+00,-4.000000000000000000e+00,-1.400000000000000000e+01,-2.000000000000000000e+00,-1.400000000000000000e+01,-4.000000000000000000e+00,4.391479492187500000e-01,2.420654296875000000e-01,-8.593750000000000000e-01,1.003417968750000000e-01
-3.000000000000000000e+00,-1.000000000000000000e+00,1.100000000000000000e+01,-2.900000000000000000e+01,-1.500000000000000000e+01,-7.000000000000000000e+00,-2.000000000000000000e+00,-3.000000000000000000e+00,4.391479492187500000e-01,2.420654296875000000e-01,-8.593750000000000000e-01,1.003417968750000000e-01
1.500000000000000000e+01,6.000000000000000000e+00,1.000000000000000000e+00,1.500000000000000000e+01,-5.000000000000000000e+00,-1.000000000000000000e+00,-4.000000000000000000e+00,-4.000000000000000000e+00,4.374389648437500000e-01,2.435913085937500000e-01,-8.599853515625000000e-01,9.893798828125000000e-02
2.300000000000000000e+01,3.000000000000000000e+00,1.000000000000000000e+01,2.000000000000000000e+00,2.100000000000000000e+01,3.000000000000000000e+00,1.100000000000000000e+01,8.000000000000000000e+00,4.374389648437500000e-01,2.435913085937500000e-01,-8.599853515625000000e-01,9.893798828125000000e-02
-1.000000000000000000e+01,5.000000000000000000e+00,7.000000000000000000e+00,-6.000000000000000000e+00,5.000000000000000000e+00,1.000000000000000000e+00,1.800000000000000000e+01,-1.000000000000000000e+00,4.374389648437500000e-01,2.435913085937500000e-01,-8.599853515625000000e-01,9.893798828125000000e-02
-3.000000000000000000e+00,-1.000000000000000000e+00,-2.000000000000000000e+00,1.000000000000000000e+00,-5.000000000000000000e+00,7.000000000000000000e+00,5.000000000000000000e+00,0.000000000000000000e+00,4.374389648437500000e-01,2.435913085937500000e-01,-8.599853515625000000e-01,9.893798828125000000e-02
1.000000000000000000e+00,7.000000000000000000e+00,1.000000000000000000e+00,-4.000000000000000000e+00,-5.000000000000000000e+00,-1.000000000000000000e+00,7.000000000000000000e+00,-3.000000000000000000e+00,4.354858398437500000e-01,2.455444335937500000e-01,-8.604736328125000000e-01,9.814453125000000000e-02
-1.100000000000000000e+01,-1.900000000000000000e+01,-2.000000000000000000e+00,4.000000000000000000e+00,-6.000000000000000000e+00,0.000000000000000000e+00,1.000000000000000000e+01,-2.000000000000000000e+00,4.354858398437500000e-01,2.455444335937500000e-01,-8.604736328125000000e-01,9.814453125000000000e-02
4.000000000000000000e+00,1.000000000000000000e+00,-1.000000000000000000e+00,-4.000000000000000000e+00,-4.000000000000000000e+00,-4.000000000000000000e+00,-1.100000000000000000e+01,-3.000000000000000000e+00,4.354858398437500000e-01,2.455444335937500000e-01,-8.604736328125000000e-01,9.814453125000000000e-02
0.000000000000000000e+00,3.000000000000000000e+00,-1.000000000000000000e+01,5.000000000000000000e+00,3.000000000000000000e+00,-1.000000000000000000e+00,-6.000000000000000000e+00,-2.000000000000000000e+00,4.354858398437500000e-01,2.455444335937500000e-01,-8.604736328125000000e-01,9.814453125000000000e-02
-1.200000000000000000e+01,-4.000000000000000000e+00,0.000000000000000000e+00,-5.000000000000000000e+00,1.000000000000000000e+00,1.000000000000000000e+00,5.000000000000000000e+00,0.000000000000000000e+00,4.339599609375000000e-01,2.474365234375000000e-01,-8.606567382812500000e-01,9.875488281250000000e-02
-2.000000000000000000e+00,1.000000000000000000e+00,-2.100000000000000000e+01,3.000000000000000000e+00,-1.000000000000000000e+00,-4.000000000000000000e+00,0.000000000000000000e+00,-6.000000000000000000e+00,4.339599609375000000e-01,2.474365234375000000e-01,-8.606567382812500000e-01,9.875488281250000000e-02
4.000000000000000000e+00,1.000000000000000000e+00,1.300000000000000000e+01,-1.000000000000000000e+01,1.000000000000000000e+00,2.000000000000000000e+00,-2.000000000000000000e+00,6.000000000000000000e+00,4.339599609375000000e-01,2.474365234375000000e-01,-8.606567382812500000e-01,9.875488281250000000e-02
-4.000000000000000000e+00,4.000000000000000000e+00,4.000000000000000000e+00,3.000000000000000000e+00,-4.000000000000000000e+00,-4.000000000000000000e+00,-1.200000000000000000e+01,-2.000000000000000000e+00,4.339599609375000000e-01,2.474365234375000000e-01,-8.606567382812500000e-01,9.875488281250000000e-02
1.000000000000000000e+00,-8.000000000000000000e+00,-2.000000000000000000e+01,0.000000000000000000e+00,-8.000000000000000000e+00,-4.000000000000000000e+00,-2.000000000000000000e+00,2.000000000000000000e+00,4.334716796875000000e-01,2.490234375000000000e-01,-8.603515625000000000e-01,9.973144531250000000e-02
5.000000000000000000e+00,4.000000000000000000e+00,-6.000000000000000000e+00,1.000000000000000000e+00,1.300000000000000000e+01,2.000000000000000000e+00,-2.000000000000000000e+00,-2.000000000000000000e+00,4.334716796875000000e-01,2.490234375000000000e-01,-8.603515625000000000e-01,9.973144531250000000e-02
3.000000000000000000e+00,-1.000000000000000000e+00,1.000000000000000000e+01,1.600000000000000000e+01,1.000000000000000000e+00,0.000000000000000000e+00,3.000000000000000000e+00,-2.000000000000000000e+00,4.334716796875000000e-01,2.490234375000000000e-01,-8.603515625000000000e-01,9.973144531250000000e-02
-6.000000000000000000e+00,5.000000000000000000e+00,-8.000000000000000000e+00,-3.700000000000000000e+01,-1.500000000000000000e+01,-6.000000000000000000e+00,-9.000000000000000000e+00,-1.000000000000000000e+00,4.334716796875000000e-01,2.490234375000000000e-01,-8.603515625000000000e-01,9.973144531250000000e-02
-8.000000000000000000e+00,-3.000000000000000000e+00,9.000000000000000000e+00,1.400000000000000000e+01,4.000000000000000000e+00,1.000000000000000000e+00,1.200000000000000000e+01,-1.000000000000000000e+00,4.331665039062500000e-01,2.498168945312500000e-01,-8.601074218750000000e-01,1.008911132812500000e-01
5.000000000000000000e+00,5.000000000000000000e+00,-9.000000000000000000e+00,8.000000000000000000e+00,5.000000000000000000e+00,0.000000000000000000e+00,-1.000000000000000000e+00,3.000000000000000000e+00,4.331665039062500000e-01,2.498168945312500000e-01,-8.601074218750000000e-01,1.008911132812500000e-01
2.000000000000000000e+00,-3.000000000000000000e+00,-2.600000000000000000e+01,-7.000000000000000000e+00,1.000000000000000000e+00,0.000000000000000000e+00,-4.000000000000000000e+00,-1.000000000000000000e+00,4.331665039062500000e-01,2.498168945312500000e-01,-8.601074218750000000e-01,1.008911132812500000e-01
4.000000000000000000e+00,8.000000000000000000e+00,4.400000000000000000e+01,2.400000000000000000e+01,6.000000000000000000e+00,1.000000000000000000e+00,7.000000000000000000e+00,1.000000000000000000e+00,4.331665039062500000e-01,2.498168945312500000e-01,-8.601074218750000000e-01,1.008911132812500000e-01
1.000000000000000000e+00,-1.300000000000000000e+01,-2.600000000000000000e+01,-8.000000000000000000e+00,-4.000000000000000000e+00,-5.000000000000000000e+00,-8.000000000000000000e+00,-2.000000000000000000e+00,4.329833984375000000e-01,2.501831054687500000e-01,-8.599243164062500000e-01,1.022338867187500000e-01
-2.700000000000000000e+01,-1.000000000000000000e+01,-1.000000000000000000e+00,-2.300000000000000000e+01,-1.800000000000000000e+01,-4.000000000000000000e+00,3.000000000000000000e+00,-4.000000000000000000e+00,4.329833984375000000e-01,2.501831054687500000e-01,-8.599243164062500000e-01,1.022338867187500000e-01
1.000000000000000000e+00,-7.000000000000000000e+00,4.000000000000000000e+00,8.000000000000000000e+00,8.000000000000000000e+00,2.000000000000000000e+00,-2.000000000000000000e+00,0.000000000000000000e+00,4.329833984375000000e-01,2.501831054687500000e-01,-8.599243164062500000e-01,1.022338867187500000e-01
-3.000000000000000000e+00,6.000000000000000000e+00,-1.600000000000000000e+01,-1.000000000000000000e+01,-2.000000000000000000e+00,2.000000000000000000e+00,2.000000000000000000e+01,-4.000000000000000000e+00,4.329833984375000000e-01,2.501831054687500000e-01,-8.599243164062500000e-01,1.022338867187500000e-01
5.000000000000000000e+00,-3.000000000000000000e+00,1.000000000000000000e+00,1.300000000000000000e+01,-4.000000000000000000e+00,-5.000000000000000000e+00,-1.400000000000000000e+01,-1.000000000000000000e+00,4.325561523437500000e-01,2.506103515625000000e-01,-8.598022460937500000e-01,1.038208007812500000e-01
4.000000000000000000e+00,9.000000000000000000e+00,1.300000000000000000e+01,1.000000000000000000e+00,2.000000000000000000e+00,-4.000000000000000000e+00,4.000000000000000000e+00,2.000000000000000000e+00,4.325561523437500000e-01,2.506103515625000000e-01,-8.598022460937500000e-01,1.038208007812500000e-01
1.000000000000000000e+01,1.000000000000000000e+00,0.000000000000000000e+00,-1.800000000000000000e+01,-1.100000000000000000e+01,3.000000000000000000e+00,1.300000000000000000e+01,0.000000000000000000e+00,4.325561523437500000e-01,2.506103515625000000e-01,-8.598022460937500000e-01,1.038208007812500000e-01
-2.500000000000000000e+01,-5.000000000000000000e+00,-4.000000000000000000e+00,6.000000000000000000e+00,4.000000000000000000e+00,-2.000000000000000000e+00,-5.000000000000000000e+00,-3.000000000000000000e+00,4.325561523437500000e-01,2.506103515625000000e-01,-8.598022460937500000e-01,1.038208007812500000e-01
-3.000000000000000000e+00,-1.400000000000000000e+01,-2.300000000000000000e+01,-4.000000000000000000e+00,3.000000000000000000e+00,-1.000000000000000000e+00,-1.500000000000000000e+01,-2.000000000000000000e+00,4.316406250000000000e-01,2.512817382812500000e-01,-8.598632812500000000e-01,1.056518554687500000e-01
4.000000000000000000e+00,-3.000000000000000000e+00,2.000000000000000000e+00,-2.000000000000000000e+00,-7.000000000000000000e+00,-1.000000000000000000e+00,1.000000000000000000e+00,-2.000000000000000000e+00,4.316406250000000000e-01,2.512817382812500000e-01,-8.598632812500000000e-01,1.056518554687500000e-01
1.000000000000000000e+00,4.000000000000000000e+00,-6.000000000000000000e+00,-2.000000000000000000e+00,1.000000000000000000e+00,-4.000000000000000000e+00,-1.400000000000000000e+01,0.000000000000000000e+00,4.316406250000000000e-01,2.512817382812500000e-01,-8.598632812500000000e-01,1.056518554687500000e-01
8.000000000000000000e+00,1.100000000000000000e+01,-3.000000000000000000e+00,1.000000000000000000e+01,-3.000000000000000000e+00,-5.000000000000000000e+00,-1.300000000000000000e+01,0.000000000000000000e+00,4.316406250000000000e-01,2.512817382812500000e-01,-8.598632812500000000e-01,1.056518554687500000e-01
-1.000000000000000000e+01,-9.000000000000000000e+00,9.000000000000000000e+00,-9.000000000000000000e+00,-2.000000000000000000e+00,0.000000000000000000e+00,1.000000000000000000e+01,4.000000000000000000e+00,4.308471679687500000e-01,2.526245117187500000e-01,-8.596801757812500000e-01,1.074218750000000000e-01
-1.000000000000000000e+00,-8.000000000000000000e+00,4.000000000000000000e+00,2.000000000000000000e+00,9.000000000000000000e+00,0.000000000000000000e+00,-1.000000000000000000e+01,-2.000000000000000000e+00,4.308471679687500000e-01,2.526245117187500000e-01,-8.596801757812500000e-01,1.074218750000000000e-01
1.000000000000000000e+00,0.000000000000000000e+00,-3.000000000000000000e+00,-1.000000000000000000e+00,-1.000000000000000000e+00,-2.000000000000000000e+00,5.000000000000000000e+00,-2.000000000000000000e+00,4.308471679687500000e-01,2.526245117187500000e-01,-8.596801757812500000e-01,1.074218750000000000e-01
4.000000000000000000e+00,-4.000000000000000000e+00,8.000000000000000000e+00,5.000000000000000000e+00,-1.000000000000000000e+00,-4.000000000000000000e+00,-7.000000000000000000e+00,0.000000000000000000e+00,4.308471679687500000e-01,2.526245117187500000e-01,-8.596801757812500000e-01,1.074218750000000000e-01
0.000000000000000000e+00,1.200000000000000000e+01,0.000000000000000000e+00,-6.000000000000000000e+00,-5.000000000000000000e+00,-3.000000000000000000e+00,2.000000000000000000e+00,0.000000000000000000e+00,4.304809570312500000e-01,2.547607421875000000e-01,-8.589477539062500000e-01,1.095581054687500000e-01
8.000000000000000000e+00,1.000000000000000000e+01,-2.000000000000000000e+00,1.000000000000000000e+00,-4.000000000000000000e+00,0.000000000000000000e+00,-7.000000000000000000e+00,2.000000000000000000e+00,4.304809570312500000e-01,2.547607421875000000e-01,-8.589477539062500000e-01,1.095581054687500000e-01
-7.000000000000000000e+00,-9.000000000000000000e+00,2.600000000000000000e+01,8.000000000000000000e+00,3.000000000000000000e+00,-1.000000000000000000e+00,8.000000000000000000e+00,-6.000000000000000000e+00,4.304809570312500000e-01,2.547607421875000000e-01,-8.589477539062500000e-01,1.095581054687500000e-01
-5.000000000000000000e+00,-8.000000000000000000e+00,6.000000000000000000e+00,9.000000000000000000e+00,-8.000000000000000000e+00,-4.000000000000000000e+00,2.000000000000000000e+00,3.000000000000000000e+00,4.304809570312500000e-01,2.547607421875000000e-01,-8.589477539062500000e-01,1.095581054687500000e-01
-4.000000000000000000e+00,0.000000000000000000e+00,6.000000000000000000e+00,-1.200000000000000000e+01,6.000000000000000000e+00,8.000000000000000000e+00,4.100000000000000000e+01,0.000000000000000000e+00,4.303588867187500000e-01,2.573852539062500000e-01,-8.578491210937500000e-01,1.123046875000000000e-01
5.000000000000000000e+00,-3.000000000000000000e+00,-3.000000000000000000e+00,-2.000000000000000000e+00,5.000000000000000000e+00,4.000000000000000000e+00,-1.000000000000000000e+00,-2.000000000000000000e+00,4.303588867187500000e-01,2.573852539062500000e-01,-8.578491210937500000e-01,1.123046875000000000e-01
-1.000000000000000000e+00,1.100000000000000000e+01,-3.000000000000000000e+00,-1.000000000000000000e+00,-3.000000000000000000e+00,-2.000000000000000000e+00,-7.000000000000000000e+00,-1.000000000000000000e+00,4.303588867187500000e-01,2.573852539062500000e-01,-8.578491210937500000e-01,1.123046875000000000e-01
-1.000000000000000000e+00,-5.000000000000000000e+00,-1.000000000000000000e+00,-1.000000000000000000e+00,-1.000000000000000000e+00,-1.000000000000000000e+00,2.000000000000000000e+00,0.000000000000000000e+00,4.303588867187500000e-01,2.573852539062500000e-01,-8.578491210937500000e-01,1.123046875000000000e-01
-1.000000000000000000e+00,-2.000000000000000000e+00,6.000000000000000000e+00,4.000000000000000000e+00,-3.000000000000000000e+00,-4.000000000000000000e+00,-2.000000000000000000e+01,0.000000000000000000e+00,4.307250976562500000e-01,2.603759765625000000e-01,-8.564453125000000000e-01,1.149902343750000000e-01
9.000000000000000000e+00,9.000000000000000000e+00,1.600000000000000000e+01,3.000000000000000000e+00,-3.000000000000000000e+00,0.000000000000000000e+00,3.000000000000000000e+00,1.000000000000000000e+00,4.307250976562500000e-01,2.603759765625000000e-01,-8.564453125000000000e-01,1.149902343750000000e-01
2.000000000000000000e+00,4.000000000000000000e+00,1.000000000000000000e+00,1.100000000000000000e+01,7.000000000000000000e+00,-6.000000000000000000e+00,-5.000000000000000000e+00,1.000000000000000000e+00,4.313964843750000000e-01,2.630615234375000000e-01,-8.550415039062500000e-01,1.166992187500000000e-01
-1.500000000000000000e+01,-1.800000000000000000e+01,-1.200000000000000000e+01,-1.100000000000000000e+01,0.000000000000000000e+00,1.100000000000000000e+01,8.000000000000000000e+00,-3.000000000000000000e+00,4.313964843750000000e-01,2.630615234375000000e-01,-8.550415039062500000e-01,1.166992187500000000e-01
-8.000000000000000000e+00,-1.300000000000000000e+01,-2.000000000000000000e+00,2.000000000000000000e+00,3.000000000000000000e+00,-3.000000000000000000e+00,-1.100000000000000000e+01,-1.000000000000000000e+00,4.313964843750000000e-01,2.630615234375000000e-01,-8.550415039062500000e-01,1.166992187500000000e-01
2.000000000000000000e+00,7.000000000000000000e+00,-8.000000000000000000e+00,-6.000000000000000000e+00,-4.000000000000000000e+00,-4.000000000000000000e+00,-7.000000000000000000e+00,-2.000000000000000000e+00,4.313964843750000000e-01,2.630615234375000000e-01,-8.550415039062500000e-01,1.166992187500000000e-01
-1.000000000000000000e+00,-6.000000000000000000e+00,2.000000000000000000e+00,-2.000000000000000000e+00,-5.000000000000000000e+00,0.000000000000000000e+00,3.000000000000000000e+00,0.000000000000000000e+00,4.323120117187500000e-01,2.659301757812500000e-01,-8.534545898437500000e-01,1.182250976562500000e-01
9.000000000000000000e+00,7.000000000000000000e+00,-1.000000000000000000e+01,-5.000000000000000000e+00,-4.000000000000000000e+00,-2.000000000000000000e+00,-2.000000000000000000e+00,0.000000000000000000e+00,4.323120117187500000e-01,2.659301757812500000e-01,-8.534545898437500000e-01,1.182250976562500000e-01
1.000000000000000000e+00,7.000000000000000000e+00,7.000000000000000000e+00,-5.000000000000000000e+00,-2.000000000000000000e+00,-2.000000000000000000e+00,-5.000000000000000000e+00,-1.000000000000000000e+00,4.323120117187500000e-01,2.659301757812500000e-01,-8.534545898437500000e-01,1.182250976562500000e-01
1.600000000000000000e+01,1.300000000000000000e+01,1.700000000000000000e+01,6.000000000000000000e+00,7.000000000000000000e+00,-1.000000000000000000e+00,4.000000000000000000e+00,-2.000000000000000000e+00,4.323120117187500000e-01,2.659301757812500000e-01,-8.534545898437500000e-01,1.182250976562500000e-01
-1.600000000000000000e+01,0.000000000000000000e+00,-1.100000000000000000e+01,1.400000000000000000e+01,-1.100000000000000000e+01,8.000000000000000000e+00,1.800000000000000000e+01,2.000000000000000000e+00,4.328002929687500000e-01,2.691040039062500000e-01,-8.519897460937500000e-01,1.199340820312500000e-01
-4.000000000000000000e+00,-2.000000000000000000e+01,1.700000000000000000e+01,-1.200000000000000000e+01,2.700000000000000000e+01,-2.000000000000000000e+00,-2.700000000000000000e+01,-4.000000000000000000e+00,4.328002929687500000e-01,2.691040039062500000e-01,-8.519897460937500000e-01,1.199340820312500000e-01
-2.500000000000000000e+01,-7.000000000000000000e+00,-1.600000000000000000e+01,2.000000000000000000e+00,-8.000000000000000000e+00,2.000000000000000000e+00,6.000000000000000000e+00,-3.000000000000000000e+00,4.328002929687500000e-01,2.691040039062500000e-01,-8.519897460937500000e-01,1.199340820312500000e-01
-8.000000000000000000e+00,-1.400000000000000000e+01,-1.800000000000000000e+01,-6.000000000000000000e+00,-6.000000000000000000e+00,-7.000000000000000000e+00,-1.800000000000000000e+01,-7.000000000000000000e+00,4.328002929687500000e-01,2.691040039062500000e-01,-8.519897460937500000e-01,1.199340820312500000e-01
1.100000000000000000e+01,6.000000000000000000e+00,4.000000000000000000e+00,-1.200000000000000000e+01,-4.000000000000000000e+00,-6.000000000000000000e+00,-7.000000000000000000e+00,-2.000000000000000000e+00,4.331665039062500000e-01,2.727050781250000000e-01,-8.504028320312500000e-01,1.215820312500000000e-01
5.000000000000000000e+00,1.000000000000000000e+00,-3.000000000000000000e+01,-3.000000000000000000e+00,-1.200000000000000000e+01,0.000000000000000000e+00,4.000000000000000000e+00,0.000000000000000000e+00,4.331665039062500000e-01,2.727050781250000000e-01,-8.504028320312500000e-01,1.215820312500000000e-01
7.000000000000000000e+00,5.000000000000000000e+00,9.000000000000000000e+00,1.400000000000000000e+01,2.000000000000000000e+01,5.000000000000000000e+00,-8.000000000000000000e+00,0.000000000000000000e+00,4.331665039062500000e-01,2.727050781250000000e-01,-8.504028320312500000e-01,1.215820312500000000e-01
1.000000000000000000e+00,0.000000000000000000e+00,7.000000000000000000e+00,4.000000000000000000e+00,-4.000000000000000000e+00,3.000000000000000000e+00,7.000000000000000000e+00,2.000000000000000000e+00,4.331665039062500000e-01,2.727050781250000000e-01,-8.504028320312500000e-01,1.215820312500000000e-01
-2.000000000000000000e+00,-2.000000000000000000e+00,-1.000000000000000000e+01,2.000000000000000000e+00,3.000000000000000000e+00,-2.000000000000000000e+00,-1.000000000000000000e+01,1.000000000000000000e+00,4.327392578125000000e-01,2.760620117187500000e-01,-8.494262695312500000e-01,1.224365234375000000e-01
-2.000000000000000000e+00,2.000000000000000000e+00,2.000000000000000000e+00,-2.200000000000000000e+01,-1.900000000000000000e+01,0.000000000000000000e+00,-3.000000000000000000e+00,-1.000000000000000000e+00,4.327392578125000000e-01,2.760620117187500000e-01,-8.494262695312500000e-01,1.224365234375000000e-01
8.000000000000000000e+00,7.000000000000000000e+00,8.000000000000000000e+00,1.200000000000000000e+01,6.000000000000000000e+00,-3.000000000000000000e+00,1.000000000000000000e+00,2.000000000000000000e+00,4.327392578125000000e-01,2.760620117187500000e-01,-8.494262695312500000e-01,1.224365234375000000e-01
-1.000000000000000000e+00,-9.000000000000000000e+00,-3.600000000000000000e+01,1.000000000000000000e+00,-3.000000000000000000e+00,0.000000000000000000e+00,5.000000000000000000e+00,-2.000000000000000000e+00,4.327392578125000000e-01,2.760620117187500000e-01,-8.494262695312500000e-01,1.224365234375000000e-01
-3.000000000000000000e+00,-6.000000000000000000e+00,0.000000000000000000e+00,-1.900000000000000000e+01,-4.000000000000000000e+00,1.000000000000000000e+00,1.000000000000000000e+00,-1.000000000000000000e+00,4.318237304687500000e-01,2.785644531250000000e-01,-8.490600585937500000e-01,1.226196289062500000e-01
-1.200000000000000000e+01,0.000000000000000000e+00,2.000000000000000000e+00,1.000000000000000000e+00,0.000000000000000000e+00,-5.000000000000000000e+00,7.000000000000000000e+00,-3.000000000000000000e+00,4.318237304687500000e-01,2.785644531250000000e-01,-8.490600585937500000e-01,1.226196289062500000e-01
0.000000000000000000e+00,-9.000000000000000000e+00,5.000000000000000000e+00,-2.000000000000000000e+00,0.000000000000000000e+00,2.000000000000000000e+00,1.000000000000000000e+00,-1.000000000000000000e+00,4.318237304687500000e-01,2.785644531250000000e-01,-8.490600585937500000e-01,1.226196289062500000e-01
-3.000000000000000000e+00,-3.000000000000000000e+00,1.700000000000000000e+01,-6.000000000000000000e+00,-5.000000000000000000e+00,-1.000000000000000000e+00,-3.000000000000000000e+00,-1.000000000000000000e+00,4.318237304687500000e-01,2.785644531250000000e-01,-8.490600585937500000e-01,1.226196289062500000e-01
-6.000000000000000000e+00,-5.000000000000000000e+00,-1.200000000000000000e+01,6.000000000000000000e+00,-2.000000000000000000e+00,-2.000000000000000000e+00,-9.000000000000000000e+00,-2.000000000000000000e+00,4.307861328125000000e-01,2.803955078125000000e-01,-8.489379882812500000e-01,1.228637695312500000e-01
7.000000000000000000e+00,5.000000000000000000e+00,-6.000000000000000000e+00,-1.000000000000000000e+00,-2.000000000000000000e+00,-3.000000000000000000e+00,0.000000000000000000e+00,0.000000000000000000e+00,4.307861328125000000e-01,2.803955078125000000e-01,-8.489379882812500000e-01,1.228637695312500000e-01
3.000000000000000000e+00,6.000000000000000000e+00,-2.000000000000000000e+00,3.000000000000000000e+00,-1.000000000000000000e+00,1.000000000000000000e+00,-6.000000000000000000e+00,-5.000000000000000000e+00,4.307861328125000000e-01,2.803955078125000000e-01,-8.489379882812500000e-01,1.228637695312500000e-01
-5.000000000000000000e+00,2.000000000000000000e+00,2.300000000000000000e+01,-5.000000000000000000e+00,4.000000000000000000e+00,7.000000000000000000e+00,9.000000000000000000e+00,4.000000000000000000e+00,4.307861328125000000e-01,2.803955078125000000e-01,-8.489379882812500000e-01,1.228637695312500000e-01
5.000000000000000000e+00,-1.000000000000000000e+00,-4.300000000000000000e+01,-1.100000000000000000e+01,1.000000000000000000e+00,-1.000000000000000000e+00,4.000000000000000000e+00,1.000000000000000000e+00,4.288940429687500000e-01,2.819824218750000000e-01,-8.493041992187500000e-01,1.233520507812500000e-01
-2.000000000000000000e+00,-2.000000000000000000e+00,6.500000000000000000e+01,3.100000000000000000e+01,1.000000000000000000e+01,9.000000000000000000e+00,1.800000000000000000e+01,-1.000000000000000000e+00,4.288940429687500000e-01,2.819824218750000000e-01,-8.493041992187500000e-01,1.233520507812500000e-01
3.000000000000000000e+00,4.000000000000000000e+00,-6.000000000000000000e+00,-2.000000000000000000e+01,-1.500000000000000000e+01,-6.000000000000000000e+00,-3.000000000000000000e+00,-1.000000000000000000e+00,4.288940429687500000e-01,2.819824218750000000e-01,-8.493041992187500000e-01,1.233520507812500000e-01
-4.000000000000000000e+00,-1.000000000000000000e+01,-1.100000000000000000e+01,-1.600000000000000000e+01,-1.000000000000000000e+00,-5.000000000000000000e+00,1.000000000000000000e+00,-2.000000000000000000e+00,4.288940429687500000e-01,2.819824218750000000e-01,-8.493041992187500000e-01,1.233520507812500000e-01
-8.000000000000000000e+00,-8.000000000000000000e+00,1.500000000000000000e+01,7.000000000000000000e+00,-2.000000000000000000e+00,-3.000000000000000000e+00,-1.300000000000000000e+01,-5.000000000000000000e+00,4.268798828125000000e-01,2.837524414062500000e-01,-8.497314453125000000e-01,1.234741210937500000e-01
3.000000000000000000e+00,5.000000000000000000e+00,-1.900000000000000000e+01,6.000000000000000000e+00,-4.000000000000000000e+00,-5.000000000000000000e+00,-7.000000000000000000e+00,1.000000000000000000e+00,4.268798828125000000e-01,2.837524414062500000e-01,-8.497314453125000000e-01,1.234741210937500000e-01
1.000000000000000000e+00,2.000000000000000000e+00,2.000000000000000000e+00,-5.000000000000000000e+00,-4.000000000000000000e+00,-6.000000000000000000e+00,0.000000000000000000e+00,1.000000000000000000e+00,4.268798828125000000e-01,2.837524414062500000e-01,-8.497314453125000000e-01,1.234741210937500000e-01
5.000000000000000000e+00,1.300000000000000000e+01,3.600000000000000000e+01,2.000000000000000000e+01,1.600000000000000000e+01,7.000000000000000000e+00,-3.000000000000000000e+00,2.000000000000000000e+00,4.268798828125000000e-01,2.837524414062500000e-01,-8.497314453125000000e-01,1.234741210937500000e-01
6.000000000000000000e+00,-1.000000000000000000e+00,-2.300000000000000000e+01,-1.600000000000000000e+01,-2.000000000000000000e+00,0.000000000000000000e+00,-1.000000000000000000e+00,0.000000000000000000e+00,4.247436523437500000e-01,2.836303710937500000e-01,-8.508911132812500000e-01,1.228027343750000000e-01
1.300000000000000000e+01,-8.000000000000000000e+00,1.100000000000000000e+01,0.000000000000000000e+00,-5.000000000000000000e+00,-6.000000000000000000e+00,-1.500000000000000000e+01,-2.000000000000000000e+00,4.247436523437500000e-01,2.836303710937500000e-01,-8.508911132812500000e-01,1.228027343750000000e-01
-3.600000000000000000e+01,-7.000000000000000000e+00,-1.900000000000000000e+01,-1.000000000000000000e+01,-7.000000000000000000e+00,1.000000000000000000e+00,1.000000000000000000e+01,-4.000000000000000000e+00,4.247436523437500000e-01,2.836303710937500000e-01,-8.508911132812500000e-01,1.228027343750000000e-01
-8.000000000000000000e+00,-7.000000000000000000e+00,-1.700000000000000000e+01,4.000000000000000000e+00,-1.100000000000000000e+01,-6.000000000000000000e+00,-6.000000000000000000e+00,-3.000000000000000000e+00,4.247436523437500000e-01,2.836303710937500000e-01,-8.508911132812500000e-01,1.228027343750000000e-01
-4.000000000000000000e+00,1.000000000000000000e+00,1.600000000000000000e+01,1.300000000000000000e+01,1.000000000000000000e+00,-1.000000000000000000e+00,4.000000000000000000e+00,-3.000000000000000000e+00,4.230346679687500000e-01,2.830200195312500000e-01,-8.520507812500000000e-01,1.222534179687500000e-01
5.000000000000000000e+00,-1.200000000000000000e+01,0.000000000000000000e+00,-3.000000000000000000e+00,3.000000000000000000e+00,0.000000000000000000e+00,5.000000000000000000e+00,0.000000000000000000e+00,4.230346679687500000e-01,2.830200195312500000e-01,-8.520507812500000000e-01,1.222534179687500000e-01
1.700000000000000000e+01,1.100000000000000000e+01,6.000000000000000000e+00,-4.000000000000000000e+00,0.000000000000000000e+00,0.000000000000000000e+00,-6.000000000000000000e+00,2.000000000000000000e+00,4.230346679687500000e-01,2.830200195312500000e-01,-8.520507812500000000e-01,1.222534179687500000e-01
-6.000000000000000000e+00,-2.000000000000000000e+00,-9.000000000000000000e+00,-7.000000000000000000e+00,-7.000000000000000000e+00,-1.000000000000000000e+00,-1.000000000000000000e+00,3.000000000000000000e+00,4.230346679687500000e-01,2.830200195312500000e-01,-8.520507812500000000e-01,1.222534179687500000e-01
-4.000000000000000000e+00,-2.000000000000000000e+00,0.000000000000000000e+00,8.000000000000000000e+00,7.000000000000000000e+00,-3.000000000000000000e+00,-2.200000000000000000e+01,0.000000000000000000e+00,4.211425781250000000e-01,2.826538085937500000e-01,-8.531494140625000000e-01,1.220703125000000000e-01
-4.000000000000000000e+00,6.000000000000000000e+00,1.000000000000000000e+00,-9.000000000000000000e+00,-4.000000000000000000e+00,8.000000000000000000e+00,2.100000000000000000e+01,0.000000000000000000e+00,4.211425781250000000e-01,2.826538085937500000e-01,-8.531494140625000000e-01,1.220703125000000000e-01
-1.000000000000000000e+00,-1.600000000000000000e+01,-4.000000000000000000e+00,-3.000000000000000000e+00,-3.000000000000000000e+00,-6.000000000000000000e+00,-6.000000000000000000e+00,-1.000000000000000000e+00,4.211425781250000000e-01,2.826538085937500000e-01,-8.531494140625000000e-01,1.220703125000000000e-01
-2.000000000000000000e+00,-2.000000000000000000e+00,-8.000000000000000000e+00,-1.200000000000000000e+01,-3.000000000000000000e+00,-3.000000000000000000e+00,-3.000000000000000000e+00,-3.000000000000000000e+00,4.211425781250000000e-01,2.826538085937500000e-01,-8.531494140625000000e-01,1.220703125000000000e-01
5.000000000000000000e+00,0.000000000000000000e+00,4.000000000000000000e+00,-2.000000000000000000e+00,-9.000000000000000000e+00,-3.000000000000000000e+00,-8.000000000000000000e+00,-1.000000000000000000e+00,4.194335937500000000e-01,2.824707031250000000e-01,-8.541870117187500000e-01,1.212158203125000000e-01
0.000000000000000000e+00,1.100000000000000000e+01,-4.000000000000000000e+00,-9.000000000000000000e+00,-7.000000000000000000e+00,-4.000000000000000000e+00,-8.000000000000000000e+00,0.000000000000000000e+00,4.194335937500000000e-01,2.824707031250000000e-01,-8.541870117187500000e-01,1.212158203125000000e-01
