-7.000000000000000000e+00,2.600000000000000000e+01,1.100000000000000000e+01,1.100000000000000000e+01,1.000000000000000000e+01,1.800000000000000000e+01,-6.000000000000000000e+00,-1.000000000000000000e+00,-3.005371093750000000e-01,2.305908203125000000e-01,7.262573242187500000e-01,5.736083984375000000e-01
-1.600000000000000000e+01,-4.400000000000000000e+01,-2.000000000000000000e+00,2.200000000000000000e+01,-6.000000000000000000e+00,-9.000000000000000000e+00,-4.000000000000000000e+00,3.000000000000000000e+00,-3.005371093750000000e-01,2.305908203125000000e-01,7.262573242187500000e-01,5.736083984375000000e-01
1.800000000000000000e+01,9.000000000000000000e+00,-9.000000000000000000e+00,-1.500000000000000000e+01,-6.000000000000000000e+00,1.200000000000000000e+01,8.000000000000000000e+00,-7.000000000000000000e+00,-3.005371093750000000e-01,2.305908203125000000e-01,7.262573242187500000e-01,5.736083984375000000e-01
2.200000000000000000e+01,3.200000000000000000e+01,1.600000000000000000e+01,-8.000000000000000000e+00,-4.000000000000000000e+00,-1.200000000000000000e+01,2.000000000000000000e+00,6.000000000000000000e+00,-3.005371093750000000e-01,2.305908203125000000e-01,7.262573242187500000e-01,5.736083984375000000e-01
-2.100000000000000000e+01,-2.700000000000000000e+01,-2.500000000000000000e+01,0.000000000000000000e+00,6.000000000000000000e+00,1.100000000000000000e+01,2.000000000000000000e+00,-4.000000000000000000e+00,-2.966918945312500000e-01,2.349853515625000000e-01,7.274169921875000000e-01,5.723266601562500000e-01
-1.900000000000000000e+01,3.600000000000000000e+01,2.000000000000000000e+00,6.000000000000000000e+00,1.000000000000000000e+00,-6.000000000000000000e+00,0.000000000000000000e+00,-1.000000000000000000e+01,-2.966918945312500000e-01,2.349853515625000000e-01,7.274169921875000000e-01,5.723266601562500000e-01
1.100000000000000000e+01,-8.000000000000000000e+00,1.400000000000000000e+01,-1.400000000000000000e+01,-5.000000000000000000e+00,-8.000000000000000000e+00,-1.200000000000000000e+01,6.000000000000000000e+00,-2.966918945312500000e-01,2.349853515625000000e-01,7.274169921875000000e-01,5.723266601562500000e-01
8.000000000000000000e+00,-2.000000000000000000e+01,-4.000000000000000000e+00,1.200000000000000000e+01,4.000000000000000000e+00,5.000000000000000000e+00,5.000000000000000000e+00,6.000000000000000000e+00,-2.966918945312500000e-01,2.349853515625000000e-01,7.274169921875000000e-01,5.723266601562500000e-01
2.600000000000000000e+01,-3.900000000000000000e+01,-8.000000000000000000e+00,-1.600000000000000000e+01,-6.000000000000000000e+00,-6.000000000000000000e+00,4.000000000000000000e+00,1.000000000000000000e+00,-2.966918945312500000e-01,2.339477539062500000e-01,7.282104492187500000e-01,5.716552734375000000e-01
-2.400000000000000000e+01,8.000000000000000000e+00,1.300000000000000000e+01,1.000000000000000000e+00,2.000000000000000000e+00,3.000000000000000000e+00,-2.000000000000000000e+00,-7.000000000000000000e+00,-2.966918945312500000e-01,2.339477539062500000e-01,7.282104492187500000e-01,5.716552734375000000e-01
1.400000000000000000e+01,-1.000000000000000000e+01,-4.000000000000000000e+00,-8.000000000000000000e+00,0.000000000000000000e+00,1.000000000000000000e+00,2.000000000000000000e+00,3.000000000000000000e+00,-2.966918945312500000e-01,2.339477539062500000e-01,7.282104492187500000e-01,5.716552734375000000e-01
-2.900000000000000000e+01,-9.000000000000000000e+00,-1.300000000000000000e+01,3.000000000000000000e+00,1.000000000000000000e+00,-5.000000000000000000e+00,-1.300000000000000000e+01,-7.000000000000000000e+00,-2.966918945312500000e-01,2.339477539062500000e-01,7.282104492187500000e-01,5.716552734375000000e-01
2.100000000000000000e+01,3.000000000000000000e+01,0.000000000000000000e+00,0.000000000000000000e+00,2.000000000000000000e+00,1.100000000000000000e+01,3.000000000000000000e+00,-1.000000000000000000e+00,-2.978515625000000000e-01,2.313232421875000000e-01,7.283325195312500000e-01,5.720214843750000000e-01
2.200000000000000000e+01,-1.600000000000000000e+01,-3.000000000000000000e+00,2.000000000000000000e+00,4.000000000000000000e+00,8.000000000000000000e+00,3.000000000000000000e+00,8.000000000000000000e+00,-2.978515625000000000e-01,2.313232421875000000e-01,7.283325195312500000e-01,5.720214843750000000e-01
-2.000000000000000000e+01,-4.000000000000000000e+00,1.500000000000000000e+01,2.000000000000000000e+00,2.000000000000000000e+00,4.000000000000000000e+00,0.000000000000000000e+00,-4.000000000000000000e+00,-2.978515625000000000e-01,2.313232421875000000e-01,7.283325195312500000e-01,5.720214843750000000e-01
2.600000000000000000e+01,3.900000000000000000e+01,-1.100000000000000000e+01,1.100000000000000000e+01,-4.000000000000000000e+00,-6.000000000000000000e+00,-7.000000000000000000e+00,0.000000000000000000e+00,-2.978515625000000000e-01,2.313232421875000000e-01,7.283325195312500000e-01,5.720214843750000000e-01
-3.000000000000000000e+01,-1.100000000000000000e+01,1.000000000000000000e+01,-3.000000000000000000e+00,-6.000000000000000000e+00,-4.000000000000000000e+00,-2.000000000000000000e+00,0.000000000000000000e+00,-2.991943359375000000e-01,2.293090820312500000e-01,7.276000976562500000e-01,5.731201171875000000e-01
-1.500000000000000000e+01,-2.900000000000000000e+01,-5.000000000000000000e+00,2.000000000000000000e+00,-6.000000000000000000e+00,1.000000000000000000e+00,3.000000000000000000e+00,-5.000000000000000000e+00,-2.991943359375000000e-01,2.293090820312500000e-01,7.276000976562500000e-01,5.731201171875000000e-01
-6.000000000000000000e+00,1.100000000000000000e+01,-3.000000000000000000e+00,6.000000000000000000e+00,3.000000000000000000e+00,-2.000000000000000000e+00,-9.000000000000000000e+00,-7.000000000000000000e+00,-2.991943359375000000e-01,2.293090820312500000e-01,7.276000976562500000e-01,5.731201171875000000e-01
5.000000000000000000e+00,1.700000000000000000e+01,4.000000000000000000e+00,-1.800000000000000000e+01,-4.000000000000000000e+00,6.000000000000000000e+00,4.000000000000000000e+00,2.000000000000000000e+00,-2.991943359375000000e-01,2.293090820312500000e-01,7.276000976562500000e-01,5.731201171875000000e-01
7.000000000000000000e+00,8.000000000000000000e+00,-1.000000000000000000e+01,-1.700000000000000000e+01,-9.000000000000000000e+00,-1.000000000000000000e+01,0.000000000000000000e+00,4.000000000000000000e+00,-2.990112304687500000e-01,2.283325195312500000e-01,7.263183593750000000e-01,5.751953125000000000e-01
1.200000000000000000e+01,5.000000000000000000e+00,7.000000000000000000e+00,7.000000000000000000e+00,0.000000000000000000e+00,1.000000000000000000e+00,-5.000000000000000000e+00,-8.000000000000000000e+00,-2.990112304687500000e-01,2.283325195312500000e-01,7.263183593750000000e-01,5.751953125000000000e-01
-3.500000000000000000e+01,-1.400000000000000000e+01,-4.000000000000000000e+00,4.000000000000000000e+00,-2.000000000000000000e+00,-8.000000000000000000e+00,0.000000000000000000e+00,1.000000000000000000e+00,-2.990112304687500000e-01,2.283325195312500000e-01,7.263183593750000000e-01,5.751953125000000000e-01
1.900000000000000000e+01,4.000000000000000000e+00,3.000000000000000000e+00,4.000000000000000000e+00,6.000000000000000000e+00,5.000000000000000000e+00,0.000000000000000000e+00,4.000000000000000000e+00,-2.990112304687500000e-01,2.283325195312500000e-01,7.263183593750000000e-01,5.751953125000000000e-01
-6.000000000000000000e+00,-1.400000000000000000e+01,-6.000000000000000000e+00,-1.900000000000000000e+01,-1.700000000000000000e+01,-1.100000000000000000e+01,-4.000000000000000000e+00,-3.000000000000000000e+00,-2.985229492187500000e-01,2.281494140625000000e-01,7.258300781250000000e-01,5.761108398437500000e-01
-3.000000000000000000e+00,-6.000000000000000000e+00,0.000000000000000000e+00,-2.000000000000000000e+00,3.000000000000000000e+00,1.000000000000000000e+00,6.000000000000000000e+00,4.000000000000000000e+00,-2.985229492187500000e-01,2.281494140625000000e-01,7.258300781250000000e-01,5.761108398437500000e-01
6.000000000000000000e+00,1.900000000000000000e+01,-7.000000000000000000e+00,2.000000000000000000e+00,3.000000000000000000e+00,0.000000000000000000e+00,-1.000000000000000000e+00,1.000000000000000000e+00,-2.985229492187500000e-01,2.281494140625000000e-01,7.258300781250000000e-01,5.761108398437500000e-01
-6.000000000000000000e+00,-4.900000000000000000e+01,-3.000000000000000000e+00,-4.000000000000000000e+00,4.000000000000000000e+00,9.000000000000000000e+00,0.000000000000000000e+00,-2.000000000000000000e+00,-2.985229492187500000e-01,2.281494140625000000e-01,7.258300781250000000e-01,5.761108398437500000e-01
-1.000000000000000000e+00,1.200000000000000000e+01,1.900000000000000000e+01,-7.000000000000000000e+00,-3.000000000000000000e+00,-1.000000000000000000e+00,2.000000000000000000e+00,2.000000000000000000e+00,-2.999267578125000000e-01,2.262573242187500000e-01,7.260131835937500000e-01,5.758666992187500000e-01
-1.200000000000000000e+01,-2.100000000000000000e+01,-2.900000000000000000e+01,2.000000000000000000e+00,-5.000000000000000000e+00,-3.000000000000000000e+00,-8.000000000000000000e+00,-5.000000000000000000e+00,-2.999267578125000000e-01,2.262573242187500000e-01,7.260131835937500000e-01,5.758666992187500000e-01
1.200000000000000000e+01,3.100000000000000000e+01,1.500000000000000000e+01,-7.000000000000000000e+00,-6.000000000000000000e+00,-4.000000000000000000e+00,-1.000000000000000000e+00,1.000000000000000000e+00,-2.999267578125000000e-01,2.262573242187500000e-01,7.260131835937500000e-01,5.758666992187500000e-01
-1.400000000000000000e+01,-1.200000000000000000e+01,-2.300000000000000000e+01,-6.000000000000000000e+00,-8.000000000000000000e+00,-1.100000000000000000e+01,-1.200000000000000000e+01,-1.400000000000000000e+01,-2.999267578125000000e-01,2.262573242187500000e-01,7.260131835937500000e-01,5.758666992187500000e-01
2.600000000000000000e+01,1.700000000000000000e+01,2.000000000000000000e+01,1.000000000000000000e+00,1.000000000000000000e+00,3.000000000000000000e+00,8.000000000000000000e+00,1.100000000000000000e+01,-3.026123046875000000e-01,2.224731445312500000e-01,7.254028320312500000e-01,5.767822265625000000e-01
-2.600000000000000000e+01,-3.000000000000000000e+01,-8.000000000000000000e+00,2.000000000000000000e+00,2.000000000000000000e+00,-5.000000000000000000e+00,6.000000000000000000e+00,-5.000000000000000000e+00,-3.026123046875000000e-01,2.224731445312500000e-01,7.254028320312500000e-01,5.767822265625000000e-01
1.000000000000000000e+00,8.000000000000000000e+00,2.000000000000000000e+00,-1.000000000000000000e+00,1.000000000000000000e+00,0.000000000000000000e+00,-1.800000000000000000e+01,-1.000000000000000000e+00,-3.026123046875000000e-01,2.224731445312500000e-01,7.254028320312500000e-01,5.767822265625000000e-01
-2.300000000000000000e+01,1.400000000000000000e+01,-2.500000000000000000e+01,-6.000000000000000000e+00,-1.000000000000000000e+00,-5.000000000000000000e+00,2.000000000000000000e+00,2.000000000000000000e+00,-3.026123046875000000e-01,2.224731445312500000e-01,7.254028320312500000e-01,5.767822265625000000e-01
1.000000000000000000e+01,-3.000000000000000000e+00,-3.000000000000000000e+00,3.000000000000000000e+00,2.000000000000000000e+00,2.000000000000000000e+00,8.000000000000000000e+00,-2.000000000000000000e+00,-3.038940429687500000e-01,2.197875976562500000e-01,7.237548828125000000e-01,5.791015625000000000e-01
1.100000000000000000e+01,1.800000000000000000e+01,1.200000000000000000e+01,8.000000000000000000e+00,3.000000000000000000e+00,4.000000000000000000e+00,-1.400000000000000000e+01,-1.000000000000000000e+00,-3.038940429687500000e-01,2.197875976562500000e-01,7.237548828125000000e-01,5.791015625000000000e-01
-2.200000000000000000e+01,-1.800000000000000000e+01,-1.400000000000000000e+01,-9.000000000000000000e+00,-9.000000000000000000e+00,-5.000000000000000000e+00,7.000000000000000000e+00,-4.000000000000000000e+00,-3.038940429687500000e-01,2.197875976562500000e-01,7.237548828125000000e-01,5.791015625000000000e-01
1.200000000000000000e+01,9.000000000000000000e+00,3.000000000000000000e+00,6.000000000000000000e+00,0.000000000000000000e+00,-6.000000000000000000e+00,-1.200000000000000000e+01,1.000000000000000000e+00,-3.038940429687500000e-01,2.197875976562500000e-01,7.237548828125000000e-01,5.791015625000000000e-01
-4.000000000000000000e+00,-3.000000000000000000e+00,-5.000000000000000000e+00,5.000000000000000000e+00,3.000000000000000000e+00,0.000000000000000000e+00,2.000000000000000000e+00,-1.000000000000000000e+00,-3.033447265625000000e-01,2.199707031250000000e-01,7.221679687500000000e-01,5.813598632812500000e-01
-2.000000000000000000e+00,1.500000000000000000e+01,0.000000000000000000e+00,-3.000000000000000000e+00,1.000000000000000000e+00,0.000000000000000000e+00,4.000000000000000000e+00,5.000000000000000000e+00,-3.033447265625000000e-01,2.199707031250000000e-01,7.221679687500000000e-01,5.813598632812500000e-01
2.000000000000000000e+00,-1.500000000000000000e+01,-6.000000000000000000e+00,-4.000000000000000000e+00,-1.000000000000000000e+00,-3.000000000000000000e+00,2.000000000000000000e+00,-3.000000000000000000e+00,-3.033447265625000000e-01,2.199707031250000000e-01,7.221679687500000000e-01,5.813598632812500000e-01
6.000000000000000000e+00,-9.000000000000000000e+00,0.000000000000000000e+00,-4.000000000000000000e+00,-5.000000000000000000e+00,-1.000000000000000000e+00,-3.000000000000000000e+00,-2.000000000000000000e+00,-3.033447265625000000e-01,2.199707031250000000e-01,7.221679687500000000e-01,5.813598632812500000e-01
-7.000000000000000000e+00,2.700000000000000000e+01,-1.000000000000000000e+00,3.000000000000000000e+00,2.000000000000000000e+00,0.000000000000000000e+00,-5.000000000000000000e+00,-6.000000000000000000e+00,-3.027343750000000000e-01,2.200317382812500000e-01,7.211303710937500000e-01,5.829467773437500000e-01
-1.400000000000000000e+01,-5.000000000000000000e+00,0.000000000000000000e+00,6.000000000000000000e+00,-1.000000000000000000e+00,-3.000000000000000000e+00,-1.000000000000000000e+00,-6.000000000000000000e+00,-3.027343750000000000e-01,2.200317382812500000e-01,7.211303710937500000e-01,5.829467773437500000e-01
1.000000000000000000e+00,8.000000000000000000e+00,-4.000000000000000000e+00,-8.000000000000000000e+00,2.000000000000000000e+00,2.000000000000000000e+00,-2.000000000000000000e+00,0.000000000000000000e+00,-3.027343750000000000e-01,2.200317382812500000e-01,7.211303710937500000e-01,5.829467773437500000e-01
1.300000000000000000e+01,-1.800000000000000000e+01,1.700000000000000000e+01,-7.000000000000000000e+00,-5.000000000000000000e+00,-1.000000000000000000e+00,3.000000000000000000e+00,5.000000000000000000e+00,-3.027343750000000000e-01,2.200317382812500000e-01,7.211303710937500000e-01,5.829467773437500000e-01
-2.000000000000000000e+00,6.000000000000000000e+00,-1.100000000000000000e+01,6.000000000000000000e+00,2.000000000000000000e+00,2.000000000000000000e+00,-5.000000000000000000e+00,-2.000000000000000000e+00,-3.030395507812500000e-01,2.186279296875000000e-01,7.207031250000000000e-01,5.838012695312500000e-01
2.000000000000000000e+00,-9.000000000000000000e+00,6.000000000000000000e+00,-3.000000000000000000e+00,-1.000000000000000000e+00,-2.000000000000000000e+00,1.000000000000000000e+00,2.000000000000000000e+00,-3.030395507812500000e-01,2.186279296875000000e-01,7.207031250000000000e-01,5.838012695312500000e-01
-1.000000000000000000e+01,-1.000000000000000000e+00,-6.000000000000000000e+00,7.000000000000000000e+00,2.000000000000000000e+00,-4.000000000000000000e+00,-1.000000000000000000e+00,-3.000000000000000000e+00,-3.030395507812500000e-01,2.186279296875000000e-01,7.207031250000000000e-01,5.838012695312500000e-01
-3.000000000000000000e+00,3.800000000000000000e+01,1.200000000000000000e+01,1.000000000000000000e+00,2.000000000000000000e+00,2.000000000000000000e+00,3.000000000000000000e+00,-1.000000000000000000e+00,-3.030395507812500000e-01,2.186279296875000000e-01,7.207031250000000000e-01,5.838012695312500000e-01
1.400000000000000000e+01,-1.300000000000000000e+01,-4.000000000000000000e+00,4.000000000000000000e+00,1.000000000000000000e+00,-2.000000000000000000e+00,-2.000000000000000000e+00,1.000000000000000000e+00,-3.038940429687500000e-01,2.155151367187500000e-01,7.211303710937500000e-01,5.840454101562500000e-01
-1.000000000000000000e+00,-7.000000000000000000e+00,-2.000000000000000000e+00,-2.100000000000000000e+01,-5.000000000000000000e+00,-3.000000000000000000e+00,-6.000000000000000000e+00,-4.000000000000000000e+00,-3.038940429687500000e-01,2.155151367187500000e-01,7.211303710937500000e-01,5.840454101562500000e-01
5.000000000000000000e+00,-2.300000000000000000e+01,8.000000000000000000e+00,6.000000000000000000e+00,-2.000000000000000000e+00,-6.000000000000000000e+00,-6.000000000000000000e+00,-3.000000000000000000e+00,-3.038940429687500000e-01,2.155151367187500000e-01,7.211303710937500000e-01,5.840454101562500000e-01
-1.100000000000000000e+01,-6.000000000000000000e+00,-8.000000000000000000e+00,0.000000000000000000e+00,-3.000000000000000000e+00,3.000000000000000000e+00,2.000000000000000000e+00,0.000000000000000000e+00,-3.038940429687500000e-01,2.155151367187500000e-01,7.211303710937500000e-01,5.840454101562500000e-01
-1.400000000000000000e+01,5.500000000000000000e+01,2.200000000000000000e+01,1.100000000000000000e+01,3.000000000000000000e+00,0.000000000000000000e+00,2.000000000000000000e+00,3.000000000000000000e+00,-3.047485351562500000e-01,2.114868164062500000e-01,7.214965820312500000e-01,5.846557617187500000e-01
2.700000000000000000e+01,-7.000000000000000000e+00,-8.000000000000000000e+00,2.000000000000000000e+00,0.000000000000000000e+00,0.000000000000000000e+00,-1.000000000000000000e+00,9.000000000000000000e+00,-3.047485351562500000e-01,2.114868164062500000e-01,7.214965820312500000e-01,5.846557617187500000e-01
-1.000000000000000000e+01,-1.200000000000000000e+01,-2.300000000000000000e+01,-1.600000000000000000e+01,-2.000000000000000000e+00,0.000000000000000000e+00,0.000000000000000000e+00,-1.200000000000000000e+01,-3.047485351562500000e-01,2.114868164062500000e-01,7.214965820312500000e-01,5.846557617187500000e-01
6.000000000000000000e+00,-1.100000000000000000e+01,8.000000000000000000e+00,3.000000000000000000e+00,-3.000000000000000000e+00,-5.000000000000000000e+00,-4.000000000000000000e+00,-4.000000000000000000e+00,-3.047485351562500000e-01,2.114868164062500000e-01,7.214965820312500000e-01,5.846557617187500000e-01
-1.800000000000000000e+01,-2.200000000000000000e+01,-1.600000000000000000e+01,0.000000000000000000e+00,-2.000000000000000000e+00,-4.000000000000000000e+00,1.000000000000000000e+00,-6.000000000000000000e+00,-3.046264648437500000e-01,2.092895507812500000e-01,7.211914062500000000e-01,5.858764648437500000e-01
1.000000000000000000e+00,1.300000000000000000e+01,-1.000000000000000000e+00,0.000000000000000000e+00,-1.000000000000000000e+00,-2.000000000000000000e+00,2.000000000000000000e+00,1.000000000000000000e+00,-3.046264648437500000e-01,2.092895507812500000e-01,7.211914062500000000e-01,5.858764648437500000e-01
1.000000000000000000e+01,1.500000000000000000e+01,5.000000000000000000e+00,6.000000000000000000e+00,5.000000000000000000e+00,-5.000000000000000000e+00,-4.000000000000000000e+00,6.000000000000000000e+00,-3.046264648437500000e-01,2.092895507812500000e-01,7.211914062500000000e-01,5.858764648437500000e-01
-7.000000000000000000e+00,-5.000000000000000000e+00,-3.000000000000000000e+00,1.000000000000000000e+00,-1.000000000000000000e+00,4.000000000000000000e+00,5.000000000000000000e+00,-1.000000000000000000e+00,-3.046264648437500000e-01,2.092895507812500000e-01,7.211914062500000000e-01,5.858764648437500000e-01
1.100000000000000000e+01,-1.500000000000000000e+01,-6.000000000000000000e+00,-1.700000000000000000e+01,-9.000000000000000000e+00,-6.000000000000000000e+00,-3.000000000000000000e+00,-1.000000000000000000e+00,-3.029785156250000000e-01,2.091064453125000000e-01,7.205200195312500000e-01,5.875854492187500000e-01
-5.000000000000000000e+00,1.300000000000000000e+01,6.000000000000000000e+00,-2.000000000000000000e+00,-1.000000000000000000e+00,0.000000000000000000e+00,3.000000000000000000e+00,-3.000000000000000000e+00,-3.029785156250000000e-01,2.091064453125000000e-01,7.205200195312500000e-01,5.875854492187500000e-01
-2.400000000000000000e+01,-1.500000000000000000e+01,-4.000000000000000000e+00,0.000000000000000000e+00,-2.000000000000000000e+00,1.000000000000000000e+00,0.000000000000000000e+00,-1.000000000000000000e+00,-3.029785156250000000e-01,2.091064453125000000e-01,7.205200195312500000e-01,5.875854492187500000e-01
3.500000000000000000e+01,1.200000000000000000e+01,8.000000000000000000e+00,5.000000000000000000e+00,1.000000000000000000e+00,-8.000000000000000000e+00,-6.000000000000000000e+00,-1.000000000000000000e+00,-3.029785156250000000e-01,2.091064453125000000e-01,7.205200195312500000e-01,5.875854492187500000e-01
-3.300000000000000000e+01,-3.600000000000000000e+01,-4.400000000000000000e+01,-1.400000000000000000e+01,-4.000000000000000000e+00,6.000000000000000000e+00,2.000000000000000000e+00,-3.000000000000000000e+00,-3.016357421875000000e-01,2.089843750000000000e-01,7.202758789062500000e-01,5.886230468750000000e-01
3.500000000000000000e+01,2.200000000000000000e+01,1.000000000000000000e+00,2.000000000000000000e+00,0.000000000000000000e+00,3.000000000000000000e+00,5.000000000000000000e+00,6.000000000000000000e+00,-3.016357421875000000e-01,2.089843750000000000e-01,7.202758789062500000e-01,5.886230468750000000e-01
-5.000000000000000000e+00,-2.300000000000000000e+01,1.800000000000000000e+01,0.000000000000000000e+00,-3.000000000000000000e+00,0.000000000000000000e+00,0.000000000000000000e+00,-2.000000000000000000e+00,-3.016357421875000000e-01,2.089843750000000000e-01,7.202758789062500000e-01,5.886230468750000000e-01
-1.300000000000000000e+01,6.000000000000000000e+00,5.000000000000000000e+00,3.000000000000000000e+00,3.000000000000000000e+00,3.000000000000000000e+00,-5.000000000000000000e+00,0.000000000000000000e+00,-3.016357421875000000e-01,2.089843750000000000e-01,7.202758789062500000e-01,5.886230468750000000e-01
-5.000000000000000000e+00,1.000000000000000000e+01,9.000000000000000000e+00,5.000000000000000000e+00,2.000000000000000000e+00,-2.000000000000000000e+00,-3.000000000000000000e+00,-9.000000000000000000e+00,-3.021850585937500000e-01,2.075195312500000000e-01,7.206420898437500000e-01,5.884399414062500000e-01
-7.000000000000000000e+00,-1.700000000000000000e+01,-2.000000000000000000e+00,2.000000000000000000e+00,2.000000000000000000e+00,1.000000000000000000e+00,0.000000000000000000e+00,-1.000000000000000000e+00,-3.021850585937500000e-01,2.075195312500000000e-01,7.206420898437500000e-01,5.884399414062500000e-01
2.000000000000000000e+00,1.100000000000000000e+01,-5.000000000000000000e+00,-9.000000000000000000e+00,-5.000000000000000000e+00,-5.000000000000000000e+00,1.000000000000000000e+00,4.000000000000000000e+00,-3.021850585937500000e-01,2.075195312500000000e-01,7.206420898437500000e-01,5.884399414062500000e-01
2.000000000000000000e+00,-1.300000000000000000e+01,-1.000000000000000000e+01,2.000000000000000000e+00,-6.000000000000000000e+00,-2.000000000000000000e+00,8.000000000000000000e+00,0.000000000000000000e+00,-3.021850585937500000e-01,2.075195312500000000e-01,7.206420898437500000e-01,5.884399414062500000e-01
-5.000000000000000000e+00,2.000000000000000000e+00,6.000000000000000000e+00,-5.000000000000000000e+00,4.000000000000000000e+00,0.000000000000000000e+00,-1.000000000000000000e+00,-3.000000000000000000e+00,-3.035888671875000000e-01,2.053833007812500000e-01,7.208862304687500000e-01,5.881347656250000000e-01
-2.300000000000000000e+01,2.000000000000000000e+00,0.000000000000000000e+00,1.200000000000000000e+01,5.000000000000000000e+00,4.000000000000000000e+00,1.000000000000000000e+00,-8.000000000000000000e+00,-3.035888671875000000e-01,2.053833007812500000e-01,7.208862304687500000e-01,5.881347656250000000e-01
4.600000000000000000e+01,1.600000000000000000e+01,3.000000000000000000e+00,-4.000000000000000000e+00,-4.000000000000000000e+00,-4.000000000000000000e+00,4.000000000000000000e+00,1.400000000000000000e+01,-3.035888671875000000e-01,2.053833007812500000e-01,7.208862304687500000e-01,5.881347656250000000e-01
2.000000000000000000e+00,-7.000000000000000000e+00,9.000000000000000000e+00,-6.000000000000000000e+00,0.000000000000000000e+00,0.000000000000000000e+00,-1.000000000000000000e+00,0.000000000000000000e+00,-3.035888671875000000e-01,2.053833007812500000e-01,7.208862304687500000e-01,5.881347656250000000e-01
-3.000000000000000000e+01,-4.000000000000000000e+00,-8.000000000000000000e+00,-4.000000000000000000e+00,-4.000000000000000000e+00,-2.000000000000000000e+00,-5.000000000000000000e+00,-5.000000000000000000e+00,-3.046875000000000000e-01,2.033691406250000000e-01,7.208862304687500000e-01,5.882568359375000000e-01
3.200000000000000000e+01,-1.000000000000000000e+00,3.000000000000000000e+00,1.000000000000000000e+00,-1.000000000000000000e+00,-5.000000000000000000e+00,2.000000000000000000e+00,8.000000000000000000e+00,-3.046875000000000000e-01,2.033691406250000000e-01,7.208862304687500000e-01,5.882568359375000000e-01
-8.000000000000000000e+00,1.400000000000000000e+01,-8.000000000000000000e+00,1.000000000000000000e+00,-1.000000000000000000e+00,0.000000000000000000e+00,0.000000000000000000e+00,-2.000000000000000000e+00,-3.046875000000000000e-01,2.033691406250000000e-01,7.208862304687500000e-01,5.882568359375000000e-01
1.000000000000000000e+01,-1.000000000000000000e+01,-6.000000000000000000e+00,-5.000000000000000000e+00,1.000000000000000000e+00,1.000000000000000000e+00,2.000000000000000000e+00,5.000000000000000000e+00,-3.046875000000000000e-01,2.033691406250000000e-01,7.208862304687500000e-01,5.882568359375000000e-01
-8.000000000000000000e+00,3.000000000000000000e+00,3.000000000000000000e+00,5.000000000000000000e+00,0.000000000000000000e+00,3.000000000000000000e+00,-4.000000000000000000e+00,-2.000000000000000000e+00,-3.047485351562500000e-01,2.020263671875000000e-01,7.208862304687500000e-01,5.886840820312500000e-01
-1.400000000000000000e+01,-2.200000000000000000e+01,2.000000000000000000e+00,-1.000000000000000000e+01,-4.000000000000000000e+00,-2.000000000000000000e+00,-1.000000000000000000e+00,-6.000000000000000000e+00,-3.047485351562500000e-01,2.020263671875000000e-01,7.208862304687500000e-01,5.886840820312500000e-01
0.000000000000000000e+00,3.000000000000000000e+00,9.000000000000000000e+00,8.000000000000000000e+00,3.000000000000000000e+00,1.000000000000000000e+00,1.000000000000000000e+00,-2.000000000000000000e+00,-3.047485351562500000e-01,2.020263671875000000e-01,7.208862304687500000e-01,5.886840820312500000e-01
-8.000000000000000000e+00,-9.000000000000000000e+00,-2.200000000000000000e+01,-3.000000000000000000e+00,-1.000000000000000000e+00,-1.000000000000000000e+00,-5.000000000000000000e+00,-3.000000000000000000e+00,-3.047485351562500000e-01,2.020263671875000000e-01,7.208862304687500000e-01,5.886840820312500000e-01
3.000000000000000000e+00,-2.000000000000000000e+00,5.000000000000000000e+00,-5.000000000000000000e+00,-3.000000000000000000e+00,-5.000000000000000000e+00,1.000000000000000000e+00,1.000000000000000000e+00,-3.045654296875000000e-01,2.001342773437500000e-01,7.211914062500000000e-01,5.890502929687500000e-01
-3.000000000000000000e+00,1.500000000000000000e+01,0.000000000000000000e+00,-3.000000000000000000e+00,-5.000000000000000000e+00,-2.000000000000000000e+00,-1.000000000000000000e+00,-3.000000000000000000e+00,-3.045654296875000000e-01,2.001342773437500000e-01,7.211914062500000000e-01,5.890502929687500000e-01
6.000000000000000000e+00,-1.000000000000000000e+01,-4.000000000000000000e+00,-2.000000000000000000e+00,6.000000000000000000e+00,9.000000000000000000e+00,0.000000000000000000e+00,0.000000000000000000e+00,-3.045654296875000000e-01,2.001342773437500000e-01,7.211914062500000000e-01,5.890502929687500000e-01
-2.100000000000000000e+01,-3.000000000000000000e+00,4.000000000000000000e+00,0.000000000000000000e+00,0.000000000000000000e+00,-3.000000000000000000e+00,5.000000000000000000e+00,0.000000000000000000e+00,-3.045654296875000000e-01,2.001342773437500000e-01,7.211914062500000000e-01,5.890502929687500000e-01
3.000000000000000000e+01,4.000000000000000000e+00,1.100000000000000000e+01,1.000000000000000000e+00,1.000000000000000000e+00,-1.000000000000000000e+00,3.000000000000000000e+00,1.000000000000000000e+01,-3.039550781250000000e-01,1.979370117187500000e-01,7.217407226562500000e-01,5.894775390625000000e-01
-1.800000000000000000e+01,1.000000000000000000e+00,-9.000000000000000000e+00,-9.000000000000000000e+00,-5.000000000000000000e+00,-3.000000000000000000e+00,-5.000000000000000000e+00,-6.000000000000000000e+00,-3.039550781250000000e-01,1.979370117187500000e-01,7.217407226562500000e-01,5.894775390625000000e-01
-1.100000000000000000e+01,-5.000000000000000000e+00,-3.000000000000000000e+00,-1.000000000000000000e+00,-4.000000000000000000e+00,0.000000000000000000e+00,-2.000000000000000000e+00,-4.000000000000000000e+00,-3.039550781250000000e-01,1.979370117187500000e-01,7.217407226562500000e-01,5.894775390625000000e-01
2.000000000000000000e+01,0.000000000000000000e+00,-2.000000000000000000e+00,-6.000000000000000000e+00,-1.000000000000000000e+00,-1.000000000000000000e+00,-2.000000000000000000e+00,-4.000000000000000000e+00,-3.039550781250000000e-01,1.979370117187500000e-01,7.217407226562500000e-01,5.894775390625000000e-01
2.900000000000000000e+01,-1.000000000000000000e+00,1.800000000000000000e+01,7.000000000000000000e+00,1.000000000000000000e+00,0.000000000000000000e+00,1.000000000000000000e+00,1.000000000000000000e+01,-3.032226562500000000e-01,1.956176757812500000e-01,7.223510742187500000e-01,5.899047851562500000e-01
-7.000000000000000000e+00,6.000000000000000000e+00,-4.300000000000000000e+01,-1.900000000000000000e+01,-8.000000000000000000e+00,-1.000000000000000000e+00,-8.000000000000000000e+00,-5.000000000000000000e+00,-3.032226562500000000e-01,1.956176757812500000e-01,7.223510742187500000e-01,5.899047851562500000e-01
-3.000000000000000000e+00,-7.000000000000000000e+00,2.100000000000000000e+01,5.000000000000000000e+00,-2.000000000000000000e+00,-4.000000000000000000e+00,0.000000000000000000e+00,-1.000000000000000000e+00,-3.032226562500000000e-01,1.956176757812500000e-01,7.223510742187500000e-01,5.899047851562500000e-01
-2.300000000000000000e+01,-1.000000000000000000e+00,-1.100000000000000000e+01,2.000000000000000000e+00,3.000000000000000000e+00,1.000000000000000000e+00,-1.000000000000000000e+00,-7.000000000000000000e+00,-3.032226562500000000e-01,1.956176757812500000e-01,7.223510742187500000e-01,5.899047851562500000e-01
0.000000000000000000e+00,-5.000000000000000000e+00,-4.000000000000000000e+00,3.000000000000000000e+00,-1.000000000000000000e+00,-4.000000000000000000e+00,-1.000000000000000000e+00,-1.000000000000000000e+00,-3.029174804687500000e-01,1.937255859375000000e-01,7.225341796875000000e-01,5.903320312500000000e-01
6.000000000000000000e+00,-2.000000000000000000e+00,1.100000000000000000e+01,6.000000000000000000e+00,0.000000000000000000e+00,-1.000000000000000000e+00,0.000000000000000000e+00,0.000000000000000000e+00,-3.029174804687500000e-01,1.937255859375000000e-01,7.225341796875000000e-01,5.903320312500000000e-01
-2.200000000000000000e+01,4.000000000000000000e+00,-1.200000000000000000e+01,-5.000000000000000000e+00,0.000000000000000000e+00,0.000000000000000000e+00,-6.000000000000000000e+00,-1.000000000000000000e+01,-3.029174804687500000e-01,1.937255859375000000e-01,7.225341796875000000e-01,5.903320312500000000e-01
1.000000000000000000e+00,1.000000000000000000e+00,-4.000000000000000000e+00,-8.000000000000000000e+00,-2.000000000000000000e+00,-5.000000000000000000e+00,-4.000000000000000000e+00,5.000000000000000000e+00,-3.029174804687500000e-01,1.937255859375000000e-01,7.225341796875000000e-01,5.903320312500000000e-01
-1.100000000000000000e+01,-9.000000000000000000e+00,4.000000000000000000e+00,5.000000000000000000e+00,8.000000000000000000e+00,8.000000000000000000e+00,8.000000000000000000e+00,2.000000000000000000e+00,-3.020629882812500000e-01,1.931152343750000000e-01,7.225341796875000000e-01,5.910644531250000000e-01
3.600000000000000000e+01,0.000000000000000000e+00,1.000000000000000000e+00,6.000000000000000000e+00,-6.000000000000000000e+00,-3.000000000000000000e+00,0.000000000000000000e+00,1.000000000000000000e+01,-3.020629882812500000e-01,1.931152343750000000e-01,7.225341796875000000e-01,5.910644531250000000e-01
-1.900000000000000000e+01,-1.700000000000000000e+01,3.000000000000000000e+00,4.000000000000000000e+00,6.000000000000000000e+00,4.000000000000000000e+00,2.000000000000000000e+00,-2.000000000000000000e+00,-3.020629882812500000e-01,1.931152343750000000e-01,7.225341796875000000e-01,5.910644531250000000e-01
-8.000000000000000000e+00,-5.000000000000000000e+00,-7.000000000000000000e+00,-1.600000000000000000e+01,-1.000000000000000000e+01,-3.000000000000000000e+00,-7.000000000000000000e+00,-5.000000000000000000e+00,-3.020629882812500000e-01,1.931152343750000000e-01,7.225341796875000000e-01,5.910644531250000000e-01
-5.000000000000000000e+00,2.100000000000000000e+01,3.000000000000000000e+00,4.000000000000000000e+00,0.000000000000000000e+00,0.000000000000000000e+00,-3.000000000000000000e+00,-1.000000000000000000e+01,-3.011474609375000000e-01,1.925048828125000000e-01,7.223510742187500000e-01,5.919799804687500000e-01
-9.000000000000000000e+00,-1.100000000000000000e+01,-9.000000000000000000e+00,1.000000000000000000e+00,0.000000000000000000e+00,-5.000000000000000000e+00,-1.000000000000000000e+00,-1.000000000000000000e+00,-3.011474609375000000e-01,1.925048828125000000e-01,7.223510742187500000e-01,5.919799804687500000e-01
1.500000000000000000e+01,-1.300000000000000000e+01,1.200000000000000000e+01,-4.000000000000000000e+00,-1.000000000000000000e+00,1.000000000000000000e+00,4.000000000000000000e+00,2.000000000000000000e+00,-3.011474609375000000e-01,1.925048828125000000e-01,7.223510742187500000e-01,5.919799804687500000e-01
6.000000000000000000e+00,1.100000000000000000e+01,-9.000000000000000000e+00,-6.000000000000000000e+00,-4.000000000000000000e+00,1.000000000000000000e+00,-1.000000000000000000e+00,3.000000000000000000e+00,-3.011474609375000000e-01,1.925048828125000000e-01,7.223510742187500000e-01,5.919799804687500000e-01
-6.000000000000000000e+00,-2.100000000000000000e+01,8.000000000000000000e+00,1.100000000000000000e+01,0.000000000000000000e+00,-4.000000000000000000e+00,-8.000000000000000000e+00,-5.000000000000000000e+00,-3.007812500000000000e-01,1.907348632812500000e-01,7.226562500000000000e-01,5.922851562500000000e-01
-1.900000000000000000e+01,-3.000000000000000000e+00,-1.900000000000000000e+01,-1.300000000000000000e+01,-4.000000000000000000e+00,-1.000000000000000000e+00,-5.000000000000000000e+00,-7.000000000000000000e+00,-3.007812500000000000e-01,1.907348632812500000e-01,7.226562500000000000e-01,5.922851562500000000e-01
8.000000000000000000e+00,8.000000000000000000e+00,4.000000000000000000e+00,4.000000000000000000e+00,1.000000000000000000e+00,-4.000000000000000000e+00,-1.000000000000000000e+00,3.000000000000000000e+00,-3.007812500000000000e-01,1.907348632812500000e-01,7.226562500000000000e-01,5.922851562500000000e-01
-9.000000000000000000e+00,-2.000000000000000000e+00,2.000000000000000000e+00,8.000000000000000000e+00,3.000000000000000000e+00,3.000000000000000000e+00,5.000000000000000000e+00,-1.000000000000000000e+00,-3.007812500000000000e-01,1.907348632812500000e-01,7.226562500000000000e-01,5.922851562500000000e-01
7.000000000000000000e+00,-6.000000000000000000e+00,2.000000000000000000e+00,-9.000000000000000000e+00,-9.000000000000000000e+00,-5.000000000000000000e+00,-3.000000000000000000e+00,2.000000000000000000e+00,-3.009033203125000000e-01,1.895751953125000000e-01,7.227783203125000000e-01,5.924682617187500000e-01
7.000000000000000000e+00,1.500000000000000000e+01,1.400000000000000000e+01,5.000000000000000000e+00,4.000000000000000000e+00,-2.000000000000000000e+00,-1.000000000000000000e+00,-3.000000000000000000e+00,-3.009033203125000000e-01,1.895751953125000000e-01,7.227783203125000000e-01,5.924682617187500000e-01
-5.000000000000000000e+00,-1.000000000000000000e+01,-3.900000000000000000e+01,-8.000000000000000000e+00,-2.000000000000000000e+00,-1.000000000000000000e+00,-9.000000000000000000e+00,-6.000000000000000000e+00,-3.009033203125000000e-01,1.895751953125000000e-01,7.227783203125000000e-01,5.924682617187500000e-01
1.000000000000000000e+00,-6.000000000000000000e+00,1.800000000000000000e+01,1.000000000000000000e+00,0.000000000000000000e+00,0.000000000000000000e+00,3.000000000000000000e+00,2.000000000000000000e+00,-3.009033203125000000e-01,1.895751953125000000e-01,7.227783203125000000e-01,5.924682617187500000e-01
6.000000000000000000e+00,1.200000000000000000e+01,-2.000000000000000000e+00,-2.000000000000000000e+00,0.000000000000000000e+00,-2.000000000000000000e+00,0.000000000000000000e+00,0.000000000000000000e+00,-3.010253906250000000e-01,1.895141601562500000e-01,7.230224609375000000e-01,5.921630859375000000e-01
-6.000000000000000000e+00,-4.000000000000000000e+00,-1.300000000000000000e+01,2.000000000000000000e+00,-4.000000000000000000e+00,-5.000000000000000000e+00,2.000000000000000000e+00,-3.000000000000000000e+00,-3.010253906250000000e-01,1.895141601562500000e-01,7.230224609375000000e-01,5.921630859375000000e-01
-9.000000000000000000e+00,2.000000000000000000e+00,-8.000000000000000000e+00,-4.000000000000000000e+00,-4.000000000000000000e+00,1.000000000000000000e+00,-5.000000000000000000e+00,3.000000000000000000e+00,-3.010253906250000000e-01,1.895141601562500000e-01,7.230224609375000000e-01,5.921630859375000000e-01
-2.100000000000000000e+01,7.000000000000000000e+00,5.000000000000000000e+00,3.000000000000000000e+00,-1.000000000000000000e+00,-5.000000000000000000e+00,-7.000000000000000000e+00,-1.700000000000000000e+01,-3.010253906250000000e-01,1.895141601562500000e-01,7.230224609375000000e-01,5.921630859375000000e-01
1.300000000000000000e+01,-4.000000000000000000e+00,0.000000000000000000e+00,-2.000000000000000000e+00,-2.000000000000000000e+00,-5.000000000000000000e+00,-3.000000000000000000e+00,4.000000000000000000e+00,-3.010864257812500000e-01,1.894531250000000000e-01,7.230224609375000000e-01,5.921630859375000000e-01
-5.000000000000000000e+00,-1.700000000000000000e+01,-5.000000000000000000e+00,-4.000000000000000000e+00,4.000000000000000000e+00,8.000000000000000000e+00,9.000000000000000000e+00,1.000000000000000000e+00,-3.010864257812500000e-01,1.894531250000000000e-01,7.230224609375000000e-01,5.921630859375000000e-01
-2.000000000000000000e+00,7.000000000000000000e+00,-1.000000000000000000e+00,-5.000000000000000000e+00,-5.000000000000000000e+00,-8.000000000000000000e+00,-1.000000000000000000e+00,4.000000000000000000e+00,-3.013305664062500000e-01,1.891479492187500000e-01,7.229614257812500000e-01,5.922241210937500000e-01
2.400000000000000000e+01,2.700000000000000000e+01,1.500000000000000000e+01,5.000000000000000000e+00,0.000000000000000000e+00,1.000000000000000000e+00,5.000000000000000000e+00,7.000000000000000000e+00,-3.013305664062500000e-01,1.891479492187500000e-01,7.229614257812500000e-01,5.922241210937500000e-01
-1.300000000000000000e+01,-2.400000000000000000e+01,-1.100000000000000000e+01,-2.200000000000000000e+01,-3.000000000000000000e+00,-3.000000000000000000e+00,-5.000000000000000000e+00,-8.000000000000000000e+00,-3.013305664062500000e-01,1.891479492187500000e-01,7.229614257812500000e-01,5.922241210937500000e-01
-8.000000000000000000e+00,8.000000000000000000e+00,3.000000000000000000e+01,3.000000000000000000e+01,6.000000000000000000e+00,4.000000000000000000e+00,-2.000000000000000000e+00,-5.000000000000000000e+00,-3.013305664062500000e-01,1.891479492187500000e-01,7.229614257812500000e-01,5.922241210937500000e-01
3.000000000000000000e+00,5.000000000000000000e+00,1.300000000000000000e+01,7.000000000000000000e+00,-1.000000000000000000e+00,0.000000000000000000e+00,4.000000000000000000e+00,3.000000000000000000e+00,-3.017578125000000000e-01,1.885375976562500000e-01,7.228393554687500000e-01,5.922851562500000000e-01
5.000000000000000000e+00,-1.900000000000000000e+01,-2.000000000000000000e+01,-5.000000000000000000e+00,0.000000000000000000e+00,2.000000000000000000e+00,0.000000000000000000e+00,1.000000000000000000e+00,-3.017578125000000000e-01,1.885375976562500000e-01,7.228393554687500000e-01,5.922851562500000000e-01
-1.100000000000000000e+01,-7.000000000000000000e+00,-5.000000000000000000e+00,-4.000000000000000000e+00,-3.000000000000000000e+00,-3.000000000000000000e+00,-1.000000000000000000e+00,-1.000000000000000000e+00,-3.017578125000000000e-01,1.885375976562500000e-01,7.228393554687500000e-01,5.922851562500000000e-01
-5.000000000000000000e+00,4.000000000000000000e+00,-3.000000000000000000e+00,-1.100000000000000000e+01,-3.000000000000000000e+00,-2.000000000000000000e+00,-3.000000000000000000e+00,-1.000000000000000000e+00,-3.017578125000000000e-01,1.885375976562500000e-01,7.228393554687500000e-01,5.922851562500000000e-01
8.000000000000000000e+00,-3.000000000000000000e+00,5.000000000000000000e+00,2.000000000000000000e+00,0.000000000000000000e+00,0.000000000000000000e+00,0.000000000000000000e+00,-2.000000000000000000e+00,-3.024902343750000000e-01,1.871337890625000000e-01,7.230834960937500000e-01,5.921020507812500000e-01
-1.800000000000000000e+01,-8.000000000000000000e+00,0.000000000000000000e+00,1.000000000000000000e+00,2.000000000000000000e+00,-1.000000000000000000e+00,-2.000000000000000000e+00,1.000000000000000000e+00,-3.024902343750000000e-01,1.871337890625000000e-01,7.230834960937500000e-01,5.921020507812500000e-01
3.700000000000000000e+01,1.900000000000000000e+01,8.000000000000000000e+00,0.000000000000000000e+00,-1.000000000000000000e+00,0.000000000000000000e+00,0.000000000000000000e+00,3.000000000000000000e+00,-3.024902343750000000e-01,1.871337890625000000e-01,7.230834960937500000e-01,5.921020507812500000e-01
-1.400000000000000000e+01,-3.000000000000000000e+00,2.000000000000000000e+00,-6.000000000000000000e+00,-1.000000000000000000e+00,0.000000000000000000e+00,1.000000000000000000e+00,0.000000000000000000e+00,-3.024902343750000000e-01,1.871337890625000000e-01,7.230834960937500000e-01,5.921020507812500000e-01
1.000000000000000000e+00,1.200000000000000000e+01,-1.000000000000000000e+00,-3.000000000000000000e+00,-2.000000000000000000e+00,2.000000000000000000e+00,-1.000000000000000000e+00,-3.000000000000000000e+00,-3.022460937500000000e-01,1.869506835937500000e-01,7.229614257812500000e-01,5.924072265625000000e-01
1.500000000000000000e+01,4.000000000000000000e+00,2.000000000000000000e+00,2.000000000000000000e+01,7.000000000000000000e+00,0.000000000000000000e+00,0.000000000000000000e+00,3.000000000000000000e+00,-3.022460937500000000e-01,1.869506835937500000e-01,7.229614257812500000e-01,5.924072265625000000e-01
-1.400000000000000000e+01,-1.700000000000000000e+01,-3.000000000000000000e+00,-4.000000000000000000e+00,-4.000000000000000000e+00,-3.000000000000000000e+00,0.000000000000000000e+00,-4.000000000000000000e+00,-3.022460937500000000e-01,1.869506835937500000e-01,7.229614257812500000e-01,5.924072265625000000e-01
-1.000000000000000000e+01,2.000000000000000000e+00,9.000000000000000000e+00,-5.000000000000000000e+00,-4.000000000000000000e+00,-4.000000000000000000e+00,-1.000000000000000000e+00,-2.000000000000000000e+00,-3.022460937500000000e-01,1.869506835937500000e-01,7.229614257812500000e-01,5.924072265625000000e-01
2.400000000000000000e+01,-1.400000000000000000e+01,-1.300000000000000000e+01,-8.000000000000000000e+00,-4.000000000000000000e+00,-7.000000000000000000e+00,8.000000000000000000e+00,6.000000000000000000e+00,-3.016967773437500000e-01,1.870117187500000000e-01,7.228393554687500000e-01,5.927734375000000000e-01
0.000000000000000000e+00,-5.000000000000000000e+00,2.400000000000000000e+01,-4.000000000000000000e+00,2.000000000000000000e+00,8.000000000000000000e+00,1.000000000000000000e+00,-1.000000000000000000e+00,-3.016967773437500000e-01,1.870117187500000000e-01,7.228393554687500000e-01,5.927734375000000000e-01
-1.400000000000000000e+01,-6.000000000000000000e+00,-1.600000000000000000e+01,1.500000000000000000e+01,4.000000000000000000e+00,1.000000000000000000e+00,-2.000000000000000000e+00,-4.000000000000000000e+00,-3.016967773437500000e-01,1.870117187500000000e-01,7.228393554687500000e-01,5.927734375000000000e-01
-2.000000000000000000e+00,9.000000000000000000e+00,3.000000000000000000e+00,-6.000000000000000000e+00,-6.000000000000000000e+00,-5.000000000000000000e+00,-7.000000000000000000e+00,-1.000000000000000000e+00,-3.016967773437500000e-01,1.870117187500000000e-01,7.228393554687500000e-01,5.927734375000000000e-01
-1.600000000000000000e+01,2.000000000000000000e+00,-1.000000000000000000e+00,-3.000000000000000000e+00,-1.000000000000000000e+00,-4.000000000000000000e+00,-4.000000000000000000e+00,-5.000000000000000000e+00,-3.018798828125000000e-01,1.857910156250000000e-01,7.229003906250000000e-01,5.930786132812500000e-01
9.000000000000000000e+00,-2.000000000000000000e+01,8.000000000000000000e+00,-2.000000000000000000e+00,0.000000000000000000e+00,-3.000000000000000000e+00,1.000000000000000000e+00,7.000000000000000000e+00,-3.018798828125000000e-01,1.857910156250000000e-01,7.229003906250000000e-01,5.930786132812500000e-01
2.000000000000000000e+00,1.200000000000000000e+01,4.000000000000000000e+00,2.000000000000000000e+00,-1.000000000000000000e+00,0.000000000000000000e+00,-1.000000000000000000e+00,1.000000000000000000e+00,-3.018798828125000000e-01,1.857910156250000000e-01,7.229003906250000000e-01,5.930786132812500000e-01
-9.000000000000000000e+00,-2.200000000000000000e+01,-2.600000000000000000e+01,-1.600000000000000000e+01,-3.000000000000000000e+00,-1.000000000000000000e+00,-1.000000000000000000e+00,-7.000000000000000000e+00,-3.018798828125000000e-01,1.857910156250000000e-01,7.229003906250000000e-01,5.930786132812500000e-01
1.500000000000000000e+01,1.000000000000000000e+00,-2.000000000000000000e+00,8.000000000000000000e+00,0.000000000000000000e+00,3.000000000000000000e+00,-1.000000000000000000e+00,1.000000000000000000e+00,-3.021850585937500000e-01,1.847534179687500000e-01,7.226562500000000000e-01,5.935058593750000000e-01
1.100000000000000000e+01,-4.000000000000000000e+00,1.000000000000000000e+00,-5.000000000000000000e+00,-3.000000000000000000e+00,-2.000000000000000000e+00,-5.000000000000000000e+00,4.000000000000000000e+00,-3.021850585937500000e-01,1.847534179687500000e-01,7.226562500000000000e-01,5.935058593750000000e-01
-1.400000000000000000e+01,2.200000000000000000e+01,8.000000000000000000e+00,0.000000000000000000e+00,-1.000000000000000000e+00,1.000000000000000000e+00,-3.000000000000000000e+00,-4.000000000000000000e+00,-3.021850585937500000e-01,1.847534179687500000e-01,7.226562500000000000e-01,5.935058593750000000e-01
2.000000000000000000e+00,-1.600000000000000000e+01,1.000000000000000000e+00,-1.000000000000000000e+00,1.000000000000000000e+00,0.000000000000000000e+00,-2.000000000000000000e+00,1.000000000000000000e+00,-3.021850585937500000e-01,1.847534179687500000e-01,7.226562500000000000e-01,5.935058593750000000e-01
-8.000000000000000000e+00,-1.000000000000000000e+00,-1.000000000000000000e+00,-1.000000000000000000e+00,2.000000000000000000e+00,0.000000000000000000e+00,-2.000000000000000000e+00,-4.000000000000000000e+00,-3.021240234375000000e-01,1.843261718750000000e-01,7.223510742187500000e-01,5.940551757812500000e-01
-4.000000000000000000e+00,3.000000000000000000e+00,-7.000000000000000000e+00,-4.000000000000000000e+00,-4.000000000000000000e+00,-6.000000000000000000e+00,-4.000000000000000000e+00,-5.000000000000000000e+00,-3.021240234375000000e-01,1.843261718750000000e-01,7.223510742187500000e-01,5.940551757812500000e-01
-1.200000000000000000e+01,-1.400000000000000000e+01,-2.000000000000000000e+00,-4.000000000000000000e+00,-1.000000000000000000e+00,-2.000000000000000000e+00,2.000000000000000000e+00,3.000000000000000000e+00,-3.021240234375000000e-01,1.843261718750000000e-01,7.223510742187500000e-01,5.940551757812500000e-01
8.000000000000000000e+00,1.300000000000000000e+01,1.700000000000000000e+01,1.200000000000000000e+01,-1.000000000000000000e+00,-3.000000000000000000e+00,-3.000000000000000000e+00,1.000000000000000000e+00,-3.021240234375000000e-01,1.843261718750000000e-01,7.223510742187500000e-01,5.940551757812500000e-01
-8.000000000000000000e+00,1.100000000000000000e+01,-5.000000000000000000e+00,-2.000000000000000000e+00,-1.000000000000000000e+00,0.000000000000000000e+00,-2.000000000000000000e+00,-4.000000000000000000e+00,-3.019409179687500000e-01,1.835937500000000000e-01,7.224731445312500000e-01,5.942382812500000000e-01
1.000000000000000000e+01,-3.000000000000000000e+00,-1.000000000000000000e+01,-7.000000000000000000e+00,-3.000000000000000000e+00,-3.000000000000000000e+00,-1.000000000000000000e+00,1.000000000000000000e+00,-3.019409179687500000e-01,1.835937500000000000e-01,7.224731445312500000e-01,5.942382812500000000e-01
-6.000000000000000000e+00,6.000000000000000000e+00,-3.000000000000000000e+00,0.000000000000000000e+00,3.000000000000000000e+00,5.000000000000000000e+00,2.000000000000000000e+00,1.000000000000000000e+00,-3.019409179687500000e-01,1.835937500000000000e-01,7.224731445312500000e-01,5.942382812500000000e-01
2.600000000000000000e+01,4.000000000000000000e+00,1.700000000000000000e+01,-3.000000000000000000e+00,0.000000000000000000e+00,0.000000000000000000e+00,-3.000000000000000000e+00,6.000000000000000000e+00,-3.019409179687500000e-01,1.835937500000000000e-01,7.224731445312500000e-01,5.942382812500000000e-01
-9.000000000000000000e+00,-7.000000000000000000e+00,8.000000000000000000e+00,-1.000000000000000000e+00,-2.000000000000000000e+00,1.000000000000000000e+00,-1.000000000000000000e+00,-4.000000000000000000e+00,-3.023681640625000000e-01,1.825561523437500000e-01,7.227172851562500000e-01,5.940551757812500000e-01
-8.000000000000000000e+00,1.200000000000000000e+01,-1.600000000000000000e+01,0.000000000000000000e+00,-2.000000000000000000e+00,-3.000000000000000000e+00,-1.000000000000000000e+00,-5.000000000000000000e+00,-3.023681640625000000e-01,1.825561523437500000e-01,7.227172851562500000e-01,5.940551757812500000e-01
-1.200000000000000000e+01,-3.200000000000000000e+01,-2.000000000000000000e+00,-3.000000000000000000e+00,0.000000000000000000e+00,-1.000000000000000000e+00,-2.000000000000000000e+00,-1.000000000000000000e+00,-3.023681640625000000e-01,1.825561523437500000e-01,7.227172851562500000e-01,5.940551757812500000e-01
-1.000000000000000000e+00,1.300000000000000000e+01,-8.000000000000000000e+00,2.000000000000000000e+00,-2.000000000000000000e+00,0.000000000000000000e+00,0.000000000000000000e+00,1.000000000000000000e+00,-3.023681640625000000e-01,1.825561523437500000e-01,7.227172851562500000e-01,5.940551757812500000e-01
6.000000000000000000e+00,7.000000000000000000e+00,9.000000000000000000e+00,2.000000000000000000e+00,-2.000000000000000000e+00,1.000000000000000000e+00,-3.000000000000000000e+00,4.000000000000000000e+00,-3.031616210937500000e-01,1.811523437500000000e-01,7.227172851562500000e-01,5.940551757812500000e-01
-3.300000000000000000e+01,1.000000000000000000e+00,-6.000000000000000000e+00,-6.000000000000000000e+00,1.000000000000000000e+00,2.000000000000000000e+00,0.000000000000000000e+00,-2.000000000000000000e+00,-3.031616210937500000e-01,1.811523437500000000e-01,7.227172851562500000e-01,5.940551757812500000e-01
2.600000000000000000e+01,-1.200000000000000000e+01,2.400000000000000000e+01,-6.000000000000000000e+00,-4.000000000000000000e+00,-3.000000000000000000e+00,-2.000000000000000000e+00,-2.000000000000000000e+00,-3.031616210937500000e-01,1.811523437500000000e-01,7.227172851562500000e-01,5.940551757812500000e-01
-7.000000000000000000e+00,-6.000000000000000000e+00,-3.000000000000000000e+01,0.000000000000000000e+00,-1.000000000000000000e+00,-1.000000000000000000e+00,-1.000000000000000000e+00,-2.000000000000000000e+00,-3.031616210937500000e-01,1.811523437500000000e-01,7.227172851562500000e-01,5.940551757812500000e-01
1.200000000000000000e+01,-2.000000000000000000e+00,-1.000000000000000000e+00,0.000000000000000000e+00,4.000000000000000000e+00,-1.000000000000000000e+00,-2.000000000000000000e+00,0.000000000000000000e+00,-3.037109375000000000e-01,1.803588867187500000e-01,7.221069335937500000e-01,5.947265625000000000e-01
7.000000000000000000e+00,9.000000000000000000e+00,1.000000000000000000e+01,2.000000000000000000e+00,-4.000000000000000000e+00,-3.000000000000000000e+00,0.000000000000000000e+00,-1.000000000000000000e+00,-3.037109375000000000e-01,1.803588867187500000e-01,7.221069335937500000e-01,5.947265625000000000e-01
-8.000000000000000000e+00,0.000000000000000000e+00,-5.000000000000000000e+00,-2.000000000000000000e+00,-1.000000000000000000e+00,1.000000000000000000e+00,-1.000000000000000000e+00,-2.000000000000000000e+00,-3.037109375000000000e-01,1.803588867187500000e-01,7.221069335937500000e-01,5.947265625000000000e-01
2.000000000000000000e+00,7.000000000000000000e+00,1.000000000000000000e+01,-4.000000000000000000e+00,2.000000000000000000e+00,0.000000000000000000e+00,1.000000000000000000e+00,-1.000000000000000000e+00,-3.037109375000000000e-01,1.803588867187500000e-01,7.221069335937500000e-01,5.947265625000000000e-01
-1.800000000000000000e+01,-1.100000000000000000e+01,-6.000000000000000000e+00,-2.000000000000000000e+00,-3.000000000000000000e+00,0.000000000000000000e+00,0.000000000000000000e+00,-4.000000000000000000e+00,-3.037109375000000000e-01,1.801147460937500000e-01,7.217407226562500000e-01,5.952758789062500000e-01
1.300000000000000000e+01,-3.000000000000000000e+00,0.000000000000000000e+00,3.000000000000000000e+00,-2.000000000000000000e+00,-2.000000000000000000e+00,1.000000000000000000e+00,6.000000000000000000e+00,-3.037109375000000000e-01,1.801147460937500000e-01,7.217407226562500000e-01,5.952758789062500000e-01
-2.500000000000000000e+01,3.000000000000000000e+00,-2.000000000000000000e+00,1.000000000000000000e+00,0.000000000000000000e+00,5.000000000000000000e+00,0.000000000000000000e+00,-3.000000000000000000e+00,-3.037109375000000000e-01,1.801147460937500000e-01,7.217407226562500000e-01,5.952758789062500000e-01
2.400000000000000000e+01,-4.000000000000000000e+00,-5.000000000000000000e+00,-4.000000000000000000e+00,0.000000000000000000e+00,0.000000000000000000e+00,2.000000000000000000e+00,4.000000000000000000e+00,-3.037109375000000000e-01,1.801147460937500000e-01,7.217407226562500000e-01,5.952758789062500000e-01
-1.000000000000000000e+01,7.000000000000000000e+00,2.000000000000000000e+00,3.000000000000000000e+00,-1.000000000000000000e+00,1.000000000000000000e+00,-5.000000000000000000e+00,-3.000000000000000000e+00,-3.035278320312500000e-01,1.800537109375000000e-01,7.216796875000000000e-01,5.954589843750000000e-01
-2.000000000000000000e+00,-6.000000000000000000e+00,4.000000000000000000e+00,0.000000000000000000e+00,-2.000000000000000000e+00,0.000000000000000000e+00,-1.000000000000000000e+00,-6.000000000000000000e+00,-3.035278320312500000e-01,1.800537109375000000e-01,7.216796875000000000e-01,5.954589843750000000e-01
5.000000000000000000e+00,6.000000000000000000e+00,-1.000000000000000000e+01,3.000000000000000000e+00,-3.000000000000000000e+00,-3.000000000000000000e+00,9.000000000000000000e+00,4.000000000000000000e+00,-3.035278320312500000e-01,1.800537109375000000e-01,7.216796875000000000e-01,5.954589843750000000e-01
-3.000000000000000000e+00,9.000000000000000000e+00,6.000000000000000000e+00,3.000000000000000000e+00,6.000000000000000000e+00,0.000000000000000000e+00,-8.000000000000000000e+00,-3.000000000000000000e+00,-3.035278320312500000e-01,1.800537109375000000e-01,7.216796875000000000e-01,5.954589843750000000e-01
-1.700000000000000000e+01,2.000000000000000000e+00,-1.000000000000000000e+01,1.000000000000000000e+00,3.000000000000000000e+00,2.000000000000000000e+00,-1.000000000000000000e+00,3.000000000000000000e+00,-3.037109375000000000e-01,1.788940429687500000e-01,7.219848632812500000e-01,5.953369140625000000e-01
-5.000000000000000000e+00,-8.000000000000000000e+00,1.300000000000000000e+01,-3.000000000000000000e+00,-7.000000000000000000e+00,-7.000000000000000000e+00,3.000000000000000000e+00,2.000000000000000000e+00,-3.037109375000000000e-01,1.788940429687500000e-01,7.219848632812500000e-01,5.953369140625000000e-01
2.000000000000000000e+01,0.000000000000000000e+00,-1.700000000000000000e+01,0.000000000000000000e+00,5.000000000000000000e+00,-1.000000000000000000e+00,-8.000000000000000000e+00,0.000000000000000000e+00,-3.037109375000000000e-01,1.788940429687500000e-01,7.219848632812500000e-01,5.953369140625000000e-01
-3.000000000000000000e+00,-1.100000000000000000e+01,5.000000000000000000e+00,-9.000000000000000000e+00,-7.000000000000000000e+00,3.000000000000000000e+00,4.000000000000000000e+00,-2.000000000000000000e+00,-3.037109375000000000e-01,1.788940429687500000e-01,7.219848632812500000e-01,5.953369140625000000e-01
1.800000000000000000e+01,1.000000000000000000e+00,2.000000000000000000e+00,-2.000000000000000000e+00,-3.000000000000000000e+00,-5.000000000000000000e+00,-2.000000000000000000e+00,-5.000000000000000000e+00,-3.045043945312500000e-01,1.761474609375000000e-01,7.223510742187500000e-01,5.953369140625000000e-01
-1.200000000000000000e+01,0.000000000000000000e+00,-1.600000000000000000e+01,1.900000000000000000e+01,1.300000000000000000e+01,3.000000000000000000e+00,-4.000000000000000000e+00,-7.000000000000000000e+00,-3.045043945312500000e-01,1.761474609375000000e-01,7.223510742187500000e-01,5.953369140625000000e-01
4.000000000000000000e+00,1.100000000000000000e+01,2.000000000000000000e+00,-5.000000000000000000e+00,-9.000000000000000000e+00,-7.000000000000000000e+00,3.000000000000000000e+00,1.000000000000000000e+00,-3.045043945312500000e-01,1.761474609375000000e-01,7.223510742187500000e-01,5.953369140625000000e-01
-2.400000000000000000e+01,0.000000000000000000e+00,1.000000000000000000e+00,1.200000000000000000e+01,8.000000000000000000e+00,-2.000000000000000000e+00,-1.000000000000000000e+00,-1.000000000000000000e+00,-3.045043945312500000e-01,1.761474609375000000e-01,7.223510742187500000e-01,5.953369140625000000e-01
1.500000000000000000e+01,-6.000000000000000000e+00,-2.400000000000000000e+01,-2.300000000000000000e+01,-1.200000000000000000e+01,-4.000000000000000000e+00,-1.000000000000000000e+00,0.000000000000000000e+00,-3.046264648437500000e-01,1.739501953125000000e-01,7.230834960937500000e-01,5.949707031250000000e-01
-1.000000000000000000e+01,-1.000000000000000000e+00,1.000000000000000000e+01,-2.000000000000000000e+00,-3.000000000000000000e+00,0.000000000000000000e+00,1.000000000000000000e+00,-3.000000000000000000e+00,-3.046264648437500000e-01,1.739501953125000000e-01,7.230834960937500000e-01,5.949707031250000000e-01
1.300000000000000000e+01,1.000000000000000000e+00,-6.000000000000000000e+00,1.000000000000000000e+00,3.000000000000000000e+00,-4.000000000000000000e+00,-4.000000000000000000e+00,3.000000000000000000e+00,-3.046264648437500000e-01,1.739501953125000000e-01,7.230834960937500000e-01,5.949707031250000000e-01
1.100000000000000000e+01,1.800000000000000000e+01,-4.000000000000000000e+00,-5.000000000000000000e+00,-4.000000000000000000e+00,-6.000000000000000000e+00,-2.000000000000000000e+00,1.000000000000000000e+00,-3.046264648437500000e-01,1.739501953125000000e-01,7.230834960937500000e-01,5.949707031250000000e-01
-3.000000000000000000e+00,-2.200000000000000000e+01,4.000000000000000000e+00,3.000000000000000000e+00,1.000000000000000000e+00,3.000000000000000000e+00,0.000000000000000000e+00,0.000000000000000000e+00,-3.035888671875000000e-01,1.726074218750000000e-01,7.247924804687500000e-01,5.938720703125000000e-01
-6.000000000000000000e+00,0.000000000000000000e+00,-3.000000000000000000e+00,-5.000000000000000000e+00,-1.000000000000000000e+00,2.000000000000000000e+00,-2.000000000000000000e+00,-3.000000000000000000e+00,-3.035888671875000000e-01,1.726074218750000000e-01,7.247924804687500000e-01,5.938720703125000000e-01
-1.000000000000000000e+01,2.200000000000000000e+01,3.000000000000000000e+00,1.000000000000000000e+00,3.000000000000000000e+00,1.000000000000000000e+00,-2.000000000000000000e+00,-1.000000000000000000e+00,-3.035888671875000000e-01,1.726074218750000000e-01,7.247924804687500000e-01,5.938720703125000000e-01
1.100000000000000000e+01,-1.800000000000000000e+01,0.000000000000000000e+00,-4.000000000000000000e+00,-2.000000000000000000e+00,-1.000000000000000000e+00,-1.000000000000000000e+00,4.000000000000000000e+00,-3.035888671875000000e-01,1.726074218750000000e-01,7.247924804687500000e-01,5.938720703125000000e-01
6.000000000000000000e+00,6.000000000000000000e+00,-1.200000000000000000e+01,1.300000000000000000e+01,8.000000000000000000e+00,-5.000000000000000000e+00,0.000000000000000000e+00,-3.000000000000000000e+00,-3.037109375000000000e-01,1.696166992187500000e-01,7.260131835937500000e-01,5.931396484375000000e-01
1.000000000000000000e+00,-1.000000000000000000e+00,3.000000000000000000e+00,-6.000000000000000000e+00,1.000000000000000000e+00,0.000000000000000000e+00,1.000000000000000000e+00,-1.000000000000000000e+00,-3.037109375000000000e-01,1.696166992187500000e-01,7.260131835937500000e-01,5.931396484375000000e-01
-7.000000000000000000e+00,-2.100000000000000000e+01,0.000000000000000000e+00,-1.500000000000000000e+01,-1.200000000000000000e+01,0.000000000000000000e+00,-5.000000000000000000e+00,-1.000000000000000000e+00,-3.037109375000000000e-01,1.696166992187500000e-01,7.260131835937500000e-01,5.931396484375000000e-01
-1.300000000000000000e+01,-2.400000000000000000e+01,-1.000000000000000000e+01,9.000000000000000000e+00,5.000000000000000000e+00,-2.000000000000000000e+00,-2.000000000000000000e+00,-5.000000000000000000e+00,-3.037109375000000000e-01,1.696166992187500000e-01,7.260131835937500000e-01,5.931396484375000000e-01
-6.000000000000000000e+00,4.500000000000000000e+01,2.200000000000000000e+01,-2.000000000000000000e+00,-8.000000000000000000e+00,1.000000000000000000e+00,8.000000000000000000e+00,5.000000000000000000e+00,-3.057861328125000000e-01,1.653442382812500000e-01,7.255859375000000000e-01,5.938110351562500000e-01
-1.100000000000000000e+01,-2.900000000000000000e+01,-1.400000000000000000e+01,-5.000000000000000000e+00,-1.000000000000000000e+00,-2.000000000000000000e+00,-6.000000000000000000e+00,-4.000000000000000000e+00,-3.057861328125000000e-01,1.653442382812500000e-01,7.255859375000000000e-01,5.938110351562500000e-01
1.900000000000000000e+01,1.400000000000000000e+01,-4.000000000000000000e+00,-6.000000000000000000e+00,-5.000000000000000000e+00,-6.000000000000000000e+00,0.000000000000000000e+00,-6.000000000000000000e+00,-3.057861328125000000e-01,1.653442382812500000e-01,7.255859375000000000e-01,5.938110351562500000e-01
-1.000000000000000000e+01,-4.000000000000000000e+00,2.000000000000000000e+00,4.000000000000000000e+00,4.000000000000000000e+00,4.000000000000000000e+00,1.000000000000000000e+00,0.000000000000000000e+00,-3.057861328125000000e-01,1.653442382812500000e-01,7.255859375000000000e-01,5.938110351562500000e-01
-6.000000000000000000e+00,-2.500000000000000000e+01,-6.000000000000000000e+00,-6.000000000000000000e+00,-1.000000000000000000e+00,-5.000000000000000000e+00,-4.000000000000000000e+00,-3.000000000000000000e+00,-3.062133789062500000e-01,1.641235351562500000e-01,7.240600585937500000e-01,5.957641601562500000e-01
1.000000000000000000e+00,7.000000000000000000e+00,-1.000000000000000000e+01,4.000000000000000000e+00,-2.000000000000000000e+00,-1.000000000000000000e+00,1.000000000000000000e+00,3.000000000000000000e+00,-3.062133789062500000e-01,1.641235351562500000e-01,7.240600585937500000e-01,5.957641601562500000e-01
-1.000000000000000000e+01,-1.300000000000000000e+01,7.000000000000000000e+00,-4.000000000000000000e+00,6.000000000000000000e+00,3.000000000000000000e+00,-1.000000000000000000e+00,-4.000000000000000000e+00,-3.062133789062500000e-01,1.641235351562500000e-01,7.240600585937500000e-01,5.957641601562500000e-01
-2.000000000000000000e+00,1.300000000000000000e+01,1.000000000000000000e+00,1.000000000000000000e+00,-4.000000000000000000e+00,-1.000000000000000000e+00,-2.000000000000000000e+00,2.000000000000000000e+00,-3.062133789062500000e-01,1.641235351562500000e-01,7.240600585937500000e-01,5.957641601562500000e-01
-3.000000000000000000e+00,-2.000000000000000000e+00,7.000000000000000000e+00,1.100000000000000000e+01,9.000000000000000000e+00,6.000000000000000000e+00,0.000000000000000000e+00,-2.000000000000000000e+00,-3.044433593750000000e-01,1.661987304687500000e-01,7.221679687500000000e-01,5.983886718750000000e-01
1.500000000000000000e+01,-1.000000000000000000e+00,7.000000000000000000e+00,-3.000000000000000000e+00,-9.000000000000000000e+00,-7.000000000000000000e+00,-4.000000000000000000e+00,-5.000000000000000000e+00,-3.044433593750000000e-01,1.661987304687500000e-01,7.221679687500000000e-01,5.983886718750000000e-01
-1.400000000000000000e+01,-1.800000000000000000e+01,-1.300000000000000000e+01,-5.000000000000000000e+00,-1.000000000000000000e+00,-7.000000000000000000e+00,3.000000000000000000e+00,2.000000000000000000e+00,-3.044433593750000000e-01,1.661987304687500000e-01,7.221679687500000000e-01,5.983886718750000000e-01
8.000000000000000000e+00,1.000000000000000000e+00,6.000000000000000000e+00,-2.000000000000000000e+00,-5.000000000000000000e+00,-3.000000000000000000e+00,2.000000000000000000e+00,0.000000000000000000e+00,-3.044433593750000000e-01,1.661987304687500000e-01,7.221679687500000000e-01,5.983886718750000000e-01
-1.400000000000000000e+01,1.300000000000000000e+01,4.000000000000000000e+00,0.000000000000000000e+00,-2.000000000000000000e+00,4.000000000000000000e+00,-3.000000000000000000e+00,-3.000000000000000000e+00,-3.036499023437500000e-01,1.682739257812500000e-01,7.208862304687500000e-01,5.997314453125000000e-01
6.000000000000000000e+00,3.000000000000000000e+00,-3.000000000000000000e+00,8.000000000000000000e+00,4.000000000000000000e+00,-2.000000000000000000e+00,0.000000000000000000e+00,-1.000000000000000000e+00,-3.036499023437500000e-01,1.682739257812500000e-01,7.208862304687500000e-01,5.997314453125000000e-01
2.000000000000000000e+00,-1.500000000000000000e+01,1.000000000000000000e+00,1.000000000000000000e+01,4.000000000000000000e+00,0.000000000000000000e+00,1.000000000000000000e+00,6.000000000000000000e+00,-3.036499023437500000e-01,1.682739257812500000e-01,7.208862304687500000e-01,5.997314453125000000e-01
-1.000000000000000000e+01,1.600000000000000000e+01,7.000000000000000000e+00,0.000000000000000000e+00,-3.000000000000000000e+00,-3.000000000000000000e+00,0.000000000000000000e+00,-5.000000000000000000e+00,-3.036499023437500000e-01,1.682739257812500000e-01,7.208862304687500000e-01,5.997314453125000000e-01
-7.000000000000000000e+00,0.000000000000000000e+00,-1.500000000000000000e+01,-1.400000000000000000e+01,-1.000000000000000000e+01,-5.000000000000000000e+00,0.000000000000000000e+00,-1.000000000000000000e+00,-3.058471679687500000e-01,1.679077148437500000e-01,7.205810546875000000e-01,5.991210937500000000e-01
1.000000000000000000e+00,-9.000000000000000000e+00,4.000000000000000000e+00,-5.000000000000000000e+00,0.000000000000000000e+00,2.000000000000000000e+00,-3.000000000000000000e+00,-2.000000000000000000e+00,-3.058471679687500000e-01,1.679077148437500000e-01,7.205810546875000000e-01,5.991210937500000000e-01
2.000000000000000000e+00,2.900000000000000000e+01,7.000000000000000000e+00,4.000000000000000000e+00,2.000000000000000000e+00,4.000000000000000000e+00,-2.000000000000000000e+00,-2.000000000000000000e+00,-3.058471679687500000e-01,1.679077148437500000e-01,7.205810546875000000e-01,5.991210937500000000e-01
-1.000000000000000000e+01,-7.000000000000000000e+00,3.000000000000000000e+00,-3.000000000000000000e+00,-4.000000000000000000e+00,-2.000000000000000000e+00,2.000000000000000000e+00,1.000000000000000000e+00,-3.058471679687500000e-01,1.679077148437500000e-01,7.205810546875000000e-01,5.991210937500000000e-01
8.000000000000000000e+00,-2.000000000000000000e+00,-1.000000000000000000e+00,-5.000000000000000000e+00,-5.000000000000000000e+00,-7.000000000000000000e+00,-4.000000000000000000e+00,-2.000000000000000000e+00,-3.110351562500000000e-01,1.655273437500000000e-01,7.205200195312500000e-01,5.971679687500000000e-01
0.000000000000000000e+00,-6.000000000000000000e+00,1.100000000000000000e+01,1.100000000000000000e+01,1.000000000000000000e+01,1.000000000000000000e+00,1.000000000000000000e+00,1.000000000000000000e+00,-3.110351562500000000e-01,1.655273437500000000e-01,7.205200195312500000e-01,5.971679687500000000e-01
-1.000000000000000000e+00,-9.000000000000000000e+00,-7.000000000000000000e+00,-2.000000000000000000e+00,-1.000000000000000000e+00,1.000000000000000000e+00,1.000000000000000000e+00,-3.000000000000000000e+00,-3.110351562500000000e-01,1.655273437500000000e-01,7.205200195312500000e-01,5.971679687500000000e-01
0.000000000000000000e+00,2.000000000000000000e+00,-5.000000000000000000e+00,-4.000000000000000000e+00,-2.000000000000000000e+00,-4.000000000000000000e+00,-3.000000000000000000e+00,-1.000000000000000000e+00,-3.110351562500000000e-01,1.655273437500000000e-01,7.205200195312500000e-01,5.971679687500000000e-01
5.000000000000000000e+00,-7.000000000000000000e+00,3.000000000000000000e+00,-4.000000000000000000e+00,-5.000000000000000000e+00,-1.000000000000000000e+00,2.000000000000000000e+00,1.000000000000000000e+00,-3.164062500000000000e-01,1.641235351562500000e-01,7.198486328125000000e-01,5.955200195312500000e-01
3.000000000000000000e+00,8.000000000000000000e+00,-6.000000000000000000e+00,4.000000000000000000e+00,1.000000000000000000e+00,-3.000000000000000000e+00,0.000000000000000000e+00,2.000000000000000000e+00,-3.164062500000000000e-01,1.641235351562500000e-01,7.198486328125000000e-01,5.955200195312500000e-01
-2.000000000000000000e+00,2.000000000000000000e+00,1.000000000000000000e+00,1.000000000000000000e+00,0.000000000000000000e+00,-4.000000000000000000e+00,-2.000000000000000000e+00,0.000000000000000000e+00,-3.164062500000000000e-01,1.641235351562500000e-01,7.198486328125000000e-01,5.955200195312500000e-01
-5.000000000000000000e+00,2.000000000000000000e+00,-1.000000000000000000e+00,-1.000000000000000000e+00,2.000000000000000000e+00,1.000000000000000000e+01,-1.000000000000000000e+00,-6.000000000000000000e+00,-3.164062500000000000e-01,1.641235351562500000e-01,7.198486328125000000e-01,5.955200195312500000e-01
4.000000000000000000e+00,-1.100000000000000000e+01,2.000000000000000000e+00,6.000000000000000000e+00,0.000000000000000000e+00,-2.000000000000000000e+00,-1.000000000000000000e+00,1.000000000000000000e+00,-3.195800781250000000e-01,1.647338867187500000e-01,7.183837890625000000e-01,5.954589843750000000e-01
-1.000000000000000000e+00,1.500000000000000000e+01,-6.000000000000000000e+00,-2.000000000000000000e+01,-1.000000000000000000e+00,4.000000000000000000e+00,1.000000000000000000e+00,1.000000000000000000e+00,-3.195800781250000000e-01,1.647338867187500000e-01,7.183837890625000000e-01,5.954589843750000000e-01
-1.000000000000000000e+00,6.000000000000000000e+00,4.000000000000000000e+00,1.900000000000000000e+01,4.000000000000000000e+00,1.000000000000000000e+00,-3.000000000000000000e+00,-4.000000000000000000e+00,-3.195800781250000000e-01,1.647338867187500000e-01,7.183837890625000000e-01,5.954589843750000000e-01
-3.000000000000000000e+00,-1.300000000000000000e+01,-5.000000000000000000e+00,-1.400000000000000000e+01,-2.000000000000000000e+00,-2.000000000000000000e+00,-3.000000000000000000e+00,-3.000000000000000000e+00,-3.195800781250000000e-01,1.647338867187500000e-01,7.183837890625000000e-01,5.954589843750000000e-01
2.000000000000000000e+00,-1.000000000000000000e+00,5.000000000000000000e+00,1.000000000000000000e+01,6.000000000000000000e+00,2.000000000000000000e+00,2.000000000000000000e+00,-2.000000000000000000e+00,-3.209838867187500000e-01,1.657104492187500000e-01,7.171020507812500000e-01,5.960083007812500000e-01
-2.000000000000000000e+00,-2.000000000000000000e+00,-2.000000000000000000e+00,-9.000000000000000000e+00,-6.000000000000000000e+00,1.000000000000000000e+00,-1.000000000000000000e+00,1.000000000000000000e+00,-3.209838867187500000e-01,1.657104492187500000e-01,7.171020507812500000e-01,5.960083007812500000e-01
-1.200000000000000000e+01,-7.000000000000000000e+00,-2.000000000000000000e+00,-3.000000000000000000e+00,-4.000000000000000000e+00,-3.000000000000000000e+00,-6.000000000000000000e+00,-7.000000000000000000e+00,-3.209838867187500000e-01,1.657104492187500000e-01,7.171020507812500000e-01,5.960083007812500000e-01
0.000000000000000000e+00,1.400000000000000000e+01,-2.000000000000000000e+00,-1.000000000000000000e+01,-4.000000000000000000e+00,-4.000000000000000000e+00,-1.000000000000000000e+00,2.000000000000000000e+00,-3.209838867187500000e-01,1.657104492187500000e-01,7.171020507812500000e-01,5.960083007812500000e-01
3.200000000000000000e+01,7.000000000000000000e+00,8.000000000000000000e+00,1.500000000000000000e+01,5.000000000000000000e+00,1.000000000000000000e+00,1.000000000000000000e+00,3.000000000000000000e+00,-3.215332031250000000e-01,1.658325195312500000e-01,7.165527343750000000e-01,5.963134765625000000e-01
-2.000000000000000000e+00,-9.000000000000000000e+00,-1.600000000000000000e+01,-1.400000000000000000e+01,-4.000000000000000000e+00,1.000000000000000000e+00,-1.000000000000000000e+00,-3.000000000000000000e+00,-3.215332031250000000e-01,1.658325195312500000e-01,7.165527343750000000e-01,5.963134765625000000e-01
-2.200000000000000000e+01,-3.000000000000000000e+00,-2.000000000000000000e+00,1.000000000000000000e+00,-2.000000000000000000e+00,3.000000000000000000e+00,1.000000000000000000e+00,-6.000000000000000000e+00,-3.215332031250000000e-01,1.658325195312500000e-01,7.165527343750000000e-01,5.963134765625000000e-01
5.100000000000000000e+01,7.000000000000000000e+00,-9.000000000000000000e+00,-2.000000000000000000e+00,-5.000000000000000000e+00,-2.000000000000000000e+00,-2.000000000000000000e+00,8.000000000000000000e+00,-3.215332031250000000e-01,1.658325195312500000e-01,7.165527343750000000e-01,5.963134765625000000e-01
-8.200000000000000000e+01,-1.900000000000000000e+01,1.300000000000000000e+01,-1.100000000000000000e+01,-7.000000000000000000e+00,-6.000000000000000000e+00,-9.000000000000000000e+00,-1.600000000000000000e+01,-3.220825195312500000e-01,1.653442382812500000e-01,7.164306640625000000e-01,5.963134765625000000e-01
3.000000000000000000e+00,1.100000000000000000e+01,-6.000000000000000000e+00,8.000000000000000000e+00,2.000000000000000000e+00,-1.000000000000000000e+00,2.000000000000000000e+00,2.000000000000000000e+00,-3.220825195312500000e-01,1.653442382812500000e-01,7.164306640625000000e-01,5.963134765625000000e-01
4.300000000000000000e+01,5.000000000000000000e+00,-1.500000000000000000e+01,-1.000000000000000000e+00,-4.000000000000000000e+00,-1.000000000000000000e+00,-2.000000000000000000e+00,3.000000000000000000e+00,-3.220825195312500000e-01,1.653442382812500000e-01,7.164306640625000000e-01,5.963134765625000000e-01
-1.500000000000000000e+01,-1.200000000000000000e+01,1.000000000000000000e+01,1.000000000000000000e+00,-5.000000000000000000e+00,-3.000000000000000000e+00,-3.000000000000000000e+00,-6.000000000000000000e+00,-3.220825195312500000e-01,1.653442382812500000e-01,7.164306640625000000e-01,5.963134765625000000e-01
3.000000000000000000e+00,3.000000000000000000e+00,-1.300000000000000000e+01,-3.000000000000000000e+00,-2.000000000000000000e+00,0.000000000000000000e+00,-2.000000000000000000e+00,4.000000000000000000e+00,-3.225708007812500000e-01,1.642456054687500000e-01,7.166748046875000000e-01,5.960693359375000000e-01
1.800000000000000000e+01,6.000000000000000000e+00,1.000000000000000000e+01,9.000000000000000000e+00,3.000000000000000000e+00,-1.000000000000000000e+00,0.000000000000000000e+00,2.000000000000000000e+00,-3.225708007812500000e-01,1.642456054687500000e-01,7.166748046875000000e-01,5.960693359375000000e-01
-1.900000000000000000e+01,-1.100000000000000000e+01,-1.400000000000000000e+01,-1.900000000000000000e+01,-5.000000000000000000e+00,-2.000000000000000000e+00,-3.000000000000000000e+00,-4.000000000000000000e+00,-3.225708007812500000e-01,1.642456054687500000e-01,7.166748046875000000e-01,5.960693359375000000e-01
-1.000000000000000000e+00,5.000000000000000000e+00,4.000000000000000000e+00,1.000000000000000000e+01,-2.000000000000000000e+00,-2.000000000000000000e+00,-2.000000000000000000e+00,-3.000000000000000000e+00,-3.225708007812500000e-01,1.642456054687500000e-01,7.166748046875000000e-01,5.960693359375000000e-01
