6.000000000000000000e+00,-1.200000000000000000e+01,7.000000000000000000e+00,2.000000000000000000e+00,-2.000000000000000000e+00,-9.000000000000000000e+00,0.000000000000000000e+00,2.000000000000000000e+00,-3.524780273437500000e-01,3.536987304687500000e-01,6.358642578125000000e-01,5.884399414062500000e-01
-3.000000000000000000e+00,1.000000000000000000e+00,-3.000000000000000000e+00,0.000000000000000000e+00,2.000000000000000000e+00,6.000000000000000000e+00,-3.000000000000000000e+00,-6.000000000000000000e+00,-3.524780273437500000e-01,3.536987304687500000e-01,6.358642578125000000e-01,5.884399414062500000e-01
2.000000000000000000e+00,-1.400000000000000000e+01,1.200000000000000000e+01,-3.000000000000000000e+00,-3.000000000000000000e+00,-5.000000000000000000e+00,1.600000000000000000e+01,4.000000000000000000e+00,-3.523559570312500000e-01,3.543701171875000000e-01,6.362304687500000000e-01,5.877075195312500000e-01
1.000000000000000000e+00,1.700000000000000000e+01,-2.200000000000000000e+01,4.000000000000000000e+00,0.000000000000000000e+00,-9.000000000000000000e+00,0.000000000000000000e+00,5.000000000000000000e+00,-3.523559570312500000e-01,3.543701171875000000e-01,6.362304687500000000e-01,5.877075195312500000e-01
-1.200000000000000000e+01,-4.000000000000000000e+00,1.500000000000000000e+01,3.000000000000000000e+00,-4.000000000000000000e+00,-1.500000000000000000e+01,9.000000000000000000e+00,-8.000000000000000000e+00,-3.523559570312500000e-01,3.543701171875000000e-01,6.362304687500000000e-01,5.877075195312500000e-01
0.000000000000000000e+00,1.000000000000000000e+00,1.400000000000000000e+01,1.000000000000000000e+00,-1.000000000000000000e+00,-1.000000000000000000e+00,-8.000000000000000000e+00,-1.000000000000000000e+00,-3.523559570312500000e-01,3.543701171875000000e-01,6.362304687500000000e-01,5.877075195312500000e-01
0.000000000000000000e+00,-9.000000000000000000e+00,-1.700000000000000000e+01,-1.300000000000000000e+01,-9.000000000000000000e+00,0.000000000000000000e+00,3.000000000000000000e+00,2.000000000000000000e+00,-3.532104492187500000e-01,3.525390625000000000e-01,6.381225585937500000e-01,5.863037109375000000e-01
-2.200000000000000000e+01,-4.000000000000000000e+00,1.400000000000000000e+01,1.000000000000000000e+00,4.000000000000000000e+00,-1.100000000000000000e+01,-8.000000000000000000e+00,-8.000000000000000000e+00,-3.532104492187500000e-01,3.525390625000000000e-01,6.381225585937500000e-01,5.863037109375000000e-01
1.200000000000000000e+01,-4.000000000000000000e+00,-1.200000000000000000e+01,-8.000000000000000000e+00,-4.000000000000000000e+00,0.000000000000000000e+00,-6.000000000000000000e+00,5.000000000000000000e+00,-3.532104492187500000e-01,3.525390625000000000e-01,6.381225585937500000e-01,5.863037109375000000e-01
-1.100000000000000000e+01,-1.000000000000000000e+00,-1.000000000000000000e+00,-2.000000000000000000e+00,-5.000000000000000000e+00,-6.000000000000000000e+00,1.000000000000000000e+00,-1.100000000000000000e+01,-3.532104492187500000e-01,3.525390625000000000e-01,6.381225585937500000e-01,5.863037109375000000e-01
7.000000000000000000e+00,-6.000000000000000000e+00,1.000000000000000000e+00,1.000000000000000000e+01,2.000000000000000000e+00,7.000000000000000000e+00,-2.000000000000000000e+00,4.000000000000000000e+00,-3.547973632812500000e-01,3.496704101562500000e-01,6.389160156250000000e-01,5.861816406250000000e-01
-6.000000000000000000e+00,-2.000000000000000000e+00,-1.800000000000000000e+01,-1.000000000000000000e+01,-7.000000000000000000e+00,-1.500000000000000000e+01,-7.000000000000000000e+00,-1.400000000000000000e+01,-3.547973632812500000e-01,3.496704101562500000e-01,6.389160156250000000e-01,5.861816406250000000e-01
-3.000000000000000000e+00,2.300000000000000000e+01,2.100000000000000000e+01,2.000000000000000000e+00,6.000000000000000000e+00,8.000000000000000000e+00,-2.000000000000000000e+00,2.000000000000000000e+00,-3.547973632812500000e-01,3.496704101562500000e-01,6.389160156250000000e-01,5.861816406250000000e-01
5.000000000000000000e+00,-7.000000000000000000e+00,-1.200000000000000000e+01,-6.000000000000000000e+00,-1.000000000000000000e+00,-5.000000000000000000e+00,-6.000000000000000000e+00,-2.000000000000000000e+00,-3.547973632812500000e-01,3.496704101562500000e-01,6.389160156250000000e-01,5.861816406250000000e-01
0.000000000000000000e+00,-3.000000000000000000e+00,3.000000000000000000e+00,-2.000000000000000000e+00,6.000000000000000000e+00,1.100000000000000000e+01,-1.000000000000000000e+00,-1.000000000000000000e+00,-3.545532226562500000e-01,3.485717773437500000e-01,6.383666992187500000e-01,5.875244140625000000e-01
4.000000000000000000e+00,-9.000000000000000000e+00,4.000000000000000000e+00,5.000000000000000000e+00,0.000000000000000000e+00,-5.000000000000000000e+00,5.000000000000000000e+00,6.000000000000000000e+00,-3.545532226562500000e-01,3.485717773437500000e-01,6.383666992187500000e-01,5.875244140625000000e-01
4.000000000000000000e+00,8.000000000000000000e+00,-1.000000000000000000e+00,1.000000000000000000e+00,2.000000000000000000e+00,5.000000000000000000e+00,8.000000000000000000e+00,1.100000000000000000e+01,-3.545532226562500000e-01,3.485717773437500000e-01,6.383666992187500000e-01,5.875244140625000000e-01
-2.000000000000000000e+00,1.000000000000000000e+00,2.000000000000000000e+00,-2.000000000000000000e+00,-1.000000000000000000e+00,1.000000000000000000e+00,1.000000000000000000e+00,-9.000000000000000000e+00,-3.545532226562500000e-01,3.485717773437500000e-01,6.383666992187500000e-01,5.875244140625000000e-01
0.000000000000000000e+00,-2.000000000000000000e+00,-5.000000000000000000e+00,6.000000000000000000e+00,2.000000000000000000e+00,-1.500000000000000000e+01,-9.000000000000000000e+00,-4.000000000000000000e+00,-3.537597656250000000e-01,3.484497070312500000e-01,6.379394531250000000e-01,5.885620117187500000e-01
-5.000000000000000000e+00,-5.000000000000000000e+00,1.000000000000000000e+01,2.000000000000000000e+00,2.000000000000000000e+00,1.000000000000000000e+01,6.000000000000000000e+00,2.000000000000000000e+00,-3.537597656250000000e-01,3.484497070312500000e-01,6.379394531250000000e-01,5.885620117187500000e-01
-1.000000000000000000e+00,-7.000000000000000000e+00,1.000000000000000000e+00,0.000000000000000000e+00,-3.000000000000000000e+00,0.000000000000000000e+00,1.200000000000000000e+01,-4.000000000000000000e+00,-3.537597656250000000e-01,3.484497070312500000e-01,6.379394531250000000e-01,5.885620117187500000e-01
3.000000000000000000e+00,-1.000000000000000000e+00,-5.000000000000000000e+00,-1.000000000000000000e+00,0.000000000000000000e+00,2.000000000000000000e+00,-7.000000000000000000e+00,2.000000000000000000e+00,-3.537597656250000000e-01,3.484497070312500000e-01,6.379394531250000000e-01,5.885620117187500000e-01
-4.000000000000000000e+00,-1.000000000000000000e+00,-3.000000000000000000e+00,2.000000000000000000e+00,-5.000000000000000000e+00,-1.100000000000000000e+01,-7.000000000000000000e+00,2.000000000000000000e+00,-3.531494140625000000e-01,3.472900390625000000e-01,6.377563476562500000e-01,5.897827148437500000e-01
2.000000000000000000e+00,-1.000000000000000000e+00,-6.000000000000000000e+00,-7.000000000000000000e+00,-3.000000000000000000e+00,3.000000000000000000e+00,0.000000000000000000e+00,0.000000000000000000e+00,-3.531494140625000000e-01,3.472900390625000000e-01,6.377563476562500000e-01,5.897827148437500000e-01
-2.000000000000000000e+00,-5.000000000000000000e+00,8.000000000000000000e+00,3.000000000000000000e+00,0.000000000000000000e+00,1.000000000000000000e+00,-2.300000000000000000e+01,-6.000000000000000000e+00,-3.531494140625000000e-01,3.472900390625000000e-01,6.377563476562500000e-01,5.897827148437500000e-01
0.000000000000000000e+00,-1.000000000000000000e+00,0.000000000000000000e+00,-1.000000000000000000e+00,-1.000000000000000000e+00,-1.100000000000000000e+01,-7.000000000000000000e+00,0.000000000000000000e+00,-3.531494140625000000e-01,3.472900390625000000e-01,6.377563476562500000e-01,5.897827148437500000e-01
1.000000000000000000e+00,2.000000000000000000e+00,5.000000000000000000e+00,0.000000000000000000e+00,-1.000000000000000000e+00,8.000000000000000000e+00,1.400000000000000000e+01,-1.000000000000000000e+00,-3.547973632812500000e-01,3.442382812500000000e-01,6.375732421875000000e-01,5.908203125000000000e-01
-8.000000000000000000e+00,-1.000000000000000000e+00,-3.000000000000000000e+00,-1.200000000000000000e+01,-4.000000000000000000e+00,-1.000000000000000000e+01,-3.500000000000000000e+01,2.000000000000000000e+00,-3.547973632812500000e-01,3.442382812500000000e-01,6.375732421875000000e-01,5.908203125000000000e-01
6.000000000000000000e+00,4.000000000000000000e+00,-7.000000000000000000e+00,4.000000000000000000e+00,3.000000000000000000e+00,-1.000000000000000000e+00,1.000000000000000000e+00,-5.000000000000000000e+00,-3.547973632812500000e-01,3.442382812500000000e-01,6.375732421875000000e-01,5.908203125000000000e-01
-3.000000000000000000e+00,-1.000000000000000000e+00,-6.000000000000000000e+00,-8.000000000000000000e+00,-3.000000000000000000e+00,2.000000000000000000e+00,1.100000000000000000e+01,0.000000000000000000e+00,-3.547973632812500000e-01,3.442382812500000000e-01,6.375732421875000000e-01,5.908203125000000000e-01
1.000000000000000000e+00,3.000000000000000000e+00,5.000000000000000000e+00,6.000000000000000000e+00,2.000000000000000000e+00,-2.000000000000000000e+00,-7.000000000000000000e+00,-3.000000000000000000e+00,-3.554687500000000000e-01,3.426513671875000000e-01,6.362304687500000000e-01,5.927124023437500000e-01
3.000000000000000000e+00,-5.000000000000000000e+00,9.000000000000000000e+00,0.000000000000000000e+00,-7.000000000000000000e+00,-1.000000000000000000e+00,-4.000000000000000000e+00,-1.000000000000000000e+00,-3.554687500000000000e-01,3.426513671875000000e-01,6.362304687500000000e-01,5.927124023437500000e-01
0.000000000000000000e+00,-8.000000000000000000e+00,-1.200000000000000000e+01,-5.000000000000000000e+00,-4.000000000000000000e+00,-4.000000000000000000e+00,2.300000000000000000e+01,5.000000000000000000e+00,-3.554687500000000000e-01,3.426513671875000000e-01,6.362304687500000000e-01,5.927124023437500000e-01
-8.000000000000000000e+00,-3.000000000000000000e+00,0.000000000000000000e+00,-3.000000000000000000e+00,1.000000000000000000e+00,-4.000000000000000000e+00,-2.900000000000000000e+01,-6.000000000000000000e+00,-3.554687500000000000e-01,3.426513671875000000e-01,6.362304687500000000e-01,5.927124023437500000e-01
3.000000000000000000e+00,3.000000000000000000e+00,7.000000000000000000e+00,1.300000000000000000e+01,8.000000000000000000e+00,1.700000000000000000e+01,1.700000000000000000e+01,2.000000000000000000e+01,-3.555297851562500000e-01,3.426513671875000000e-01,6.345825195312500000e-01,5.944824218750000000e-01
-7.000000000000000000e+00,2.000000000000000000e+00,-9.000000000000000000e+00,-1.300000000000000000e+01,-9.000000000000000000e+00,-1.400000000000000000e+01,4.000000000000000000e+00,-1.600000000000000000e+01,-3.555297851562500000e-01,3.426513671875000000e-01,6.345825195312500000e-01,5.944824218750000000e-01
7.000000000000000000e+00,-2.800000000000000000e+01,8.000000000000000000e+00,3.000000000000000000e+00,4.000000000000000000e+00,1.000000000000000000e+00,3.000000000000000000e+00,4.000000000000000000e+00,-3.555297851562500000e-01,3.426513671875000000e-01,6.345825195312500000e-01,5.944824218750000000e-01
-1.000000000000000000e+00,4.700000000000000000e+01,-1.000000000000000000e+01,-4.000000000000000000e+00,0.000000000000000000e+00,-4.000000000000000000e+00,1.100000000000000000e+01,-7.000000000000000000e+00,-3.555297851562500000e-01,3.426513671875000000e-01,6.345825195312500000e-01,5.944824218750000000e-01
-3.000000000000000000e+00,-1.500000000000000000e+01,1.400000000000000000e+01,2.000000000000000000e+00,0.000000000000000000e+00,-1.000000000000000000e+00,-6.000000000000000000e+00,-2.000000000000000000e+00,-3.549804687500000000e-01,3.421630859375000000e-01,6.331176757812500000e-01,5.966796875000000000e-01
-3.000000000000000000e+00,-9.000000000000000000e+00,1.000000000000000000e+00,9.000000000000000000e+00,0.000000000000000000e+00,6.000000000000000000e+00,-1.500000000000000000e+01,6.000000000000000000e+00,-3.549804687500000000e-01,3.421630859375000000e-01,6.331176757812500000e-01,5.966796875000000000e-01
-5.000000000000000000e+00,-3.000000000000000000e+00,-1.000000000000000000e+00,-1.000000000000000000e+01,-1.000000000000000000e+00,-6.000000000000000000e+00,-1.500000000000000000e+01,-4.000000000000000000e+00,-3.549804687500000000e-01,3.421630859375000000e-01,6.331176757812500000e-01,5.966796875000000000e-01
-2.000000000000000000e+00,-4.000000000000000000e+00,1.200000000000000000e+01,1.100000000000000000e+01,-1.000000000000000000e+00,-2.000000000000000000e+00,-2.000000000000000000e+00,-6.000000000000000000e+00,-3.549804687500000000e-01,3.421630859375000000e-01,6.331176757812500000e-01,5.966796875000000000e-01
9.000000000000000000e+00,8.000000000000000000e+00,2.000000000000000000e+00,-2.000000000000000000e+00,3.000000000000000000e+00,1.000000000000000000e+00,5.000000000000000000e+00,9.000000000000000000e+00,-3.544921875000000000e-01,3.409423828125000000e-01,6.320800781250000000e-01,5.987548828125000000e-01
1.100000000000000000e+01,-1.000000000000000000e+00,-1.600000000000000000e+01,-1.000000000000000000e+01,-1.000000000000000000e+00,-7.000000000000000000e+00,-1.500000000000000000e+01,-2.000000000000000000e+00,-3.544921875000000000e-01,3.409423828125000000e-01,6.320800781250000000e-01,5.987548828125000000e-01
-8.000000000000000000e+00,7.000000000000000000e+00,3.000000000000000000e+00,-2.000000000000000000e+00,-5.000000000000000000e+00,-8.000000000000000000e+00,-1.100000000000000000e+01,1.300000000000000000e+01,-3.544921875000000000e-01,3.409423828125000000e-01,6.320800781250000000e-01,5.987548828125000000e-01
-4.300000000000000000e+01,-3.600000000000000000e+01,-2.000000000000000000e+00,-3.000000000000000000e+00,-5.000000000000000000e+00,1.000000000000000000e+00,-8.000000000000000000e+00,-3.600000000000000000e+01,-3.544921875000000000e-01,3.409423828125000000e-01,6.320800781250000000e-01,5.987548828125000000e-01
3.000000000000000000e+00,1.900000000000000000e+01,2.000000000000000000e+01,1.300000000000000000e+01,3.000000000000000000e+00,-1.000000000000000000e+00,9.000000000000000000e+00,-1.600000000000000000e+01,-3.541870117187500000e-01,3.399658203125000000e-01,6.311035156250000000e-01,6.005249023437500000e-01
-1.000000000000000000e+00,-1.700000000000000000e+01,-2.000000000000000000e+01,-1.100000000000000000e+01,-5.000000000000000000e+00,-2.300000000000000000e+01,-6.000000000000000000e+00,-1.000000000000000000e+00,-3.541870117187500000e-01,3.399658203125000000e-01,6.311035156250000000e-01,6.005249023437500000e-01
-7.000000000000000000e+00,3.000000000000000000e+00,1.100000000000000000e+01,-2.000000000000000000e+01,-3.000000000000000000e+00,9.000000000000000000e+00,-3.500000000000000000e+01,1.100000000000000000e+01,-3.541870117187500000e-01,3.399658203125000000e-01,6.311035156250000000e-01,6.005249023437500000e-01
8.000000000000000000e+00,6.000000000000000000e+00,2.000000000000000000e+00,1.500000000000000000e+01,0.000000000000000000e+00,2.100000000000000000e+01,1.400000000000000000e+01,4.000000000000000000e+00,-3.541870117187500000e-01,3.399658203125000000e-01,6.311035156250000000e-01,6.005249023437500000e-01
-2.000000000000000000e+00,-1.200000000000000000e+01,-1.000000000000000000e+01,-1.400000000000000000e+01,-3.000000000000000000e+00,-1.500000000000000000e+01,-1.600000000000000000e+01,-1.100000000000000000e+01,-3.540039062500000000e-01,3.397216796875000000e-01,6.298217773437500000e-01,6.021118164062500000e-01
0.000000000000000000e+00,9.000000000000000000e+00,-3.000000000000000000e+00,0.000000000000000000e+00,0.000000000000000000e+00,5.000000000000000000e+00,2.300000000000000000e+01,9.000000000000000000e+00,-3.540039062500000000e-01,3.397216796875000000e-01,6.298217773437500000e-01,6.021118164062500000e-01
6.000000000000000000e+00,-1.000000000000000000e+00,-8.000000000000000000e+00,-6.000000000000000000e+00,1.000000000000000000e+00,0.000000000000000000e+00,7.000000000000000000e+00,-4.000000000000000000e+00,-3.540039062500000000e-01,3.397216796875000000e-01,6.298217773437500000e-01,6.021118164062500000e-01
7.000000000000000000e+00,-6.000000000000000000e+00,-3.000000000000000000e+00,-1.300000000000000000e+01,-5.000000000000000000e+00,-2.000000000000000000e+00,1.200000000000000000e+01,1.700000000000000000e+01,-3.540039062500000000e-01,3.397216796875000000e-01,6.298217773437500000e-01,6.021118164062500000e-01
-3.000000000000000000e+00,-1.000000000000000000e+00,2.000000000000000000e+01,1.500000000000000000e+01,0.000000000000000000e+00,-1.000000000000000000e+00,-1.000000000000000000e+01,-1.200000000000000000e+01,-3.537597656250000000e-01,3.393554687500000000e-01,6.287231445312500000e-01,6.036376953125000000e-01
2.000000000000000000e+00,-2.000000000000000000e+00,-1.000000000000000000e+01,-8.000000000000000000e+00,1.000000000000000000e+00,9.000000000000000000e+00,2.000000000000000000e+00,4.000000000000000000e+00,-3.537597656250000000e-01,3.393554687500000000e-01,6.287231445312500000e-01,6.036376953125000000e-01
5.000000000000000000e+00,7.000000000000000000e+00,2.800000000000000000e+01,3.400000000000000000e+01,3.000000000000000000e+00,-1.000000000000000000e+00,3.000000000000000000e+00,-5.000000000000000000e+00,-3.537597656250000000e-01,3.393554687500000000e-01,6.287231445312500000e-01,6.036376953125000000e-01
8.000000000000000000e+00,-4.000000000000000000e+00,-1.900000000000000000e+01,0.000000000000000000e+00,2.000000000000000000e+00,1.000000000000000000e+00,0.000000000000000000e+00,5.000000000000000000e+00,-3.537597656250000000e-01,3.393554687500000000e-01,6.287231445312500000e-01,6.036376953125000000e-01
-8.000000000000000000e+00,1.000000000000000000e+00,-1.300000000000000000e+01,-2.000000000000000000e+01,-9.000000000000000000e+00,0.000000000000000000e+00,-4.000000000000000000e+00,2.000000000000000000e+00,-3.540039062500000000e-01,3.384399414062500000e-01,6.285400390625000000e-01,6.041870117187500000e-01
8.000000000000000000e+00,1.000000000000000000e+00,0.000000000000000000e+00,3.000000000000000000e+00,3.000000000000000000e+00,-2.000000000000000000e+00,-1.000000000000000000e+00,0.000000000000000000e+00,-3.540039062500000000e-01,3.384399414062500000e-01,6.285400390625000000e-01,6.041870117187500000e-01
-1.600000000000000000e+01,-2.000000000000000000e+00,5.000000000000000000e+00,0.000000000000000000e+00,-3.000000000000000000e+00,-3.000000000000000000e+00,4.000000000000000000e+00,0.000000000000000000e+00,-3.540039062500000000e-01,3.384399414062500000e-01,6.285400390625000000e-01,6.041870117187500000e-01
-3.000000000000000000e+00,3.000000000000000000e+00,1.100000000000000000e+01,8.000000000000000000e+00,3.000000000000000000e+00,-7.000000000000000000e+00,-4.000000000000000000e+00,-7.000000000000000000e+00,-3.540039062500000000e-01,3.384399414062500000e-01,6.285400390625000000e-01,6.041870117187500000e-01
1.900000000000000000e+01,-3.000000000000000000e+00,-2.400000000000000000e+01,-7.000000000000000000e+00,-2.000000000000000000e+00,6.000000000000000000e+00,0.000000000000000000e+00,1.700000000000000000e+01,-3.563842773437500000e-01,3.352050781250000000e-01,6.290893554687500000e-01,6.040039062500000000e-01
-2.700000000000000000e+01,-5.000000000000000000e+00,1.100000000000000000e+01,0.000000000000000000e+00,0.000000000000000000e+00,7.000000000000000000e+00,1.000000000000000000e+00,-1.600000000000000000e+01,-3.563842773437500000e-01,3.352050781250000000e-01,6.290893554687500000e-01,6.040039062500000000e-01
2.000000000000000000e+00,-2.000000000000000000e+00,-1.000000000000000000e+01,-2.000000000000000000e+00,-1.000000000000000000e+01,-1.900000000000000000e+01,3.000000000000000000e+00,-1.100000000000000000e+01,-3.563842773437500000e-01,3.352050781250000000e-01,6.290893554687500000e-01,6.040039062500000000e-01
1.900000000000000000e+01,6.000000000000000000e+00,2.000000000000000000e+00,6.000000000000000000e+00,1.100000000000000000e+01,2.000000000000000000e+01,-1.000000000000000000e+00,1.800000000000000000e+01,-3.563842773437500000e-01,3.352050781250000000e-01,6.290893554687500000e-01,6.040039062500000000e-01
-2.500000000000000000e+01,-3.000000000000000000e+00,-4.000000000000000000e+00,-3.000000000000000000e+00,-1.000000000000000000e+00,1.000000000000000000e+00,-5.000000000000000000e+00,-1.300000000000000000e+01,-3.566284179687500000e-01,3.334350585937500000e-01,6.287841796875000000e-01,6.051635742187500000e-01
2.900000000000000000e+01,1.000000000000000000e+00,5.000000000000000000e+00,7.000000000000000000e+00,-3.000000000000000000e+00,-5.000000000000000000e+00,-9.000000000000000000e+00,4.000000000000000000e+00,-3.566284179687500000e-01,3.334350585937500000e-01,6.287841796875000000e-01,6.051635742187500000e-01
-1.800000000000000000e+01,-4.000000000000000000e+00,1.000000000000000000e+00,-4.000000000000000000e+00,2.000000000000000000e+00,3.000000000000000000e+00,1.000000000000000000e+01,4.000000000000000000e+00,-3.566284179687500000e-01,3.334350585937500000e-01,6.287841796875000000e-01,6.051635742187500000e-01
4.000000000000000000e+00,2.000000000000000000e+00,-4.000000000000000000e+00,-4.000000000000000000e+00,-3.000000000000000000e+00,-6.000000000000000000e+00,1.100000000000000000e+01,-6.000000000000000000e+00,-3.566284179687500000e-01,3.334350585937500000e-01,6.287841796875000000e-01,6.051635742187500000e-01
1.100000000000000000e+01,-1.000000000000000000e+00,4.000000000000000000e+00,-6.000000000000000000e+00,-6.000000000000000000e+00,-1.200000000000000000e+01,-1.700000000000000000e+01,-8.000000000000000000e+00,-3.563232421875000000e-01,3.325195312500000000e-01,6.279296875000000000e-01,6.066894531250000000e-01
-9.000000000000000000e+00,7.000000000000000000e+00,2.000000000000000000e+00,7.000000000000000000e+00,3.000000000000000000e+00,4.000000000000000000e+00,4.000000000000000000e+00,5.000000000000000000e+00,-3.563232421875000000e-01,3.325195312500000000e-01,6.279296875000000000e-01,6.066894531250000000e-01
1.100000000000000000e+01,-9.000000000000000000e+00,-2.300000000000000000e+01,-8.000000000000000000e+00,-3.000000000000000000e+00,6.000000000000000000e+00,-3.000000000000000000e+00,-8.000000000000000000e+00,-3.563232421875000000e-01,3.325195312500000000e-01,6.279296875000000000e-01,6.066894531250000000e-01
-9.000000000000000000e+00,3.000000000000000000e+00,1.500000000000000000e+01,-8.000000000000000000e+00,-6.000000000000000000e+00,-5.000000000000000000e+00,7.000000000000000000e+00,1.200000000000000000e+01,-3.563232421875000000e-01,3.325195312500000000e-01,6.279296875000000000e-01,6.066894531250000000e-01
8.000000000000000000e+00,-1.600000000000000000e+01,-8.000000000000000000e+00,0.000000000000000000e+00,-4.000000000000000000e+00,-1.500000000000000000e+01,-1.300000000000000000e+01,-1.800000000000000000e+01,-3.562011718750000000e-01,3.317871093750000000e-01,6.273193359375000000e-01,6.077880859375000000e-01
2.000000000000000000e+00,5.000000000000000000e+00,7.000000000000000000e+00,0.000000000000000000e+00,-2.000000000000000000e+00,1.300000000000000000e+01,2.400000000000000000e+01,-3.000000000000000000e+00,-3.562011718750000000e-01,3.317871093750000000e-01,6.273193359375000000e-01,6.077880859375000000e-01
-1.000000000000000000e+00,5.000000000000000000e+00,7.000000000000000000e+00,1.200000000000000000e+01,7.000000000000000000e+00,7.000000000000000000e+00,1.000000000000000000e+00,0.000000000000000000e+00,-3.562011718750000000e-01,3.317871093750000000e-01,6.273193359375000000e-01,6.077880859375000000e-01
2.000000000000000000e+00,1.000000000000000000e+00,-1.200000000000000000e+01,-1.200000000000000000e+01,-7.000000000000000000e+00,-5.000000000000000000e+00,-5.000000000000000000e+00,-4.000000000000000000e+00,-3.562011718750000000e-01,3.317871093750000000e-01,6.273193359375000000e-01,6.077880859375000000e-01
-1.200000000000000000e+01,-5.000000000000000000e+00,-2.000000000000000000e+00,-2.000000000000000000e+00,0.000000000000000000e+00,0.000000000000000000e+00,1.000000000000000000e+00,3.000000000000000000e+00,-3.560791015625000000e-01,3.309326171875000000e-01,6.271362304687500000e-01,6.085205078125000000e-01
0.000000000000000000e+00,-3.000000000000000000e+00,7.000000000000000000e+00,6.000000000000000000e+00,0.000000000000000000e+00,8.000000000000000000e+00,1.200000000000000000e+01,1.000000000000000000e+00,-3.560791015625000000e-01,3.309326171875000000e-01,6.271362304687500000e-01,6.085205078125000000e-01
6.000000000000000000e+00,-3.000000000000000000e+00,-1.200000000000000000e+01,-1.000000000000000000e+00,0.000000000000000000e+00,-9.000000000000000000e+00,-3.200000000000000000e+01,0.000000000000000000e+00,-3.560791015625000000e-01,3.309326171875000000e-01,6.271362304687500000e-01,6.085205078125000000e-01
-1.000000000000000000e+00,-4.000000000000000000e+00,-3.000000000000000000e+00,-6.000000000000000000e+00,-3.000000000000000000e+00,-1.000000000000000000e+00,0.000000000000000000e+00,2.000000000000000000e+00,-3.560791015625000000e-01,3.309326171875000000e-01,6.271362304687500000e-01,6.085205078125000000e-01
-6.000000000000000000e+00,0.000000000000000000e+00,-7.000000000000000000e+00,-1.100000000000000000e+01,-5.000000000000000000e+00,1.100000000000000000e+01,1.200000000000000000e+01,4.000000000000000000e+00,-3.572387695312500000e-01,3.306884765625000000e-01,6.253051757812500000e-01,6.098632812500000000e-01
2.000000000000000000e+00,2.000000000000000000e+00,1.400000000000000000e+01,1.700000000000000000e+01,-3.000000000000000000e+00,-2.300000000000000000e+01,-1.900000000000000000e+01,-5.000000000000000000e+00,-3.572387695312500000e-01,3.306884765625000000e-01,6.253051757812500000e-01,6.098632812500000000e-01
1.000000000000000000e+00,4.000000000000000000e+00,-2.000000000000000000e+01,-6.000000000000000000e+00,2.000000000000000000e+00,1.700000000000000000e+01,1.500000000000000000e+01,1.000000000000000000e+00,-3.572387695312500000e-01,3.306884765625000000e-01,6.253051757812500000e-01,6.098632812500000000e-01
8.000000000000000000e+00,-1.000000000000000000e+00,1.900000000000000000e+01,2.400000000000000000e+01,3.000000000000000000e+00,-2.000000000000000000e+00,1.600000000000000000e+01,1.500000000000000000e+01,-3.572387695312500000e-01,3.306884765625000000e-01,6.253051757812500000e-01,6.098632812500000000e-01
-3.000000000000000000e+00,1.000000000000000000e+00,-1.400000000000000000e+01,-1.100000000000000000e+01,-1.000000000000000000e+00,5.000000000000000000e+00,-4.000000000000000000e+00,-1.700000000000000000e+01,-3.561401367187500000e-01,3.324584960937500000e-01,6.208496093750000000e-01,6.140747070312500000e-01
2.000000000000000000e+00,-1.000000000000000000e+00,1.400000000000000000e+01,-3.000000000000000000e+00,-1.000000000000000000e+00,-3.000000000000000000e+00,-5.000000000000000000e+00,6.000000000000000000e+00,-3.561401367187500000e-01,3.324584960937500000e-01,6.208496093750000000e-01,6.140747070312500000e-01
1.400000000000000000e+01,-1.000000000000000000e+00,-1.900000000000000000e+01,-9.000000000000000000e+00,-6.000000000000000000e+00,-1.000000000000000000e+00,1.100000000000000000e+01,-2.000000000000000000e+00,-3.561401367187500000e-01,3.324584960937500000e-01,6.208496093750000000e-01,6.140747070312500000e-01
-1.700000000000000000e+01,-6.000000000000000000e+00,-5.000000000000000000e+00,2.000000000000000000e+00,-2.000000000000000000e+00,-8.000000000000000000e+00,-5.000000000000000000e+00,-4.000000000000000000e+00,-3.561401367187500000e-01,3.324584960937500000e-01,6.208496093750000000e-01,6.140747070312500000e-01
4.000000000000000000e+00,6.000000000000000000e+00,0.000000000000000000e+00,3.000000000000000000e+00,2.000000000000000000e+00,0.000000000000000000e+00,0.000000000000000000e+00,8.000000000000000000e+00,-3.529663085937500000e-01,3.349609375000000000e-01,6.166381835937500000e-01,6.188354492187500000e-01
-1.200000000000000000e+01,-2.000000000000000000e+00,5.000000000000000000e+00,-4.000000000000000000e+00,2.000000000000000000e+00,-4.000000000000000000e+00,-1.300000000000000000e+01,-1.000000000000000000e+00,-3.529663085937500000e-01,3.349609375000000000e-01,6.166381835937500000e-01,6.188354492187500000e-01
3.000000000000000000e+00,-2.000000000000000000e+00,-2.000000000000000000e+00,4.000000000000000000e+00,-3.000000000000000000e+00,-1.900000000000000000e+01,-2.400000000000000000e+01,-8.000000000000000000e+00,-3.529663085937500000e-01,3.349609375000000000e-01,6.166381835937500000e-01,6.188354492187500000e-01
4.000000000000000000e+00,-6.000000000000000000e+00,-8.000000000000000000e+00,-5.000000000000000000e+00,-1.000000000000000000e+00,2.400000000000000000e+01,1.900000000000000000e+01,9.000000000000000000e+00,-3.529663085937500000e-01,3.349609375000000000e-01,6.166381835937500000e-01,6.188354492187500000e-01
-4.000000000000000000e+00,9.000000000000000000e+00,3.000000000000000000e+00,5.000000000000000000e+00,7.000000000000000000e+00,1.400000000000000000e+01,2.500000000000000000e+01,7.000000000000000000e+00,-3.515625000000000000e-01,3.347167968750000000e-01,6.141357421875000000e-01,6.221923828125000000e-01
2.000000000000000000e+00,0.000000000000000000e+00,-1.300000000000000000e+01,3.000000000000000000e+00,3.000000000000000000e+00,-4.000000000000000000e+00,-6.000000000000000000e+00,2.000000000000000000e+00,-3.515625000000000000e-01,3.347167968750000000e-01,6.141357421875000000e-01,6.221923828125000000e-01
-1.000000000000000000e+01,7.000000000000000000e+00,1.100000000000000000e+01,-8.000000000000000000e+00,-6.000000000000000000e+00,-6.000000000000000000e+00,3.000000000000000000e+00,-5.000000000000000000e+00,-3.515625000000000000e-01,3.347167968750000000e-01,6.141357421875000000e-01,6.221923828125000000e-01
7.000000000000000000e+00,-3.000000000000000000e+00,3.000000000000000000e+00,1.000000000000000000e+00,-1.000000000000000000e+00,-9.000000000000000000e+00,-1.200000000000000000e+01,-7.000000000000000000e+00,-3.515625000000000000e-01,3.347167968750000000e-01,6.141357421875000000e-01,6.221923828125000000e-01
-2.000000000000000000e+00,4.000000000000000000e+00,4.000000000000000000e+00,1.000000000000000000e+00,-1.000000000000000000e+00,-6.000000000000000000e+00,-4.000000000000000000e+00,1.000000000000000000e+00,-3.527221679687500000e-01,3.315429687500000000e-01,6.130371093750000000e-01,6.243286132812500000e-01
1.000000000000000000e+00,5.000000000000000000e+00,1.400000000000000000e+01,5.000000000000000000e+00,5.000000000000000000e+00,5.000000000000000000e+00,7.000000000000000000e+00,3.000000000000000000e+00,-3.527221679687500000e-01,3.315429687500000000e-01,6.130371093750000000e-01,6.243286132812500000e-01
0.000000000000000000e+00,-5.000000000000000000e+00,0.000000000000000000e+00,-1.100000000000000000e+01,0.000000000000000000e+00,3.000000000000000000e+00,0.000000000000000000e+00,1.000000000000000000e+00,-3.527221679687500000e-01,3.315429687500000000e-01,6.130371093750000000e-01,6.243286132812500000e-01
-4.000000000000000000e+00,9.000000000000000000e+00,2.200000000000000000e+01,1.200000000000000000e+01,1.000000000000000000e+00,0.000000000000000000e+00,-1.000000000000000000e+00,-6.000000000000000000e+00,-3.527221679687500000e-01,3.315429687500000000e-01,6.130371093750000000e-01,6.243286132812500000e-01
-9.000000000000000000e+00,-9.000000000000000000e+00,-3.300000000000000000e+01,-1.000000000000000000e+00,-7.000000000000000000e+00,-1.000000000000000000e+00,-9.000000000000000000e+00,-6.000000000000000000e+00,-3.530273437500000000e-01,3.289794921875000000e-01,6.112670898437500000e-01,6.271972656250000000e-01
-4.000000000000000000e+00,0.000000000000000000e+00,0.000000000000000000e+00,3.000000000000000000e+00,-2.000000000000000000e+00,-7.000000000000000000e+00,6.000000000000000000e+00,4.000000000000000000e+00,-3.530273437500000000e-01,3.289794921875000000e-01,6.112670898437500000e-01,6.271972656250000000e-01
8.000000000000000000e+00,-7.000000000000000000e+00,1.300000000000000000e+01,-2.300000000000000000e+01,-5.000000000000000000e+00,-1.000000000000000000e+00,9.000000000000000000e+00,-1.000000000000000000e+00,-3.530273437500000000e-01,3.289794921875000000e-01,6.112670898437500000e-01,6.271972656250000000e-01
-1.000000000000000000e+00,-3.000000000000000000e+00,-1.400000000000000000e+01,-6.000000000000000000e+00,8.000000000000000000e+00,1.100000000000000000e+01,-3.000000000000000000e+00,-3.000000000000000000e+00,-3.530273437500000000e-01,3.289794921875000000e-01,6.112670898437500000e-01,6.271972656250000000e-01
-4.000000000000000000e+00,-4.000000000000000000e+00,9.000000000000000000e+00,-5.000000000000000000e+00,-7.000000000000000000e+00,-9.000000000000000000e+00,-2.100000000000000000e+01,-1.000000000000000000e+00,-3.520507812500000000e-01,3.278808593750000000e-01,6.081542968750000000e-01,6.313476562500000000e-01
0.000000000000000000e+00,3.000000000000000000e+00,3.000000000000000000e+00,-1.000000000000000000e+00,5.000000000000000000e+00,1.100000000000000000e+01,1.300000000000000000e+01,-7.000000000000000000e+00,-3.520507812500000000e-01,3.278808593750000000e-01,6.081542968750000000e-01,6.313476562500000000e-01
-3.000000000000000000e+00,-5.000000000000000000e+00,-8.000000000000000000e+00,5.000000000000000000e+00,-4.000000000000000000e+00,-1.000000000000000000e+01,1.000000000000000000e+00,6.000000000000000000e+00,-3.520507812500000000e-01,3.278808593750000000e-01,6.081542968750000000e-01,6.313476562500000000e-01
1.000000000000000000e+00,0.000000000000000000e+00,-5.000000000000000000e+00,-7.000000000000000000e+00,-4.000000000000000000e+00,-2.800000000000000000e+01,-1.500000000000000000e+01,-5.000000000000000000e+00,-3.520507812500000000e-01,3.278808593750000000e-01,6.081542968750000000e-01,6.313476562500000000e-01
1.200000000000000000e+01,0.000000000000000000e+00,9.000000000000000000e+00,-5.000000000000000000e+00,3.000000000000000000e+00,1.100000000000000000e+01,1.700000000000000000e+01,5.000000000000000000e+00,-3.483886718750000000e-01,3.281250000000000000e-01,6.046752929687500000e-01,6.366577148437500000e-01
-1.500000000000000000e+01,-3.000000000000000000e+00,2.000000000000000000e+00,4.000000000000000000e+00,-2.000000000000000000e+00,-5.000000000000000000e+00,-2.800000000000000000e+01,-3.000000000000000000e+00,-3.483886718750000000e-01,3.281250000000000000e-01,6.046752929687500000e-01,6.366577148437500000e-01
-3.000000000000000000e+00,-3.000000000000000000e+00,1.800000000000000000e+01,2.000000000000000000e+00,-2.000000000000000000e+00,5.000000000000000000e+00,0.000000000000000000e+00,-1.300000000000000000e+01,-3.483886718750000000e-01,3.281250000000000000e-01,6.046752929687500000e-01,6.366577148437500000e-01
4.000000000000000000e+00,-1.000000000000000000e+00,-1.100000000000000000e+01,-2.000000000000000000e+00,-1.000000000000000000e+00,-9.000000000000000000e+00,-6.000000000000000000e+00,2.000000000000000000e+00,-3.483886718750000000e-01,3.281250000000000000e-01,6.046752929687500000e-01,6.366577148437500000e-01
-8.000000000000000000e+00,-1.000000000000000000e+00,-7.000000000000000000e+00,-4.000000000000000000e+00,-4.000000000000000000e+00,-7.000000000000000000e+00,-1.500000000000000000e+01,2.000000000000000000e+00,-3.444213867187500000e-01,3.276977539062500000e-01,6.019897460937500000e-01,6.415405273437500000e-01
1.100000000000000000e+01,-3.000000000000000000e+00,4.000000000000000000e+00,-2.100000000000000000e+01,-1.100000000000000000e+01,-1.100000000000000000e+01,-7.000000000000000000e+00,-1.100000000000000000e+01,-3.444213867187500000e-01,3.276977539062500000e-01,6.019897460937500000e-01,6.415405273437500000e-01
-2.000000000000000000e+00,6.000000000000000000e+00,1.600000000000000000e+01,2.500000000000000000e+01,6.000000000000000000e+00,0.000000000000000000e+00,0.000000000000000000e+00,2.000000000000000000e+00,-3.444213867187500000e-01,3.276977539062500000e-01,6.019897460937500000e-01,6.415405273437500000e-01
-1.100000000000000000e+01,-1.300000000000000000e+01,-1.500000000000000000e+01,-1.300000000000000000e+01,-6.000000000000000000e+00,3.000000000000000000e+00,-3.000000000000000000e+00,-5.000000000000000000e+00,-3.444213867187500000e-01,3.276977539062500000e-01,6.019897460937500000e-01,6.415405273437500000e-01
5.000000000000000000e+00,6.000000000000000000e+00,7.000000000000000000e+00,2.000000000000000000e+00,0.000000000000000000e+00,-1.000000000000000000e+01,-2.000000000000000000e+00,-3.000000000000000000e+00,-3.425903320312500000e-01,3.253784179687500000e-01,6.004028320312500000e-01,6.451416015625000000e-01
-3.000000000000000000e+00,-8.000000000000000000e+00,-1.400000000000000000e+01,-8.000000000000000000e+00,-2.000000000000000000e+00,5.000000000000000000e+00,5.000000000000000000e+00,5.000000000000000000e+00,-3.425903320312500000e-01,3.253784179687500000e-01,6.004028320312500000e-01,6.451416015625000000e-01
-3.000000000000000000e+00,-2.000000000000000000e+00,-5.000000000000000000e+00,7.000000000000000000e+00,-1.000000000000000000e+00,4.000000000000000000e+00,-5.000000000000000000e+00,1.000000000000000000e+00,-3.406982421875000000e-01,3.225708007812500000e-01,5.995483398437500000e-01,6.483154296875000000e-01
0.000000000000000000e+00,3.000000000000000000e+00,1.200000000000000000e+01,-4.000000000000000000e+00,-3.000000000000000000e+00,-4.000000000000000000e+00,-3.000000000000000000e+00,-3.000000000000000000e+00,-3.406982421875000000e-01,3.225708007812500000e-01,5.995483398437500000e-01,6.483154296875000000e-01
-4.000000000000000000e+00,-2.000000000000000000e+00,6.000000000000000000e+00,5.000000000000000000e+00,3.000000000000000000e+00,4.000000000000000000e+00,3.000000000000000000e+00,1.000000000000000000e+00,-3.406982421875000000e-01,3.225708007812500000e-01,5.995483398437500000e-01,6.483154296875000000e-01
3.000000000000000000e+00,-2.000000000000000000e+00,-4.000000000000000000e+00,-7.000000000000000000e+00,-4.000000000000000000e+00,-5.000000000000000000e+00,-2.000000000000000000e+00,1.000000000000000000e+00,-3.406982421875000000e-01,3.225708007812500000e-01,5.995483398437500000e-01,6.483154296875000000e-01
-6.000000000000000000e+00,0.000000000000000000e+00,-1.800000000000000000e+01,-2.000000000000000000e+00,-2.000000000000000000e+00,0.000000000000000000e+00,1.000000000000000000e+00,-3.000000000000000000e+00,-3.385009765625000000e-01,3.204956054687500000e-01,5.991210937500000000e-01,6.508789062500000000e-01
2.000000000000000000e+00,-5.000000000000000000e+00,-3.000000000000000000e+00,-1.000000000000000000e+00,2.000000000000000000e+00,4.000000000000000000e+00,1.000000000000000000e+00,1.000000000000000000e+00,-3.385009765625000000e-01,3.204956054687500000e-01,5.991210937500000000e-01,6.508789062500000000e-01
-5.000000000000000000e+00,-1.000000000000000000e+00,9.000000000000000000e+00,-6.000000000000000000e+00,-4.000000000000000000e+00,-5.000000000000000000e+00,0.000000000000000000e+00,-2.000000000000000000e+00,-3.385009765625000000e-01,3.204956054687500000e-01,5.991210937500000000e-01,6.508789062500000000e-01
0.000000000000000000e+00,4.000000000000000000e+00,5.000000000000000000e+00,7.000000000000000000e+00,3.000000000000000000e+00,6.000000000000000000e+00,1.000000000000000000e+00,1.000000000000000000e+00,-3.385009765625000000e-01,3.204956054687500000e-01,5.991210937500000000e-01,6.508789062500000000e-01
-3.000000000000000000e+00,-3.000000000000000000e+00,6.000000000000000000e+00,-1.100000000000000000e+01,0.000000000000000000e+00,-2.000000000000000000e+00,-2.000000000000000000e+00,-1.000000000000000000e+00,-3.360595703125000000e-01,3.190307617187500000e-01,5.983276367187500000e-01,6.536254882812500000e-01
1.000000000000000000e+00,4.000000000000000000e+00,-8.000000000000000000e+00,4.000000000000000000e+00,-3.000000000000000000e+00,3.000000000000000000e+00,2.000000000000000000e+00,1.000000000000000000e+00,-3.360595703125000000e-01,3.190307617187500000e-01,5.983276367187500000e-01,6.536254882812500000e-01
-5.000000000000000000e+00,-9.000000000000000000e+00,-2.000000000000000000e+00,-4.000000000000000000e+00,-4.000000000000000000e+00,-8.000000000000000000e+00,0.000000000000000000e+00,0.000000000000000000e+00,-3.360595703125000000e-01,3.190307617187500000e-01,5.983276367187500000e-01,6.536254882812500000e-01
-1.200000000000000000e+01,-2.000000000000000000e+00,-2.000000000000000000e+00,-4.000000000000000000e+00,-5.000000000000000000e+00,-4.000000000000000000e+00,-1.100000000000000000e+01,-2.000000000000000000e+00,-3.360595703125000000e-01,3.190307617187500000e-01,5.983276367187500000e-01,6.536254882812500000e-01
-5.000000000000000000e+00,3.000000000000000000e+00,-1.800000000000000000e+01,-4.000000000000000000e+00,2.000000000000000000e+00,4.000000000000000000e+00,8.000000000000000000e+00,-1.000000000000000000e+00,-3.333129882812500000e-01,3.174438476562500000e-01,5.972290039062500000e-01,6.567993164062500000e-01
1.800000000000000000e+01,-5.000000000000000000e+00,-1.600000000000000000e+01,-8.000000000000000000e+00,-5.000000000000000000e+00,-1.000000000000000000e+01,-2.000000000000000000e+01,-9.000000000000000000e+00,-3.333129882812500000e-01,3.174438476562500000e-01,5.972290039062500000e-01,6.567993164062500000e-01
-2.400000000000000000e+01,-3.000000000000000000e+00,-2.000000000000000000e+00,8.000000000000000000e+00,5.000000000000000000e+00,2.100000000000000000e+01,1.300000000000000000e+01,2.000000000000000000e+01,-3.333129882812500000e-01,3.174438476562500000e-01,5.972290039062500000e-01,6.567993164062500000e-01
-2.000000000000000000e+00,-4.000000000000000000e+00,-4.000000000000000000e+00,2.000000000000000000e+00,1.000000000000000000e+00,7.000000000000000000e+00,1.300000000000000000e+01,-8.000000000000000000e+00,-3.333129882812500000e-01,3.174438476562500000e-01,5.972290039062500000e-01,6.567993164062500000e-01
-2.000000000000000000e+00,2.000000000000000000e+00,5.000000000000000000e+00,3.000000000000000000e+00,2.000000000000000000e+00,7.000000000000000000e+00,1.500000000000000000e+01,0.000000000000000000e+00,-3.316040039062500000e-01,3.149414062500000000e-01,5.964355468750000000e-01,6.595458984375000000e-01
-9.000000000000000000e+00,-2.000000000000000000e+00,8.000000000000000000e+00,-8.000000000000000000e+00,0.000000000000000000e+00,-1.000000000000000000e+01,-1.600000000000000000e+01,-4.000000000000000000e+00,-3.316040039062500000e-01,3.149414062500000000e-01,5.964355468750000000e-01,6.595458984375000000e-01
6.000000000000000000e+00,2.000000000000000000e+00,-2.000000000000000000e+00,8.000000000000000000e+00,0.000000000000000000e+00,-5.000000000000000000e+00,-2.000000000000000000e+00,-7.000000000000000000e+00,-3.316040039062500000e-01,3.149414062500000000e-01,5.964355468750000000e-01,6.595458984375000000e-01
4.000000000000000000e+00,-3.000000000000000000e+00,-3.000000000000000000e+00,-3.000000000000000000e+00,-2.000000000000000000e+00,0.000000000000000000e+00,0.000000000000000000e+00,1.000000000000000000e+00,-3.316040039062500000e-01,3.149414062500000000e-01,5.964355468750000000e-01,6.595458984375000000e-01
-2.000000000000000000e+00,1.000000000000000000e+00,0.000000000000000000e+00,-1.000000000000000000e+00,0.000000000000000000e+00,1.000000000000000000e+00,-4.000000000000000000e+00,5.000000000000000000e+00,-3.307495117187500000e-01,3.122558593750000000e-01,5.957641601562500000e-01,6.618652343750000000e-01
1.000000000000000000e+00,-8.000000000000000000e+00,8.000000000000000000e+00,3.000000000000000000e+00,-1.000000000000000000e+00,2.000000000000000000e+00,1.300000000000000000e+01,-2.000000000000000000e+00,-3.307495117187500000e-01,3.122558593750000000e-01,5.957641601562500000e-01,6.618652343750000000e-01
-3.000000000000000000e+00,-6.000000000000000000e+00,-1.300000000000000000e+01,-5.000000000000000000e+00,-3.000000000000000000e+00,-4.000000000000000000e+00,-4.000000000000000000e+00,-3.000000000000000000e+00,-3.307495117187500000e-01,3.122558593750000000e-01,5.957641601562500000e-01,6.618652343750000000e-01
1.000000000000000000e+00,1.900000000000000000e+01,-1.600000000000000000e+01,-2.000000000000000000e+00,1.000000000000000000e+00,1.000000000000000000e+00,-4.000000000000000000e+00,0.000000000000000000e+00,-3.307495117187500000e-01,3.122558593750000000e-01,5.957641601562500000e-01,6.618652343750000000e-01
3.000000000000000000e+00,-1.000000000000000000e+00,3.200000000000000000e+01,1.300000000000000000e+01,0.000000000000000000e+00,-6.000000000000000000e+00,-2.000000000000000000e+00,-4.000000000000000000e+00,-3.286132812500000000e-01,3.112792968750000000e-01,5.948486328125000000e-01,6.642456054687500000e-01
-4.000000000000000000e+00,-3.000000000000000000e+00,-2.800000000000000000e+01,-2.000000000000000000e+00,-1.000000000000000000e+00,3.000000000000000000e+00,8.000000000000000000e+00,1.000000000000000000e+00,-3.286132812500000000e-01,3.112792968750000000e-01,5.948486328125000000e-01,6.642456054687500000e-01
4.000000000000000000e+00,-4.000000000000000000e+00,1.500000000000000000e+01,-1.900000000000000000e+01,-3.000000000000000000e+00,-5.000000000000000000e+00,-1.300000000000000000e+01,-2.000000000000000000e+00,-3.286132812500000000e-01,3.112792968750000000e-01,5.948486328125000000e-01,6.642456054687500000e-01
-3.000000000000000000e+00,-9.000000000000000000e+00,-1.700000000000000000e+01,6.000000000000000000e+00,-3.000000000000000000e+00,2.000000000000000000e+00,1.100000000000000000e+01,1.000000000000000000e+00,-3.286132812500000000e-01,3.112792968750000000e-01,5.948486328125000000e-01,6.642456054687500000e-01
-1.000000000000000000e+00,0.000000000000000000e+00,-6.000000000000000000e+00,-4.000000000000000000e+00,-4.000000000000000000e+00,-6.000000000000000000e+00,-9.000000000000000000e+00,1.000000000000000000e+00,-3.268432617187500000e-01,3.103027343750000000e-01,5.944824218750000000e-01,6.658935546875000000e-01
9.000000000000000000e+00,2.000000000000000000e+00,1.200000000000000000e+01,4.000000000000000000e+00,1.000000000000000000e+00,5.000000000000000000e+00,7.000000000000000000e+00,2.000000000000000000e+00,-3.268432617187500000e-01,3.103027343750000000e-01,5.944824218750000000e-01,6.658935546875000000e-01
-7.000000000000000000e+00,3.000000000000000000e+00,-8.000000000000000000e+00,0.000000000000000000e+00,-2.000000000000000000e+00,-6.000000000000000000e+00,-2.000000000000000000e+00,-4.000000000000000000e+00,-3.268432617187500000e-01,3.103027343750000000e-01,5.944824218750000000e-01,6.658935546875000000e-01
5.000000000000000000e+00,1.000000000000000000e+00,1.400000000000000000e+01,5.000000000000000000e+00,2.000000000000000000e+00,5.000000000000000000e+00,1.100000000000000000e+01,0.000000000000000000e+00,-3.268432617187500000e-01,3.103027343750000000e-01,5.944824218750000000e-01,6.658935546875000000e-01
-1.600000000000000000e+01,-1.100000000000000000e+01,-2.600000000000000000e+01,-1.800000000000000000e+01,-1.000000000000000000e+01,-1.600000000000000000e+01,-1.900000000000000000e+01,-4.000000000000000000e+00,-3.254394531250000000e-01,3.095092773437500000e-01,5.939331054687500000e-01,6.674194335937500000e-01
-1.200000000000000000e+01,-1.000000000000000000e+00,4.000000000000000000e+00,1.100000000000000000e+01,7.000000000000000000e+00,2.900000000000000000e+01,3.700000000000000000e+01,1.000000000000000000e+00,-3.254394531250000000e-01,3.095092773437500000e-01,5.939331054687500000e-01,6.674194335937500000e-01
2.100000000000000000e+01,4.000000000000000000e+00,-1.000000000000000000e+00,-6.000000000000000000e+00,-1.000000000000000000e+01,-2.200000000000000000e+01,-1.300000000000000000e+01,4.000000000000000000e+00,-3.254394531250000000e-01,3.095092773437500000e-01,5.939331054687500000e-01,6.674194335937500000e-01
3.000000000000000000e+00,-2.000000000000000000e+00,3.000000000000000000e+00,-8.000000000000000000e+00,2.000000000000000000e+00,3.000000000000000000e+00,-5.000000000000000000e+00,0.000000000000000000e+00,-3.254394531250000000e-01,3.095092773437500000e-01,5.939331054687500000e-01,6.674194335937500000e-01
1.100000000000000000e+01,0.000000000000000000e+00,4.000000000000000000e+00,9.000000000000000000e+00,1.000000000000000000e+00,0.000000000000000000e+00,0.000000000000000000e+00,1.000000000000000000e+00,-3.240966796875000000e-01,3.097534179687500000e-01,5.927124023437500000e-01,6.690673828125000000e-01
-1.800000000000000000e+01,1.000000000000000000e+00,-2.000000000000000000e+00,-8.000000000000000000e+00,-6.000000000000000000e+00,-1.400000000000000000e+01,-2.000000000000000000e+00,-2.000000000000000000e+00,-3.240966796875000000e-01,3.097534179687500000e-01,5.927124023437500000e-01,6.690673828125000000e-01
8.000000000000000000e+00,4.000000000000000000e+00,0.000000000000000000e+00,6.000000000000000000e+00,3.000000000000000000e+00,1.000000000000000000e+01,8.000000000000000000e+00,-6.000000000000000000e+00,-3.240966796875000000e-01,3.097534179687500000e-01,5.927124023437500000e-01,6.690673828125000000e-01
1.000000000000000000e+00,-3.000000000000000000e+00,5.000000000000000000e+00,2.000000000000000000e+00,4.000000000000000000e+00,2.000000000000000000e+00,-1.500000000000000000e+01,-2.000000000000000000e+00,-3.240966796875000000e-01,3.097534179687500000e-01,5.927124023437500000e-01,6.690673828125000000e-01
-9.000000000000000000e+00,-8.000000000000000000e+00,-1.300000000000000000e+01,-1.700000000000000000e+01,-1.500000000000000000e+01,-1.000000000000000000e+01,-1.200000000000000000e+01,7.000000000000000000e+00,-3.226928710937500000e-01,3.104248046875000000e-01,5.916748046875000000e-01,6.703491210937500000e-01
8.000000000000000000e+00,3.000000000000000000e+00,6.000000000000000000e+00,4.000000000000000000e+00,3.000000000000000000e+00,-5.000000000000000000e+00,-1.000000000000000000e+00,6.000000000000000000e+00,-3.226928710937500000e-01,3.104248046875000000e-01,5.916748046875000000e-01,6.703491210937500000e-01
-1.600000000000000000e+01,-2.000000000000000000e+00,-1.000000000000000000e+00,-5.000000000000000000e+00,1.000000000000000000e+00,-6.000000000000000000e+00,-2.400000000000000000e+01,-8.000000000000000000e+00,-3.226928710937500000e-01,3.104248046875000000e-01,5.916748046875000000e-01,6.703491210937500000e-01
-4.000000000000000000e+00,-1.000000000000000000e+00,-1.000000000000000000e+00,-1.000000000000000000e+00,-5.000000000000000000e+00,-1.000000000000000000e+01,-1.000000000000000000e+01,-4.000000000000000000e+00,-3.226928710937500000e-01,3.104248046875000000e-01,5.916748046875000000e-01,6.703491210937500000e-01
6.000000000000000000e+00,9.000000000000000000e+00,0.000000000000000000e+00,1.100000000000000000e+01,7.000000000000000000e+00,1.300000000000000000e+01,1.400000000000000000e+01,-1.000000000000000000e+00,-3.215942382812500000e-01,3.113403320312500000e-01,5.906982421875000000e-01,6.712646484375000000e-01
-1.000000000000000000e+00,1.000000000000000000e+00,-2.000000000000000000e+00,-8.000000000000000000e+00,-5.000000000000000000e+00,8.000000000000000000e+00,-1.000000000000000000e+00,1.100000000000000000e+01,-3.215942382812500000e-01,3.113403320312500000e-01,5.906982421875000000e-01,6.712646484375000000e-01
-4.000000000000000000e+00,-3.000000000000000000e+00,-2.000000000000000000e+00,4.000000000000000000e+00,-1.000000000000000000e+00,-3.000000000000000000e+00,-1.000000000000000000e+00,-7.000000000000000000e+00,-3.215942382812500000e-01,3.113403320312500000e-01,5.906982421875000000e-01,6.712646484375000000e-01
0.000000000000000000e+00,-4.000000000000000000e+00,1.000000000000000000e+01,-5.000000000000000000e+00,-1.000000000000000000e+00,6.000000000000000000e+00,7.000000000000000000e+00,9.000000000000000000e+00,-3.215942382812500000e-01,3.113403320312500000e-01,5.906982421875000000e-01,6.712646484375000000e-01
-4.000000000000000000e+00,-8.000000000000000000e+00,-2.200000000000000000e+01,-1.300000000000000000e+01,-5.000000000000000000e+00,2.000000000000000000e+00,-3.000000000000000000e+00,-4.000000000000000000e+00,-3.211059570312500000e-01,3.118896484375000000e-01,5.900878906250000000e-01,6.718139648437500000e-01
-2.000000000000000000e+00,-5.000000000000000000e+00,5.000000000000000000e+00,1.000000000000000000e+00,-2.000000000000000000e+00,-7.000000000000000000e+00,-8.000000000000000000e+00,0.000000000000000000e+00,-3.211059570312500000e-01,3.118896484375000000e-01,5.900878906250000000e-01,6.718139648437500000e-01
4.000000000000000000e+00,4.000000000000000000e+00,2.000000000000000000e+00,-2.000000000000000000e+00,-2.000000000000000000e+00,-2.000000000000000000e+00,-2.000000000000000000e+00,-1.000000000000000000e+00,-3.211059570312500000e-01,3.118896484375000000e-01,5.900878906250000000e-01,6.718139648437500000e-01
-3.000000000000000000e+00,-6.000000000000000000e+00,-4.000000000000000000e+00,3.000000000000000000e+00,-2.000000000000000000e+00,-1.000000000000000000e+00,2.000000000000000000e+00,-3.000000000000000000e+00,-3.211059570312500000e-01,3.118896484375000000e-01,5.900878906250000000e-01,6.718139648437500000e-01
1.000000000000000000e+00,4.000000000000000000e+00,7.000000000000000000e+00,1.000000000000000000e+00,1.000000000000000000e+00,3.000000000000000000e+00,6.000000000000000000e+00,-2.000000000000000000e+00,-3.205566406250000000e-01,3.123168945312500000e-01,5.891113281250000000e-01,6.727294921875000000e-01
9.000000000000000000e+00,-3.000000000000000000e+00,-1.000000000000000000e+01,-2.000000000000000000e+00,1.000000000000000000e+00,-1.000000000000000000e+00,-1.100000000000000000e+01,-1.100000000000000000e+01,-3.205566406250000000e-01,3.123168945312500000e-01,5.891113281250000000e-01,6.727294921875000000e-01
1.000000000000000000e+00,3.000000000000000000e+00,1.100000000000000000e+01,-2.000000000000000000e+00,1.000000000000000000e+00,3.000000000000000000e+00,-1.900000000000000000e+01,3.000000000000000000e+00,-3.205566406250000000e-01,3.123168945312500000e-01,5.891113281250000000e-01,6.727294921875000000e-01
-1.000000000000000000e+00,-5.000000000000000000e+00,-1.700000000000000000e+01,-4.000000000000000000e+00,-6.000000000000000000e+00,-1.900000000000000000e+01,6.000000000000000000e+00,0.000000000000000000e+00,-3.205566406250000000e-01,3.123168945312500000e-01,5.891113281250000000e-01,6.727294921875000000e-01
-4.000000000000000000e+00,-5.000000000000000000e+00,-5.000000000000000000e+00,-4.000000000000000000e+00,6.000000000000000000e+00,2.000000000000000000e+01,-8.000000000000000000e+00,-3.000000000000000000e+00,-3.199462890625000000e-01,3.126220703125000000e-01,5.878295898437500000e-01,6.740112304687500000e-01
4.000000000000000000e+00,4.000000000000000000e+00,0.000000000000000000e+00,-3.000000000000000000e+00,-5.000000000000000000e+00,-1.500000000000000000e+01,-1.100000000000000000e+01,-2.000000000000000000e+00,-3.199462890625000000e-01,3.126220703125000000e-01,5.878295898437500000e-01,6.740112304687500000e-01
3.000000000000000000e+00,2.000000000000000000e+00,-1.000000000000000000e+00,8.000000000000000000e+00,8.000000000000000000e+00,3.500000000000000000e+01,3.500000000000000000e+01,1.000000000000000000e+00,-3.199462890625000000e-01,3.126220703125000000e-01,5.878295898437500000e-01,6.740112304687500000e-01
8.000000000000000000e+00,-4.000000000000000000e+00,-1.000000000000000000e+01,-5.000000000000000000e+00,-4.000000000000000000e+00,-4.000000000000000000e+00,2.000000000000000000e+00,3.000000000000000000e+00,-3.199462890625000000e-01,3.126220703125000000e-01,5.878295898437500000e-01,6.740112304687500000e-01
-5.000000000000000000e+00,1.000000000000000000e+00,8.000000000000000000e+00,8.000000000000000000e+00,0.000000000000000000e+00,-7.000000000000000000e+00,-4.000000000000000000e+00,-7.000000000000000000e+00,-3.187255859375000000e-01,3.134765625000000000e-01,5.858154296875000000e-01,6.759643554687500000e-01
-2.000000000000000000e+00,2.000000000000000000e+00,7.000000000000000000e+00,-7.000000000000000000e+00,-6.000000000000000000e+00,-8.000000000000000000e+00,-2.000000000000000000e+00,-2.000000000000000000e+00,-3.187255859375000000e-01,3.134765625000000000e-01,5.858154296875000000e-01,6.759643554687500000e-01
-2.000000000000000000e+00,-4.000000000000000000e+00,-9.000000000000000000e+00,8.000000000000000000e+00,2.000000000000000000e+00,-3.000000000000000000e+00,1.000000000000000000e+00,5.000000000000000000e+00,-3.187255859375000000e-01,3.134765625000000000e-01,5.858154296875000000e-01,6.759643554687500000e-01
4.000000000000000000e+00,3.000000000000000000e+00,3.000000000000000000e+00,-1.500000000000000000e+01,-1.000000000000000000e+00,0.000000000000000000e+00,-5.000000000000000000e+00,-7.000000000000000000e+00,-3.187255859375000000e-01,3.134765625000000000e-01,5.858154296875000000e-01,6.759643554687500000e-01
-1.000000000000000000e+00,0.000000000000000000e+00,3.000000000000000000e+00,4.000000000000000000e+00,-1.000000000000000000e+00,0.000000000000000000e+00,7.000000000000000000e+00,0.000000000000000000e+00,-3.182373046875000000e-01,3.144531250000000000e-01,5.835571289062500000e-01,6.776733398437500000e-01
-6.000000000000000000e+00,-3.000000000000000000e+00,-4.000000000000000000e+00,0.000000000000000000e+00,1.000000000000000000e+00,3.000000000000000000e+00,-5.000000000000000000e+00,-1.000000000000000000e+00,-3.182373046875000000e-01,3.144531250000000000e-01,5.835571289062500000e-01,6.776733398437500000e-01
6.000000000000000000e+00,4.000000000000000000e+00,7.000000000000000000e+00,6.000000000000000000e+00,-1.000000000000000000e+00,-7.000000000000000000e+00,6.000000000000000000e+00,1.000000000000000000e+00,-3.182373046875000000e-01,3.144531250000000000e-01,5.835571289062500000e-01,6.776733398437500000e-01
-9.000000000000000000e+00,-1.000000000000000000e+01,-8.000000000000000000e+00,-6.000000000000000000e+00,-2.000000000000000000e+00,4.000000000000000000e+00,-3.000000000000000000e+00,-4.000000000000000000e+00,-3.182373046875000000e-01,3.144531250000000000e-01,5.835571289062500000e-01,6.776733398437500000e-01
6.000000000000000000e+00,-3.000000000000000000e+00,2.000000000000000000e+00,-5.000000000000000000e+00,-3.000000000000000000e+00,-8.000000000000000000e+00,-3.000000000000000000e+00,-3.000000000000000000e+00,-3.185424804687500000e-01,3.146362304687500000e-01,5.814819335937500000e-01,6.791992187500000000e-01
-9.000000000000000000e+00,1.000000000000000000e+00,8.000000000000000000e+00,1.200000000000000000e+01,-1.000000000000000000e+00,2.000000000000000000e+00,-1.000000000000000000e+00,-1.000000000000000000e+00,-3.185424804687500000e-01,3.146362304687500000e-01,5.814819335937500000e-01,6.791992187500000000e-01
-1.100000000000000000e+01,-3.000000000000000000e+00,-5.000000000000000000e+00,-1.500000000000000000e+01,-3.000000000000000000e+00,-4.000000000000000000e+00,3.000000000000000000e+00,-3.000000000000000000e+00,-3.185424804687500000e-01,3.146362304687500000e-01,5.814819335937500000e-01,6.791992187500000000e-01
7.000000000000000000e+00,3.000000000000000000e+00,1.400000000000000000e+01,1.200000000000000000e+01,1.000000000000000000e+00,-2.000000000000000000e+00,-2.000000000000000000e+00,-1.000000000000000000e+00,-3.185424804687500000e-01,3.146362304687500000e-01,5.814819335937500000e-01,6.791992187500000000e-01
-6.000000000000000000e+00,-3.000000000000000000e+00,8.000000000000000000e+00,-3.000000000000000000e+00,0.000000000000000000e+00,-2.000000000000000000e+00,-1.000000000000000000e+00,2.000000000000000000e+00,-3.197021484375000000e-01,3.144531250000000000e-01,5.794677734375000000e-01,6.804809570312500000e-01
4.000000000000000000e+00,1.000000000000000000e+00,1.000000000000000000e+00,-3.000000000000000000e+00,-2.000000000000000000e+00,-2.000000000000000000e+00,-1.000000000000000000e+00,-1.000000000000000000e+00,-3.197021484375000000e-01,3.144531250000000000e-01,5.794677734375000000e-01,6.804809570312500000e-01
0.000000000000000000e+00,-1.000000000000000000e+00,-2.000000000000000000e+00,0.000000000000000000e+00,0.000000000000000000e+00,0.000000000000000000e+00,6.000000000000000000e+00,1.000000000000000000e+00,-3.197021484375000000e-01,3.144531250000000000e-01,5.794677734375000000e-01,6.804809570312500000e-01
-2.000000000000000000e+00,3.000000000000000000e+00,8.000000000000000000e+00,4.000000000000000000e+00,0.000000000000000000e+00,1.000000000000000000e+00,1.200000000000000000e+01,-1.000000000000000000e+00,-3.197021484375000000e-01,3.144531250000000000e-01,5.794677734375000000e-01,6.804809570312500000e-01
1.400000000000000000e+01,9.000000000000000000e+00,3.000000000000000000e+00,6.000000000000000000e+00,6.000000000000000000e+00,5.000000000000000000e+00,-1.600000000000000000e+01,2.000000000000000000e+00,-3.206176757812500000e-01,3.138427734375000000e-01,5.781250000000000000e-01,6.814575195312500000e-01
-2.000000000000000000e+00,-4.000000000000000000e+00,9.000000000000000000e+00,-1.000000000000000000e+01,-1.000000000000000000e+00,-1.600000000000000000e+01,-2.700000000000000000e+01,-5.000000000000000000e+00,-3.206176757812500000e-01,3.138427734375000000e-01,5.781250000000000000e-01,6.814575195312500000e-01
2.000000000000000000e+00,-6.000000000000000000e+00,-1.900000000000000000e+01,-7.000000000000000000e+00,-4.000000000000000000e+00,1.400000000000000000e+01,1.900000000000000000e+01,2.000000000000000000e+00,-3.206176757812500000e-01,3.138427734375000000e-01,5.781250000000000000e-01,6.814575195312500000e-01
-1.900000000000000000e+01,-1.000000000000000000e+01,-1.500000000000000000e+01,-1.100000000000000000e+01,-9.000000000000000000e+00,-5.000000000000000000e+00,-4.000000000000000000e+00,-5.000000000000000000e+00,-3.206176757812500000e-01,3.138427734375000000e-01,5.781250000000000000e-01,6.814575195312500000e-01
7.000000000000000000e+00,1.000000000000000000e+00,1.500000000000000000e+01,5.000000000000000000e+00,0.000000000000000000e+00,-7.000000000000000000e+00,2.000000000000000000e+00,-5.000000000000000000e+00,-3.222656250000000000e-01,3.120727539062500000e-01,5.777587890625000000e-01,6.818237304687500000e-01
-1.000000000000000000e+00,-1.000000000000000000e+00,-3.000000000000000000e+00,0.000000000000000000e+00,0.000000000000000000e+00,6.000000000000000000e+00,9.000000000000000000e+00,4.000000000000000000e+00,-3.222656250000000000e-01,3.120727539062500000e-01,5.777587890625000000e-01,6.818237304687500000e-01
1.000000000000000000e+00,-2.000000000000000000e+00,5.000000000000000000e+00,-9.000000000000000000e+00,-1.000000000000000000e+00,-9.000000000000000000e+00,-9.000000000000000000e+00,-2.000000000000000000e+00,-3.222656250000000000e-01,3.120727539062500000e-01,5.777587890625000000e-01,6.818237304687500000e-01
1.000000000000000000e+00,-1.000000000000000000e+00,4.000000000000000000e+00,1.400000000000000000e+01,2.000000000000000000e+00,-3.000000000000000000e+00,-1.000000000000000000e+01,0.000000000000000000e+00,-3.222656250000000000e-01,3.120727539062500000e-01,5.777587890625000000e-01,6.818237304687500000e-01
-8.000000000000000000e+00,-3.000000000000000000e+00,-3.000000000000000000e+00,-9.000000000000000000e+00,-3.000000000000000000e+00,6.000000000000000000e+00,7.000000000000000000e+00,0.000000000000000000e+00,-3.240356445312500000e-01,3.104858398437500000e-01,5.765991210937500000e-01,6.826782226562500000e-01
-2.000000000000000000e+00,0.000000000000000000e+00,0.000000000000000000e+00,-7.000000000000000000e+00,0.000000000000000000e+00,2.000000000000000000e+00,-2.000000000000000000e+00,-2.000000000000000000e+00,-3.240356445312500000e-01,3.104858398437500000e-01,5.765991210937500000e-01,6.826782226562500000e-01
-3.000000000000000000e+00,-7.000000000000000000e+00,-1.500000000000000000e+01,3.000000000000000000e+00,-2.000000000000000000e+00,-6.000000000000000000e+00,-4.000000000000000000e+00,-1.000000000000000000e+00,-3.240356445312500000e-01,3.104858398437500000e-01,5.765991210937500000e-01,6.826782226562500000e-01
0.000000000000000000e+00,6.000000000000000000e+00,1.400000000000000000e+01,3.000000000000000000e+00,5.000000000000000000e+00,7.000000000000000000e+00,2.000000000000000000e+00,0.000000000000000000e+00,-3.240356445312500000e-01,3.104858398437500000e-01,5.765991210937500000e-01,6.826782226562500000e-01
-3.000000000000000000e+00,-4.000000000000000000e+00,-5.000000000000000000e+00,-1.000000000000000000e+00,-3.000000000000000000e+00,-8.000000000000000000e+00,-1.000000000000000000e+00,-1.000000000000000000e+00,-3.245239257812500000e-01,3.098754882812500000e-01,5.754394531250000000e-01,6.837158203125000000e-01
0.000000000000000000e+00,-1.000000000000000000e+00,-2.000000000000000000e+00,0.000000000000000000e+00,2.000000000000000000e+00,4.000000000000000000e+00,7.000000000000000000e+00,0.000000000000000000e+00,-3.245239257812500000e-01,3.098754882812500000e-01,5.754394531250000000e-01,6.837158203125000000e-01
5.000000000000000000e+00,-3.000000000000000000e+00,1.000000000000000000e+00,3.000000000000000000e+00,-4.000000000000000000e+00,-8.000000000000000000e+00,-2.000000000000000000e+00,0.000000000000000000e+00,-3.245239257812500000e-01,3.098754882812500000e-01,5.754394531250000000e-01,6.837158203125000000e-01
-1.500000000000000000e+01,-7.000000000000000000e+00,-1.500000000000000000e+01,-1.600000000000000000e+01,-6.000000000000000000e+00,-3.000000000000000000e+00,-1.000000000000000000e+01,-5.000000000000000000e+00,-3.245239257812500000e-01,3.098754882812500000e-01,5.754394531250000000e-01,6.837158203125000000e-01
1.000000000000000000e+00,4.000000000000000000e+00,3.000000000000000000e+00,1.300000000000000000e+01,4.000000000000000000e+00,-1.000000000000000000e+00,0.000000000000000000e+00,-3.000000000000000000e+00,-3.244628906250000000e-01,3.095092773437500000e-01,5.747070312500000000e-01,6.845092773437500000e-01
1.000000000000000000e+00,6.000000000000000000e+00,1.100000000000000000e+01,1.000000000000000000e+01,3.000000000000000000e+00,0.000000000000000000e+00,3.000000000000000000e+00,-2.000000000000000000e+00,-3.244628906250000000e-01,3.095092773437500000e-01,5.747070312500000000e-01,6.845092773437500000e-01
-9.000000000000000000e+00,-1.000000000000000000e+01,-1.600000000000000000e+01,-4.000000000000000000e+00,-6.000000000000000000e+00,-6.000000000000000000e+00,-9.000000000000000000e+00,-7.000000000000000000e+00,-3.244628906250000000e-01,3.095092773437500000e-01,5.747070312500000000e-01,6.845092773437500000e-01
2.000000000000000000e+00,-3.000000000000000000e+00,4.000000000000000000e+00,-1.200000000000000000e+01,-1.000000000000000000e+00,-2.000000000000000000e+00,-2.000000000000000000e+00,1.000000000000000000e+00,-3.244628906250000000e-01,3.095092773437500000e-01,5.747070312500000000e-01,6.845092773437500000e-01
2.000000000000000000e+00,-1.000000000000000000e+00,-1.900000000000000000e+01,-2.000000000000000000e+01,-4.000000000000000000e+00,-1.000000000000000000e+00,9.000000000000000000e+00,5.000000000000000000e+00,-3.236083984375000000e-01,3.098144531250000000e-01,5.737915039062500000e-01,6.855468750000000000e-01
-3.000000000000000000e+00,-3.000000000000000000e+00,1.000000000000000000e+00,1.300000000000000000e+01,-4.000000000000000000e+00,-1.200000000000000000e+01,-2.500000000000000000e+01,-1.000000000000000000e+00,-3.236083984375000000e-01,3.098144531250000000e-01,5.737915039062500000e-01,6.855468750000000000e-01
0.000000000000000000e+00,7.000000000000000000e+00,2.600000000000000000e+01,8.000000000000000000e+00,5.000000000000000000e+00,6.000000000000000000e+00,-3.000000000000000000e+00,-4.000000000000000000e+00,-3.236083984375000000e-01,3.098144531250000000e-01,5.737915039062500000e-01,6.855468750000000000e-01
6.000000000000000000e+00,1.000000000000000000e+01,1.100000000000000000e+01,5.000000000000000000e+00,1.000000000000000000e+00,-7.000000000000000000e+00,-2.500000000000000000e+01,4.000000000000000000e+00,-3.236083984375000000e-01,3.098144531250000000e-01,5.737915039062500000e-01,6.855468750000000000e-01
-4.000000000000000000e+00,-3.000000000000000000e+00,-1.200000000000000000e+01,2.000000000000000000e+00,-2.000000000000000000e+00,3.000000000000000000e+00,9.000000000000000000e+00,1.000000000000000000e+00,-3.216552734375000000e-01,3.103027343750000000e-01,5.733642578125000000e-01,6.865844726562500000e-01
3.000000000000000000e+00,-2.000000000000000000e+00,-8.000000000000000000e+00,-1.100000000000000000e+01,-4.000000000000000000e+00,-2.000000000000000000e+00,1.100000000000000000e+01,-4.000000000000000000e+00,-3.216552734375000000e-01,3.103027343750000000e-01,5.733642578125000000e-01,6.865844726562500000e-01
-9.000000000000000000e+00,-1.000000000000000000e+00,1.200000000000000000e+01,2.000000000000000000e+00,-5.000000000000000000e+00,-7.000000000000000000e+00,-1.000000000000000000e+00,8.000000000000000000e+00,-3.216552734375000000e-01,3.103027343750000000e-01,5.733642578125000000e-01,6.865844726562500000e-01
7.000000000000000000e+00,-7.000000000000000000e+00,-2.600000000000000000e+01,-1.200000000000000000e+01,-4.000000000000000000e+00,2.000000000000000000e+00,4.000000000000000000e+00,7.000000000000000000e+00,-3.216552734375000000e-01,3.103027343750000000e-01,5.733642578125000000e-01,6.865844726562500000e-01
0.000000000000000000e+00,2.000000000000000000e+00,1.700000000000000000e+01,5.000000000000000000e+00,1.000000000000000000e+00,-1.300000000000000000e+01,-1.400000000000000000e+01,-5.000000000000000000e+00,-3.212280273437500000e-01,3.095092773437500000e-01,5.740356445312500000e-01,6.865844726562500000e-01
-7.000000000000000000e+00,3.000000000000000000e+00,2.000000000000000000e+00,3.000000000000000000e+00,5.000000000000000000e+00,1.400000000000000000e+01,5.000000000000000000e+00,-2.000000000000000000e+00,-3.212280273437500000e-01,3.095092773437500000e-01,5.740356445312500000e-01,6.865844726562500000e-01
6.000000000000000000e+00,0.000000000000000000e+00,-1.000000000000000000e+01,-6.000000000000000000e+00,-2.000000000000000000e+00,-3.000000000000000000e+00,5.000000000000000000e+00,1.000000000000000000e+00,-3.212280273437500000e-01,3.095092773437500000e-01,5.740356445312500000e-01,6.865844726562500000e-01
0.000000000000000000e+00,1.000000000000000000e+00,0.000000000000000000e+00,4.000000000000000000e+00,-4.000000000000000000e+00,-3.000000000000000000e+00,2.000000000000000000e+00,0.000000000000000000e+00,-3.212280273437500000e-01,3.095092773437500000e-01,5.740356445312500000e-01,6.865844726562500000e-01
-6.000000000000000000e+00,-5.000000000000000000e+00,-1.400000000000000000e+01,-9.000000000000000000e+00,-1.000000000000000000e+00,2.000000000000000000e+00,-1.000000000000000000e+00,-2.000000000000000000e+00,-3.212280273437500000e-01,3.079833984375000000e-01,5.755615234375000000e-01,6.859741210937500000e-01
0.000000000000000000e+00,-4.000000000000000000e+00,5.000000000000000000e+00,6.000000000000000000e+00,2.000000000000000000e+00,0.000000000000000000e+00,8.000000000000000000e+00,-1.000000000000000000e+00,-3.212280273437500000e-01,3.079833984375000000e-01,5.755615234375000000e-01,6.859741210937500000e-01
-1.000000000000000000e+00,-1.000000000000000000e+00,-9.000000000000000000e+00,-8.000000000000000000e+00,-1.000000000000000000e+00,1.000000000000000000e+00,3.000000000000000000e+00,-1.000000000000000000e+00,-3.212280273437500000e-01,3.079833984375000000e-01,5.755615234375000000e-01,6.859741210937500000e-01
-1.000000000000000000e+00,2.000000000000000000e+00,1.400000000000000000e+01,7.000000000000000000e+00,2.000000000000000000e+00,-2.000000000000000000e+00,0.000000000000000000e+00,-1.000000000000000000e+00,-3.212280273437500000e-01,3.079833984375000000e-01,5.755615234375000000e-01,6.859741210937500000e-01
4.000000000000000000e+00,-1.000000000000000000e+00,-1.000000000000000000e+00,3.000000000000000000e+00,0.000000000000000000e+00,1.000000000000000000e+00,-1.000000000000000000e+00,-2.000000000000000000e+00,-3.222656250000000000e-01,3.060913085937500000e-01,5.772705078125000000e-01,6.849365234375000000e-01
-3.000000000000000000e+00,-6.000000000000000000e+00,-1.300000000000000000e+01,-1.100000000000000000e+01,-4.000000000000000000e+00,0.000000000000000000e+00,2.000000000000000000e+00,-1.000000000000000000e+00,-3.222656250000000000e-01,3.060913085937500000e-01,5.772705078125000000e-01,6.849365234375000000e-01
1.000000000000000000e+00,2.000000000000000000e+00,1.400000000000000000e+01,6.000000000000000000e+00,3.000000000000000000e+00,-4.000000000000000000e+00,-6.000000000000000000e+00,1.000000000000000000e+00,-3.222656250000000000e-01,3.060913085937500000e-01,5.772705078125000000e-01,6.849365234375000000e-01
0.000000000000000000e+00,0.000000000000000000e+00,-5.000000000000000000e+00,2.000000000000000000e+00,2.000000000000000000e+00,1.000000000000000000e+00,0.000000000000000000e+00,-2.000000000000000000e+00,-3.222656250000000000e-01,3.060913085937500000e-01,5.772705078125000000e-01,6.849365234375000000e-01
0.000000000000000000e+00,-1.000000000000000000e+00,-6.000000000000000000e+00,4.000000000000000000e+00,0.000000000000000000e+00,3.000000000000000000e+00,3.000000000000000000e+00,-4.000000000000000000e+00,-3.229370117187500000e-01,3.049926757812500000e-01,5.781860351562500000e-01,6.843261718750000000e-01
-5.000000000000000000e+00,-2.000000000000000000e+00,-5.000000000000000000e+00,-1.000000000000000000e+01,0.000000000000000000e+00,-1.000000000000000000e+00,0.000000000000000000e+00,1.000000000000000000e+00,-3.229370117187500000e-01,3.049926757812500000e-01,5.781860351562500000e-01,6.843261718750000000e-01
-3.000000000000000000e+00,1.000000000000000000e+00,3.000000000000000000e+00,5.000000000000000000e+00,-3.000000000000000000e+00,-4.000000000000000000e+00,-7.000000000000000000e+00,-6.000000000000000000e+00,-3.229370117187500000e-01,3.049926757812500000e-01,5.781860351562500000e-01,6.843261718750000000e-01
-4.000000000000000000e+00,-6.000000000000000000e+00,-6.000000000000000000e+00,-1.000000000000000000e+01,-8.000000000000000000e+00,-4.000000000000000000e+00,3.000000000000000000e+00,-4.000000000000000000e+00,-3.229370117187500000e-01,3.049926757812500000e-01,5.781860351562500000e-01,6.843261718750000000e-01
8.000000000000000000e+00,2.000000000000000000e+00,5.000000000000000000e+00,5.000000000000000000e+00,4.000000000000000000e+00,4.000000000000000000e+00,1.500000000000000000e+01,7.000000000000000000e+00,-3.220825195312500000e-01,3.053588867187500000e-01,5.787353515625000000e-01,6.840820312500000000e-01
3.000000000000000000e+00,1.000000000000000000e+00,4.000000000000000000e+00,-7.000000000000000000e+00,-4.000000000000000000e+00,-8.000000000000000000e+00,-3.300000000000000000e+01,-5.000000000000000000e+00,-3.220825195312500000e-01,3.053588867187500000e-01,5.787353515625000000e-01,6.840820312500000000e-01
1.100000000000000000e+01,-3.000000000000000000e+00,-1.600000000000000000e+01,-1.000000000000000000e+00,1.000000000000000000e+00,7.000000000000000000e+00,3.100000000000000000e+01,4.000000000000000000e+00,-3.220825195312500000e-01,3.053588867187500000e-01,5.787353515625000000e-01,6.840820312500000000e-01
-1.000000000000000000e+01,0.000000000000000000e+00,4.000000000000000000e+00,4.000000000000000000e+00,2.000000000000000000e+00,1.000000000000000000e+01,1.200000000000000000e+01,-2.000000000000000000e+00,-3.220825195312500000e-01,3.053588867187500000e-01,5.787353515625000000e-01,6.840820312500000000e-01
-6.000000000000000000e+00,-3.000000000000000000e+00,3.000000000000000000e+00,-1.000000000000000000e+00,-5.000000000000000000e+00,-1.100000000000000000e+01,-5.000000000000000000e+00,5.000000000000000000e+00,-3.209838867187500000e-01,3.057861328125000000e-01,5.792846679687500000e-01,6.839599609375000000e-01
5.000000000000000000e+00,1.000000000000000000e+00,-8.000000000000000000e+00,-3.000000000000000000e+00,-1.000000000000000000e+00,6.000000000000000000e+00,1.100000000000000000e+01,-3.000000000000000000e+00,-3.209838867187500000e-01,3.057861328125000000e-01,5.792846679687500000e-01,6.839599609375000000e-01
-3.000000000000000000e+00,-1.000000000000000000e+00,-1.000000000000000000e+00,4.000000000000000000e+00,1.000000000000000000e+00,4.000000000000000000e+00,1.000000000000000000e+00,-3.000000000000000000e+00,-3.209838867187500000e-01,3.057861328125000000e-01,5.792846679687500000e-01,6.839599609375000000e-01
3.000000000000000000e+00,0.000000000000000000e+00,-1.000000000000000000e+00,2.000000000000000000e+00,0.000000000000000000e+00,9.000000000000000000e+00,1.100000000000000000e+01,1.000000000000000000e+00,-3.209838867187500000e-01,3.057861328125000000e-01,5.792846679687500000e-01,6.839599609375000000e-01
-4.000000000000000000e+00,0.000000000000000000e+00,-1.000000000000000000e+00,-2.000000000000000000e+00,-4.000000000000000000e+00,-1.000000000000000000e+01,-1.100000000000000000e+01,0.000000000000000000e+00,-3.215332031250000000e-01,3.049316406250000000e-01,5.802612304687500000e-01,6.832885742187500000e-01
0.000000000000000000e+00,-3.000000000000000000e+00,-8.000000000000000000e+00,1.000000000000000000e+00,1.000000000000000000e+00,2.000000000000000000e+00,1.800000000000000000e+01,3.000000000000000000e+00,-3.215332031250000000e-01,3.049316406250000000e-01,5.802612304687500000e-01,6.832885742187500000e-01
