-2.300000000000000000e+01,3.000000000000000000e+00,0.000000000000000000e+00,-7.000000000000000000e+00,-3.000000000000000000e+00,-5.000000000000000000e+00,-9.000000000000000000e+00,-7.000000000000000000e+00,-4.101562500000000000e-01,2.976684570312500000e-01,6.530151367187500000e-01,5.626831054687500000e-01
3.900000000000000000e+01,-5.000000000000000000e+00,3.000000000000000000e+00,6.000000000000000000e+00,1.000000000000000000e+00,1.000000000000000000e+00,1.300000000000000000e+01,1.500000000000000000e+01,-4.101562500000000000e-01,2.976684570312500000e-01,6.530151367187500000e-01,5.626831054687500000e-01
1.200000000000000000e+01,6.000000000000000000e+00,8.000000000000000000e+00,-1.000000000000000000e+00,0.000000000000000000e+00,-3.000000000000000000e+00,-2.400000000000000000e+01,-8.000000000000000000e+00,-4.101562500000000000e-01,2.976684570312500000e-01,6.530151367187500000e-01,5.626831054687500000e-01
-4.300000000000000000e+01,-9.000000000000000000e+00,6.000000000000000000e+00,-4.000000000000000000e+00,1.000000000000000000e+00,-2.000000000000000000e+00,-3.000000000000000000e+00,-1.000000000000000000e+01,-4.101562500000000000e-01,2.976684570312500000e-01,6.530151367187500000e-01,5.626831054687500000e-01
8.000000000000000000e+00,-2.000000000000000000e+00,9.000000000000000000e+00,-5.000000000000000000e+00,-4.000000000000000000e+00,-6.000000000000000000e+00,0.000000000000000000e+00,-2.000000000000000000e+00,-4.098510742187500000e-01,2.982177734375000000e-01,6.526489257812500000e-01,5.631103515625000000e-01
-2.700000000000000000e+01,3.000000000000000000e+00,-8.000000000000000000e+00,0.000000000000000000e+00,3.000000000000000000e+00,-5.000000000000000000e+00,-5.000000000000000000e+00,-9.000000000000000000e+00,-4.098510742187500000e-01,2.982177734375000000e-01,6.526489257812500000e-01,5.631103515625000000e-01
2.400000000000000000e+01,-1.000000000000000000e+00,9.000000000000000000e+00,5.000000000000000000e+00,-1.000000000000000000e+00,1.300000000000000000e+01,1.500000000000000000e+01,1.500000000000000000e+01,-4.098510742187500000e-01,2.982177734375000000e-01,6.526489257812500000e-01,5.631103515625000000e-01
8.000000000000000000e+00,-2.000000000000000000e+00,-4.000000000000000000e+00,-4.000000000000000000e+00,-1.000000000000000000e+00,-8.000000000000000000e+00,-6.000000000000000000e+00,2.000000000000000000e+00,-4.098510742187500000e-01,2.982177734375000000e-01,6.526489257812500000e-01,5.631103515625000000e-01
-2.400000000000000000e+01,-3.000000000000000000e+00,-5.000000000000000000e+00,-3.000000000000000000e+00,-3.000000000000000000e+00,-1.000000000000000000e+00,-1.000000000000000000e+00,-4.000000000000000000e+00,-4.097900390625000000e-01,2.980346679687500000e-01,6.521606445312500000e-01,5.637817382812500000e-01
1.500000000000000000e+01,0.000000000000000000e+00,-6.000000000000000000e+00,-7.000000000000000000e+00,-1.000000000000000000e+00,-1.100000000000000000e+01,-1.800000000000000000e+01,1.000000000000000000e+00,-4.097900390625000000e-01,2.980346679687500000e-01,6.521606445312500000e-01,5.637817382812500000e-01
4.000000000000000000e+00,1.000000000000000000e+00,2.000000000000000000e+00,7.000000000000000000e+00,3.000000000000000000e+00,4.000000000000000000e+00,8.000000000000000000e+00,2.000000000000000000e+00,-4.097900390625000000e-01,2.980346679687500000e-01,6.521606445312500000e-01,5.637817382812500000e-01
-6.000000000000000000e+00,8.000000000000000000e+00,-7.000000000000000000e+00,2.000000000000000000e+00,-1.000000000000000000e+00,0.000000000000000000e+00,-1.000000000000000000e+00,0.000000000000000000e+00,-4.097900390625000000e-01,2.980346679687500000e-01,6.521606445312500000e-01,5.637817382812500000e-01
-8.000000000000000000e+00,-7.000000000000000000e+00,0.000000000000000000e+00,-6.000000000000000000e+00,-4.000000000000000000e+00,-9.000000000000000000e+00,0.000000000000000000e+00,-1.000000000000000000e+00,-4.097290039062500000e-01,2.980346679687500000e-01,6.517944335937500000e-01,5.642700195312500000e-01
-6.000000000000000000e+00,4.000000000000000000e+00,-8.000000000000000000e+00,0.000000000000000000e+00,0.000000000000000000e+00,2.000000000000000000e+00,4.000000000000000000e+00,-4.000000000000000000e+00,-4.097290039062500000e-01,2.980346679687500000e-01,6.517944335937500000e-01,5.642700195312500000e-01
3.100000000000000000e+01,-4.000000000000000000e+00,-1.000000000000000000e+01,-9.000000000000000000e+00,-3.000000000000000000e+00,0.000000000000000000e+00,-1.000000000000000000e+00,8.000000000000000000e+00,-4.097290039062500000e-01,2.980346679687500000e-01,6.517944335937500000e-01,5.642700195312500000e-01
-1.200000000000000000e+01,-4.000000000000000000e+00,-1.000000000000000000e+00,0.000000000000000000e+00,-9.000000000000000000e+00,-4.000000000000000000e+00,1.000000000000000000e+00,-3.000000000000000000e+00,-4.097290039062500000e-01,2.980346679687500000e-01,6.517944335937500000e-01,5.642700195312500000e-01
-1.000000000000000000e+00,-1.000000000000000000e+00,-1.100000000000000000e+01,3.000000000000000000e+00,-3.000000000000000000e+00,-3.000000000000000000e+00,-2.000000000000000000e+00,-6.000000000000000000e+00,-4.093627929687500000e-01,2.984619140625000000e-01,6.514892578125000000e-01,5.646362304687500000e-01
-7.000000000000000000e+00,1.000000000000000000e+00,1.500000000000000000e+01,1.000000000000000000e+00,7.000000000000000000e+00,5.000000000000000000e+00,3.000000000000000000e+00,-2.000000000000000000e+00,-4.093627929687500000e-01,2.984619140625000000e-01,6.514892578125000000e-01,5.646362304687500000e-01
-2.000000000000000000e+00,-2.000000000000000000e+00,-1.000000000000000000e+00,-1.000000000000000000e+00,-2.000000000000000000e+00,-1.000000000000000000e+00,-3.000000000000000000e+00,-5.000000000000000000e+00,-4.093627929687500000e-01,2.984619140625000000e-01,6.514892578125000000e-01,5.646362304687500000e-01
9.000000000000000000e+00,3.000000000000000000e+00,1.000000000000000000e+00,-1.000000000000000000e+00,1.000000000000000000e+00,-3.000000000000000000e+00,2.000000000000000000e+00,1.000000000000000000e+00,-4.093627929687500000e-01,2.984619140625000000e-01,6.514892578125000000e-01,5.646362304687500000e-01
0.000000000000000000e+00,-5.000000000000000000e+00,-2.000000000000000000e+00,-5.000000000000000000e+00,-6.000000000000000000e+00,-3.000000000000000000e+00,-4.000000000000000000e+00,-1.000000000000000000e+00,-4.091186523437500000e-01,2.987670898437500000e-01,6.510620117187500000e-01,5.651855468750000000e-01
1.300000000000000000e+01,-1.000000000000000000e+00,3.000000000000000000e+00,-7.000000000000000000e+00,-2.000000000000000000e+00,2.000000000000000000e+00,0.000000000000000000e+00,3.000000000000000000e+00,-4.091186523437500000e-01,2.987670898437500000e-01,6.510620117187500000e-01,5.651855468750000000e-01
-1.000000000000000000e+00,-1.000000000000000000e+00,-1.500000000000000000e+01,-2.000000000000000000e+00,1.000000000000000000e+00,-6.000000000000000000e+00,2.000000000000000000e+00,1.000000000000000000e+00,-4.091186523437500000e-01,2.987670898437500000e-01,6.510620117187500000e-01,5.651855468750000000e-01
-2.800000000000000000e+01,4.000000000000000000e+00,-3.000000000000000000e+00,4.000000000000000000e+00,-1.000000000000000000e+00,3.000000000000000000e+00,-1.000000000000000000e+00,-1.000000000000000000e+01,-4.091186523437500000e-01,2.987670898437500000e-01,6.510620117187500000e-01,5.651855468750000000e-01
3.600000000000000000e+01,4.000000000000000000e+00,-3.000000000000000000e+00,6.000000000000000000e+00,-2.000000000000000000e+00,0.000000000000000000e+00,3.000000000000000000e+00,1.700000000000000000e+01,-4.091186523437500000e-01,2.984619140625000000e-01,6.502685546875000000e-01,5.662841796875000000e-01
-5.000000000000000000e+00,2.000000000000000000e+00,5.000000000000000000e+00,-3.000000000000000000e+00,-1.000000000000000000e+00,-3.000000000000000000e+00,-5.000000000000000000e+00,1.000000000000000000e+00,-4.091186523437500000e-01,2.984619140625000000e-01,6.502685546875000000e-01,5.662841796875000000e-01
4.000000000000000000e+00,-5.000000000000000000e+00,-5.000000000000000000e+00,-4.000000000000000000e+00,-1.000000000000000000e+00,-1.000000000000000000e+01,6.000000000000000000e+00,-1.000000000000000000e+00,-4.091186523437500000e-01,2.984619140625000000e-01,6.502685546875000000e-01,5.662841796875000000e-01
-7.000000000000000000e+00,-3.000000000000000000e+00,-3.000000000000000000e+00,1.000000000000000000e+00,2.000000000000000000e+00,1.800000000000000000e+01,0.000000000000000000e+00,-4.000000000000000000e+00,-4.091186523437500000e-01,2.984619140625000000e-01,6.502685546875000000e-01,5.662841796875000000e-01
-1.700000000000000000e+01,1.000000000000000000e+00,-2.000000000000000000e+00,3.000000000000000000e+00,0.000000000000000000e+00,-8.000000000000000000e+00,-8.000000000000000000e+00,-4.000000000000000000e+00,-4.094238281250000000e-01,2.976684570312500000e-01,6.494750976562500000e-01,5.673828125000000000e-01
2.100000000000000000e+01,7.000000000000000000e+00,5.000000000000000000e+00,0.000000000000000000e+00,-2.000000000000000000e+00,-5.000000000000000000e+00,0.000000000000000000e+00,-2.000000000000000000e+00,-4.094238281250000000e-01,2.976684570312500000e-01,6.494750976562500000e-01,5.673828125000000000e-01
-1.800000000000000000e+01,2.000000000000000000e+00,4.000000000000000000e+00,-3.000000000000000000e+00,-4.000000000000000000e+00,1.000000000000000000e+00,0.000000000000000000e+00,-3.000000000000000000e+00,-4.094238281250000000e-01,2.976684570312500000e-01,6.494750976562500000e-01,5.673828125000000000e-01
1.400000000000000000e+01,2.000000000000000000e+00,-1.000000000000000000e+00,6.000000000000000000e+00,2.000000000000000000e+00,-6.000000000000000000e+00,-2.000000000000000000e+00,3.000000000000000000e+00,-4.094238281250000000e-01,2.976684570312500000e-01,6.494750976562500000e-01,5.673828125000000000e-01
-1.000000000000000000e+00,-6.000000000000000000e+00,3.000000000000000000e+00,-4.000000000000000000e+00,1.000000000000000000e+00,3.000000000000000000e+00,2.000000000000000000e+00,4.000000000000000000e+00,-4.093017578125000000e-01,2.975463867187500000e-01,6.489868164062500000e-01,5.681152343750000000e-01
1.100000000000000000e+01,1.000000000000000000e+00,-5.000000000000000000e+00,-2.000000000000000000e+00,-6.000000000000000000e+00,0.000000000000000000e+00,-5.000000000000000000e+00,-1.000000000000000000e+00,-4.093017578125000000e-01,2.975463867187500000e-01,6.489868164062500000e-01,5.681152343750000000e-01
-3.800000000000000000e+01,-3.000000000000000000e+00,-5.000000000000000000e+00,0.000000000000000000e+00,-2.000000000000000000e+00,-6.000000000000000000e+00,-4.000000000000000000e+00,-7.000000000000000000e+00,-4.093017578125000000e-01,2.975463867187500000e-01,6.489868164062500000e-01,5.681152343750000000e-01
1.500000000000000000e+01,0.000000000000000000e+00,2.000000000000000000e+00,-2.000000000000000000e+00,1.000000000000000000e+00,2.000000000000000000e+00,0.000000000000000000e+00,4.000000000000000000e+00,-4.093017578125000000e-01,2.975463867187500000e-01,6.489868164062500000e-01,5.681152343750000000e-01
1.900000000000000000e+01,0.000000000000000000e+00,-3.000000000000000000e+00,-2.000000000000000000e+00,0.000000000000000000e+00,2.000000000000000000e+00,1.000000000000000000e+00,-1.000000000000000000e+00,-4.090576171875000000e-01,2.974853515625000000e-01,6.488647460937500000e-01,5.684204101562500000e-01
-1.400000000000000000e+01,0.000000000000000000e+00,-7.000000000000000000e+00,1.000000000000000000e+01,-4.000000000000000000e+00,-1.000000000000000000e+00,0.000000000000000000e+00,-1.000000000000000000e+00,-4.090576171875000000e-01,2.974853515625000000e-01,6.488647460937500000e-01,5.684204101562500000e-01
3.000000000000000000e+00,-7.000000000000000000e+00,2.000000000000000000e+00,-1.000000000000000000e+00,-1.000000000000000000e+00,-5.000000000000000000e+00,-1.100000000000000000e+01,-5.000000000000000000e+00,-4.090576171875000000e-01,2.974853515625000000e-01,6.488647460937500000e-01,5.684204101562500000e-01
3.000000000000000000e+00,0.000000000000000000e+00,3.000000000000000000e+00,-9.000000000000000000e+00,-3.000000000000000000e+00,-2.000000000000000000e+00,6.000000000000000000e+00,6.000000000000000000e+00,-4.090576171875000000e-01,2.974853515625000000e-01,6.488647460937500000e-01,5.684204101562500000e-01
-8.000000000000000000e+00,-1.100000000000000000e+01,-8.000000000000000000e+00,-1.100000000000000000e+01,-6.000000000000000000e+00,-6.000000000000000000e+00,-2.000000000000000000e+00,-3.000000000000000000e+00,-4.089965820312500000e-01,2.968750000000000000e-01,6.490478515625000000e-01,5.685424804687500000e-01
-8.000000000000000000e+00,-2.000000000000000000e+00,6.000000000000000000e+00,-1.000000000000000000e+00,-2.000000000000000000e+00,1.000000000000000000e+00,-2.000000000000000000e+00,-9.000000000000000000e+00,-4.089965820312500000e-01,2.968750000000000000e-01,6.490478515625000000e-01,5.685424804687500000e-01
-3.000000000000000000e+00,0.000000000000000000e+00,-8.000000000000000000e+00,-1.000000000000000000e+00,1.000000000000000000e+00,2.000000000000000000e+00,0.000000000000000000e+00,1.000000000000000000e+00,-4.089965820312500000e-01,2.968750000000000000e-01,6.490478515625000000e-01,5.685424804687500000e-01
-1.400000000000000000e+01,-6.000000000000000000e+00,-2.000000000000000000e+00,3.000000000000000000e+00,0.000000000000000000e+00,-4.000000000000000000e+00,-8.000000000000000000e+00,-8.000000000000000000e+00,-4.089965820312500000e-01,2.968750000000000000e-01,6.490478515625000000e-01,5.685424804687500000e-01
2.500000000000000000e+01,3.000000000000000000e+00,-2.000000000000000000e+00,-3.000000000000000000e+00,-4.000000000000000000e+00,-3.000000000000000000e+00,4.000000000000000000e+00,8.000000000000000000e+00,-4.088134765625000000e-01,2.955322265625000000e-01,6.495361328125000000e-01,5.688476562500000000e-01
-1.000000000000000000e+01,-6.000000000000000000e+00,2.000000000000000000e+00,-1.300000000000000000e+01,-4.000000000000000000e+00,-6.000000000000000000e+00,-7.000000000000000000e+00,-7.000000000000000000e+00,-4.088134765625000000e-01,2.955322265625000000e-01,6.495361328125000000e-01,5.688476562500000000e-01
9.000000000000000000e+00,4.000000000000000000e+00,1.000000000000000000e+00,7.000000000000000000e+00,-1.000000000000000000e+00,3.000000000000000000e+00,5.000000000000000000e+00,2.000000000000000000e+00,-4.088134765625000000e-01,2.955322265625000000e-01,6.495361328125000000e-01,5.688476562500000000e-01
1.000000000000000000e+00,0.000000000000000000e+00,-4.000000000000000000e+00,-4.000000000000000000e+00,0.000000000000000000e+00,-1.200000000000000000e+01,-8.000000000000000000e+00,-5.000000000000000000e+00,-4.088134765625000000e-01,2.955322265625000000e-01,6.495361328125000000e-01,5.688476562500000000e-01
-7.000000000000000000e+00,-1.000000000000000000e+00,-1.000000000000000000e+00,2.000000000000000000e+00,6.000000000000000000e+00,1.500000000000000000e+01,8.000000000000000000e+00,-3.000000000000000000e+00,-4.086303710937500000e-01,2.937622070312500000e-01,6.495361328125000000e-01,5.698852539062500000e-01
-1.900000000000000000e+01,-4.000000000000000000e+00,-6.000000000000000000e+00,-1.000000000000000000e+00,0.000000000000000000e+00,-1.000000000000000000e+00,3.000000000000000000e+00,-3.000000000000000000e+00,-4.086303710937500000e-01,2.937622070312500000e-01,6.495361328125000000e-01,5.698852539062500000e-01
2.400000000000000000e+01,-2.000000000000000000e+00,2.000000000000000000e+00,-3.000000000000000000e+00,0.000000000000000000e+00,2.000000000000000000e+00,7.000000000000000000e+00,1.300000000000000000e+01,-4.086303710937500000e-01,2.937622070312500000e-01,6.495361328125000000e-01,5.698852539062500000e-01
9.000000000000000000e+00,2.000000000000000000e+00,3.000000000000000000e+00,3.000000000000000000e+00,1.000000000000000000e+00,-2.000000000000000000e+00,-1.200000000000000000e+01,-2.000000000000000000e+00,-4.086303710937500000e-01,2.937622070312500000e-01,6.495361328125000000e-01,5.698852539062500000e-01
-3.000000000000000000e+00,3.000000000000000000e+00,-3.000000000000000000e+00,0.000000000000000000e+00,-3.000000000000000000e+00,-5.000000000000000000e+00,-1.400000000000000000e+01,-3.000000000000000000e+00,-4.076538085937500000e-01,2.929077148437500000e-01,6.493530273437500000e-01,5.711669921875000000e-01
2.000000000000000000e+00,-2.000000000000000000e+00,-4.000000000000000000e+00,3.000000000000000000e+00,3.000000000000000000e+00,4.000000000000000000e+00,3.000000000000000000e+00,3.000000000000000000e+00,-4.076538085937500000e-01,2.929077148437500000e-01,6.493530273437500000e-01,5.711669921875000000e-01
-1.400000000000000000e+01,-7.000000000000000000e+00,7.000000000000000000e+00,-7.000000000000000000e+00,-1.000000000000000000e+00,-5.000000000000000000e+00,-1.000000000000000000e+00,-5.000000000000000000e+00,-4.076538085937500000e-01,2.929077148437500000e-01,6.493530273437500000e-01,5.711669921875000000e-01
-1.200000000000000000e+01,-7.000000000000000000e+00,-1.200000000000000000e+01,1.200000000000000000e+01,-3.000000000000000000e+00,-2.000000000000000000e+00,3.000000000000000000e+00,0.000000000000000000e+00,-4.076538085937500000e-01,2.929077148437500000e-01,6.493530273437500000e-01,5.711669921875000000e-01
-7.000000000000000000e+00,7.000000000000000000e+00,6.000000000000000000e+00,-2.000000000000000000e+00,-2.000000000000000000e+00,3.000000000000000000e+00,5.000000000000000000e+00,-3.000000000000000000e+00,-4.066772460937500000e-01,2.920532226562500000e-01,6.496582031250000000e-01,5.720214843750000000e-01
1.700000000000000000e+01,2.000000000000000000e+00,1.000000000000000000e+00,-4.000000000000000000e+00,4.000000000000000000e+00,-2.000000000000000000e+00,4.000000000000000000e+00,9.000000000000000000e+00,-4.066772460937500000e-01,2.920532226562500000e-01,6.496582031250000000e-01,5.720214843750000000e-01
-6.000000000000000000e+00,-2.000000000000000000e+00,-1.300000000000000000e+01,1.000000000000000000e+00,3.000000000000000000e+00,5.000000000000000000e+00,-6.000000000000000000e+00,-6.000000000000000000e+00,-4.066772460937500000e-01,2.920532226562500000e-01,6.496582031250000000e-01,5.720214843750000000e-01
-2.000000000000000000e+00,2.000000000000000000e+00,8.000000000000000000e+00,-4.000000000000000000e+00,-6.000000000000000000e+00,-7.000000000000000000e+00,-7.000000000000000000e+00,-5.000000000000000000e+00,-4.066772460937500000e-01,2.920532226562500000e-01,6.496582031250000000e-01,5.720214843750000000e-01
9.000000000000000000e+00,0.000000000000000000e+00,-2.000000000000000000e+00,-2.000000000000000000e+00,2.000000000000000000e+00,1.000000000000000000e+00,2.000000000000000000e+00,2.000000000000000000e+00,-4.055786132812500000e-01,2.911987304687500000e-01,6.503295898437500000e-01,5.724487304687500000e-01
-2.300000000000000000e+01,-2.000000000000000000e+00,0.000000000000000000e+00,5.000000000000000000e+00,-1.000000000000000000e+01,-9.000000000000000000e+00,-8.000000000000000000e+00,-1.100000000000000000e+01,-4.055786132812500000e-01,2.911987304687500000e-01,6.503295898437500000e-01,5.724487304687500000e-01
3.000000000000000000e+00,-1.100000000000000000e+01,4.000000000000000000e+00,2.000000000000000000e+00,1.000000000000000000e+01,7.000000000000000000e+00,6.000000000000000000e+00,1.000000000000000000e+00,-4.055786132812500000e-01,2.911987304687500000e-01,6.503295898437500000e-01,5.724487304687500000e-01
1.100000000000000000e+01,2.000000000000000000e+00,-6.000000000000000000e+00,-6.000000000000000000e+00,-3.000000000000000000e+00,0.000000000000000000e+00,4.000000000000000000e+00,5.000000000000000000e+00,-4.055786132812500000e-01,2.911987304687500000e-01,6.503295898437500000e-01,5.724487304687500000e-01
-4.300000000000000000e+01,-3.000000000000000000e+00,-1.000000000000000000e+00,7.000000000000000000e+00,3.000000000000000000e+00,0.000000000000000000e+00,-3.000000000000000000e+00,-1.400000000000000000e+01,-4.045410156250000000e-01,2.899780273437500000e-01,6.505126953125000000e-01,5.735473632812500000e-01
3.600000000000000000e+01,-5.000000000000000000e+00,-6.000000000000000000e+00,-1.000000000000000000e+01,-7.000000000000000000e+00,-1.000000000000000000e+00,4.000000000000000000e+00,7.000000000000000000e+00,-4.045410156250000000e-01,2.899780273437500000e-01,6.505126953125000000e-01,5.735473632812500000e-01
4.000000000000000000e+00,7.000000000000000000e+00,-3.000000000000000000e+00,-5.000000000000000000e+00,-5.000000000000000000e+00,-3.000000000000000000e+00,-1.000000000000000000e+01,1.000000000000000000e+00,-4.045410156250000000e-01,2.899780273437500000e-01,6.505126953125000000e-01,5.735473632812500000e-01
-1.000000000000000000e+00,-5.000000000000000000e+00,4.000000000000000000e+00,7.000000000000000000e+00,3.000000000000000000e+00,1.000000000000000000e+00,-1.000000000000000000e+00,-6.000000000000000000e+00,-4.045410156250000000e-01,2.899780273437500000e-01,6.505126953125000000e-01,5.735473632812500000e-01
5.000000000000000000e+00,6.000000000000000000e+00,-3.000000000000000000e+00,-2.000000000000000000e+00,-2.000000000000000000e+00,-2.000000000000000000e+00,2.000000000000000000e+00,0.000000000000000000e+00,-4.037475585937500000e-01,2.888183593750000000e-01,6.505126953125000000e-01,5.747680664062500000e-01
-1.300000000000000000e+01,-8.000000000000000000e+00,-1.000000000000000000e+00,0.000000000000000000e+00,1.000000000000000000e+00,-6.000000000000000000e+00,6.000000000000000000e+00,-1.000000000000000000e+00,-4.037475585937500000e-01,2.888183593750000000e-01,6.505126953125000000e-01,5.747680664062500000e-01
1.600000000000000000e+01,4.000000000000000000e+00,-1.000000000000000000e+00,2.000000000000000000e+00,0.000000000000000000e+00,1.100000000000000000e+01,-1.100000000000000000e+01,3.000000000000000000e+00,-4.037475585937500000e-01,2.888183593750000000e-01,6.505126953125000000e-01,5.747680664062500000e-01
-7.000000000000000000e+00,-3.000000000000000000e+00,-1.000000000000000000e+00,-9.000000000000000000e+00,-1.000000000000000000e+00,1.000000000000000000e+00,1.000000000000000000e+00,-1.000000000000000000e+00,-4.037475585937500000e-01,2.888183593750000000e-01,6.505126953125000000e-01,5.747680664062500000e-01
0.000000000000000000e+00,2.000000000000000000e+00,5.000000000000000000e+00,1.000000000000000000e+01,1.000000000000000000e+00,1.000000000000000000e+00,3.000000000000000000e+00,2.000000000000000000e+00,-4.028320312500000000e-01,2.882690429687500000e-01,6.504516601562500000e-01,5.756835937500000000e-01
-2.200000000000000000e+01,-5.000000000000000000e+00,2.000000000000000000e+00,-9.000000000000000000e+00,-2.000000000000000000e+00,-9.000000000000000000e+00,-8.000000000000000000e+00,-1.200000000000000000e+01,-4.028320312500000000e-01,2.882690429687500000e-01,6.504516601562500000e-01,5.756835937500000000e-01
2.600000000000000000e+01,4.000000000000000000e+00,-1.000000000000000000e+00,3.000000000000000000e+00,-3.000000000000000000e+00,-7.000000000000000000e+00,4.000000000000000000e+00,6.000000000000000000e+00,-4.028320312500000000e-01,2.882690429687500000e-01,6.504516601562500000e-01,5.756835937500000000e-01
-9.000000000000000000e+00,-1.000000000000000000e+01,1.100000000000000000e+01,-1.300000000000000000e+01,-6.000000000000000000e+00,0.000000000000000000e+00,1.000000000000000000e+00,4.000000000000000000e+00,-4.028320312500000000e-01,2.882690429687500000e-01,6.504516601562500000e-01,5.756835937500000000e-01
-2.000000000000000000e+00,-8.000000000000000000e+00,-3.000000000000000000e+00,9.000000000000000000e+00,3.000000000000000000e+00,-1.000000000000000000e+00,-4.000000000000000000e+00,-2.000000000000000000e+00,-4.020996093750000000e-01,2.877807617187500000e-01,6.504516601562500000e-01,5.764770507812500000e-01
-1.800000000000000000e+01,2.000000000000000000e+00,-1.000000000000000000e+00,-1.000000000000000000e+00,-1.000000000000000000e+00,0.000000000000000000e+00,-6.000000000000000000e+00,-9.000000000000000000e+00,-4.020996093750000000e-01,2.877807617187500000e-01,6.504516601562500000e-01,5.764770507812500000e-01
6.000000000000000000e+00,7.000000000000000000e+00,4.000000000000000000e+00,-1.300000000000000000e+01,-4.000000000000000000e+00,-6.000000000000000000e+00,0.000000000000000000e+00,1.000000000000000000e+00,-4.020996093750000000e-01,2.877807617187500000e-01,6.504516601562500000e-01,5.764770507812500000e-01
7.000000000000000000e+00,0.000000000000000000e+00,-1.400000000000000000e+01,9.000000000000000000e+00,3.000000000000000000e+00,4.000000000000000000e+00,3.000000000000000000e+00,1.000000000000000000e+00,-4.020996093750000000e-01,2.877807617187500000e-01,6.504516601562500000e-01,5.764770507812500000e-01
-3.000000000000000000e+00,0.000000000000000000e+00,5.000000000000000000e+00,-9.000000000000000000e+00,-6.000000000000000000e+00,-7.000000000000000000e+00,-3.000000000000000000e+00,-3.000000000000000000e+00,-4.016113281250000000e-01,2.873535156250000000e-01,6.504516601562500000e-01,5.770874023437500000e-01
7.000000000000000000e+00,-3.000000000000000000e+00,0.000000000000000000e+00,-2.000000000000000000e+00,0.000000000000000000e+00,5.000000000000000000e+00,-2.000000000000000000e+00,5.000000000000000000e+00,-4.016113281250000000e-01,2.873535156250000000e-01,6.504516601562500000e-01,5.770874023437500000e-01
-1.500000000000000000e+01,2.000000000000000000e+00,2.000000000000000000e+00,2.000000000000000000e+00,2.000000000000000000e+00,1.000000000000000000e+00,3.000000000000000000e+00,-6.000000000000000000e+00,-4.016113281250000000e-01,2.873535156250000000e-01,6.504516601562500000e-01,5.770874023437500000e-01
-7.000000000000000000e+00,-1.000000000000000000e+00,1.000000000000000000e+00,1.000000000000000000e+00,0.000000000000000000e+00,1.000000000000000000e+00,2.000000000000000000e+00,3.000000000000000000e+00,-4.016113281250000000e-01,2.873535156250000000e-01,6.504516601562500000e-01,5.770874023437500000e-01
3.000000000000000000e+01,-3.000000000000000000e+00,0.000000000000000000e+00,-6.000000000000000000e+00,-3.000000000000000000e+00,3.000000000000000000e+00,8.000000000000000000e+00,7.000000000000000000e+00,-4.014282226562500000e-01,2.869262695312500000e-01,6.503295898437500000e-01,5.775146484375000000e-01
-7.000000000000000000e+00,1.000000000000000000e+00,2.000000000000000000e+00,8.000000000000000000e+00,1.000000000000000000e+01,3.000000000000000000e+00,-2.000000000000000000e+00,1.000000000000000000e+00,-4.014282226562500000e-01,2.869262695312500000e-01,6.503295898437500000e-01,5.775146484375000000e-01
1.000000000000000000e+00,-7.000000000000000000e+00,-4.000000000000000000e+00,-5.000000000000000000e+00,-9.000000000000000000e+00,-6.000000000000000000e+00,1.000000000000000000e+00,1.000000000000000000e+00,-4.014282226562500000e-01,2.869262695312500000e-01,6.503295898437500000e-01,5.775146484375000000e-01
-4.000000000000000000e+00,1.000000000000000000e+01,0.000000000000000000e+00,1.000000000000000000e+00,1.000000000000000000e+00,-7.000000000000000000e+00,-8.000000000000000000e+00,-3.000000000000000000e+00,-4.014282226562500000e-01,2.869262695312500000e-01,6.503295898437500000e-01,5.775146484375000000e-01
5.000000000000000000e+00,-1.600000000000000000e+01,1.000000000000000000e+00,-9.000000000000000000e+00,-2.000000000000000000e+00,-1.000000000000000000e+00,-1.000000000000000000e+00,4.000000000000000000e+00,-4.011840820312500000e-01,2.867431640625000000e-01,6.500244140625000000e-01,5.780639648437500000e-01
-1.300000000000000000e+01,5.000000000000000000e+00,2.000000000000000000e+00,9.000000000000000000e+00,4.000000000000000000e+00,5.000000000000000000e+00,6.000000000000000000e+00,-4.000000000000000000e+00,-4.011840820312500000e-01,2.867431640625000000e-01,6.500244140625000000e-01,5.780639648437500000e-01
2.400000000000000000e+01,0.000000000000000000e+00,1.000000000000000000e+00,4.000000000000000000e+00,-2.000000000000000000e+00,-2.000000000000000000e+00,-1.500000000000000000e+01,-3.000000000000000000e+00,-4.011840820312500000e-01,2.867431640625000000e-01,6.500244140625000000e-01,5.780639648437500000e-01
-2.400000000000000000e+01,-1.200000000000000000e+01,-1.700000000000000000e+01,-4.000000000000000000e+00,-3.000000000000000000e+00,-1.000000000000000000e+00,1.000000000000000000e+00,-7.000000000000000000e+00,-4.011840820312500000e-01,2.867431640625000000e-01,6.500244140625000000e-01,5.780639648437500000e-01
-9.000000000000000000e+00,3.000000000000000000e+00,4.000000000000000000e+00,-1.000000000000000000e+00,-1.000000000000000000e+00,-1.000000000000000000e+00,-1.100000000000000000e+01,-8.000000000000000000e+00,-4.011230468750000000e-01,2.868041992187500000e-01,6.496582031250000000e-01,5.785522460937500000e-01
1.000000000000000000e+01,2.000000000000000000e+00,6.000000000000000000e+00,3.000000000000000000e+00,5.000000000000000000e+00,4.000000000000000000e+00,6.000000000000000000e+00,6.000000000000000000e+00,-4.011230468750000000e-01,2.868041992187500000e-01,6.496582031250000000e-01,5.785522460937500000e-01
-2.300000000000000000e+01,-3.000000000000000000e+00,-6.000000000000000000e+00,3.000000000000000000e+00,0.000000000000000000e+00,-6.000000000000000000e+00,1.000000000000000000e+00,-5.000000000000000000e+00,-4.011230468750000000e-01,2.868041992187500000e-01,6.496582031250000000e-01,5.785522460937500000e-01
-3.000000000000000000e+00,3.000000000000000000e+00,1.200000000000000000e+01,-4.000000000000000000e+00,-3.000000000000000000e+00,8.000000000000000000e+00,2.000000000000000000e+00,-1.000000000000000000e+00,-4.011230468750000000e-01,2.868041992187500000e-01,6.496582031250000000e-01,5.785522460937500000e-01
8.000000000000000000e+00,3.000000000000000000e+00,-9.000000000000000000e+00,2.000000000000000000e+00,-4.000000000000000000e+00,-4.000000000000000000e+00,-8.000000000000000000e+00,-2.000000000000000000e+00,-4.009399414062500000e-01,2.868652343750000000e-01,6.491699218750000000e-01,5.792236328125000000e-01
7.000000000000000000e+00,-1.000000000000000000e+01,-1.000000000000000000e+01,-4.000000000000000000e+00,-4.000000000000000000e+00,0.000000000000000000e+00,-6.000000000000000000e+00,1.000000000000000000e+00,-4.009399414062500000e-01,2.868652343750000000e-01,6.491699218750000000e-01,5.792236328125000000e-01
-8.000000000000000000e+00,3.000000000000000000e+00,6.000000000000000000e+00,-8.000000000000000000e+00,-2.000000000000000000e+00,-5.000000000000000000e+00,2.000000000000000000e+00,-3.000000000000000000e+00,-4.009399414062500000e-01,2.868652343750000000e-01,6.491699218750000000e-01,5.792236328125000000e-01
1.100000000000000000e+01,1.000000000000000000e+00,-5.000000000000000000e+00,4.000000000000000000e+00,3.000000000000000000e+00,5.000000000000000000e+00,8.000000000000000000e+00,1.100000000000000000e+01,-4.009399414062500000e-01,2.868652343750000000e-01,6.491699218750000000e-01,5.792236328125000000e-01
-3.000000000000000000e+00,-4.000000000000000000e+00,1.000000000000000000e+00,4.000000000000000000e+00,2.000000000000000000e+00,3.000000000000000000e+00,1.000000000000000000e+01,-4.000000000000000000e+00,-4.008178710937500000e-01,2.864379882812500000e-01,6.488647460937500000e-01,5.797729492187500000e-01
-9.000000000000000000e+00,5.000000000000000000e+00,2.000000000000000000e+00,-2.000000000000000000e+00,1.000000000000000000e+00,-9.000000000000000000e+00,-3.300000000000000000e+01,-6.000000000000000000e+00,-4.008178710937500000e-01,2.864379882812500000e-01,6.488647460937500000e-01,5.797729492187500000e-01
-1.400000000000000000e+01,-8.000000000000000000e+00,-6.000000000000000000e+00,-5.000000000000000000e+00,-7.000000000000000000e+00,-4.000000000000000000e+00,-3.000000000000000000e+00,-1.000000000000000000e+00,-4.008178710937500000e-01,2.864379882812500000e-01,6.488647460937500000e-01,5.797729492187500000e-01
2.600000000000000000e+01,7.000000000000000000e+00,2.000000000000000000e+00,-8.000000000000000000e+00,0.000000000000000000e+00,3.000000000000000000e+00,9.000000000000000000e+00,9.000000000000000000e+00,-4.008178710937500000e-01,2.864379882812500000e-01,6.488647460937500000e-01,5.797729492187500000e-01
-3.000000000000000000e+00,3.000000000000000000e+00,-5.000000000000000000e+00,2.000000000000000000e+00,1.000000000000000000e+00,-9.000000000000000000e+00,-1.100000000000000000e+01,-6.000000000000000000e+00,-4.005737304687500000e-01,2.861938476562500000e-01,6.484985351562500000e-01,5.805664062500000000e-01
1.600000000000000000e+01,1.000000000000000000e+00,-1.000000000000000000e+00,-4.000000000000000000e+00,-5.000000000000000000e+00,1.700000000000000000e+01,1.200000000000000000e+01,1.000000000000000000e+01,-4.005737304687500000e-01,2.861938476562500000e-01,6.484985351562500000e-01,5.805664062500000000e-01
-1.400000000000000000e+01,-5.000000000000000000e+00,-7.000000000000000000e+00,-2.000000000000000000e+00,2.000000000000000000e+00,-6.000000000000000000e+00,2.000000000000000000e+00,-3.000000000000000000e+00,-4.005737304687500000e-01,2.861938476562500000e-01,6.484985351562500000e-01,5.805664062500000000e-01
-4.000000000000000000e+00,-1.000000000000000000e+00,4.000000000000000000e+00,-3.000000000000000000e+00,-1.000000000000000000e+00,-8.000000000000000000e+00,-1.100000000000000000e+01,-7.000000000000000000e+00,-4.005737304687500000e-01,2.861938476562500000e-01,6.484985351562500000e-01,5.805664062500000000e-01
-8.000000000000000000e+00,-1.000000000000000000e+00,-1.000000000000000000e+00,2.000000000000000000e+00,-2.000000000000000000e+00,-2.000000000000000000e+00,2.000000000000000000e+00,0.000000000000000000e+00,-4.001464843750000000e-01,2.857055664062500000e-01,6.483764648437500000e-01,5.812377929687500000e-01
-1.000000000000000000e+00,-1.000000000000000000e+01,-1.900000000000000000e+01,-9.000000000000000000e+00,-3.000000000000000000e+00,-5.000000000000000000e+00,0.000000000000000000e+00,-2.000000000000000000e+00,-4.001464843750000000e-01,2.857055664062500000e-01,6.483764648437500000e-01,5.812377929687500000e-01
4.000000000000000000e+00,2.000000000000000000e+00,-1.000000000000000000e+00,3.000000000000000000e+00,0.000000000000000000e+00,3.000000000000000000e+00,4.000000000000000000e+00,-1.000000000000000000e+00,-4.001464843750000000e-01,2.857055664062500000e-01,6.483764648437500000e-01,5.812377929687500000e-01
-7.000000000000000000e+00,-1.000000000000000000e+00,0.000000000000000000e+00,-4.000000000000000000e+00,-4.000000000000000000e+00,-1.000000000000000000e+00,1.000000000000000000e+00,-1.000000000000000000e+00,-4.001464843750000000e-01,2.857055664062500000e-01,6.483764648437500000e-01,5.812377929687500000e-01
7.000000000000000000e+00,5.000000000000000000e+00,4.000000000000000000e+00,3.000000000000000000e+00,-1.000000000000000000e+00,-1.000000000000000000e+00,0.000000000000000000e+00,-2.000000000000000000e+00,-4.001464843750000000e-01,2.850952148437500000e-01,6.480712890625000000e-01,5.817871093750000000e-01
0.000000000000000000e+00,-3.000000000000000000e+00,-3.000000000000000000e+00,-3.000000000000000000e+00,-1.000000000000000000e+00,-2.000000000000000000e+00,-1.000000000000000000e+00,0.000000000000000000e+00,-4.001464843750000000e-01,2.850952148437500000e-01,6.480712890625000000e-01,5.817871093750000000e-01
-7.000000000000000000e+00,1.000000000000000000e+00,-3.000000000000000000e+00,3.000000000000000000e+00,-3.000000000000000000e+00,2.000000000000000000e+00,0.000000000000000000e+00,-1.000000000000000000e+00,-4.001464843750000000e-01,2.850952148437500000e-01,6.480712890625000000e-01,5.817871093750000000e-01
-5.400000000000000000e+01,4.000000000000000000e+00,-1.000000000000000000e+01,-4.000000000000000000e+00,-3.000000000000000000e+00,-6.000000000000000000e+00,-8.000000000000000000e+00,-1.100000000000000000e+01,-4.001464843750000000e-01,2.850952148437500000e-01,6.480712890625000000e-01,5.817871093750000000e-01
6.200000000000000000e+01,2.000000000000000000e+00,-3.000000000000000000e+00,7.000000000000000000e+00,3.000000000000000000e+00,-2.000000000000000000e+00,1.000000000000000000e+01,2.500000000000000000e+01,-3.999023437500000000e-01,2.852172851562500000e-01,6.476440429687500000e-01,5.824584960937500000e-01
-2.000000000000000000e+01,-1.300000000000000000e+01,-2.000000000000000000e+00,-7.000000000000000000e+00,-6.000000000000000000e+00,-2.000000000000000000e+00,-6.000000000000000000e+00,-1.100000000000000000e+01,-3.999023437500000000e-01,2.852172851562500000e-01,6.476440429687500000e-01,5.824584960937500000e-01
0.000000000000000000e+00,5.000000000000000000e+00,-2.000000000000000000e+00,0.000000000000000000e+00,-1.000000000000000000e+00,-1.000000000000000000e+00,2.000000000000000000e+00,-3.000000000000000000e+00,-3.999023437500000000e-01,2.852172851562500000e-01,6.476440429687500000e-01,5.824584960937500000e-01
2.000000000000000000e+00,-1.000000000000000000e+00,-2.000000000000000000e+00,1.000000000000000000e+01,9.000000000000000000e+00,1.000000000000000000e+00,1.000000000000000000e+00,2.000000000000000000e+00,-3.999023437500000000e-01,2.852172851562500000e-01,6.476440429687500000e-01,5.824584960937500000e-01
-2.000000000000000000e+01,4.000000000000000000e+00,-6.000000000000000000e+00,-1.100000000000000000e+01,-2.000000000000000000e+00,1.000000000000000000e+00,-1.000000000000000000e+00,-7.000000000000000000e+00,-4.001464843750000000e-01,2.846679687500000000e-01,6.473388671875000000e-01,5.828857421875000000e-01
8.000000000000000000e+00,8.000000000000000000e+00,-1.000000000000000000e+00,5.000000000000000000e+00,5.000000000000000000e+00,1.000000000000000000e+00,8.000000000000000000e+00,2.000000000000000000e+00,-4.001464843750000000e-01,2.846679687500000000e-01,6.473388671875000000e-01,5.828857421875000000e-01
-3.100000000000000000e+01,-6.000000000000000000e+00,-5.000000000000000000e+00,-2.000000000000000000e+00,-2.000000000000000000e+00,-1.000000000000000000e+00,-1.000000000000000000e+00,-4.000000000000000000e+00,-4.001464843750000000e-01,2.846679687500000000e-01,6.473388671875000000e-01,5.828857421875000000e-01
1.700000000000000000e+01,-5.000000000000000000e+00,3.000000000000000000e+00,0.000000000000000000e+00,-2.000000000000000000e+00,-1.000000000000000000e+00,-4.000000000000000000e+00,-4.000000000000000000e+00,-4.001464843750000000e-01,2.846679687500000000e-01,6.473388671875000000e-01,5.828857421875000000e-01
1.300000000000000000e+01,7.000000000000000000e+00,-6.000000000000000000e+00,3.000000000000000000e+00,-4.000000000000000000e+00,0.000000000000000000e+00,0.000000000000000000e+00,4.000000000000000000e+00,-4.001464843750000000e-01,2.841796875000000000e-01,6.470947265625000000e-01,5.833129882812500000e-01
1.500000000000000000e+01,-7.000000000000000000e+00,2.000000000000000000e+00,-2.000000000000000000e+00,-1.000000000000000000e+00,1.000000000000000000e+00,9.000000000000000000e+00,1.400000000000000000e+01,-4.001464843750000000e-01,2.841796875000000000e-01,6.470947265625000000e-01,5.833129882812500000e-01
-6.000000000000000000e+00,1.000000000000000000e+00,1.000000000000000000e+00,-1.000000000000000000e+00,0.000000000000000000e+00,-9.000000000000000000e+00,-8.000000000000000000e+00,-7.000000000000000000e+00,-4.001464843750000000e-01,2.841796875000000000e-01,6.470947265625000000e-01,5.833129882812500000e-01
5.000000000000000000e+00,7.000000000000000000e+00,-9.000000000000000000e+00,3.000000000000000000e+00,-1.000000000000000000e+00,3.000000000000000000e+00,9.000000000000000000e+00,0.000000000000000000e+00,-4.001464843750000000e-01,2.841796875000000000e-01,6.470947265625000000e-01,5.833129882812500000e-01
-1.800000000000000000e+01,-4.000000000000000000e+00,5.000000000000000000e+00,-3.000000000000000000e+00,3.000000000000000000e+00,-4.000000000000000000e+00,-3.000000000000000000e+00,-1.000000000000000000e+00,-4.003906250000000000e-01,2.833862304687500000e-01,6.472167968750000000e-01,5.834960937500000000e-01
-8.000000000000000000e+00,4.000000000000000000e+00,0.000000000000000000e+00,-7.000000000000000000e+00,-6.000000000000000000e+00,-1.000000000000000000e+00,3.000000000000000000e+00,-5.000000000000000000e+00,-4.003906250000000000e-01,2.833862304687500000e-01,6.472167968750000000e-01,5.834960937500000000e-01
1.000000000000000000e+01,-2.000000000000000000e+00,2.000000000000000000e+00,-2.000000000000000000e+00,-1.000000000000000000e+00,-4.000000000000000000e+00,-3.000000000000000000e+00,0.000000000000000000e+00,-4.003906250000000000e-01,2.833862304687500000e-01,6.472167968750000000e-01,5.834960937500000000e-01
6.000000000000000000e+00,-3.000000000000000000e+00,-1.400000000000000000e+01,7.000000000000000000e+00,1.000000000000000000e+00,-2.000000000000000000e+00,-3.000000000000000000e+00,-3.000000000000000000e+00,-4.003906250000000000e-01,2.833862304687500000e-01,6.472167968750000000e-01,5.834960937500000000e-01
-8.000000000000000000e+00,-8.000000000000000000e+00,1.000000000000000000e+00,-6.000000000000000000e+00,4.000000000000000000e+00,5.000000000000000000e+00,1.000000000000000000e+00,-1.000000000000000000e+00,-4.003906250000000000e-01,2.824707031250000000e-01,6.477050781250000000e-01,5.833740234375000000e-01
-1.300000000000000000e+01,3.000000000000000000e+00,-2.000000000000000000e+00,-1.000000000000000000e+00,-3.000000000000000000e+00,-4.000000000000000000e+00,-8.000000000000000000e+00,-6.000000000000000000e+00,-4.003906250000000000e-01,2.824707031250000000e-01,6.477050781250000000e-01,5.833740234375000000e-01
1.000000000000000000e+01,-2.000000000000000000e+00,0.000000000000000000e+00,1.000000000000000000e+00,2.000000000000000000e+00,2.000000000000000000e+00,4.000000000000000000e+00,6.000000000000000000e+00,-4.003906250000000000e-01,2.824707031250000000e-01,6.477050781250000000e-01,5.833740234375000000e-01
1.800000000000000000e+01,-5.000000000000000000e+00,1.000000000000000000e+00,-4.000000000000000000e+00,-3.000000000000000000e+00,-3.000000000000000000e+00,-2.000000000000000000e+00,0.000000000000000000e+00,-4.003906250000000000e-01,2.824707031250000000e-01,6.477050781250000000e-01,5.833740234375000000e-01
-1.400000000000000000e+01,-4.000000000000000000e+00,0.000000000000000000e+00,-7.000000000000000000e+00,-6.000000000000000000e+00,0.000000000000000000e+00,-7.000000000000000000e+00,-4.000000000000000000e+00,-4.005126953125000000e-01,2.818603515625000000e-01,6.479492187500000000e-01,5.833129882812500000e-01
4.000000000000000000e+00,4.000000000000000000e+00,4.000000000000000000e+00,2.000000000000000000e+00,2.000000000000000000e+00,0.000000000000000000e+00,-1.000000000000000000e+00,-4.000000000000000000e+00,-4.005126953125000000e-01,2.818603515625000000e-01,6.479492187500000000e-01,5.833129882812500000e-01
2.000000000000000000e+00,0.000000000000000000e+00,-4.000000000000000000e+00,3.000000000000000000e+00,0.000000000000000000e+00,1.000000000000000000e+00,6.000000000000000000e+00,0.000000000000000000e+00,-4.005126953125000000e-01,2.818603515625000000e-01,6.479492187500000000e-01,5.833129882812500000e-01
-8.000000000000000000e+00,-2.000000000000000000e+00,1.100000000000000000e+01,-1.000000000000000000e+00,-7.000000000000000000e+00,-4.000000000000000000e+00,-6.000000000000000000e+00,-3.000000000000000000e+00,-4.005126953125000000e-01,2.818603515625000000e-01,6.479492187500000000e-01,5.833129882812500000e-01
-6.000000000000000000e+00,-4.000000000000000000e+00,1.000000000000000000e+00,-1.000000000000000000e+00,-4.000000000000000000e+00,0.000000000000000000e+00,-1.000000000000000000e+00,-2.000000000000000000e+00,-4.002075195312500000e-01,2.813720703125000000e-01,6.479492187500000000e-01,5.838012695312500000e-01
3.700000000000000000e+01,3.000000000000000000e+00,5.000000000000000000e+00,-6.000000000000000000e+00,-6.000000000000000000e+00,-3.000000000000000000e+00,1.000000000000000000e+00,8.000000000000000000e+00,-4.002075195312500000e-01,2.813720703125000000e-01,6.479492187500000000e-01,5.838012695312500000e-01
-3.000000000000000000e+00,-4.000000000000000000e+00,0.000000000000000000e+00,1.000000000000000000e+00,3.000000000000000000e+00,4.000000000000000000e+00,2.000000000000000000e+00,-1.000000000000000000e+00,-4.002075195312500000e-01,2.813720703125000000e-01,6.479492187500000000e-01,5.838012695312500000e-01
5.000000000000000000e+00,-1.000000000000000000e+00,-6.000000000000000000e+00,-3.000000000000000000e+00,0.000000000000000000e+00,1.000000000000000000e+00,5.000000000000000000e+00,-3.000000000000000000e+00,-4.002075195312500000e-01,2.813720703125000000e-01,6.479492187500000000e-01,5.838012695312500000e-01
-1.700000000000000000e+01,-4.000000000000000000e+00,-7.000000000000000000e+00,0.000000000000000000e+00,-2.000000000000000000e+00,-3.000000000000000000e+00,-1.200000000000000000e+01,-5.000000000000000000e+00,-3.995971679687500000e-01,2.808837890625000000e-01,6.480712890625000000e-01,5.842895507812500000e-01
-1.500000000000000000e+01,-3.000000000000000000e+00,-1.000000000000000000e+00,0.000000000000000000e+00,0.000000000000000000e+00,-5.000000000000000000e+00,-2.000000000000000000e+00,-8.000000000000000000e+00,-3.995971679687500000e-01,2.808837890625000000e-01,6.480712890625000000e-01,5.842895507812500000e-01
1.000000000000000000e+00,4.000000000000000000e+00,4.000000000000000000e+00,2.000000000000000000e+00,-2.000000000000000000e+00,-1.000000000000000000e+00,-4.000000000000000000e+00,-5.000000000000000000e+00,-3.995971679687500000e-01,2.808837890625000000e-01,6.480712890625000000e-01,5.842895507812500000e-01
-8.000000000000000000e+00,-4.000000000000000000e+00,-2.000000000000000000e+00,-7.000000000000000000e+00,-2.000000000000000000e+00,2.000000000000000000e+00,1.000000000000000000e+00,3.000000000000000000e+00,-3.995971679687500000e-01,2.808837890625000000e-01,6.480712890625000000e-01,5.842895507812500000e-01
-4.000000000000000000e+00,0.000000000000000000e+00,6.000000000000000000e+00,1.000000000000000000e+00,0.000000000000000000e+00,1.000000000000000000e+00,1.000000000000000000e+00,-5.000000000000000000e+00,-3.991699218750000000e-01,2.802734375000000000e-01,6.484375000000000000e-01,5.844116210937500000e-01
2.100000000000000000e+01,5.000000000000000000e+00,5.000000000000000000e+00,1.000000000000000000e+00,-1.000000000000000000e+00,1.000000000000000000e+00,7.000000000000000000e+00,8.000000000000000000e+00,-3.991699218750000000e-01,2.802734375000000000e-01,6.484375000000000000e-01,5.844116210937500000e-01
-2.000000000000000000e+00,-9.000000000000000000e+00,-1.200000000000000000e+01,-1.000000000000000000e+00,0.000000000000000000e+00,-1.000000000000000000e+00,-3.000000000000000000e+00,2.000000000000000000e+00,-3.991699218750000000e-01,2.802734375000000000e-01,6.484375000000000000e-01,5.844116210937500000e-01
0.000000000000000000e+00,1.000000000000000000e+00,9.000000000000000000e+00,2.000000000000000000e+00,2.000000000000000000e+00,-2.000000000000000000e+00,1.000000000000000000e+00,-1.000000000000000000e+00,-3.991699218750000000e-01,2.802734375000000000e-01,6.484375000000000000e-01,5.844116210937500000e-01
-9.000000000000000000e+00,-3.000000000000000000e+00,1.000000000000000000e+00,-5.000000000000000000e+00,-3.000000000000000000e+00,-2.000000000000000000e+00,-5.000000000000000000e+00,-6.000000000000000000e+00,-3.993530273437500000e-01,2.791137695312500000e-01,6.488647460937500000e-01,5.843505859375000000e-01
-1.100000000000000000e+01,-1.000000000000000000e+00,0.000000000000000000e+00,3.000000000000000000e+00,-2.000000000000000000e+00,-3.000000000000000000e+00,-3.000000000000000000e+00,-2.000000000000000000e+00,-3.993530273437500000e-01,2.791137695312500000e-01,6.488647460937500000e-01,5.843505859375000000e-01
6.000000000000000000e+00,2.000000000000000000e+00,-2.000000000000000000e+00,-3.000000000000000000e+00,-2.000000000000000000e+00,-3.000000000000000000e+00,1.000000000000000000e+00,1.000000000000000000e+00,-3.993530273437500000e-01,2.791137695312500000e-01,6.488647460937500000e-01,5.843505859375000000e-01
1.000000000000000000e+00,-1.000000000000000000e+00,1.000000000000000000e+00,3.000000000000000000e+00,2.000000000000000000e+00,-3.000000000000000000e+00,-2.000000000000000000e+00,-3.000000000000000000e+00,-3.993530273437500000e-01,2.791137695312500000e-01,6.488647460937500000e-01,5.843505859375000000e-01
-1.000000000000000000e+01,-6.000000000000000000e+00,-7.000000000000000000e+00,-6.000000000000000000e+00,-6.000000000000000000e+00,-3.000000000000000000e+00,3.000000000000000000e+00,3.000000000000000000e+00,-3.992919921875000000e-01,2.782592773437500000e-01,6.489257812500000000e-01,5.847167968750000000e-01
1.600000000000000000e+01,8.000000000000000000e+00,4.000000000000000000e+00,1.100000000000000000e+01,5.000000000000000000e+00,4.000000000000000000e+00,1.000000000000000000e+00,2.000000000000000000e+00,-3.992919921875000000e-01,2.782592773437500000e-01,6.489257812500000000e-01,5.847167968750000000e-01
-2.000000000000000000e+00,-1.000000000000000000e+00,1.000000000000000000e+00,-7.000000000000000000e+00,-9.000000000000000000e+00,-5.000000000000000000e+00,-4.000000000000000000e+00,-5.000000000000000000e+00,-3.992919921875000000e-01,2.782592773437500000e-01,6.489257812500000000e-01,5.847167968750000000e-01
2.000000000000000000e+00,-8.000000000000000000e+00,-6.000000000000000000e+00,-3.000000000000000000e+00,3.000000000000000000e+00,5.000000000000000000e+00,-3.000000000000000000e+00,1.000000000000000000e+00,-3.992919921875000000e-01,2.782592773437500000e-01,6.489257812500000000e-01,5.847167968750000000e-01
8.000000000000000000e+00,4.000000000000000000e+00,5.000000000000000000e+00,3.000000000000000000e+00,2.000000000000000000e+00,-1.000000000000000000e+00,-1.000000000000000000e+00,-1.000000000000000000e+00,-3.990478515625000000e-01,2.778930664062500000e-01,6.486816406250000000e-01,5.853881835937500000e-01
-1.800000000000000000e+01,-6.000000000000000000e+00,-9.000000000000000000e+00,1.000000000000000000e+00,-5.000000000000000000e+00,-1.000000000000000000e+01,-2.000000000000000000e+00,-6.000000000000000000e+00,-3.990478515625000000e-01,2.778930664062500000e-01,6.486816406250000000e-01,5.853881835937500000e-01
-1.100000000000000000e+01,0.000000000000000000e+00,3.000000000000000000e+00,5.000000000000000000e+00,-1.000000000000000000e+00,1.000000000000000000e+00,1.000000000000000000e+00,0.000000000000000000e+00,-3.990478515625000000e-01,2.778930664062500000e-01,6.486816406250000000e-01,5.853881835937500000e-01
1.600000000000000000e+01,5.000000000000000000e+00,1.000000000000000000e+00,4.000000000000000000e+00,3.000000000000000000e+00,-1.000000000000000000e+00,-1.100000000000000000e+01,5.000000000000000000e+00,-3.990478515625000000e-01,2.778930664062500000e-01,6.486816406250000000e-01,5.853881835937500000e-01
4.000000000000000000e+00,7.000000000000000000e+00,2.000000000000000000e+00,0.000000000000000000e+00,4.000000000000000000e+00,6.000000000000000000e+00,1.000000000000000000e+01,1.000000000000000000e+00,-3.990478515625000000e-01,2.775268554687500000e-01,6.484375000000000000e-01,5.858764648437500000e-01
-1.300000000000000000e+01,-1.500000000000000000e+01,-2.000000000000000000e+00,-3.000000000000000000e+00,-3.000000000000000000e+00,-5.000000000000000000e+00,-7.000000000000000000e+00,-1.000000000000000000e+00,-3.990478515625000000e-01,2.775268554687500000e-01,6.484375000000000000e-01,5.858764648437500000e-01
2.000000000000000000e+00,0.000000000000000000e+00,-1.000000000000000000e+00,0.000000000000000000e+00,2.000000000000000000e+00,0.000000000000000000e+00,0.000000000000000000e+00,-7.000000000000000000e+00,-3.990478515625000000e-01,2.775268554687500000e-01,6.484375000000000000e-01,5.858764648437500000e-01
-2.500000000000000000e+01,-1.000000000000000000e+00,-1.000000000000000000e+00,-4.000000000000000000e+00,-5.000000000000000000e+00,-3.000000000000000000e+00,1.000000000000000000e+00,-2.000000000000000000e+00,-3.990478515625000000e-01,2.775268554687500000e-01,6.484375000000000000e-01,5.858764648437500000e-01
2.500000000000000000e+01,1.000000000000000000e+00,3.000000000000000000e+00,0.000000000000000000e+00,-2.000000000000000000e+00,-3.000000000000000000e+00,-1.200000000000000000e+01,5.000000000000000000e+00,-3.991088867187500000e-01,2.774658203125000000e-01,6.483764648437500000e-01,5.858764648437500000e-01
-5.000000000000000000e+00,2.000000000000000000e+00,-1.000000000000000000e+00,-1.000000000000000000e+00,1.000000000000000000e+00,7.000000000000000000e+00,1.000000000000000000e+00,-8.000000000000000000e+00,-3.991088867187500000e-01,2.774658203125000000e-01,6.483764648437500000e-01,5.858764648437500000e-01
2.000000000000000000e+00,-8.000000000000000000e+00,5.000000000000000000e+00,-6.000000000000000000e+00,-2.000000000000000000e+00,3.000000000000000000e+00,2.000000000000000000e+00,3.000000000000000000e+00,-3.991088867187500000e-01,2.774658203125000000e-01,6.483764648437500000e-01,5.858764648437500000e-01
-2.900000000000000000e+01,-9.000000000000000000e+00,-1.500000000000000000e+01,-7.000000000000000000e+00,-5.000000000000000000e+00,-3.000000000000000000e+00,-7.000000000000000000e+00,-9.000000000000000000e+00,-3.991088867187500000e-01,2.774658203125000000e-01,6.483764648437500000e-01,5.858764648437500000e-01
1.200000000000000000e+01,2.000000000000000000e+00,7.000000000000000000e+00,4.000000000000000000e+00,5.000000000000000000e+00,3.000000000000000000e+00,1.100000000000000000e+01,9.000000000000000000e+00,-3.991088867187500000e-01,2.774047851562500000e-01,6.483764648437500000e-01,5.859375000000000000e-01
-1.500000000000000000e+01,1.000000000000000000e+00,-1.000000000000000000e+00,-3.000000000000000000e+00,-1.000000000000000000e+00,0.000000000000000000e+00,-1.000000000000000000e+00,-5.000000000000000000e+00,-3.991088867187500000e-01,2.774047851562500000e-01,6.483764648437500000e-01,5.859375000000000000e-01
7.000000000000000000e+00,1.000000000000000000e+00,0.000000000000000000e+00,-2.000000000000000000e+00,-6.000000000000000000e+00,1.000000000000000000e+00,0.000000000000000000e+00,1.000000000000000000e+00,-3.991088867187500000e-01,2.774047851562500000e-01,6.483764648437500000e-01,5.859375000000000000e-01
9.000000000000000000e+00,0.000000000000000000e+00,-3.000000000000000000e+00,5.000000000000000000e+00,7.000000000000000000e+00,-1.000000000000000000e+00,4.000000000000000000e+00,0.000000000000000000e+00,-3.991088867187500000e-01,2.774047851562500000e-01,6.483764648437500000e-01,5.859375000000000000e-01
-1.900000000000000000e+01,-8.000000000000000000e+00,-3.000000000000000000e+00,-1.000000000000000000e+01,-7.000000000000000000e+00,-6.000000000000000000e+00,-5.000000000000000000e+00,-8.000000000000000000e+00,-3.991088867187500000e-01,2.774658203125000000e-01,6.483764648437500000e-01,5.858764648437500000e-01
-3.000000000000000000e+00,1.000000000000000000e+00,-1.000000000000000000e+00,1.200000000000000000e+01,2.000000000000000000e+00,2.000000000000000000e+00,-4.000000000000000000e+00,-4.000000000000000000e+00,-3.991088867187500000e-01,2.774658203125000000e-01,6.483764648437500000e-01,5.858764648437500000e-01
1.400000000000000000e+01,1.000000000000000000e+00,1.000000000000000000e+00,-1.100000000000000000e+01,-2.000000000000000000e+00,1.000000000000000000e+00,2.000000000000000000e+00,7.000000000000000000e+00,-3.991088867187500000e-01,2.774658203125000000e-01,6.483764648437500000e-01,5.858764648437500000e-01
1.000000000000000000e+01,1.000000000000000000e+00,7.000000000000000000e+00,-2.000000000000000000e+00,-7.000000000000000000e+00,-4.000000000000000000e+00,-2.000000000000000000e+00,-1.000000000000000000e+00,-3.991088867187500000e-01,2.774658203125000000e-01,6.483764648437500000e-01,5.858764648437500000e-01
-2.100000000000000000e+01,-1.100000000000000000e+01,-3.000000000000000000e+00,6.000000000000000000e+00,-1.000000000000000000e+00,-6.000000000000000000e+00,-2.000000000000000000e+00,-4.000000000000000000e+00,-3.994140625000000000e-01,2.776489257812500000e-01,6.483154296875000000e-01,5.856323242187500000e-01
-6.000000000000000000e+00,2.000000000000000000e+00,4.000000000000000000e+00,-6.000000000000000000e+00,2.000000000000000000e+00,2.000000000000000000e+00,-2.000000000000000000e+00,-1.000000000000000000e+00,-3.994140625000000000e-01,2.776489257812500000e-01,6.483154296875000000e-01,5.856323242187500000e-01
-1.000000000000000000e+00,5.000000000000000000e+00,-4.000000000000000000e+00,2.000000000000000000e+00,-1.000000000000000000e+00,-5.000000000000000000e+00,-1.100000000000000000e+01,-6.000000000000000000e+00,-3.994140625000000000e-01,2.776489257812500000e-01,6.483154296875000000e-01,5.856323242187500000e-01
-1.100000000000000000e+01,0.000000000000000000e+00,0.000000000000000000e+00,-4.000000000000000000e+00,0.000000000000000000e+00,-2.000000000000000000e+00,3.000000000000000000e+00,2.000000000000000000e+00,-3.994140625000000000e-01,2.776489257812500000e-01,6.483154296875000000e-01,5.856323242187500000e-01
3.800000000000000000e+01,1.000000000000000000e+00,-6.000000000000000000e+00,-1.000000000000000000e+00,-3.000000000000000000e+00,-1.000000000000000000e+00,4.000000000000000000e+00,7.000000000000000000e+00,-4.000244140625000000e-01,2.773437500000000000e-01,6.481933593750000000e-01,5.854492187500000000e-01
-1.400000000000000000e+01,-5.000000000000000000e+00,-6.000000000000000000e+00,-4.000000000000000000e+00,-3.000000000000000000e+00,-5.000000000000000000e+00,-1.100000000000000000e+01,-5.000000000000000000e+00,-4.000244140625000000e-01,2.773437500000000000e-01,6.481933593750000000e-01,5.854492187500000000e-01
-5.000000000000000000e+00,0.000000000000000000e+00,1.000000000000000000e+00,-2.000000000000000000e+00,2.000000000000000000e+00,-1.000000000000000000e+00,2.000000000000000000e+00,1.000000000000000000e+00,-4.000244140625000000e-01,2.773437500000000000e-01,6.481933593750000000e-01,5.854492187500000000e-01
1.000000000000000000e+01,1.000000000000000000e+00,-2.000000000000000000e+00,1.000000000000000000e+00,-4.000000000000000000e+00,-1.000000000000000000e+00,-1.000000000000000000e+00,2.000000000000000000e+00,-4.000244140625000000e-01,2.773437500000000000e-01,6.481933593750000000e-01,5.854492187500000000e-01
-1.600000000000000000e+01,2.000000000000000000e+00,-1.000000000000000000e+00,0.000000000000000000e+00,1.000000000000000000e+00,3.000000000000000000e+00,3.000000000000000000e+00,-6.000000000000000000e+00,-4.004516601562500000e-01,2.767944335937500000e-01,6.480712890625000000e-01,5.856323242187500000e-01
-1.300000000000000000e+01,0.000000000000000000e+00,1.000000000000000000e+00,0.000000000000000000e+00,1.000000000000000000e+00,1.000000000000000000e+00,5.000000000000000000e+00,-1.000000000000000000e+00,-4.004516601562500000e-01,2.767944335937500000e-01,6.480712890625000000e-01,5.856323242187500000e-01
3.000000000000000000e+01,-1.000000000000000000e+00,-6.000000000000000000e+00,3.000000000000000000e+00,0.000000000000000000e+00,-1.000000000000000000e+00,5.000000000000000000e+00,1.000000000000000000e+01,-4.004516601562500000e-01,2.767944335937500000e-01,6.480712890625000000e-01,5.856323242187500000e-01
3.000000000000000000e+00,7.000000000000000000e+00,3.000000000000000000e+00,-2.000000000000000000e+00,0.000000000000000000e+00,-4.000000000000000000e+00,-4.000000000000000000e+00,-2.000000000000000000e+00,-4.004516601562500000e-01,2.767944335937500000e-01,6.480712890625000000e-01,5.856323242187500000e-01
-2.000000000000000000e+01,0.000000000000000000e+00,0.000000000000000000e+00,-2.000000000000000000e+00,-2.000000000000000000e+00,-1.000000000000000000e+00,1.000000000000000000e+00,-2.000000000000000000e+00,-4.005737304687500000e-01,2.764282226562500000e-01,6.481933593750000000e-01,5.855712890625000000e-01
7.000000000000000000e+00,-1.300000000000000000e+01,-2.000000000000000000e+00,-4.000000000000000000e+00,-4.000000000000000000e+00,-4.000000000000000000e+00,-3.000000000000000000e+00,1.000000000000000000e+00,-4.005737304687500000e-01,2.764282226562500000e-01,6.481933593750000000e-01,5.855712890625000000e-01
-2.000000000000000000e+01,-1.000000000000000000e+00,-2.000000000000000000e+00,3.000000000000000000e+00,-2.000000000000000000e+00,-2.000000000000000000e+00,-8.000000000000000000e+00,-8.000000000000000000e+00,-4.005737304687500000e-01,2.764282226562500000e-01,6.481933593750000000e-01,5.855712890625000000e-01
1.100000000000000000e+01,-2.000000000000000000e+00,2.000000000000000000e+00,-2.000000000000000000e+00,-3.000000000000000000e+00,0.000000000000000000e+00,6.000000000000000000e+00,7.000000000000000000e+00,-4.005737304687500000e-01,2.764282226562500000e-01,6.481933593750000000e-01,5.855712890625000000e-01
-2.000000000000000000e+00,0.000000000000000000e+00,-5.000000000000000000e+00,0.000000000000000000e+00,-1.000000000000000000e+00,0.000000000000000000e+00,-5.000000000000000000e+00,-8.000000000000000000e+00,-4.006347656250000000e-01,2.762451171875000000e-01,6.484375000000000000e-01,5.853271484375000000e-01
0.000000000000000000e+00,-3.000000000000000000e+00,-3.000000000000000000e+00,-7.000000000000000000e+00,-4.000000000000000000e+00,-7.000000000000000000e+00,1.000000000000000000e+00,3.000000000000000000e+00,-4.006347656250000000e-01,2.762451171875000000e-01,6.484375000000000000e-01,5.853271484375000000e-01
-1.000000000000000000e+00,3.000000000000000000e+00,-1.000000000000000000e+00,5.000000000000000000e+00,0.000000000000000000e+00,2.000000000000000000e+00,3.000000000000000000e+00,2.000000000000000000e+00,-4.006347656250000000e-01,2.762451171875000000e-01,6.484375000000000000e-01,5.853271484375000000e-01
-5.000000000000000000e+00,-3.000000000000000000e+00,-5.000000000000000000e+00,-3.000000000000000000e+00,-3.000000000000000000e+00,-4.000000000000000000e+00,-4.000000000000000000e+00,-4.000000000000000000e+00,-4.006347656250000000e-01,2.762451171875000000e-01,6.484375000000000000e-01,5.853271484375000000e-01
-3.000000000000000000e+00,-5.000000000000000000e+00,-1.000000000000000000e+00,-4.000000000000000000e+00,-1.000000000000000000e+00,1.000000000000000000e+00,-3.000000000000000000e+00,-4.000000000000000000e+00,-4.005737304687500000e-01,2.758178710937500000e-01,6.491088867187500000e-01,5.848999023437500000e-01
-4.000000000000000000e+00,3.000000000000000000e+00,0.000000000000000000e+00,0.000000000000000000e+00,-1.000000000000000000e+00,3.000000000000000000e+00,-2.000000000000000000e+00,0.000000000000000000e+00,-4.005737304687500000e-01,2.758178710937500000e-01,6.491088867187500000e-01,5.848999023437500000e-01
-8.000000000000000000e+00,-5.000000000000000000e+00,-7.000000000000000000e+00,-2.000000000000000000e+00,-1.000000000000000000e+00,-4.000000000000000000e+00,-2.000000000000000000e+00,-1.000000000000000000e+01,-4.005737304687500000e-01,2.758178710937500000e-01,6.491088867187500000e-01,5.848999023437500000e-01
2.500000000000000000e+01,4.000000000000000000e+00,6.000000000000000000e+00,0.000000000000000000e+00,-4.000000000000000000e+00,4.000000000000000000e+00,4.000000000000000000e+00,7.000000000000000000e+00,-4.005737304687500000e-01,2.758178710937500000e-01,6.491088867187500000e-01,5.848999023437500000e-01
-6.000000000000000000e+00,1.000000000000000000e+00,9.000000000000000000e+00,-2.000000000000000000e+00,1.000000000000000000e+00,-3.000000000000000000e+00,-4.000000000000000000e+00,-4.000000000000000000e+00,-4.006958007812500000e-01,2.753906250000000000e-01,6.498413085937500000e-01,5.841674804687500000e-01
7.000000000000000000e+00,4.000000000000000000e+00,-3.000000000000000000e+00,7.000000000000000000e+00,0.000000000000000000e+00,-4.000000000000000000e+00,-7.000000000000000000e+00,-5.000000000000000000e+00,-4.006958007812500000e-01,2.753906250000000000e-01,6.498413085937500000e-01,5.841674804687500000e-01
-1.000000000000000000e+01,-3.000000000000000000e+00,-7.000000000000000000e+00,-3.000000000000000000e+00,4.000000000000000000e+00,7.000000000000000000e+00,1.100000000000000000e+01,-2.000000000000000000e+00,-4.006958007812500000e-01,2.753906250000000000e-01,6.498413085937500000e-01,5.841674804687500000e-01
-4.000000000000000000e+00,-1.000000000000000000e+00,-1.000000000000000000e+00,-4.000000000000000000e+00,2.000000000000000000e+00,-1.000000000000000000e+00,5.000000000000000000e+00,-2.000000000000000000e+00,-4.006958007812500000e-01,2.753906250000000000e-01,6.498413085937500000e-01,5.841674804687500000e-01
-1.300000000000000000e+01,-1.000000000000000000e+00,-1.000000000000000000e+00,1.000000000000000000e+00,-3.000000000000000000e+00,7.000000000000000000e+00,9.000000000000000000e+00,2.000000000000000000e+00,-4.008178710937500000e-01,2.750854492187500000e-01,6.504516601562500000e-01,5.835571289062500000e-01
1.300000000000000000e+01,3.000000000000000000e+00,1.000000000000000000e+00,-2.000000000000000000e+00,-3.000000000000000000e+00,0.000000000000000000e+00,7.000000000000000000e+00,5.000000000000000000e+00,-4.008178710937500000e-01,2.750854492187500000e-01,6.504516601562500000e-01,5.835571289062500000e-01
1.000000000000000000e+00,4.000000000000000000e+00,-1.000000000000000000e+00,4.000000000000000000e+00,-2.000000000000000000e+00,-7.000000000000000000e+00,-2.100000000000000000e+01,-4.000000000000000000e+00,-4.008178710937500000e-01,2.750854492187500000e-01,6.504516601562500000e-01,5.835571289062500000e-01
-1.100000000000000000e+01,-1.100000000000000000e+01,-6.000000000000000000e+00,-1.000000000000000000e+00,-3.000000000000000000e+00,-2.000000000000000000e+00,2.000000000000000000e+00,-4.000000000000000000e+00,-4.008178710937500000e-01,2.750854492187500000e-01,6.504516601562500000e-01,5.835571289062500000e-01
1.700000000000000000e+01,8.000000000000000000e+00,2.000000000000000000e+00,-6.000000000000000000e+00,-2.000000000000000000e+00,-2.000000000000000000e+00,0.000000000000000000e+00,2.000000000000000000e+00,-4.008789062500000000e-01,2.759399414062500000e-01,6.503906250000000000e-01,5.831298828125000000e-01
-3.000000000000000000e+00,-8.000000000000000000e+00,-2.000000000000000000e+00,-3.000000000000000000e+00,-2.000000000000000000e+00,-3.000000000000000000e+00,-3.000000000000000000e+00,-3.000000000000000000e+00,-4.008789062500000000e-01,2.759399414062500000e-01,6.503906250000000000e-01,5.831298828125000000e-01
-5.000000000000000000e+00,3.000000000000000000e+00,3.000000000000000000e+00,0.000000000000000000e+00,-1.000000000000000000e+00,4.000000000000000000e+00,1.600000000000000000e+01,1.000000000000000000e+00,-4.008789062500000000e-01,2.759399414062500000e-01,6.503906250000000000e-01,5.831298828125000000e-01
-8.000000000000000000e+00,3.000000000000000000e+00,5.000000000000000000e+00,-1.000000000000000000e+00,-1.000000000000000000e+00,-2.000000000000000000e+00,-1.600000000000000000e+01,-5.000000000000000000e+00,-4.008789062500000000e-01,2.759399414062500000e-01,6.503906250000000000e-01,5.831298828125000000e-01
-3.000000000000000000e+00,-4.000000000000000000e+00,-4.000000000000000000e+00,-3.000000000000000000e+00,-4.000000000000000000e+00,-6.000000000000000000e+00,-9.000000000000000000e+00,-5.000000000000000000e+00,-4.005126953125000000e-01,2.780761718750000000e-01,6.499633789062500000e-01,5.828857421875000000e-01
-5.000000000000000000e+00,4.000000000000000000e+00,-4.000000000000000000e+00,1.200000000000000000e+01,9.000000000000000000e+00,2.000000000000000000e+00,3.000000000000000000e+00,-1.000000000000000000e+00,-4.005126953125000000e-01,2.780761718750000000e-01,6.499633789062500000e-01,5.828857421875000000e-01
8.000000000000000000e+00,-4.000000000000000000e+00,-3.000000000000000000e+00,-8.000000000000000000e+00,-4.000000000000000000e+00,-2.000000000000000000e+00,-1.000000000000000000e+00,0.000000000000000000e+00,-4.005126953125000000e-01,2.780761718750000000e-01,6.499633789062500000e-01,5.828857421875000000e-01
4.000000000000000000e+00,-5.000000000000000000e+00,-1.000000000000000000e+00,6.000000000000000000e+00,2.000000000000000000e+00,3.000000000000000000e+00,4.000000000000000000e+00,1.000000000000000000e+00,-4.005126953125000000e-01,2.780761718750000000e-01,6.499633789062500000e-01,5.828857421875000000e-01
-1.200000000000000000e+01,1.000000000000000000e+00,5.000000000000000000e+00,-4.000000000000000000e+00,-2.000000000000000000e+00,-5.000000000000000000e+00,-6.000000000000000000e+00,-8.000000000000000000e+00,-3.998413085937500000e-01,2.808837890625000000e-01,6.495361328125000000e-01,5.825195312500000000e-01
8.000000000000000000e+00,-4.000000000000000000e+00,1.000000000000000000e+00,-1.200000000000000000e+01,-9.000000000000000000e+00,-2.000000000000000000e+00,2.000000000000000000e+00,3.000000000000000000e+00,-3.998413085937500000e-01,2.808837890625000000e-01,6.495361328125000000e-01,5.825195312500000000e-01
-3.000000000000000000e+00,-1.000000000000000000e+00,-1.000000000000000000e+00,8.000000000000000000e+00,6.000000000000000000e+00,3.000000000000000000e+00,-6.000000000000000000e+00,-1.000000000000000000e+00,-3.998413085937500000e-01,2.808837890625000000e-01,6.495361328125000000e-01,5.825195312500000000e-01
-6.000000000000000000e+00,1.000000000000000000e+00,6.000000000000000000e+00,-2.000000000000000000e+00,-3.000000000000000000e+00,-3.000000000000000000e+00,-4.000000000000000000e+00,-3.000000000000000000e+00,-3.998413085937500000e-01,2.808837890625000000e-01,6.495361328125000000e-01,5.825195312500000000e-01
2.000000000000000000e+00,0.000000000000000000e+00,-6.000000000000000000e+00,-5.000000000000000000e+00,-2.000000000000000000e+00,-3.000000000000000000e+00,3.000000000000000000e+00,4.000000000000000000e+00,-4.003295898437500000e-01,2.827148437500000000e-01,6.493530273437500000e-01,5.814819335937500000e-01
-5.000000000000000000e+00,-2.000000000000000000e+00,-7.000000000000000000e+00,5.000000000000000000e+00,0.000000000000000000e+00,2.000000000000000000e+00,-4.000000000000000000e+00,-6.000000000000000000e+00,-4.003295898437500000e-01,2.827148437500000000e-01,6.493530273437500000e-01,5.814819335937500000e-01
4.000000000000000000e+00,-1.000000000000000000e+00,2.000000000000000000e+00,-3.000000000000000000e+00,-1.000000000000000000e+00,1.000000000000000000e+00,0.000000000000000000e+00,1.000000000000000000e+00,-4.003295898437500000e-01,2.827148437500000000e-01,6.493530273437500000e-01,5.814819335937500000e-01
-1.700000000000000000e+01,3.000000000000000000e+00,-1.000000000000000000e+00,-3.000000000000000000e+00,0.000000000000000000e+00,-5.000000000000000000e+00,-1.000000000000000000e+00,2.000000000000000000e+00,-4.003295898437500000e-01,2.827148437500000000e-01,6.493530273437500000e-01,5.814819335937500000e-01
-2.000000000000000000e+00,-7.000000000000000000e+00,-3.000000000000000000e+00,3.000000000000000000e+00,0.000000000000000000e+00,-4.000000000000000000e+00,-5.000000000000000000e+00,-5.000000000000000000e+00,-4.016113281250000000e-01,2.832641601562500000e-01,6.492309570312500000e-01,5.804443359375000000e-01
2.900000000000000000e+01,-5.000000000000000000e+00,6.000000000000000000e+00,-7.000000000000000000e+00,-5.000000000000000000e+00,-6.000000000000000000e+00,1.400000000000000000e+01,6.000000000000000000e+00,-4.016113281250000000e-01,2.832641601562500000e-01,6.492309570312500000e-01,5.804443359375000000e-01
-2.000000000000000000e+00,0.000000000000000000e+00,-1.000000000000000000e+00,4.000000000000000000e+00,4.000000000000000000e+00,1.500000000000000000e+01,-1.900000000000000000e+01,5.000000000000000000e+00,-4.016113281250000000e-01,2.832641601562500000e-01,6.492309570312500000e-01,5.804443359375000000e-01
-9.000000000000000000e+00,1.000000000000000000e+00,-3.000000000000000000e+00,-1.000000000000000000e+00,-1.000000000000000000e+00,-5.000000000000000000e+00,-3.000000000000000000e+00,-5.000000000000000000e+00,-4.016113281250000000e-01,2.832641601562500000e-01,6.492309570312500000e-01,5.804443359375000000e-01
-9.000000000000000000e+00,-2.000000000000000000e+00,2.000000000000000000e+00,1.000000000000000000e+00,1.000000000000000000e+00,1.000000000000000000e+00,3.000000000000000000e+00,-2.000000000000000000e+00,-4.024047851562500000e-01,2.838745117187500000e-01,6.492309570312500000e-01,5.795898437500000000e-01
7.000000000000000000e+00,7.000000000000000000e+00,1.000000000000000000e+00,-3.000000000000000000e+00,1.000000000000000000e+00,-4.000000000000000000e+00,4.000000000000000000e+00,5.000000000000000000e+00,-4.024047851562500000e-01,2.838745117187500000e-01,6.492309570312500000e-01,5.795898437500000000e-01
-3.000000000000000000e+00,-2.000000000000000000e+00,-2.000000000000000000e+00,-3.000000000000000000e+00,-5.000000000000000000e+00,-8.000000000000000000e+00,1.000000000000000000e+00,-3.000000000000000000e+00,-4.024047851562500000e-01,2.838745117187500000e-01,6.492309570312500000e-01,5.795898437500000000e-01
1.000000000000000000e+00,4.000000000000000000e+00,3.000000000000000000e+00,0.000000000000000000e+00,0.000000000000000000e+00,6.000000000000000000e+00,1.000000000000000000e+00,-5.000000000000000000e+00,-4.024047851562500000e-01,2.838745117187500000e-01,6.492309570312500000e-01,5.795898437500000000e-01
8.000000000000000000e+00,3.000000000000000000e+00,-6.000000000000000000e+00,0.000000000000000000e+00,2.000000000000000000e+00,2.000000000000000000e+00,-1.000000000000000000e+00,6.000000000000000000e+00,-4.026489257812500000e-01,2.850952148437500000e-01,6.488037109375000000e-01,5.792846679687500000e-01
-7.000000000000000000e+00,-1.000000000000000000e+00,-5.000000000000000000e+00,-1.000000000000000000e+00,-4.000000000000000000e+00,-3.000000000000000000e+00,-6.000000000000000000e+00,-5.000000000000000000e+00,-4.026489257812500000e-01,2.850952148437500000e-01,6.488037109375000000e-01,5.792846679687500000e-01
1.400000000000000000e+01,2.000000000000000000e+00,-3.000000000000000000e+00,-5.000000000000000000e+00,-1.000000000000000000e+00,-2.000000000000000000e+00,6.000000000000000000e+00,2.000000000000000000e+00,-4.026489257812500000e-01,2.850952148437500000e-01,6.488037109375000000e-01,5.792846679687500000e-01
-7.000000000000000000e+00,-1.000000000000000000e+01,-2.000000000000000000e+00,-1.000000000000000000e+00,-1.000000000000000000e+00,0.000000000000000000e+00,-2.000000000000000000e+00,1.000000000000000000e+00,-4.026489257812500000e-01,2.850952148437500000e-01,6.488037109375000000e-01,5.792846679687500000e-01
9.000000000000000000e+00,2.000000000000000000e+00,-9.000000000000000000e+00,0.000000000000000000e+00,-3.000000000000000000e+00,-2.000000000000000000e+00,-2.000000000000000000e+00,-4.000000000000000000e+00,-4.025878906250000000e-01,2.866210937500000000e-01,6.484985351562500000e-01,5.789184570312500000e-01
5.000000000000000000e+00,-6.000000000000000000e+00,2.000000000000000000e+00,-6.000000000000000000e+00,0.000000000000000000e+00,5.000000000000000000e+00,-1.000000000000000000e+00,3.000000000000000000e+00,-4.025878906250000000e-01,2.866210937500000000e-01,6.484985351562500000e-01,5.789184570312500000e-01
-1.200000000000000000e+01,1.000000000000000000e+00,2.000000000000000000e+00,-2.000000000000000000e+00,-1.000000000000000000e+00,-1.000000000000000000e+00,-3.000000000000000000e+00,-5.000000000000000000e+00,-4.025878906250000000e-01,2.866210937500000000e-01,6.484985351562500000e-01,5.789184570312500000e-01
1.100000000000000000e+01,0.000000000000000000e+00,1.000000000000000000e+00,3.000000000000000000e+00,-1.000000000000000000e+00,-3.000000000000000000e+00,4.000000000000000000e+00,6.000000000000000000e+00,-4.025878906250000000e-01,2.866210937500000000e-01,6.484985351562500000e-01,5.789184570312500000e-01
-3.000000000000000000e+00,2.000000000000000000e+00,3.000000000000000000e+00,-5.000000000000000000e+00,-5.000000000000000000e+00,-2.000000000000000000e+00,-3.000000000000000000e+00,0.000000000000000000e+00,-4.018554687500000000e-01,2.882080078125000000e-01,6.483764648437500000e-01,5.787353515625000000e-01
-2.600000000000000000e+01,-2.000000000000000000e+00,1.000000000000000000e+00,-3.000000000000000000e+00,-2.000000000000000000e+00,-2.000000000000000000e+00,-7.000000000000000000e+00,-5.000000000000000000e+00,-4.018554687500000000e-01,2.882080078125000000e-01,6.483764648437500000e-01,5.787353515625000000e-01
1.600000000000000000e+01,-4.000000000000000000e+00,-4.000000000000000000e+00,-5.000000000000000000e+00,-5.000000000000000000e+00,-3.000000000000000000e+00,1.000000000000000000e+00,-1.000000000000000000e+00,-4.018554687500000000e-01,2.882080078125000000e-01,6.483764648437500000e-01,5.787353515625000000e-01
-1.000000000000000000e+00,-7.000000000000000000e+00,1.000000000000000000e+00,-5.000000000000000000e+00,0.000000000000000000e+00,3.000000000000000000e+00,2.000000000000000000e+00,4.000000000000000000e+00,-4.018554687500000000e-01,2.882080078125000000e-01,6.483764648437500000e-01,5.787353515625000000e-01
-7.000000000000000000e+00,-4.000000000000000000e+00,2.000000000000000000e+00,2.000000000000000000e+00,0.000000000000000000e+00,-3.000000000000000000e+00,-1.200000000000000000e+01,-4.000000000000000000e+00,-4.016113281250000000e-01,2.885131835937500000e-01,6.483154296875000000e-01,5.788574218750000000e-01
-4.000000000000000000e+00,1.000000000000000000e+00,-2.000000000000000000e+00,-1.000000000000000000e+00,-2.000000000000000000e+00,4.000000000000000000e+00,1.000000000000000000e+00,0.000000000000000000e+00,-4.016113281250000000e-01,2.885131835937500000e-01,6.483154296875000000e-01,5.788574218750000000e-01
