0.000000000000000000e+00,-1.000000000000000000e+00,-9.000000000000000000e+00,-1.600000000000000000e+01,-4.000000000000000000e+00,-1.000000000000000000e+00,-2.000000000000000000e+00,1.000000000000000000e+00,-4.274291992187500000e-01,5.786132812500000000e-02,7.531127929687500000e-01,4.967041015625000000e-01
-3.000000000000000000e+00,-6.000000000000000000e+00,-2.000000000000000000e+00,7.000000000000000000e+00,1.000000000000000000e+00,1.000000000000000000e+00,-1.000000000000000000e+00,3.000000000000000000e+00,-4.274291992187500000e-01,5.786132812500000000e-02,7.531127929687500000e-01,4.967041015625000000e-01
-6.000000000000000000e+00,-3.000000000000000000e+00,4.000000000000000000e+00,-7.000000000000000000e+00,-1.000000000000000000e+00,0.000000000000000000e+00,0.000000000000000000e+00,-3.000000000000000000e+00,-4.274291992187500000e-01,5.786132812500000000e-02,7.531127929687500000e-01,4.967041015625000000e-01
-3.000000000000000000e+00,2.000000000000000000e+00,-5.000000000000000000e+00,4.000000000000000000e+00,0.000000000000000000e+00,0.000000000000000000e+00,-1.000000000000000000e+00,-5.000000000000000000e+00,-4.274291992187500000e-01,5.786132812500000000e-02,7.531127929687500000e-01,4.967041015625000000e-01
2.000000000000000000e+00,-1.000000000000000000e+00,-1.000000000000000000e+00,-7.000000000000000000e+00,-4.000000000000000000e+00,-2.000000000000000000e+00,-1.000000000000000000e+00,-1.000000000000000000e+00,-4.267578125000000000e-01,5.944824218750000000e-02,7.529907226562500000e-01,4.972534179687500000e-01
0.000000000000000000e+00,5.000000000000000000e+00,2.000000000000000000e+00,-3.000000000000000000e+00,1.000000000000000000e+00,1.000000000000000000e+00,-5.000000000000000000e+00,1.000000000000000000e+00,-4.267578125000000000e-01,5.944824218750000000e-02,7.529907226562500000e-01,4.972534179687500000e-01
-2.000000000000000000e+00,-2.000000000000000000e+00,-7.000000000000000000e+00,-2.000000000000000000e+00,-5.000000000000000000e+00,0.000000000000000000e+00,5.000000000000000000e+00,-3.000000000000000000e+00,-4.267578125000000000e-01,5.944824218750000000e-02,7.529907226562500000e-01,4.972534179687500000e-01
-4.000000000000000000e+00,-6.000000000000000000e+00,2.000000000000000000e+00,-3.000000000000000000e+00,-3.000000000000000000e+00,-2.000000000000000000e+00,-4.000000000000000000e+00,-2.000000000000000000e+00,-4.267578125000000000e-01,5.944824218750000000e-02,7.529907226562500000e-01,4.972534179687500000e-01
-2.000000000000000000e+00,-4.000000000000000000e+00,-6.000000000000000000e+00,0.000000000000000000e+00,3.000000000000000000e+00,-2.000000000000000000e+00,0.000000000000000000e+00,-4.000000000000000000e+00,-4.258422851562500000e-01,6.164550781250000000e-02,7.528076171875000000e-01,4.981079101562500000e-01
1.000000000000000000e+00,2.000000000000000000e+00,2.000000000000000000e+00,1.000000000000000000e+00,-1.000000000000000000e+00,1.000000000000000000e+00,1.000000000000000000e+00,1.000000000000000000e+00,-4.258422851562500000e-01,6.164550781250000000e-02,7.528076171875000000e-01,4.981079101562500000e-01
-2.000000000000000000e+00,-2.000000000000000000e+00,-2.000000000000000000e+00,-2.000000000000000000e+00,1.000000000000000000e+00,-1.000000000000000000e+00,-4.000000000000000000e+00,1.000000000000000000e+00,-4.258422851562500000e-01,6.164550781250000000e-02,7.528076171875000000e-01,4.981079101562500000e-01
0.000000000000000000e+00,1.000000000000000000e+00,3.000000000000000000e+00,0.000000000000000000e+00,2.000000000000000000e+00,0.000000000000000000e+00,-1.000000000000000000e+00,0.000000000000000000e+00,-4.258422851562500000e-01,6.164550781250000000e-02,7.528076171875000000e-01,4.981079101562500000e-01
2.000000000000000000e+00,2.000000000000000000e+00,0.000000000000000000e+00,3.000000000000000000e+00,-1.000000000000000000e+00,-1.000000000000000000e+00,3.000000000000000000e+00,0.000000000000000000e+00,-4.253540039062500000e-01,6.256103515625000000e-02,7.531738281250000000e-01,4.978637695312500000e-01
-2.000000000000000000e+00,-7.000000000000000000e+00,2.000000000000000000e+00,4.000000000000000000e+00,0.000000000000000000e+00,-2.000000000000000000e+00,-1.000000000000000000e+00,2.000000000000000000e+00,-4.253540039062500000e-01,6.256103515625000000e-02,7.531738281250000000e-01,4.978637695312500000e-01
0.000000000000000000e+00,-2.000000000000000000e+00,-2.000000000000000000e+00,-1.000000000000000000e+00,-3.000000000000000000e+00,-1.000000000000000000e+00,1.000000000000000000e+00,-2.000000000000000000e+00,-4.253540039062500000e-01,6.256103515625000000e-02,7.531738281250000000e-01,4.978637695312500000e-01
-3.000000000000000000e+00,3.000000000000000000e+00,6.000000000000000000e+00,-1.200000000000000000e+01,-3.000000000000000000e+00,-3.000000000000000000e+00,-1.000000000000000000e+00,-4.000000000000000000e+00,-4.253540039062500000e-01,6.256103515625000000e-02,7.531738281250000000e-01,4.978637695312500000e-01
1.000000000000000000e+00,-1.000000000000000000e+00,-9.000000000000000000e+00,1.000000000000000000e+00,2.000000000000000000e+00,0.000000000000000000e+00,-2.000000000000000000e+00,-2.000000000000000000e+00,-4.266357421875000000e-01,6.042480468750000000e-02,7.537841796875000000e-01,4.960937500000000000e-01
-2.000000000000000000e+00,-5.000000000000000000e+00,1.600000000000000000e+01,7.000000000000000000e+00,2.000000000000000000e+00,-2.000000000000000000e+00,1.000000000000000000e+00,0.000000000000000000e+00,-4.266357421875000000e-01,6.042480468750000000e-02,7.537841796875000000e-01,4.960937500000000000e-01
-4.000000000000000000e+00,1.000000000000000000e+00,-1.500000000000000000e+01,-1.100000000000000000e+01,-2.000000000000000000e+00,-1.000000000000000000e+00,-1.000000000000000000e+00,-1.000000000000000000e+00,-4.266357421875000000e-01,6.042480468750000000e-02,7.537841796875000000e-01,4.960937500000000000e-01
-3.000000000000000000e+00,-4.000000000000000000e+00,2.000000000000000000e+00,1.100000000000000000e+01,-1.000000000000000000e+00,-3.000000000000000000e+00,-2.000000000000000000e+00,0.000000000000000000e+00,-4.266357421875000000e-01,6.042480468750000000e-02,7.537841796875000000e-01,4.960937500000000000e-01
-2.000000000000000000e+00,1.000000000000000000e+00,1.000000000000000000e+00,-2.000000000000000000e+00,0.000000000000000000e+00,0.000000000000000000e+00,1.000000000000000000e+00,-1.000000000000000000e+00,-4.288940429687500000e-01,5.651855468750000000e-02,7.543334960937500000e-01,4.937744140625000000e-01
2.000000000000000000e+00,2.000000000000000000e+00,-1.000000000000000000e+00,1.000000000000000000e+00,-1.000000000000000000e+00,-1.000000000000000000e+00,-2.000000000000000000e+00,0.000000000000000000e+00,-4.288940429687500000e-01,5.651855468750000000e-02,7.543334960937500000e-01,4.937744140625000000e-01
0.000000000000000000e+00,-4.000000000000000000e+00,8.000000000000000000e+00,-4.000000000000000000e+00,-1.000000000000000000e+00,-4.000000000000000000e+00,-2.000000000000000000e+00,-1.000000000000000000e+00,-4.288940429687500000e-01,5.651855468750000000e-02,7.543334960937500000e-01,4.937744140625000000e-01
1.000000000000000000e+00,-3.000000000000000000e+00,-1.900000000000000000e+01,-1.000000000000000000e+01,-4.000000000000000000e+00,1.000000000000000000e+00,1.000000000000000000e+00,1.000000000000000000e+00,-4.288940429687500000e-01,5.651855468750000000e-02,7.543334960937500000e-01,4.937744140625000000e-01
-1.000000000000000000e+00,0.000000000000000000e+00,5.000000000000000000e+00,5.000000000000000000e+00,-2.000000000000000000e+00,-3.000000000000000000e+00,-3.000000000000000000e+00,-6.000000000000000000e+00,-4.304809570312500000e-01,5.371093750000000000e-02,7.543334960937500000e-01,4.926147460937500000e-01
0.000000000000000000e+00,1.000000000000000000e+00,-4.000000000000000000e+00,-7.000000000000000000e+00,-1.000000000000000000e+00,1.000000000000000000e+00,1.000000000000000000e+00,-2.000000000000000000e+00,-4.304809570312500000e-01,5.371093750000000000e-02,7.543334960937500000e-01,4.926147460937500000e-01
-3.000000000000000000e+00,-2.000000000000000000e+00,7.000000000000000000e+00,-2.000000000000000000e+00,0.000000000000000000e+00,-4.000000000000000000e+00,-2.000000000000000000e+00,1.000000000000000000e+00,-4.304809570312500000e-01,5.371093750000000000e-02,7.543334960937500000e-01,4.926147460937500000e-01
0.000000000000000000e+00,2.000000000000000000e+00,-1.000000000000000000e+00,6.000000000000000000e+00,1.000000000000000000e+00,0.000000000000000000e+00,0.000000000000000000e+00,1.000000000000000000e+00,-4.304809570312500000e-01,5.371093750000000000e-02,7.543334960937500000e-01,4.926147460937500000e-01
-4.000000000000000000e+00,-5.000000000000000000e+00,-7.000000000000000000e+00,3.000000000000000000e+00,-3.000000000000000000e+00,1.000000000000000000e+00,-1.000000000000000000e+00,-1.000000000000000000e+00,-4.306640625000000000e-01,5.371093750000000000e-02,7.542114257812500000e-01,4.927368164062500000e-01
-3.000000000000000000e+00,-5.000000000000000000e+00,-9.000000000000000000e+00,-1.300000000000000000e+01,-5.000000000000000000e+00,-3.000000000000000000e+00,1.000000000000000000e+00,1.000000000000000000e+00,-4.306640625000000000e-01,5.371093750000000000e-02,7.542114257812500000e-01,4.927368164062500000e-01
2.000000000000000000e+00,3.000000000000000000e+00,6.000000000000000000e+00,7.000000000000000000e+00,4.000000000000000000e+00,-1.000000000000000000e+00,-2.000000000000000000e+00,-3.000000000000000000e+00,-4.306640625000000000e-01,5.371093750000000000e-02,7.542114257812500000e-01,4.927368164062500000e-01
-1.000000000000000000e+01,-1.700000000000000000e+01,-9.000000000000000000e+00,-1.200000000000000000e+01,-8.000000000000000000e+00,-4.000000000000000000e+00,-4.000000000000000000e+00,2.000000000000000000e+00,-4.306640625000000000e-01,5.371093750000000000e-02,7.542114257812500000e-01,4.927368164062500000e-01
4.000000000000000000e+00,8.000000000000000000e+00,8.000000000000000000e+00,0.000000000000000000e+00,-3.000000000000000000e+00,-1.000000000000000000e+00,-1.000000000000000000e+00,-1.400000000000000000e+01,-4.301757812500000000e-01,5.548095703125000000e-02,7.538452148437500000e-01,4.935302734375000000e-01
-4.000000000000000000e+00,-7.000000000000000000e+00,-4.000000000000000000e+00,-2.000000000000000000e+00,-3.000000000000000000e+00,-2.000000000000000000e+00,-4.000000000000000000e+00,-5.000000000000000000e+00,-4.301757812500000000e-01,5.548095703125000000e-02,7.538452148437500000e-01,4.935302734375000000e-01
-1.000000000000000000e+00,0.000000000000000000e+00,-1.600000000000000000e+01,3.000000000000000000e+00,-1.000000000000000000e+00,2.000000000000000000e+00,0.000000000000000000e+00,-1.000000000000000000e+00,-4.301757812500000000e-01,5.548095703125000000e-02,7.538452148437500000e-01,4.935302734375000000e-01
-3.000000000000000000e+00,-4.000000000000000000e+00,-3.000000000000000000e+00,-1.000000000000000000e+00,2.000000000000000000e+00,0.000000000000000000e+00,0.000000000000000000e+00,-2.000000000000000000e+00,-4.301757812500000000e-01,5.548095703125000000e-02,7.538452148437500000e-01,4.935302734375000000e-01
-3.000000000000000000e+00,0.000000000000000000e+00,4.000000000000000000e+00,3.000000000000000000e+00,2.000000000000000000e+00,0.000000000000000000e+00,-9.000000000000000000e+00,2.000000000000000000e+00,-4.296264648437500000e-01,5.828857421875000000e-02,7.533569335937500000e-01,4.943847656250000000e-01
-2.000000000000000000e+00,-4.000000000000000000e+00,0.000000000000000000e+00,-2.000000000000000000e+00,-1.000000000000000000e+00,1.000000000000000000e+00,1.800000000000000000e+01,0.000000000000000000e+00,-4.296264648437500000e-01,5.828857421875000000e-02,7.533569335937500000e-01,4.943847656250000000e-01
1.000000000000000000e+00,-3.000000000000000000e+00,-4.000000000000000000e+00,0.000000000000000000e+00,0.000000000000000000e+00,0.000000000000000000e+00,-1.000000000000000000e+00,-3.000000000000000000e+00,-4.296264648437500000e-01,5.828857421875000000e-02,7.533569335937500000e-01,4.943847656250000000e-01
2.000000000000000000e+00,-1.000000000000000000e+00,2.000000000000000000e+00,1.000000000000000000e+00,0.000000000000000000e+00,-1.000000000000000000e+00,1.000000000000000000e+00,0.000000000000000000e+00,-4.296264648437500000e-01,5.828857421875000000e-02,7.533569335937500000e-01,4.943847656250000000e-01
1.000000000000000000e+00,3.000000000000000000e+00,-1.000000000000000000e+00,0.000000000000000000e+00,-1.000000000000000000e+00,-1.000000000000000000e+00,-2.000000000000000000e+00,4.000000000000000000e+00,-4.295043945312500000e-01,6.079101562500000000e-02,7.531738281250000000e-01,4.945068359375000000e-01
1.000000000000000000e+00,3.000000000000000000e+00,5.000000000000000000e+00,0.000000000000000000e+00,1.000000000000000000e+00,0.000000000000000000e+00,-5.000000000000000000e+00,-2.000000000000000000e+00,-4.295043945312500000e-01,6.079101562500000000e-02,7.531738281250000000e-01,4.945068359375000000e-01
-1.000000000000000000e+00,0.000000000000000000e+00,-7.000000000000000000e+00,-2.000000000000000000e+00,-1.000000000000000000e+00,1.000000000000000000e+00,0.000000000000000000e+00,1.000000000000000000e+00,-4.295043945312500000e-01,6.079101562500000000e-02,7.531738281250000000e-01,4.945068359375000000e-01
1.000000000000000000e+00,-3.000000000000000000e+00,-1.000000000000000000e+01,0.000000000000000000e+00,0.000000000000000000e+00,-1.000000000000000000e+00,-1.000000000000000000e+00,1.000000000000000000e+00,-4.295043945312500000e-01,6.079101562500000000e-02,7.531738281250000000e-01,4.945068359375000000e-01
0.000000000000000000e+00,-4.000000000000000000e+00,3.000000000000000000e+00,-1.000000000000000000e+00,2.000000000000000000e+00,0.000000000000000000e+00,-1.000000000000000000e+00,-3.000000000000000000e+00,-4.301147460937500000e-01,6.188964843750000000e-02,7.532958984375000000e-01,4.936523437500000000e-01
-3.000000000000000000e+00,-3.000000000000000000e+00,-1.900000000000000000e+01,-1.000000000000000000e+01,-3.000000000000000000e+00,-2.000000000000000000e+00,-4.000000000000000000e+00,0.000000000000000000e+00,-4.301147460937500000e-01,6.188964843750000000e-02,7.532958984375000000e-01,4.936523437500000000e-01
-1.000000000000000000e+00,-4.000000000000000000e+00,4.000000000000000000e+00,6.000000000000000000e+00,4.000000000000000000e+00,-2.000000000000000000e+00,1.000000000000000000e+00,2.000000000000000000e+00,-4.301147460937500000e-01,6.188964843750000000e-02,7.532958984375000000e-01,4.936523437500000000e-01
1.000000000000000000e+00,2.000000000000000000e+00,-5.000000000000000000e+00,4.000000000000000000e+00,-1.000000000000000000e+00,0.000000000000000000e+00,-1.000000000000000000e+00,1.000000000000000000e+00,-4.301147460937500000e-01,6.188964843750000000e-02,7.532958984375000000e-01,4.936523437500000000e-01
-2.000000000000000000e+00,-1.000000000000000000e+00,1.000000000000000000e+00,-6.000000000000000000e+00,-4.000000000000000000e+00,-7.000000000000000000e+00,0.000000000000000000e+00,-1.000000000000000000e+00,-4.310913085937500000e-01,6.207275390625000000e-02,7.535400390625000000e-01,4.924316406250000000e-01
5.000000000000000000e+00,5.000000000000000000e+00,-4.000000000000000000e+00,9.000000000000000000e+00,3.000000000000000000e+00,0.000000000000000000e+00,-1.000000000000000000e+00,0.000000000000000000e+00,-4.310913085937500000e-01,6.207275390625000000e-02,7.535400390625000000e-01,4.924316406250000000e-01
-3.000000000000000000e+00,-8.000000000000000000e+00,-5.000000000000000000e+00,-1.200000000000000000e+01,-7.000000000000000000e+00,-1.000000000000000000e+00,-3.000000000000000000e+00,8.000000000000000000e+00,-4.310913085937500000e-01,6.207275390625000000e-02,7.535400390625000000e-01,4.924316406250000000e-01
0.000000000000000000e+00,4.000000000000000000e+00,3.000000000000000000e+00,9.000000000000000000e+00,1.000000000000000000e+00,0.000000000000000000e+00,-4.000000000000000000e+00,-1.300000000000000000e+01,-4.310913085937500000e-01,6.207275390625000000e-02,7.535400390625000000e-01,4.924316406250000000e-01
-6.000000000000000000e+00,-7.000000000000000000e+00,-3.000000000000000000e+00,-1.200000000000000000e+01,1.000000000000000000e+00,3.000000000000000000e+00,9.000000000000000000e+00,1.000000000000000000e+00,-4.323120117187500000e-01,6.195068359375000000e-02,7.535400390625000000e-01,4.912719726562500000e-01
0.000000000000000000e+00,5.000000000000000000e+00,5.000000000000000000e+00,1.100000000000000000e+01,-4.000000000000000000e+00,-6.000000000000000000e+00,-7.000000000000000000e+00,-3.000000000000000000e+00,-4.323120117187500000e-01,6.195068359375000000e-02,7.535400390625000000e-01,4.912719726562500000e-01
1.000000000000000000e+00,1.000000000000000000e+00,-6.000000000000000000e+00,2.000000000000000000e+00,3.000000000000000000e+00,1.000000000000000000e+00,1.000000000000000000e+01,-5.000000000000000000e+00,-4.323120117187500000e-01,6.195068359375000000e-02,7.535400390625000000e-01,4.912719726562500000e-01
5.000000000000000000e+00,-6.000000000000000000e+00,1.300000000000000000e+01,-1.600000000000000000e+01,-4.000000000000000000e+00,-4.000000000000000000e+00,-6.000000000000000000e+00,9.000000000000000000e+00,-4.323120117187500000e-01,6.195068359375000000e-02,7.535400390625000000e-01,4.912719726562500000e-01
-1.200000000000000000e+01,2.000000000000000000e+00,8.000000000000000000e+00,8.000000000000000000e+00,-2.000000000000000000e+00,0.000000000000000000e+00,-3.000000000000000000e+00,-5.000000000000000000e+00,-4.329833984375000000e-01,6.176757812500000000e-02,7.535400390625000000e-01,4.907836914062500000e-01
4.000000000000000000e+00,4.000000000000000000e+00,-3.000000000000000000e+00,1.100000000000000000e+01,3.000000000000000000e+00,0.000000000000000000e+00,1.000000000000000000e+00,2.000000000000000000e+00,-4.329833984375000000e-01,6.176757812500000000e-02,7.535400390625000000e-01,4.907836914062500000e-01
-4.000000000000000000e+00,-5.000000000000000000e+00,0.000000000000000000e+00,5.000000000000000000e+00,-4.000000000000000000e+00,-5.000000000000000000e+00,-9.000000000000000000e+00,-5.000000000000000000e+00,-4.329833984375000000e-01,6.176757812500000000e-02,7.535400390625000000e-01,4.907836914062500000e-01
3.000000000000000000e+00,5.000000000000000000e+00,-6.000000000000000000e+00,-5.000000000000000000e+00,-1.000000000000000000e+00,1.000000000000000000e+00,3.000000000000000000e+00,-3.000000000000000000e+00,-4.329833984375000000e-01,6.176757812500000000e-02,7.535400390625000000e-01,4.907836914062500000e-01
3.000000000000000000e+00,-1.000000000000000000e+00,-1.000000000000000000e+00,0.000000000000000000e+00,2.000000000000000000e+00,-2.000000000000000000e+00,0.000000000000000000e+00,1.000000000000000000e+00,-4.332275390625000000e-01,6.164550781250000000e-02,7.535400390625000000e-01,4.905395507812500000e-01
-3.000000000000000000e+00,-3.000000000000000000e+00,6.000000000000000000e+00,-9.000000000000000000e+00,-3.000000000000000000e+00,0.000000000000000000e+00,0.000000000000000000e+00,2.000000000000000000e+00,-4.332275390625000000e-01,6.164550781250000000e-02,7.535400390625000000e-01,4.905395507812500000e-01
0.000000000000000000e+00,2.000000000000000000e+00,1.000000000000000000e+00,3.000000000000000000e+00,-2.000000000000000000e+00,2.000000000000000000e+00,-3.000000000000000000e+00,-2.000000000000000000e+00,-4.332275390625000000e-01,6.164550781250000000e-02,7.535400390625000000e-01,4.905395507812500000e-01
-3.000000000000000000e+00,2.000000000000000000e+00,-2.000000000000000000e+00,3.000000000000000000e+00,6.000000000000000000e+00,1.000000000000000000e+00,5.000000000000000000e+00,-2.000000000000000000e+00,-4.332275390625000000e-01,6.164550781250000000e-02,7.535400390625000000e-01,4.905395507812500000e-01
2.000000000000000000e+00,0.000000000000000000e+00,7.000000000000000000e+00,-7.000000000000000000e+00,-3.000000000000000000e+00,0.000000000000000000e+00,0.000000000000000000e+00,5.000000000000000000e+00,-4.320068359375000000e-01,6.298828125000000000e-02,7.536010742187500000e-01,4.913940429687500000e-01
-5.000000000000000000e+00,-6.000000000000000000e+00,-1.400000000000000000e+01,-1.000000000000000000e+00,0.000000000000000000e+00,2.000000000000000000e+00,-1.000000000000000000e+00,-4.000000000000000000e+00,-4.320068359375000000e-01,6.298828125000000000e-02,7.536010742187500000e-01,4.913940429687500000e-01
-2.000000000000000000e+00,-2.000000000000000000e+00,-7.000000000000000000e+00,-2.000000000000000000e+00,-7.000000000000000000e+00,-6.000000000000000000e+00,-1.400000000000000000e+01,-4.000000000000000000e+00,-4.320068359375000000e-01,6.298828125000000000e-02,7.536010742187500000e-01,4.913940429687500000e-01
-3.000000000000000000e+00,-4.000000000000000000e+00,4.000000000000000000e+00,-4.000000000000000000e+00,-6.000000000000000000e+00,-5.000000000000000000e+00,7.000000000000000000e+00,-2.000000000000000000e+00,-4.320068359375000000e-01,6.298828125000000000e-02,7.536010742187500000e-01,4.913940429687500000e-01
3.000000000000000000e+00,2.000000000000000000e+00,-3.000000000000000000e+00,-1.000000000000000000e+00,-1.000000000000000000e+00,1.000000000000000000e+00,2.000000000000000000e+00,1.000000000000000000e+00,-4.306640625000000000e-01,6.414794921875000000e-02,7.538452148437500000e-01,4.920043945312500000e-01
-2.000000000000000000e+00,-3.000000000000000000e+00,-3.000000000000000000e+00,-2.000000000000000000e+00,0.000000000000000000e+00,0.000000000000000000e+00,0.000000000000000000e+00,-3.000000000000000000e+00,-4.306640625000000000e-01,6.414794921875000000e-02,7.538452148437500000e-01,4.920043945312500000e-01
-4.000000000000000000e+00,-3.000000000000000000e+00,4.000000000000000000e+00,-9.000000000000000000e+00,-5.000000000000000000e+00,-7.000000000000000000e+00,6.000000000000000000e+00,-2.000000000000000000e+00,-4.306640625000000000e-01,6.414794921875000000e-02,7.538452148437500000e-01,4.920043945312500000e-01
0.000000000000000000e+00,-2.000000000000000000e+00,-5.000000000000000000e+00,-3.000000000000000000e+00,0.000000000000000000e+00,1.500000000000000000e+01,0.000000000000000000e+00,3.000000000000000000e+00,-4.306640625000000000e-01,6.414794921875000000e-02,7.538452148437500000e-01,4.920043945312500000e-01
1.000000000000000000e+00,-3.000000000000000000e+00,-7.000000000000000000e+00,3.000000000000000000e+00,0.000000000000000000e+00,-4.000000000000000000e+00,-3.000000000000000000e+00,-2.000000000000000000e+00,-4.300537109375000000e-01,6.451416015625000000e-02,7.540893554687500000e-01,4.921264648437500000e-01
1.000000000000000000e+00,9.000000000000000000e+00,2.300000000000000000e+01,8.000000000000000000e+00,-3.000000000000000000e+00,0.000000000000000000e+00,-2.000000000000000000e+00,0.000000000000000000e+00,-4.300537109375000000e-01,6.451416015625000000e-02,7.540893554687500000e-01,4.921264648437500000e-01
-1.000000000000000000e+00,-8.000000000000000000e+00,-2.500000000000000000e+01,-7.000000000000000000e+00,0.000000000000000000e+00,-1.000000000000000000e+00,5.000000000000000000e+00,2.000000000000000000e+00,-4.300537109375000000e-01,6.451416015625000000e-02,7.540893554687500000e-01,4.921264648437500000e-01
-8.000000000000000000e+00,-7.000000000000000000e+00,8.000000000000000000e+00,-3.000000000000000000e+00,-5.000000000000000000e+00,-6.000000000000000000e+00,-6.000000000000000000e+00,-8.000000000000000000e+00,-4.300537109375000000e-01,6.451416015625000000e-02,7.540893554687500000e-01,4.921264648437500000e-01
0.000000000000000000e+00,-4.000000000000000000e+00,3.000000000000000000e+00,-7.000000000000000000e+00,-1.000000000000000000e+00,0.000000000000000000e+00,0.000000000000000000e+00,2.000000000000000000e+00,-4.298095703125000000e-01,6.518554687500000000e-02,7.539672851562500000e-01,4.924926757812500000e-01
0.000000000000000000e+00,2.000000000000000000e+00,2.500000000000000000e+01,5.000000000000000000e+00,-1.000000000000000000e+00,-3.000000000000000000e+00,1.000000000000000000e+00,3.000000000000000000e+00,-4.298095703125000000e-01,6.518554687500000000e-02,7.539672851562500000e-01,4.924926757812500000e-01
-2.000000000000000000e+00,3.000000000000000000e+00,-2.400000000000000000e+01,-4.000000000000000000e+00,-1.000000000000000000e+00,4.000000000000000000e+00,-1.000000000000000000e+00,-4.000000000000000000e+00,-4.298095703125000000e-01,6.518554687500000000e-02,7.539672851562500000e-01,4.924926757812500000e-01
-6.000000000000000000e+00,-1.000000000000000000e+00,1.500000000000000000e+01,9.000000000000000000e+00,0.000000000000000000e+00,-8.000000000000000000e+00,-6.000000000000000000e+00,-2.000000000000000000e+00,-4.298095703125000000e-01,6.518554687500000000e-02,7.539672851562500000e-01,4.924926757812500000e-01
-2.000000000000000000e+00,-4.000000000000000000e+00,0.000000000000000000e+00,4.000000000000000000e+00,-2.000000000000000000e+00,1.000000000000000000e+00,-2.000000000000000000e+00,-2.000000000000000000e+00,-4.295043945312500000e-01,6.646728515625000000e-02,7.542114257812500000e-01,4.921875000000000000e-01
2.000000000000000000e+00,1.000000000000000000e+00,-6.000000000000000000e+00,-7.000000000000000000e+00,-3.000000000000000000e+00,-1.100000000000000000e+01,-6.000000000000000000e+00,-3.000000000000000000e+00,-4.295043945312500000e-01,6.646728515625000000e-02,7.542114257812500000e-01,4.921875000000000000e-01
5.000000000000000000e+00,4.000000000000000000e+00,2.600000000000000000e+01,8.000000000000000000e+00,6.000000000000000000e+00,7.000000000000000000e+00,6.000000000000000000e+00,5.000000000000000000e+00,-4.295043945312500000e-01,6.646728515625000000e-02,7.542114257812500000e-01,4.921875000000000000e-01
-2.000000000000000000e+00,-1.000000000000000000e+00,-1.400000000000000000e+01,-2.000000000000000000e+00,-5.000000000000000000e+00,-6.000000000000000000e+00,-2.000000000000000000e+00,-4.000000000000000000e+00,-4.295043945312500000e-01,6.646728515625000000e-02,7.542114257812500000e-01,4.921875000000000000e-01
-6.000000000000000000e+00,-8.000000000000000000e+00,-8.000000000000000000e+00,-4.000000000000000000e+00,-4.000000000000000000e+00,-2.000000000000000000e+00,9.000000000000000000e+00,-3.000000000000000000e+00,-4.293823242187500000e-01,6.713867187500000000e-02,7.549438476562500000e-01,4.910278320312500000e-01
-4.000000000000000000e+00,0.000000000000000000e+00,-2.000000000000000000e+00,-2.000000000000000000e+00,0.000000000000000000e+00,-9.000000000000000000e+00,-2.200000000000000000e+01,-3.000000000000000000e+00,-4.293823242187500000e-01,6.713867187500000000e-02,7.549438476562500000e-01,4.910278320312500000e-01
1.000000000000000000e+00,2.000000000000000000e+00,6.000000000000000000e+00,1.000000000000000000e+00,3.000000000000000000e+00,1.100000000000000000e+01,1.700000000000000000e+01,2.000000000000000000e+00,-4.293823242187500000e-01,6.713867187500000000e-02,7.549438476562500000e-01,4.910278320312500000e-01
5.000000000000000000e+00,7.000000000000000000e+00,6.000000000000000000e+00,2.000000000000000000e+00,5.000000000000000000e+00,4.000000000000000000e+00,-2.000000000000000000e+00,2.000000000000000000e+00,-4.293823242187500000e-01,6.713867187500000000e-02,7.549438476562500000e-01,4.910278320312500000e-01
0.000000000000000000e+00,-2.000000000000000000e+00,6.000000000000000000e+00,-2.000000000000000000e+00,-1.000000000000000000e+00,-3.000000000000000000e+00,-6.000000000000000000e+00,-2.000000000000000000e+00,-4.295043945312500000e-01,6.701660156250000000e-02,7.551269531250000000e-01,4.907226562500000000e-01
0.000000000000000000e+00,-4.000000000000000000e+00,-1.500000000000000000e+01,-7.000000000000000000e+00,-4.000000000000000000e+00,2.000000000000000000e+00,7.000000000000000000e+00,1.000000000000000000e+00,-4.295043945312500000e-01,6.701660156250000000e-02,7.551269531250000000e-01,4.907226562500000000e-01
-1.000000000000000000e+00,-3.000000000000000000e+00,-8.000000000000000000e+00,4.000000000000000000e+00,1.000000000000000000e+00,3.000000000000000000e+00,-4.000000000000000000e+00,-4.000000000000000000e+00,-4.295043945312500000e-01,6.701660156250000000e-02,7.551269531250000000e-01,4.907226562500000000e-01
0.000000000000000000e+00,1.000000000000000000e+00,1.300000000000000000e+01,2.000000000000000000e+00,0.000000000000000000e+00,-4.000000000000000000e+00,1.000000000000000000e+00,0.000000000000000000e+00,-4.295043945312500000e-01,6.701660156250000000e-02,7.551269531250000000e-01,4.907226562500000000e-01
2.000000000000000000e+00,6.000000000000000000e+00,9.000000000000000000e+00,-5.000000000000000000e+00,-3.000000000000000000e+00,-2.000000000000000000e+00,-5.000000000000000000e+00,-1.000000000000000000e+00,-4.289550781250000000e-01,6.756591796875000000e-02,7.546386718750000000e-01,4.918212890625000000e-01
-4.000000000000000000e+00,-6.000000000000000000e+00,-2.700000000000000000e+01,4.000000000000000000e+00,-2.000000000000000000e+00,4.000000000000000000e+00,1.000000000000000000e+00,0.000000000000000000e+00,-4.289550781250000000e-01,6.756591796875000000e-02,7.546386718750000000e-01,4.918212890625000000e-01
-3.000000000000000000e+00,-3.000000000000000000e+00,1.800000000000000000e+01,-1.100000000000000000e+01,-5.000000000000000000e+00,-5.000000000000000000e+00,-8.000000000000000000e+00,-3.000000000000000000e+00,-4.289550781250000000e-01,6.756591796875000000e-02,7.546386718750000000e-01,4.918212890625000000e-01
4.000000000000000000e+00,8.000000000000000000e+00,-4.000000000000000000e+00,-2.000000000000000000e+00,-1.000000000000000000e+00,-3.000000000000000000e+00,2.000000000000000000e+00,1.000000000000000000e+00,-4.289550781250000000e-01,6.756591796875000000e-02,7.546386718750000000e-01,4.918212890625000000e-01
-3.000000000000000000e+00,-7.000000000000000000e+00,-1.300000000000000000e+01,4.000000000000000000e+00,-2.000000000000000000e+00,0.000000000000000000e+00,-3.000000000000000000e+00,-1.000000000000000000e+00,-4.279785156250000000e-01,6.866455078125000000e-02,7.542724609375000000e-01,4.931030273437500000e-01
1.000000000000000000e+00,1.000000000000000000e+00,1.400000000000000000e+01,3.000000000000000000e+00,3.000000000000000000e+00,6.000000000000000000e+00,8.000000000000000000e+00,2.000000000000000000e+00,-4.279785156250000000e-01,6.866455078125000000e-02,7.542724609375000000e-01,4.931030273437500000e-01
-1.000000000000000000e+00,2.000000000000000000e+00,6.000000000000000000e+00,4.000000000000000000e+00,1.000000000000000000e+00,-2.000000000000000000e+00,0.000000000000000000e+00,-1.000000000000000000e+00,-4.279785156250000000e-01,6.866455078125000000e-02,7.542724609375000000e-01,4.931030273437500000e-01
1.000000000000000000e+00,1.000000000000000000e+00,0.000000000000000000e+00,-1.000000000000000000e+00,-1.000000000000000000e+00,0.000000000000000000e+00,3.000000000000000000e+00,-2.000000000000000000e+00,-4.279785156250000000e-01,6.866455078125000000e-02,7.542724609375000000e-01,4.931030273437500000e-01
0.000000000000000000e+00,5.000000000000000000e+00,2.000000000000000000e+00,-6.000000000000000000e+00,-3.000000000000000000e+00,0.000000000000000000e+00,-1.000000000000000000e+00,2.000000000000000000e+00,-4.274902343750000000e-01,6.835937500000000000e-02,7.538452148437500000e-01,4.942626953125000000e-01
1.000000000000000000e+00,-3.000000000000000000e+00,-1.000000000000000000e+00,4.000000000000000000e+00,3.000000000000000000e+00,-1.000000000000000000e+00,1.000000000000000000e+00,0.000000000000000000e+00,-4.274902343750000000e-01,6.835937500000000000e-02,7.538452148437500000e-01,4.942626953125000000e-01
0.000000000000000000e+00,4.000000000000000000e+00,4.000000000000000000e+00,8.000000000000000000e+00,-1.000000000000000000e+00,-4.000000000000000000e+00,-6.000000000000000000e+00,-2.000000000000000000e+00,-4.274902343750000000e-01,6.835937500000000000e-02,7.538452148437500000e-01,4.942626953125000000e-01
-5.000000000000000000e+00,-9.000000000000000000e+00,-3.000000000000000000e+00,-1.400000000000000000e+01,-8.000000000000000000e+00,-2.000000000000000000e+00,-4.000000000000000000e+00,-3.000000000000000000e+00,-4.274902343750000000e-01,6.835937500000000000e-02,7.538452148437500000e-01,4.942626953125000000e-01
1.000000000000000000e+00,-3.000000000000000000e+00,-1.500000000000000000e+01,5.000000000000000000e+00,2.000000000000000000e+00,-3.000000000000000000e+00,1.000000000000000000e+00,3.000000000000000000e+00,-4.271850585937500000e-01,6.646728515625000000e-02,7.533569335937500000e-01,4.954833984375000000e-01
1.000000000000000000e+00,0.000000000000000000e+00,0.000000000000000000e+00,0.000000000000000000e+00,0.000000000000000000e+00,1.300000000000000000e+01,1.100000000000000000e+01,-1.000000000000000000e+00,-4.271850585937500000e-01,6.646728515625000000e-02,7.533569335937500000e-01,4.954833984375000000e-01
2.000000000000000000e+00,6.000000000000000000e+00,1.500000000000000000e+01,-4.000000000000000000e+00,1.000000000000000000e+00,-4.000000000000000000e+00,-1.500000000000000000e+01,-2.000000000000000000e+00,-4.271850585937500000e-01,6.646728515625000000e-02,7.533569335937500000e-01,4.954833984375000000e-01
0.000000000000000000e+00,1.000000000000000000e+00,-1.100000000000000000e+01,6.000000000000000000e+00,-1.000000000000000000e+00,1.000000000000000000e+00,8.000000000000000000e+00,0.000000000000000000e+00,-4.271850585937500000e-01,6.646728515625000000e-02,7.533569335937500000e-01,4.954833984375000000e-01
-6.000000000000000000e+00,-7.000000000000000000e+00,-6.000000000000000000e+00,-9.000000000000000000e+00,-4.000000000000000000e+00,-4.000000000000000000e+00,-2.200000000000000000e+01,-5.000000000000000000e+00,-4.264526367187500000e-01,6.549072265625000000e-02,7.528686523437500000e-01,4.969482421875000000e-01
-3.000000000000000000e+00,-5.000000000000000000e+00,-2.000000000000000000e+00,2.000000000000000000e+00,-3.000000000000000000e+00,-2.000000000000000000e+00,0.000000000000000000e+00,0.000000000000000000e+00,-4.264526367187500000e-01,6.549072265625000000e-02,7.528686523437500000e-01,4.969482421875000000e-01
-1.000000000000000000e+00,0.000000000000000000e+00,-3.000000000000000000e+00,3.000000000000000000e+00,1.000000000000000000e+00,0.000000000000000000e+00,3.000000000000000000e+00,-1.000000000000000000e+00,-4.264526367187500000e-01,6.549072265625000000e-02,7.528686523437500000e-01,4.969482421875000000e-01
-1.000000000000000000e+00,2.000000000000000000e+00,-2.000000000000000000e+00,9.000000000000000000e+00,3.000000000000000000e+00,0.000000000000000000e+00,0.000000000000000000e+00,0.000000000000000000e+00,-4.264526367187500000e-01,6.549072265625000000e-02,7.528686523437500000e-01,4.969482421875000000e-01
0.000000000000000000e+00,-3.000000000000000000e+00,1.000000000000000000e+00,-7.000000000000000000e+00,1.000000000000000000e+00,1.000000000000000000e+00,3.000000000000000000e+00,1.000000000000000000e+00,-4.257202148437500000e-01,6.579589843750000000e-02,7.525024414062500000e-01,4.981079101562500000e-01
-1.000000000000000000e+00,1.000000000000000000e+00,-1.000000000000000000e+01,4.000000000000000000e+00,-1.000000000000000000e+00,-2.000000000000000000e+00,0.000000000000000000e+00,-2.000000000000000000e+00,-4.257202148437500000e-01,6.579589843750000000e-02,7.525024414062500000e-01,4.981079101562500000e-01
-5.000000000000000000e+00,-1.000000000000000000e+01,-6.000000000000000000e+00,-1.800000000000000000e+01,-8.000000000000000000e+00,-5.000000000000000000e+00,-5.000000000000000000e+00,-2.000000000000000000e+00,-4.257202148437500000e-01,6.579589843750000000e-02,7.525024414062500000e-01,4.981079101562500000e-01
2.000000000000000000e+00,2.000000000000000000e+00,0.000000000000000000e+00,-6.000000000000000000e+00,-3.000000000000000000e+00,-2.000000000000000000e+00,-3.000000000000000000e+00,1.000000000000000000e+00,-4.257202148437500000e-01,6.579589843750000000e-02,7.525024414062500000e-01,4.981079101562500000e-01
-2.000000000000000000e+00,-4.000000000000000000e+00,-9.000000000000000000e+00,4.000000000000000000e+00,-1.000000000000000000e+00,-1.000000000000000000e+00,4.000000000000000000e+00,-1.000000000000000000e+00,-4.256591796875000000e-01,6.658935546875000000e-02,7.527465820312500000e-01,4.976806640625000000e-01
-2.000000000000000000e+00,0.000000000000000000e+00,7.000000000000000000e+00,-4.000000000000000000e+00,2.000000000000000000e+00,-2.000000000000000000e+00,-4.000000000000000000e+00,-3.000000000000000000e+00,-4.256591796875000000e-01,6.658935546875000000e-02,7.527465820312500000e-01,4.976806640625000000e-01
-1.000000000000000000e+00,0.000000000000000000e+00,5.000000000000000000e+00,2.000000000000000000e+00,-2.000000000000000000e+00,0.000000000000000000e+00,1.000000000000000000e+00,0.000000000000000000e+00,-4.256591796875000000e-01,6.658935546875000000e-02,7.527465820312500000e-01,4.976806640625000000e-01
-3.000000000000000000e+00,-8.000000000000000000e+00,-2.200000000000000000e+01,-4.000000000000000000e+00,-1.000000000000000000e+00,1.000000000000000000e+00,-3.000000000000000000e+00,-3.000000000000000000e+00,-4.256591796875000000e-01,6.658935546875000000e-02,7.527465820312500000e-01,4.976806640625000000e-01
1.000000000000000000e+00,2.000000000000000000e+00,0.000000000000000000e+00,0.000000000000000000e+00,1.000000000000000000e+00,3.000000000000000000e+00,3.000000000000000000e+00,-2.000000000000000000e+00,-4.261474609375000000e-01,6.726074218750000000e-02,7.534179687500000000e-01,4.961547851562500000e-01
-2.000000000000000000e+00,-3.000000000000000000e+00,-8.000000000000000000e+00,-1.300000000000000000e+01,-6.000000000000000000e+00,-9.000000000000000000e+00,-5.000000000000000000e+00,-2.000000000000000000e+00,-4.261474609375000000e-01,6.726074218750000000e-02,7.534179687500000000e-01,4.961547851562500000e-01
-3.000000000000000000e+00,0.000000000000000000e+00,-2.400000000000000000e+01,0.000000000000000000e+00,-1.000000000000000000e+00,2.000000000000000000e+00,0.000000000000000000e+00,1.000000000000000000e+00,-4.261474609375000000e-01,6.726074218750000000e-02,7.534179687500000000e-01,4.961547851562500000e-01
-2.000000000000000000e+00,3.000000000000000000e+00,1.100000000000000000e+01,1.000000000000000000e+00,0.000000000000000000e+00,-2.000000000000000000e+00,-1.000000000000000000e+00,-6.000000000000000000e+00,-4.261474609375000000e-01,6.726074218750000000e-02,7.534179687500000000e-01,4.961547851562500000e-01
6.000000000000000000e+00,2.000000000000000000e+00,-2.000000000000000000e+00,2.000000000000000000e+00,-1.000000000000000000e+00,1.000000000000000000e+00,6.000000000000000000e+00,2.000000000000000000e+00,-4.261474609375000000e-01,6.890869140625000000e-02,7.542114257812500000e-01,4.946899414062500000e-01
-2.000000000000000000e+00,-1.000000000000000000e+01,5.000000000000000000e+00,0.000000000000000000e+00,-2.000000000000000000e+00,-8.000000000000000000e+00,-9.000000000000000000e+00,1.000000000000000000e+00,-4.261474609375000000e-01,6.890869140625000000e-02,7.542114257812500000e-01,4.946899414062500000e-01
-2.000000000000000000e+00,2.000000000000000000e+00,8.000000000000000000e+00,5.000000000000000000e+00,4.000000000000000000e+00,0.000000000000000000e+00,1.400000000000000000e+01,-2.000000000000000000e+00,-4.261474609375000000e-01,6.890869140625000000e-02,7.542114257812500000e-01,4.946899414062500000e-01
-4.000000000000000000e+00,-5.000000000000000000e+00,-1.800000000000000000e+01,-1.300000000000000000e+01,-4.000000000000000000e+00,-3.000000000000000000e+00,-4.000000000000000000e+00,0.000000000000000000e+00,-4.261474609375000000e-01,6.890869140625000000e-02,7.542114257812500000e-01,4.946899414062500000e-01
1.000000000000000000e+00,6.000000000000000000e+00,1.200000000000000000e+01,8.000000000000000000e+00,0.000000000000000000e+00,-3.000000000000000000e+00,3.000000000000000000e+00,-3.000000000000000000e+00,-4.258422851562500000e-01,7.257080078125000000e-02,7.547607421875000000e-01,4.936523437500000000e-01
-4.000000000000000000e+00,0.000000000000000000e+00,-2.000000000000000000e+00,-4.000000000000000000e+00,-1.000000000000000000e+00,-2.000000000000000000e+00,-4.000000000000000000e+00,-2.000000000000000000e+00,-4.258422851562500000e-01,7.257080078125000000e-02,7.547607421875000000e-01,4.936523437500000000e-01
3.000000000000000000e+00,3.000000000000000000e+00,1.200000000000000000e+01,0.000000000000000000e+00,-1.000000000000000000e+00,0.000000000000000000e+00,4.000000000000000000e+00,3.000000000000000000e+00,-4.258422851562500000e-01,7.257080078125000000e-02,7.547607421875000000e-01,4.936523437500000000e-01
-6.000000000000000000e+00,-1.100000000000000000e+01,-3.000000000000000000e+00,1.100000000000000000e+01,1.000000000000000000e+00,-6.000000000000000000e+00,-9.000000000000000000e+00,-7.000000000000000000e+00,-4.258422851562500000e-01,7.257080078125000000e-02,7.547607421875000000e-01,4.936523437500000000e-01
-3.000000000000000000e+00,2.000000000000000000e+00,1.000000000000000000e+00,-1.700000000000000000e+01,-6.000000000000000000e+00,-8.000000000000000000e+00,-5.000000000000000000e+00,-5.000000000000000000e+00,-4.254150390625000000e-01,7.702636718750000000e-02,7.548828125000000000e-01,4.931640625000000000e-01
5.000000000000000000e+00,5.000000000000000000e+00,1.000000000000000000e+01,9.000000000000000000e+00,3.000000000000000000e+00,1.100000000000000000e+01,1.700000000000000000e+01,2.000000000000000000e+00,-4.254150390625000000e-01,7.702636718750000000e-02,7.548828125000000000e-01,4.931640625000000000e-01
0.000000000000000000e+00,-1.000000000000000000e+00,-9.000000000000000000e+00,3.000000000000000000e+00,1.000000000000000000e+00,-4.000000000000000000e+00,-1.600000000000000000e+01,0.000000000000000000e+00,-4.254150390625000000e-01,7.702636718750000000e-02,7.548828125000000000e-01,4.931640625000000000e-01
-2.000000000000000000e+00,-8.000000000000000000e+00,5.000000000000000000e+00,2.000000000000000000e+00,1.000000000000000000e+00,1.000000000000000000e+00,1.000000000000000000e+00,2.000000000000000000e+00,-4.254150390625000000e-01,7.702636718750000000e-02,7.548828125000000000e-01,4.931640625000000000e-01
2.000000000000000000e+00,4.000000000000000000e+00,-1.200000000000000000e+01,-3.000000000000000000e+00,-2.000000000000000000e+00,2.000000000000000000e+00,-1.000000000000000000e+00,2.000000000000000000e+00,-4.254760742187500000e-01,8.184814453125000000e-02,7.546386718750000000e-01,4.926757812500000000e-01
-5.000000000000000000e+00,-1.000000000000000000e+01,0.000000000000000000e+00,-7.000000000000000000e+00,-5.000000000000000000e+00,-1.000000000000000000e+00,-3.000000000000000000e+00,-3.000000000000000000e+00,-4.254760742187500000e-01,8.184814453125000000e-02,7.546386718750000000e-01,4.926757812500000000e-01
-3.000000000000000000e+00,-1.000000000000000000e+00,0.000000000000000000e+00,-2.000000000000000000e+00,-3.000000000000000000e+00,-4.000000000000000000e+00,0.000000000000000000e+00,-4.000000000000000000e+00,-4.254760742187500000e-01,8.184814453125000000e-02,7.546386718750000000e-01,4.926757812500000000e-01
2.000000000000000000e+00,4.000000000000000000e+00,-1.000000000000000000e+00,-6.000000000000000000e+00,-1.000000000000000000e+00,-1.000000000000000000e+00,-5.000000000000000000e+00,-4.000000000000000000e+00,-4.254760742187500000e-01,8.184814453125000000e-02,7.546386718750000000e-01,4.926757812500000000e-01
-2.000000000000000000e+00,-5.000000000000000000e+00,-8.000000000000000000e+00,1.600000000000000000e+01,0.000000000000000000e+00,-2.000000000000000000e+00,-3.000000000000000000e+00,2.000000000000000000e+00,-4.254150390625000000e-01,8.612060546875000000e-02,7.547607421875000000e-01,4.918212890625000000e-01
1.000000000000000000e+00,0.000000000000000000e+00,-7.000000000000000000e+00,-9.000000000000000000e+00,-2.000000000000000000e+00,-2.000000000000000000e+00,2.000000000000000000e+00,3.000000000000000000e+00,-4.254150390625000000e-01,8.612060546875000000e-02,7.547607421875000000e-01,4.918212890625000000e-01
-1.000000000000000000e+00,-1.000000000000000000e+00,-1.000000000000000000e+00,-8.000000000000000000e+00,-4.000000000000000000e+00,0.000000000000000000e+00,-2.000000000000000000e+00,-3.000000000000000000e+00,-4.254150390625000000e-01,8.612060546875000000e-02,7.547607421875000000e-01,4.918212890625000000e-01
-2.000000000000000000e+00,-2.000000000000000000e+00,7.000000000000000000e+00,1.000000000000000000e+00,-1.000000000000000000e+00,-3.000000000000000000e+00,-1.000000000000000000e+00,3.000000000000000000e+00,-4.254150390625000000e-01,8.612060546875000000e-02,7.547607421875000000e-01,4.918212890625000000e-01
-1.000000000000000000e+00,3.000000000000000000e+00,5.000000000000000000e+00,-4.000000000000000000e+00,-4.000000000000000000e+00,7.000000000000000000e+00,6.000000000000000000e+00,0.000000000000000000e+00,-4.260864257812500000e-01,8.837890625000000000e-02,7.548217773437500000e-01,4.906616210937500000e-01
-3.000000000000000000e+00,-5.000000000000000000e+00,-2.000000000000000000e+01,-4.000000000000000000e+00,-5.000000000000000000e+00,-4.000000000000000000e+00,-4.000000000000000000e+00,-5.000000000000000000e+00,-4.260864257812500000e-01,8.837890625000000000e-02,7.548217773437500000e-01,4.906616210937500000e-01
0.000000000000000000e+00,0.000000000000000000e+00,1.200000000000000000e+01,-4.000000000000000000e+00,-1.000000000000000000e+00,-7.000000000000000000e+00,-1.100000000000000000e+01,2.000000000000000000e+00,-4.260864257812500000e-01,8.837890625000000000e-02,7.548217773437500000e-01,4.906616210937500000e-01
-2.000000000000000000e+00,-3.000000000000000000e+00,-9.000000000000000000e+00,-1.000000000000000000e+00,-1.000000000000000000e+00,-1.000000000000000000e+00,2.000000000000000000e+00,1.000000000000000000e+00,-4.260864257812500000e-01,8.837890625000000000e-02,7.548217773437500000e-01,4.906616210937500000e-01
0.000000000000000000e+00,0.000000000000000000e+00,8.000000000000000000e+00,6.000000000000000000e+00,0.000000000000000000e+00,-1.000000000000000000e+00,0.000000000000000000e+00,-1.000000000000000000e+00,-4.267578125000000000e-01,8.941650390625000000e-02,7.546997070312500000e-01,4.901123046875000000e-01
3.000000000000000000e+00,5.000000000000000000e+00,1.000000000000000000e+00,-1.100000000000000000e+01,-2.000000000000000000e+00,0.000000000000000000e+00,3.000000000000000000e+00,2.000000000000000000e+00,-4.267578125000000000e-01,8.941650390625000000e-02,7.546997070312500000e-01,4.901123046875000000e-01
0.000000000000000000e+00,-2.000000000000000000e+00,8.000000000000000000e+00,0.000000000000000000e+00,0.000000000000000000e+00,-4.000000000000000000e+00,0.000000000000000000e+00,-1.000000000000000000e+00,-4.267578125000000000e-01,8.941650390625000000e-02,7.546997070312500000e-01,4.901123046875000000e-01
0.000000000000000000e+00,4.000000000000000000e+00,-1.000000000000000000e+01,-1.000000000000000000e+00,-3.000000000000000000e+00,1.000000000000000000e+00,0.000000000000000000e+00,0.000000000000000000e+00,-4.267578125000000000e-01,8.941650390625000000e-02,7.546997070312500000e-01,4.901123046875000000e-01
-3.000000000000000000e+00,-1.000000000000000000e+01,8.000000000000000000e+00,-4.000000000000000000e+00,-4.000000000000000000e+00,-1.000000000000000000e+00,2.000000000000000000e+00,-2.000000000000000000e+00,-4.270629882812500000e-01,9.075927734375000000e-02,7.545166015625000000e-01,4.899902343750000000e-01
-2.000000000000000000e+00,-1.000000000000000000e+00,1.000000000000000000e+00,-2.000000000000000000e+00,-1.000000000000000000e+00,-2.000000000000000000e+00,-6.000000000000000000e+00,-2.000000000000000000e+00,-4.270629882812500000e-01,9.075927734375000000e-02,7.545166015625000000e-01,4.899902343750000000e-01
4.000000000000000000e+00,3.000000000000000000e+00,-5.000000000000000000e+00,7.000000000000000000e+00,2.000000000000000000e+00,2.000000000000000000e+00,-2.000000000000000000e+00,-1.000000000000000000e+00,-4.270629882812500000e-01,9.075927734375000000e-02,7.545166015625000000e-01,4.899902343750000000e-01
-1.000000000000000000e+00,-1.000000000000000000e+00,1.500000000000000000e+01,-7.000000000000000000e+00,0.000000000000000000e+00,-5.000000000000000000e+00,-5.000000000000000000e+00,-2.000000000000000000e+00,-4.270629882812500000e-01,9.075927734375000000e-02,7.545166015625000000e-01,4.899902343750000000e-01
-1.000000000000000000e+00,0.000000000000000000e+00,4.000000000000000000e+00,2.000000000000000000e+00,1.000000000000000000e+00,3.000000000000000000e+00,9.000000000000000000e+00,2.000000000000000000e+00,-4.279174804687500000e-01,9.051513671875000000e-02,7.546386718750000000e-01,4.890136718750000000e-01
-1.000000000000000000e+00,3.000000000000000000e+00,-5.000000000000000000e+00,-5.000000000000000000e+00,-2.000000000000000000e+00,-3.000000000000000000e+00,-1.000000000000000000e+01,-2.000000000000000000e+00,-4.279174804687500000e-01,9.051513671875000000e-02,7.546386718750000000e-01,4.890136718750000000e-01
-4.000000000000000000e+00,-7.000000000000000000e+00,-5.000000000000000000e+00,2.000000000000000000e+00,-1.000000000000000000e+00,-1.000000000000000000e+00,-1.000000000000000000e+00,-2.000000000000000000e+00,-4.279174804687500000e-01,9.051513671875000000e-02,7.546386718750000000e-01,4.890136718750000000e-01
1.000000000000000000e+00,2.000000000000000000e+00,4.000000000000000000e+00,5.000000000000000000e+00,3.000000000000000000e+00,3.000000000000000000e+00,1.000000000000000000e+00,-1.000000000000000000e+00,-4.279174804687500000e-01,9.051513671875000000e-02,7.546386718750000000e-01,4.890136718750000000e-01
-4.000000000000000000e+00,-8.000000000000000000e+00,-8.000000000000000000e+00,-8.000000000000000000e+00,-3.000000000000000000e+00,-3.000000000000000000e+00,-3.000000000000000000e+00,-4.000000000000000000e+00,-4.293823242187500000e-01,8.813476562500000000e-02,7.548828125000000000e-01,4.878540039062500000e-01
-3.000000000000000000e+00,-3.000000000000000000e+00,4.000000000000000000e+00,-2.000000000000000000e+00,-1.000000000000000000e+00,-1.000000000000000000e+00,-1.000000000000000000e+00,3.000000000000000000e+00,-4.293823242187500000e-01,8.813476562500000000e-02,7.548828125000000000e-01,4.878540039062500000e-01
-3.000000000000000000e+00,-9.000000000000000000e+00,-1.600000000000000000e+01,-1.000000000000000000e+01,-2.000000000000000000e+00,3.000000000000000000e+00,2.000000000000000000e+00,-2.000000000000000000e+00,-4.293823242187500000e-01,8.813476562500000000e-02,7.548828125000000000e-01,4.878540039062500000e-01
0.000000000000000000e+00,3.000000000000000000e+00,1.100000000000000000e+01,1.000000000000000000e+00,-5.000000000000000000e+00,-2.000000000000000000e+00,-1.000000000000000000e+00,1.000000000000000000e+00,-4.293823242187500000e-01,8.813476562500000000e-02,7.548828125000000000e-01,4.878540039062500000e-01
-1.000000000000000000e+00,-2.000000000000000000e+00,-4.000000000000000000e+00,-5.000000000000000000e+00,0.000000000000000000e+00,-5.000000000000000000e+00,-4.000000000000000000e+00,-3.000000000000000000e+00,-4.301757812500000000e-01,8.563232421875000000e-02,7.552490234375000000e-01,4.869995117187500000e-01
-1.000000000000000000e+00,-1.000000000000000000e+00,1.100000000000000000e+01,4.000000000000000000e+00,0.000000000000000000e+00,-1.000000000000000000e+00,2.000000000000000000e+00,-3.000000000000000000e+00,-4.301757812500000000e-01,8.563232421875000000e-02,7.552490234375000000e-01,4.869995117187500000e-01
-1.000000000000000000e+00,1.000000000000000000e+00,1.000000000000000000e+00,2.000000000000000000e+00,-2.000000000000000000e+00,-2.000000000000000000e+00,-4.000000000000000000e+00,0.000000000000000000e+00,-4.301757812500000000e-01,8.563232421875000000e-02,7.552490234375000000e-01,4.869995117187500000e-01
1.000000000000000000e+00,-3.000000000000000000e+00,-6.000000000000000000e+00,-4.000000000000000000e+00,-1.000000000000000000e+00,1.000000000000000000e+00,1.000000000000000000e+00,1.000000000000000000e+00,-4.301757812500000000e-01,8.563232421875000000e-02,7.552490234375000000e-01,4.869995117187500000e-01
0.000000000000000000e+00,5.000000000000000000e+00,1.500000000000000000e+01,4.000000000000000000e+00,-2.000000000000000000e+00,2.000000000000000000e+00,1.000000000000000000e+00,-1.000000000000000000e+00,-4.303588867187500000e-01,8.422851562500000000e-02,7.554931640625000000e-01,4.866943359375000000e-01
0.000000000000000000e+00,5.000000000000000000e+00,-9.000000000000000000e+00,7.000000000000000000e+00,5.000000000000000000e+00,1.000000000000000000e+00,-3.000000000000000000e+00,-1.000000000000000000e+00,-4.303588867187500000e-01,8.422851562500000000e-02,7.554931640625000000e-01,4.866943359375000000e-01
-3.000000000000000000e+00,-8.000000000000000000e+00,-1.500000000000000000e+01,-1.300000000000000000e+01,-3.000000000000000000e+00,-5.000000000000000000e+00,1.000000000000000000e+00,-3.000000000000000000e+00,-4.303588867187500000e-01,8.422851562500000000e-02,7.554931640625000000e-01,4.866943359375000000e-01
-1.000000000000000000e+00,-7.000000000000000000e+00,-4.000000000000000000e+00,-7.000000000000000000e+00,0.000000000000000000e+00,9.000000000000000000e+00,1.000000000000000000e+00,2.000000000000000000e+00,-4.303588867187500000e-01,8.422851562500000000e-02,7.554931640625000000e-01,4.866943359375000000e-01
-2.000000000000000000e+00,1.000000000000000000e+00,0.000000000000000000e+00,4.000000000000000000e+00,-1.000000000000000000e+00,-4.000000000000000000e+00,-3.000000000000000000e+00,-1.000000000000000000e+00,-4.301757812500000000e-01,8.367919921875000000e-02,7.557373046875000000e-01,4.865112304687500000e-01
-3.000000000000000000e+00,-2.000000000000000000e+00,2.000000000000000000e+00,-1.000000000000000000e+00,-5.000000000000000000e+00,-3.000000000000000000e+00,-3.000000000000000000e+00,-2.000000000000000000e+00,-4.301757812500000000e-01,8.367919921875000000e-02,7.557373046875000000e-01,4.865112304687500000e-01
1.000000000000000000e+00,3.000000000000000000e+00,4.000000000000000000e+00,6.000000000000000000e+00,2.000000000000000000e+00,3.000000000000000000e+00,5.000000000000000000e+00,1.000000000000000000e+00,-4.301757812500000000e-01,8.367919921875000000e-02,7.557373046875000000e-01,4.865112304687500000e-01
1.000000000000000000e+00,6.000000000000000000e+00,8.000000000000000000e+00,0.000000000000000000e+00,1.000000000000000000e+00,-2.000000000000000000e+00,-9.000000000000000000e+00,-3.000000000000000000e+00,-4.301757812500000000e-01,8.367919921875000000e-02,7.557373046875000000e-01,4.865112304687500000e-01
1.000000000000000000e+00,-4.000000000000000000e+00,-1.000000000000000000e+01,-2.000000000000000000e+00,-1.000000000000000000e+00,-4.000000000000000000e+00,-2.000000000000000000e+00,1.000000000000000000e+00,-4.296875000000000000e-01,8.337402343750000000e-02,7.561645507812500000e-01,4.863891601562500000e-01
2.000000000000000000e+00,8.000000000000000000e+00,1.300000000000000000e+01,1.100000000000000000e+01,1.000000000000000000e+00,2.000000000000000000e+00,3.000000000000000000e+00,1.000000000000000000e+00,-4.296875000000000000e-01,8.337402343750000000e-02,7.561645507812500000e-01,4.863891601562500000e-01
-5.000000000000000000e+00,-7.000000000000000000e+00,-2.000000000000000000e+01,-1.200000000000000000e+01,-2.000000000000000000e+00,4.000000000000000000e+00,1.000000000000000000e+00,-4.000000000000000000e+00,-4.296875000000000000e-01,8.337402343750000000e-02,7.561645507812500000e-01,4.863891601562500000e-01
-7.000000000000000000e+00,-1.200000000000000000e+01,-1.200000000000000000e+01,-1.000000000000000000e+01,-8.000000000000000000e+00,-4.000000000000000000e+00,0.000000000000000000e+00,-2.000000000000000000e+00,-4.296875000000000000e-01,8.337402343750000000e-02,7.561645507812500000e-01,4.863891601562500000e-01
-2.000000000000000000e+00,4.000000000000000000e+00,-6.000000000000000000e+00,-1.100000000000000000e+01,-5.000000000000000000e+00,-3.000000000000000000e+00,-3.000000000000000000e+00,1.000000000000000000e+00,-4.284667968750000000e-01,8.386230468750000000e-02,7.564086914062500000e-01,4.870605468750000000e-01
-2.000000000000000000e+00,-3.000000000000000000e+00,8.000000000000000000e+00,-2.000000000000000000e+00,-1.000000000000000000e+00,-1.000000000000000000e+00,-2.000000000000000000e+00,0.000000000000000000e+00,-4.284667968750000000e-01,8.386230468750000000e-02,7.564086914062500000e-01,4.870605468750000000e-01
0.000000000000000000e+00,1.000000000000000000e+00,5.000000000000000000e+00,7.000000000000000000e+00,0.000000000000000000e+00,-1.000000000000000000e+00,-2.000000000000000000e+00,0.000000000000000000e+00,-4.284667968750000000e-01,8.386230468750000000e-02,7.564086914062500000e-01,4.870605468750000000e-01
0.000000000000000000e+00,-2.000000000000000000e+00,2.000000000000000000e+00,-1.000000000000000000e+00,1.000000000000000000e+00,-2.000000000000000000e+00,1.000000000000000000e+00,-1.000000000000000000e+00,-4.284667968750000000e-01,8.386230468750000000e-02,7.564086914062500000e-01,4.870605468750000000e-01
0.000000000000000000e+00,-2.000000000000000000e+00,-3.000000000000000000e+00,1.000000000000000000e+00,0.000000000000000000e+00,1.000000000000000000e+00,-4.000000000000000000e+00,-1.000000000000000000e+00,-4.274291992187500000e-01,8.496093750000000000e-02,7.565917968750000000e-01,4.874267578125000000e-01
1.000000000000000000e+00,-2.000000000000000000e+00,2.000000000000000000e+00,-2.000000000000000000e+00,2.000000000000000000e+00,1.000000000000000000e+00,0.000000000000000000e+00,-2.000000000000000000e+00,-4.274291992187500000e-01,8.496093750000000000e-02,7.565917968750000000e-01,4.874267578125000000e-01
-2.000000000000000000e+00,3.000000000000000000e+00,3.000000000000000000e+00,3.000000000000000000e+00,-3.000000000000000000e+00,-3.000000000000000000e+00,-1.000000000000000000e+00,-1.000000000000000000e+00,-4.274291992187500000e-01,8.496093750000000000e-02,7.565917968750000000e-01,4.874267578125000000e-01
-5.000000000000000000e+00,-2.000000000000000000e+00,1.000000000000000000e+00,3.000000000000000000e+00,-1.000000000000000000e+00,-2.000000000000000000e+00,-2.000000000000000000e+00,-2.000000000000000000e+00,-4.274291992187500000e-01,8.496093750000000000e-02,7.565917968750000000e-01,4.874267578125000000e-01
2.000000000000000000e+00,6.000000000000000000e+00,1.200000000000000000e+01,-2.000000000000000000e+00,-2.000000000000000000e+00,1.000000000000000000e+00,2.000000000000000000e+00,-1.000000000000000000e+00,-4.271850585937500000e-01,8.508300781250000000e-02,7.570800781250000000e-01,4.868774414062500000e-01
-2.000000000000000000e+00,-8.000000000000000000e+00,-5.000000000000000000e+00,-3.000000000000000000e+00,-3.000000000000000000e+00,0.000000000000000000e+00,-1.900000000000000000e+01,-2.000000000000000000e+00,-4.271850585937500000e-01,8.508300781250000000e-02,7.570800781250000000e-01,4.868774414062500000e-01
-2.000000000000000000e+00,-1.000000000000000000e+00,-9.000000000000000000e+00,1.000000000000000000e+00,-3.000000000000000000e+00,-5.000000000000000000e+00,-1.000000000000000000e+00,-2.000000000000000000e+00,-4.271850585937500000e-01,8.508300781250000000e-02,7.570800781250000000e-01,4.868774414062500000e-01
-4.000000000000000000e+00,-4.000000000000000000e+00,-1.000000000000000000e+00,1.000000000000000000e+00,-6.000000000000000000e+00,-6.000000000000000000e+00,-5.000000000000000000e+00,-1.000000000000000000e+00,-4.271850585937500000e-01,8.508300781250000000e-02,7.570800781250000000e-01,4.868774414062500000e-01
-1.000000000000000000e+00,1.000000000000000000e+00,4.000000000000000000e+00,6.000000000000000000e+00,2.000000000000000000e+00,2.000000000000000000e+00,2.000000000000000000e+00,-2.000000000000000000e+00,-4.271850585937500000e-01,8.428955078125000000e-02,7.575073242187500000e-01,4.863891601562500000e-01
-1.000000000000000000e+00,2.000000000000000000e+00,-1.000000000000000000e+01,-1.000000000000000000e+00,2.000000000000000000e+00,-1.000000000000000000e+00,4.000000000000000000e+00,0.000000000000000000e+00,-4.271850585937500000e-01,8.428955078125000000e-02,7.575073242187500000e-01,4.863891601562500000e-01
-1.000000000000000000e+00,0.000000000000000000e+00,7.000000000000000000e+00,-2.000000000000000000e+00,0.000000000000000000e+00,0.000000000000000000e+00,-4.000000000000000000e+00,-1.000000000000000000e+00,-4.271850585937500000e-01,8.428955078125000000e-02,7.575073242187500000e-01,4.863891601562500000e-01
2.000000000000000000e+00,5.000000000000000000e+00,-1.000000000000000000e+00,-1.000000000000000000e+00,0.000000000000000000e+00,-1.000000000000000000e+00,2.000000000000000000e+00,1.000000000000000000e+00,-4.271850585937500000e-01,8.428955078125000000e-02,7.575073242187500000e-01,4.863891601562500000e-01
-3.000000000000000000e+00,-6.000000000000000000e+00,-6.000000000000000000e+00,-1.000000000000000000e+00,-4.000000000000000000e+00,-4.000000000000000000e+00,-4.000000000000000000e+00,2.000000000000000000e+00,-4.271240234375000000e-01,8.410644531250000000e-02,7.576293945312500000e-01,4.862670898437500000e-01
-1.000000000000000000e+00,1.000000000000000000e+00,3.000000000000000000e+00,-6.000000000000000000e+00,0.000000000000000000e+00,0.000000000000000000e+00,5.000000000000000000e+00,-2.000000000000000000e+00,-4.271240234375000000e-01,8.410644531250000000e-02,7.576293945312500000e-01,4.862670898437500000e-01
2.000000000000000000e+00,2.000000000000000000e+00,-4.000000000000000000e+00,7.000000000000000000e+00,0.000000000000000000e+00,-1.000000000000000000e+00,-1.000000000000000000e+00,1.000000000000000000e+00,-4.271240234375000000e-01,8.410644531250000000e-02,7.576293945312500000e-01,4.862670898437500000e-01
2.000000000000000000e+00,2.000000000000000000e+00,-5.000000000000000000e+00,-2.000000000000000000e+00,1.000000000000000000e+00,3.000000000000000000e+00,4.000000000000000000e+00,1.000000000000000000e+00,-4.271240234375000000e-01,8.410644531250000000e-02,7.576293945312500000e-01,4.862670898437500000e-01
-2.000000000000000000e+00,-7.000000000000000000e+00,3.000000000000000000e+00,-1.100000000000000000e+01,-2.000000000000000000e+00,4.000000000000000000e+00,-3.000000000000000000e+00,-3.000000000000000000e+00,-4.272460937500000000e-01,8.404541015625000000e-02,7.576904296875000000e-01,4.860229492187500000e-01
-5.000000000000000000e+00,-3.000000000000000000e+00,-1.000000000000000000e+01,3.000000000000000000e+00,-3.000000000000000000e+00,-3.000000000000000000e+00,-3.000000000000000000e+00,-3.000000000000000000e+00,-4.272460937500000000e-01,8.404541015625000000e-02,7.576904296875000000e-01,4.860229492187500000e-01
0.000000000000000000e+00,-1.000000000000000000e+00,1.200000000000000000e+01,3.000000000000000000e+00,-1.000000000000000000e+00,-6.000000000000000000e+00,-4.000000000000000000e+00,0.000000000000000000e+00,-4.272460937500000000e-01,8.404541015625000000e-02,7.576904296875000000e-01,4.860229492187500000e-01
-3.000000000000000000e+00,-3.000000000000000000e+00,0.000000000000000000e+00,0.000000000000000000e+00,2.000000000000000000e+00,-2.000000000000000000e+00,2.000000000000000000e+00,-5.000000000000000000e+00,-4.272460937500000000e-01,8.404541015625000000e-02,7.576904296875000000e-01,4.860229492187500000e-01
0.000000000000000000e+00,3.000000000000000000e+00,-2.000000000000000000e+00,4.000000000000000000e+00,-1.000000000000000000e+00,-5.000000000000000000e+00,-3.000000000000000000e+00,3.000000000000000000e+00,-4.282836914062500000e-01,8.288574218750000000e-02,7.576904296875000000e-01,4.853515625000000000e-01
-2.000000000000000000e+00,-4.000000000000000000e+00,0.000000000000000000e+00,0.000000000000000000e+00,1.000000000000000000e+00,0.000000000000000000e+00,7.000000000000000000e+00,-1.000000000000000000e+01,-4.282836914062500000e-01,8.288574218750000000e-02,7.576904296875000000e-01,4.853515625000000000e-01
-1.000000000000000000e+00,1.000000000000000000e+00,2.000000000000000000e+00,-4.000000000000000000e+00,-3.000000000000000000e+00,4.000000000000000000e+00,1.000000000000000000e+00,2.000000000000000000e+00,-4.282836914062500000e-01,8.288574218750000000e-02,7.576904296875000000e-01,4.853515625000000000e-01
2.000000000000000000e+00,-1.000000000000000000e+00,7.000000000000000000e+00,1.200000000000000000e+01,2.000000000000000000e+00,-5.000000000000000000e+00,-7.000000000000000000e+00,1.000000000000000000e+00,-4.282836914062500000e-01,8.288574218750000000e-02,7.576904296875000000e-01,4.853515625000000000e-01
-3.000000000000000000e+00,-1.000000000000000000e+00,-2.600000000000000000e+01,-2.400000000000000000e+01,-4.000000000000000000e+00,1.000000000000000000e+00,7.000000000000000000e+00,-3.000000000000000000e+00,-4.293212890625000000e-01,8.154296875000000000e-02,7.573242187500000000e-01,4.851684570312500000e-01
-3.000000000000000000e+00,-1.100000000000000000e+01,-1.200000000000000000e+01,-5.000000000000000000e+00,-9.000000000000000000e+00,-4.000000000000000000e+00,-8.000000000000000000e+00,0.000000000000000000e+00,-4.293212890625000000e-01,8.154296875000000000e-02,7.573242187500000000e-01,4.851684570312500000e-01
-1.000000000000000000e+00,8.000000000000000000e+00,1.400000000000000000e+01,6.000000000000000000e+00,5.000000000000000000e+00,2.000000000000000000e+00,5.000000000000000000e+00,-3.000000000000000000e+00,-4.293212890625000000e-01,8.154296875000000000e-02,7.573242187500000000e-01,4.851684570312500000e-01
3.000000000000000000e+00,-9.000000000000000000e+00,-2.900000000000000000e+01,1.000000000000000000e+00,1.000000000000000000e+00,3.000000000000000000e+00,4.000000000000000000e+00,1.000000000000000000e+00,-4.293212890625000000e-01,8.154296875000000000e-02,7.573242187500000000e-01,4.851684570312500000e-01
-6.000000000000000000e+00,-5.000000000000000000e+00,0.000000000000000000e+00,-2.000000000000000000e+00,1.000000000000000000e+00,-6.000000000000000000e+00,-1.100000000000000000e+01,0.000000000000000000e+00,-4.295043945312500000e-01,8.239746093750000000e-02,7.567749023437500000e-01,4.857177734375000000e-01
-1.000000000000000000e+00,4.000000000000000000e+00,-6.000000000000000000e+00,6.000000000000000000e+00,4.000000000000000000e+00,-1.000000000000000000e+00,-3.000000000000000000e+00,2.000000000000000000e+00,-4.295043945312500000e-01,8.239746093750000000e-02,7.567749023437500000e-01,4.857177734375000000e-01
-3.000000000000000000e+00,0.000000000000000000e+00,2.000000000000000000e+00,0.000000000000000000e+00,-3.000000000000000000e+00,0.000000000000000000e+00,5.000000000000000000e+00,0.000000000000000000e+00,-4.295043945312500000e-01,8.239746093750000000e-02,7.567749023437500000e-01,4.857177734375000000e-01
-2.000000000000000000e+00,3.000000000000000000e+00,-1.000000000000000000e+00,-7.000000000000000000e+00,-5.000000000000000000e+00,0.000000000000000000e+00,-6.000000000000000000e+00,-4.000000000000000000e+00,-4.295043945312500000e-01,8.239746093750000000e-02,7.567749023437500000e-01,4.857177734375000000e-01
7.000000000000000000e+00,9.000000000000000000e+00,1.400000000000000000e+01,1.000000000000000000e+01,1.000000000000000000e+00,1.000000000000000000e+00,1.000000000000000000e+00,6.000000000000000000e+00,-4.296264648437500000e-01,8.355712890625000000e-02,7.564697265625000000e-01,4.859008789062500000e-01
-2.000000000000000000e+00,-6.000000000000000000e+00,-1.500000000000000000e+01,-6.000000000000000000e+00,-2.000000000000000000e+00,0.000000000000000000e+00,-6.000000000000000000e+00,-2.000000000000000000e+00,-4.296264648437500000e-01,8.355712890625000000e-02,7.564697265625000000e-01,4.859008789062500000e-01
5.000000000000000000e+00,-5.000000000000000000e+00,-5.000000000000000000e+00,-2.000000000000000000e+00,3.000000000000000000e+00,0.000000000000000000e+00,1.100000000000000000e+01,7.000000000000000000e+00,-4.296264648437500000e-01,8.355712890625000000e-02,7.564697265625000000e-01,4.859008789062500000e-01
-1.000000000000000000e+00,8.000000000000000000e+00,2.000000000000000000e+00,1.000000000000000000e+00,-2.000000000000000000e+00,-2.000000000000000000e+00,-5.000000000000000000e+00,2.000000000000000000e+00,-4.296264648437500000e-01,8.355712890625000000e-02,7.564697265625000000e-01,4.859008789062500000e-01
0.000000000000000000e+00,-1.000000000000000000e+00,2.000000000000000000e+00,2.000000000000000000e+00,0.000000000000000000e+00,0.000000000000000000e+00,1.000000000000000000e+00,-6.000000000000000000e+00,-4.304809570312500000e-01,8.337402343750000000e-02,7.562866210937500000e-01,4.854736328125000000e-01
1.000000000000000000e+00,4.000000000000000000e+00,7.000000000000000000e+00,-1.000000000000000000e+00,-1.000000000000000000e+00,2.000000000000000000e+00,8.000000000000000000e+00,-1.000000000000000000e+00,-4.304809570312500000e-01,8.337402343750000000e-02,7.562866210937500000e-01,4.854736328125000000e-01
-4.000000000000000000e+00,-3.000000000000000000e+00,-8.000000000000000000e+00,-6.000000000000000000e+00,-1.000000000000000000e+00,-4.000000000000000000e+00,-1.300000000000000000e+01,-2.000000000000000000e+00,-4.304809570312500000e-01,8.337402343750000000e-02,7.562866210937500000e-01,4.854736328125000000e-01
-1.000000000000000000e+00,-1.000000000000000000e+00,-1.000000000000000000e+00,-2.000000000000000000e+00,-4.000000000000000000e+00,0.000000000000000000e+00,0.000000000000000000e+00,1.000000000000000000e+00,-4.304809570312500000e-01,8.337402343750000000e-02,7.562866210937500000e-01,4.854736328125000000e-01
1.000000000000000000e+00,-1.000000000000000000e+00,-8.000000000000000000e+00,3.000000000000000000e+00,-2.000000000000000000e+00,-2.000000000000000000e+00,-3.000000000000000000e+00,-1.000000000000000000e+00,-4.315795898437500000e-01,8.215332031250000000e-02,7.562866210937500000e-01,4.847412109375000000e-01
2.000000000000000000e+00,9.000000000000000000e+00,1.400000000000000000e+01,1.400000000000000000e+01,0.000000000000000000e+00,-2.000000000000000000e+00,-2.000000000000000000e+00,1.000000000000000000e+00,-4.315795898437500000e-01,8.215332031250000000e-02,7.562866210937500000e-01,4.847412109375000000e-01
-1.000000000000000000e+00,-1.100000000000000000e+01,-3.500000000000000000e+01,-2.600000000000000000e+01,-7.000000000000000000e+00,2.000000000000000000e+00,-4.000000000000000000e+00,-2.000000000000000000e+00,-4.315795898437500000e-01,8.215332031250000000e-02,7.562866210937500000e-01,4.847412109375000000e-01
-9.000000000000000000e+00,-1.000000000000000000e+01,1.000000000000000000e+01,4.000000000000000000e+00,-4.000000000000000000e+00,-2.000000000000000000e+00,2.000000000000000000e+00,-3.000000000000000000e+00,-4.315795898437500000e-01,8.215332031250000000e-02,7.562866210937500000e-01,4.847412109375000000e-01
-4.000000000000000000e+00,-1.000000000000000000e+00,2.000000000000000000e+00,-2.000000000000000000e+00,2.000000000000000000e+00,0.000000000000000000e+00,-5.000000000000000000e+00,-6.000000000000000000e+00,-4.324340820312500000e-01,8.123779296875000000e-02,7.561035156250000000e-01,4.843750000000000000e-01
1.000000000000000000e+00,5.000000000000000000e+00,9.000000000000000000e+00,2.000000000000000000e+00,1.000000000000000000e+00,-2.000000000000000000e+00,6.000000000000000000e+00,2.000000000000000000e+00,-4.324340820312500000e-01,8.123779296875000000e-02,7.561035156250000000e-01,4.843750000000000000e-01
2.000000000000000000e+00,-1.000000000000000000e+00,2.000000000000000000e+00,1.000000000000000000e+00,1.000000000000000000e+00,-2.000000000000000000e+00,-2.000000000000000000e+00,-1.000000000000000000e+00,-4.324340820312500000e-01,8.123779296875000000e-02,7.561035156250000000e-01,4.843750000000000000e-01
3.000000000000000000e+00,8.000000000000000000e+00,7.000000000000000000e+00,-1.500000000000000000e+01,-5.000000000000000000e+00,-5.000000000000000000e+00,-4.000000000000000000e+00,1.000000000000000000e+00,-4.324340820312500000e-01,8.123779296875000000e-02,7.561035156250000000e-01,4.843750000000000000e-01
0.000000000000000000e+00,-5.000000000000000000e+00,-7.000000000000000000e+00,1.200000000000000000e+01,1.000000000000000000e+00,2.000000000000000000e+00,2.000000000000000000e+00,1.000000000000000000e+00,-4.325561523437500000e-01,8.129882812500000000e-02,7.560424804687500000e-01,4.843750000000000000e-01
-1.000000000000000000e+00,3.000000000000000000e+00,1.100000000000000000e+01,6.000000000000000000e+00,0.000000000000000000e+00,-2.000000000000000000e+00,1.000000000000000000e+00,2.000000000000000000e+00,-4.325561523437500000e-01,8.129882812500000000e-02,7.560424804687500000e-01,4.843750000000000000e-01
-5.000000000000000000e+00,-1.000000000000000000e+00,-4.000000000000000000e+00,-1.500000000000000000e+01,-7.000000000000000000e+00,-3.000000000000000000e+00,-8.000000000000000000e+00,-3.000000000000000000e+00,-4.325561523437500000e-01,8.129882812500000000e-02,7.560424804687500000e-01,4.843750000000000000e-01
1.000000000000000000e+00,0.000000000000000000e+00,7.000000000000000000e+00,6.000000000000000000e+00,0.000000000000000000e+00,2.000000000000000000e+00,1.000000000000000000e+00,0.000000000000000000e+00,-4.325561523437500000e-01,8.129882812500000000e-02,7.560424804687500000e-01,4.843750000000000000e-01
-4.000000000000000000e+00,-6.000000000000000000e+00,-2.000000000000000000e+00,5.000000000000000000e+00,1.000000000000000000e+00,-2.000000000000000000e+00,-1.000000000000000000e+00,-2.000000000000000000e+00,-4.320678710937500000e-01,8.233642578125000000e-02,7.559814453125000000e-01,4.847412109375000000e-01
3.000000000000000000e+00,-1.000000000000000000e+00,2.000000000000000000e+00,-7.000000000000000000e+00,-4.000000000000000000e+00,0.000000000000000000e+00,-4.000000000000000000e+00,-1.000000000000000000e+00,-4.320678710937500000e-01,8.233642578125000000e-02,7.559814453125000000e-01,4.847412109375000000e-01
-1.000000000000000000e+00,1.000000000000000000e+00,5.000000000000000000e+00,1.500000000000000000e+01,1.000000000000000000e+00,3.000000000000000000e+00,2.100000000000000000e+01,-2.000000000000000000e+00,-4.320678710937500000e-01,8.233642578125000000e-02,7.559814453125000000e-01,4.847412109375000000e-01
-2.000000000000000000e+00,-1.000000000000000000e+00,-7.000000000000000000e+00,-1.500000000000000000e+01,0.000000000000000000e+00,-1.000000000000000000e+00,-3.000000000000000000e+00,5.000000000000000000e+00,-4.320678710937500000e-01,8.233642578125000000e-02,7.559814453125000000e-01,4.847412109375000000e-01
0.000000000000000000e+00,4.000000000000000000e+00,5.000000000000000000e+00,3.000000000000000000e+00,-3.000000000000000000e+00,-1.000000000000000000e+00,-4.000000000000000000e+00,0.000000000000000000e+00,-4.310302734375000000e-01,8.331298828125000000e-02,7.559204101562500000e-01,4.855346679687500000e-01
-2.000000000000000000e+00,-3.000000000000000000e+00,3.000000000000000000e+00,-1.200000000000000000e+01,-2.000000000000000000e+00,-3.000000000000000000e+00,-2.000000000000000000e+00,1.000000000000000000e+00,-4.310302734375000000e-01,8.331298828125000000e-02,7.559204101562500000e-01,4.855346679687500000e-01
0.000000000000000000e+00,0.000000000000000000e+00,-1.200000000000000000e+01,6.000000000000000000e+00,-2.000000000000000000e+00,-3.000000000000000000e+00,-1.300000000000000000e+01,-2.000000000000000000e+00,-4.310302734375000000e-01,8.331298828125000000e-02,7.559204101562500000e-01,4.855346679687500000e-01
0.000000000000000000e+00,1.000000000000000000e+00,1.800000000000000000e+01,8.000000000000000000e+00,3.000000000000000000e+00,1.000000000000000000e+00,3.000000000000000000e+00,3.000000000000000000e+00,-4.310302734375000000e-01,8.331298828125000000e-02,7.559204101562500000e-01,4.855346679687500000e-01
0.000000000000000000e+00,-1.000000000000000000e+00,-7.000000000000000000e+00,-9.000000000000000000e+00,1.000000000000000000e+00,-1.000000000000000000e+00,2.000000000000000000e+00,-2.000000000000000000e+00,-4.299926757812500000e-01,8.398437500000000000e-02,7.559814453125000000e-01,4.862670898437500000e-01
-3.000000000000000000e+00,-5.000000000000000000e+00,-9.000000000000000000e+00,-1.300000000000000000e+01,-6.000000000000000000e+00,-3.000000000000000000e+00,-6.000000000000000000e+00,-6.000000000000000000e+00,-4.299926757812500000e-01,8.398437500000000000e-02,7.559814453125000000e-01,4.862670898437500000e-01
0.000000000000000000e+00,1.000000000000000000e+01,1.500000000000000000e+01,2.000000000000000000e+01,3.000000000000000000e+00,-4.000000000000000000e+00,-2.000000000000000000e+00,0.000000000000000000e+00,-4.299926757812500000e-01,8.398437500000000000e-02,7.559814453125000000e-01,4.862670898437500000e-01
0.000000000000000000e+00,-4.000000000000000000e+00,-1.900000000000000000e+01,-2.100000000000000000e+01,-8.000000000000000000e+00,1.000000000000000000e+00,3.000000000000000000e+00,-1.000000000000000000e+00,-4.299926757812500000e-01,8.398437500000000000e-02,7.559814453125000000e-01,4.862670898437500000e-01
0.000000000000000000e+00,-7.000000000000000000e+00,-5.000000000000000000e+00,-2.000000000000000000e+00,-1.000000000000000000e+00,0.000000000000000000e+00,-3.000000000000000000e+00,0.000000000000000000e+00,-4.296264648437500000e-01,8.428955078125000000e-02,7.561645507812500000e-01,4.863281250000000000e-01
-1.000000000000000000e+00,-3.000000000000000000e+00,-4.000000000000000000e+00,-1.000000000000000000e+00,1.000000000000000000e+00,0.000000000000000000e+00,3.000000000000000000e+00,-2.000000000000000000e+00,-4.296264648437500000e-01,8.428955078125000000e-02,7.561645507812500000e-01,4.863281250000000000e-01
