0.000000000000000000e+00,4.000000000000000000e+00,4.000000000000000000e+00,-2.000000000000000000e+00,-6.000000000000000000e+00,-2.000000000000000000e+00,-2.000000000000000000e+00,1.000000000000000000e+00,-4.074096679687500000e-01,1.660766601562500000e-01,8.162841796875000000e-01,3.742065429687500000e-01
-2.000000000000000000e+00,-7.000000000000000000e+00,-6.000000000000000000e+00,0.000000000000000000e+00,-3.000000000000000000e+00,-3.000000000000000000e+00,0.000000000000000000e+00,-1.000000000000000000e+00,-4.074096679687500000e-01,1.660766601562500000e-01,8.162841796875000000e-01,3.742065429687500000e-01
2.000000000000000000e+00,4.000000000000000000e+00,7.000000000000000000e+00,0.000000000000000000e+00,7.000000000000000000e+00,2.000000000000000000e+00,0.000000000000000000e+00,-2.000000000000000000e+00,-4.074096679687500000e-01,1.660766601562500000e-01,8.162841796875000000e-01,3.742065429687500000e-01
2.000000000000000000e+00,2.000000000000000000e+00,4.000000000000000000e+00,0.000000000000000000e+00,-2.000000000000000000e+00,0.000000000000000000e+00,-1.000000000000000000e+00,2.000000000000000000e+00,-4.074096679687500000e-01,1.660766601562500000e-01,8.162841796875000000e-01,3.742065429687500000e-01
-3.000000000000000000e+00,-7.000000000000000000e+00,-1.700000000000000000e+01,-4.000000000000000000e+00,0.000000000000000000e+00,5.000000000000000000e+00,-1.000000000000000000e+00,-5.000000000000000000e+00,-4.084472656250000000e-01,1.598510742187500000e-01,8.181762695312500000e-01,3.717041015625000000e-01
-3.000000000000000000e+00,-4.000000000000000000e+00,2.000000000000000000e+00,-2.000000000000000000e+00,-1.000000000000000000e+00,-5.000000000000000000e+00,-1.000000000000000000e+00,-3.000000000000000000e+00,-4.084472656250000000e-01,1.598510742187500000e-01,8.181762695312500000e-01,3.717041015625000000e-01
1.000000000000000000e+00,1.000000000000000000e+00,8.000000000000000000e+00,1.000000000000000000e+00,-2.000000000000000000e+00,-4.000000000000000000e+00,-2.000000000000000000e+00,-1.000000000000000000e+00,-4.084472656250000000e-01,1.598510742187500000e-01,8.181762695312500000e-01,3.717041015625000000e-01
-1.000000000000000000e+00,-1.000000000000000000e+00,-7.000000000000000000e+00,2.000000000000000000e+00,-5.000000000000000000e+00,-1.000000000000000000e+00,-1.000000000000000000e+00,0.000000000000000000e+00,-4.084472656250000000e-01,1.598510742187500000e-01,8.181762695312500000e-01,3.717041015625000000e-01
-3.000000000000000000e+00,0.000000000000000000e+00,1.100000000000000000e+01,-4.000000000000000000e+00,3.000000000000000000e+00,-2.000000000000000000e+00,-1.000000000000000000e+00,-1.000000000000000000e+00,-4.093627929687500000e-01,1.558227539062500000e-01,8.185424804687500000e-01,3.715209960937500000e-01
-1.000000000000000000e+00,1.000000000000000000e+00,2.000000000000000000e+00,2.000000000000000000e+00,6.000000000000000000e+00,5.000000000000000000e+00,2.000000000000000000e+00,-1.000000000000000000e+00,-4.093627929687500000e-01,1.558227539062500000e-01,8.185424804687500000e-01,3.715209960937500000e-01
-3.000000000000000000e+00,-1.000000000000000000e+01,-1.300000000000000000e+01,-9.000000000000000000e+00,-1.500000000000000000e+01,-6.000000000000000000e+00,-6.000000000000000000e+00,-5.000000000000000000e+00,-4.093627929687500000e-01,1.558227539062500000e-01,8.185424804687500000e-01,3.715209960937500000e-01
1.000000000000000000e+00,0.000000000000000000e+00,3.000000000000000000e+00,9.000000000000000000e+00,2.000000000000000000e+00,-2.000000000000000000e+00,-1.000000000000000000e+00,1.000000000000000000e+00,-4.093627929687500000e-01,1.558227539062500000e-01,8.185424804687500000e-01,3.715209960937500000e-01
-3.000000000000000000e+00,1.000000000000000000e+00,8.000000000000000000e+00,-8.000000000000000000e+00,-1.900000000000000000e+01,-3.000000000000000000e+00,-2.000000000000000000e+00,-1.000000000000000000e+00,-4.087524414062500000e-01,1.560058593750000000e-01,8.181152343750000000e-01,3.731689453125000000e-01
1.000000000000000000e+00,0.000000000000000000e+00,-1.000000000000000000e+00,-4.000000000000000000e+00,2.400000000000000000e+01,5.000000000000000000e+00,2.000000000000000000e+00,0.000000000000000000e+00,-4.087524414062500000e-01,1.560058593750000000e-01,8.181152343750000000e-01,3.731689453125000000e-01
1.000000000000000000e+00,2.000000000000000000e+00,7.000000000000000000e+00,1.800000000000000000e+01,-7.000000000000000000e+00,-4.000000000000000000e+00,-3.000000000000000000e+00,-1.000000000000000000e+00,-4.087524414062500000e-01,1.560058593750000000e-01,8.181152343750000000e-01,3.731689453125000000e-01
-3.000000000000000000e+00,-2.000000000000000000e+00,-1.100000000000000000e+01,-1.400000000000000000e+01,0.000000000000000000e+00,0.000000000000000000e+00,-4.000000000000000000e+00,-2.000000000000000000e+00,-4.087524414062500000e-01,1.560058593750000000e-01,8.181152343750000000e-01,3.731689453125000000e-01
-3.000000000000000000e+00,-3.000000000000000000e+00,-5.000000000000000000e+00,-1.000000000000000000e+00,-6.000000000000000000e+00,-4.000000000000000000e+00,-1.000000000000000000e+00,-2.000000000000000000e+00,-4.064331054687500000e-01,1.577148437500000000e-01,8.177490234375000000e-01,3.757324218750000000e-01
2.000000000000000000e+00,2.000000000000000000e+00,2.000000000000000000e+00,1.700000000000000000e+01,1.900000000000000000e+01,5.000000000000000000e+00,3.000000000000000000e+00,1.000000000000000000e+00,-4.064331054687500000e-01,1.577148437500000000e-01,8.177490234375000000e-01,3.757324218750000000e-01
-1.000000000000000000e+00,0.000000000000000000e+00,-2.000000000000000000e+00,-1.000000000000000000e+01,-8.000000000000000000e+00,-4.000000000000000000e+00,-3.000000000000000000e+00,-2.000000000000000000e+00,-4.064331054687500000e-01,1.577148437500000000e-01,8.177490234375000000e-01,3.757324218750000000e-01
0.000000000000000000e+00,-3.000000000000000000e+00,0.000000000000000000e+00,-5.000000000000000000e+00,5.000000000000000000e+00,3.000000000000000000e+00,-1.000000000000000000e+00,0.000000000000000000e+00,-4.064331054687500000e-01,1.577148437500000000e-01,8.177490234375000000e-01,3.757324218750000000e-01
-3.000000000000000000e+00,0.000000000000000000e+00,8.000000000000000000e+00,-1.200000000000000000e+01,-5.000000000000000000e+00,-6.000000000000000000e+00,-2.000000000000000000e+00,-4.000000000000000000e+00,-4.036865234375000000e-01,1.561889648437500000e-01,8.183593750000000000e-01,3.779296875000000000e-01
-2.000000000000000000e+00,0.000000000000000000e+00,-1.000000000000000000e+00,1.000000000000000000e+00,-1.100000000000000000e+01,-2.000000000000000000e+00,-1.000000000000000000e+00,-1.000000000000000000e+00,-4.036865234375000000e-01,1.561889648437500000e-01,8.183593750000000000e-01,3.779296875000000000e-01
-1.000000000000000000e+00,-2.000000000000000000e+00,-2.000000000000000000e+00,1.100000000000000000e+01,2.000000000000000000e+01,7.000000000000000000e+00,1.000000000000000000e+00,1.000000000000000000e+00,-4.036865234375000000e-01,1.561889648437500000e-01,8.183593750000000000e-01,3.779296875000000000e-01
-5.000000000000000000e+00,-6.000000000000000000e+00,-3.000000000000000000e+00,-1.000000000000000000e+00,-5.000000000000000000e+00,-4.000000000000000000e+00,-3.000000000000000000e+00,-3.000000000000000000e+00,-4.036865234375000000e-01,1.561889648437500000e-01,8.183593750000000000e-01,3.779296875000000000e-01
0.000000000000000000e+00,1.000000000000000000e+00,5.000000000000000000e+00,-3.000000000000000000e+00,2.000000000000000000e+00,-4.000000000000000000e+00,0.000000000000000000e+00,-1.000000000000000000e+00,-4.003906250000000000e-01,1.542358398437500000e-01,8.193359375000000000e-01,3.801269531250000000e-01
-1.000000000000000000e+00,1.000000000000000000e+00,-2.000000000000000000e+00,-1.000000000000000000e+00,-9.000000000000000000e+00,-2.000000000000000000e+00,0.000000000000000000e+00,-1.000000000000000000e+00,-4.003906250000000000e-01,1.542358398437500000e-01,8.193359375000000000e-01,3.801269531250000000e-01
-2.000000000000000000e+00,-2.000000000000000000e+00,-1.000000000000000000e+00,-4.000000000000000000e+00,-4.000000000000000000e+00,0.000000000000000000e+00,-2.000000000000000000e+00,0.000000000000000000e+00,-4.003906250000000000e-01,1.542358398437500000e-01,8.193359375000000000e-01,3.801269531250000000e-01
3.000000000000000000e+00,3.000000000000000000e+00,4.000000000000000000e+00,-9.000000000000000000e+00,-7.000000000000000000e+00,-2.000000000000000000e+00,3.000000000000000000e+00,2.000000000000000000e+00,-4.003906250000000000e-01,1.542358398437500000e-01,8.193359375000000000e-01,3.801269531250000000e-01
-2.000000000000000000e+00,-3.000000000000000000e+00,-4.000000000000000000e+00,1.000000000000000000e+01,8.000000000000000000e+00,1.000000000000000000e+00,-2.000000000000000000e+00,-2.000000000000000000e+00,-3.976440429687500000e-01,1.528930664062500000e-01,8.199462890625000000e-01,3.822631835937500000e-01
-2.000000000000000000e+00,-3.000000000000000000e+00,0.000000000000000000e+00,0.000000000000000000e+00,-6.000000000000000000e+00,-3.000000000000000000e+00,-3.000000000000000000e+00,-1.000000000000000000e+00,-3.976440429687500000e-01,1.528930664062500000e-01,8.199462890625000000e-01,3.822631835937500000e-01
3.000000000000000000e+00,-1.000000000000000000e+00,-4.000000000000000000e+00,-9.000000000000000000e+00,-7.000000000000000000e+00,-3.000000000000000000e+00,-1.000000000000000000e+00,-1.000000000000000000e+00,-3.976440429687500000e-01,1.528930664062500000e-01,8.199462890625000000e-01,3.822631835937500000e-01
-1.000000000000000000e+00,-4.000000000000000000e+00,-8.000000000000000000e+00,-4.000000000000000000e+00,1.000000000000000000e+00,1.000000000000000000e+00,-1.000000000000000000e+00,-2.000000000000000000e+00,-3.976440429687500000e-01,1.528930664062500000e-01,8.199462890625000000e-01,3.822631835937500000e-01
-1.000000000000000000e+00,3.000000000000000000e+00,1.000000000000000000e+01,-6.000000000000000000e+00,-1.400000000000000000e+01,-5.000000000000000000e+00,-2.000000000000000000e+00,-2.000000000000000000e+00,-3.963623046875000000e-01,1.513671875000000000e-01,8.200073242187500000e-01,3.841552734375000000e-01
1.000000000000000000e+00,0.000000000000000000e+00,-2.000000000000000000e+00,2.000000000000000000e+01,2.800000000000000000e+01,7.000000000000000000e+00,4.000000000000000000e+00,1.000000000000000000e+00,-3.963623046875000000e-01,1.513671875000000000e-01,8.200073242187500000e-01,3.841552734375000000e-01
1.000000000000000000e+00,3.000000000000000000e+00,3.000000000000000000e+00,-5.000000000000000000e+00,-3.000000000000000000e+00,-1.000000000000000000e+00,0.000000000000000000e+00,0.000000000000000000e+00,-3.963623046875000000e-01,1.513671875000000000e-01,8.200073242187500000e-01,3.841552734375000000e-01
0.000000000000000000e+00,0.000000000000000000e+00,-1.200000000000000000e+01,-8.000000000000000000e+00,-2.000000000000000000e+00,-5.000000000000000000e+00,-1.000000000000000000e+00,-1.000000000000000000e+00,-3.963623046875000000e-01,1.513671875000000000e-01,8.200073242187500000e-01,3.841552734375000000e-01
-2.000000000000000000e+00,-6.000000000000000000e+00,-3.000000000000000000e+00,1.400000000000000000e+01,-5.000000000000000000e+00,-1.000000000000000000e+00,-3.000000000000000000e+00,-3.000000000000000000e+00,-3.961791992187500000e-01,1.493530273437500000e-01,8.195800781250000000e-01,3.859252929687500000e-01
-1.000000000000000000e+00,2.000000000000000000e+00,4.000000000000000000e+00,-7.000000000000000000e+00,-1.000000000000000000e+00,2.000000000000000000e+00,1.000000000000000000e+00,3.000000000000000000e+00,-3.961791992187500000e-01,1.493530273437500000e-01,8.195800781250000000e-01,3.859252929687500000e-01
-1.000000000000000000e+00,2.000000000000000000e+00,2.000000000000000000e+00,-9.000000000000000000e+00,2.000000000000000000e+00,1.000000000000000000e+00,1.000000000000000000e+00,0.000000000000000000e+00,-3.961791992187500000e-01,1.493530273437500000e-01,8.195800781250000000e-01,3.859252929687500000e-01
-1.000000000000000000e+00,0.000000000000000000e+00,4.000000000000000000e+00,1.800000000000000000e+01,5.000000000000000000e+00,0.000000000000000000e+00,-2.000000000000000000e+00,-1.000000000000000000e+00,-3.961791992187500000e-01,1.493530273437500000e-01,8.195800781250000000e-01,3.859252929687500000e-01
0.000000000000000000e+00,1.000000000000000000e+00,-8.000000000000000000e+00,-2.800000000000000000e+01,-4.000000000000000000e+00,-2.000000000000000000e+00,-3.000000000000000000e+00,-1.000000000000000000e+00,-3.963012695312500000e-01,1.472778320312500000e-01,8.193969726562500000e-01,3.870849609375000000e-01
-1.000000000000000000e+00,-1.000000000000000000e+00,-2.000000000000000000e+00,2.000000000000000000e+01,-1.000000000000000000e+01,-5.000000000000000000e+00,-1.000000000000000000e+00,-2.000000000000000000e+00,-3.963012695312500000e-01,1.472778320312500000e-01,8.193969726562500000e-01,3.870849609375000000e-01
-1.000000000000000000e+00,-2.000000000000000000e+00,-1.000000000000000000e+00,-1.100000000000000000e+01,-7.000000000000000000e+00,-4.000000000000000000e+00,-1.000000000000000000e+00,-2.000000000000000000e+00,-3.963012695312500000e-01,1.472778320312500000e-01,8.193969726562500000e-01,3.870849609375000000e-01
-1.000000000000000000e+00,-1.000000000000000000e+00,4.000000000000000000e+00,1.000000000000000000e+00,0.000000000000000000e+00,1.000000000000000000e+00,-1.100000000000000000e+01,-1.000000000000000000e+00,-3.963012695312500000e-01,1.472778320312500000e-01,8.193969726562500000e-01,3.870849609375000000e-01
0.000000000000000000e+00,-3.000000000000000000e+00,-5.000000000000000000e+00,7.000000000000000000e+00,1.000000000000000000e+00,1.000000000000000000e+00,2.300000000000000000e+01,6.000000000000000000e+00,-3.972167968750000000e-01,1.434326171875000000e-01,8.195800781250000000e-01,3.871459960937500000e-01
-1.000000000000000000e+00,3.000000000000000000e+00,-5.000000000000000000e+00,-1.800000000000000000e+01,-1.000000000000000000e+00,1.000000000000000000e+00,-1.000000000000000000e+00,-3.000000000000000000e+00,-3.972167968750000000e-01,1.434326171875000000e-01,8.195800781250000000e-01,3.871459960937500000e-01
-6.000000000000000000e+00,-4.000000000000000000e+00,-2.000000000000000000e+00,1.000000000000000000e+00,-4.000000000000000000e+00,-5.000000000000000000e+00,-2.000000000000000000e+00,-4.000000000000000000e+00,-3.972167968750000000e-01,1.434326171875000000e-01,8.195800781250000000e-01,3.871459960937500000e-01
0.000000000000000000e+00,5.000000000000000000e+00,6.000000000000000000e+00,-2.000000000000000000e+00,0.000000000000000000e+00,0.000000000000000000e+00,2.000000000000000000e+00,2.000000000000000000e+00,-3.972167968750000000e-01,1.434326171875000000e-01,8.195800781250000000e-01,3.871459960937500000e-01
-1.000000000000000000e+00,-7.000000000000000000e+00,-4.000000000000000000e+00,5.000000000000000000e+00,4.000000000000000000e+00,1.000000000000000000e+00,6.000000000000000000e+00,-1.000000000000000000e+00,-3.983764648437500000e-01,1.381835937500000000e-01,8.198242187500000000e-01,3.873291015625000000e-01
2.000000000000000000e+00,0.000000000000000000e+00,2.000000000000000000e+00,-1.900000000000000000e+01,-1.400000000000000000e+01,-5.000000000000000000e+00,-2.000000000000000000e+00,-1.000000000000000000e+00,-3.983764648437500000e-01,1.381835937500000000e-01,8.198242187500000000e-01,3.873291015625000000e-01
-2.000000000000000000e+00,0.000000000000000000e+00,-1.000000000000000000e+00,1.700000000000000000e+01,2.000000000000000000e+00,-2.000000000000000000e+00,-1.400000000000000000e+01,-4.000000000000000000e+00,-3.983764648437500000e-01,1.381835937500000000e-01,8.198242187500000000e-01,3.873291015625000000e-01
-4.000000000000000000e+00,-7.000000000000000000e+00,-5.000000000000000000e+00,-8.000000000000000000e+00,-7.000000000000000000e+00,3.000000000000000000e+00,2.300000000000000000e+01,4.000000000000000000e+00,-3.983764648437500000e-01,1.381835937500000000e-01,8.198242187500000000e-01,3.873291015625000000e-01
-1.000000000000000000e+00,1.000000000000000000e+00,3.000000000000000000e+00,4.000000000000000000e+00,7.000000000000000000e+00,-2.000000000000000000e+00,-1.200000000000000000e+01,-1.000000000000000000e+00,-3.984375000000000000e-01,1.360473632812500000e-01,8.190307617187500000e-01,3.897094726562500000e-01
-3.000000000000000000e+00,-1.000000000000000000e+00,1.000000000000000000e+00,-1.000000000000000000e+00,-1.300000000000000000e+01,-6.000000000000000000e+00,-4.000000000000000000e+00,-1.000000000000000000e+00,-3.984375000000000000e-01,1.360473632812500000e-01,8.190307617187500000e-01,3.897094726562500000e-01
4.000000000000000000e+00,3.000000000000000000e+00,3.000000000000000000e+00,2.200000000000000000e+01,1.200000000000000000e+01,5.000000000000000000e+00,9.000000000000000000e+00,7.000000000000000000e+00,-3.984375000000000000e-01,1.360473632812500000e-01,8.190307617187500000e-01,3.897094726562500000e-01
-1.000000000000000000e+00,0.000000000000000000e+00,3.000000000000000000e+00,1.800000000000000000e+01,2.200000000000000000e+01,3.000000000000000000e+00,-9.000000000000000000e+00,-5.000000000000000000e+00,-3.984375000000000000e-01,1.360473632812500000e-01,8.190307617187500000e-01,3.897094726562500000e-01
-3.000000000000000000e+00,-6.000000000000000000e+00,-1.000000000000000000e+01,8.000000000000000000e+00,7.000000000000000000e+00,2.000000000000000000e+00,4.000000000000000000e+00,-2.000000000000000000e+00,-3.977661132812500000e-01,1.378784179687500000e-01,8.171997070312500000e-01,3.934936523437500000e-01
-2.000000000000000000e+00,-1.000000000000000000e+00,0.000000000000000000e+00,-6.000000000000000000e+00,-1.500000000000000000e+01,-9.000000000000000000e+00,-1.300000000000000000e+01,-3.000000000000000000e+00,-3.977661132812500000e-01,1.378784179687500000e-01,8.171997070312500000e-01,3.934936523437500000e-01
-1.000000000000000000e+00,-2.000000000000000000e+00,-4.000000000000000000e+00,-1.400000000000000000e+01,-1.100000000000000000e+01,-1.000000000000000000e+00,-3.000000000000000000e+00,-4.000000000000000000e+00,-3.977661132812500000e-01,1.378784179687500000e-01,8.171997070312500000e-01,3.934936523437500000e-01
1.000000000000000000e+00,-1.000000000000000000e+00,-5.000000000000000000e+00,1.000000000000000000e+01,4.000000000000000000e+00,1.000000000000000000e+00,5.000000000000000000e+00,1.000000000000000000e+00,-3.977661132812500000e-01,1.378784179687500000e-01,8.171997070312500000e-01,3.934936523437500000e-01
-1.000000000000000000e+00,3.000000000000000000e+00,5.000000000000000000e+00,-8.000000000000000000e+00,-6.000000000000000000e+00,-3.000000000000000000e+00,-8.000000000000000000e+00,-3.000000000000000000e+00,-3.984375000000000000e-01,1.385498046875000000e-01,8.157348632812500000e-01,3.957519531250000000e-01
0.000000000000000000e+00,-2.000000000000000000e+00,0.000000000000000000e+00,0.000000000000000000e+00,1.000000000000000000e+00,-1.000000000000000000e+00,1.000000000000000000e+00,-1.000000000000000000e+00,-3.984375000000000000e-01,1.385498046875000000e-01,8.157348632812500000e-01,3.957519531250000000e-01
3.000000000000000000e+00,5.000000000000000000e+00,5.000000000000000000e+00,-2.000000000000000000e+00,3.000000000000000000e+00,0.000000000000000000e+00,0.000000000000000000e+00,0.000000000000000000e+00,-3.984375000000000000e-01,1.385498046875000000e-01,8.157348632812500000e-01,3.957519531250000000e-01
-5.000000000000000000e+00,-6.000000000000000000e+00,-1.100000000000000000e+01,-1.300000000000000000e+01,-8.000000000000000000e+00,-1.000000000000000000e+00,-3.000000000000000000e+00,-2.000000000000000000e+00,-3.984375000000000000e-01,1.385498046875000000e-01,8.157348632812500000e-01,3.957519531250000000e-01
1.000000000000000000e+00,3.000000000000000000e+00,5.000000000000000000e+00,1.000000000000000000e+00,1.000000000000000000e+00,-1.000000000000000000e+00,-1.300000000000000000e+01,-3.000000000000000000e+00,-4.008178710937500000e-01,1.360473632812500000e-01,8.143310546875000000e-01,3.969726562500000000e-01
-2.000000000000000000e+00,-2.000000000000000000e+00,3.000000000000000000e+00,3.000000000000000000e+00,-4.000000000000000000e+00,0.000000000000000000e+00,5.000000000000000000e+00,2.000000000000000000e+00,-4.008178710937500000e-01,1.360473632812500000e-01,8.143310546875000000e-01,3.969726562500000000e-01
-1.000000000000000000e+00,2.000000000000000000e+00,-3.000000000000000000e+00,-2.500000000000000000e+01,-2.000000000000000000e+00,0.000000000000000000e+00,6.000000000000000000e+00,1.000000000000000000e+00,-4.008178710937500000e-01,1.360473632812500000e-01,8.143310546875000000e-01,3.969726562500000000e-01
2.000000000000000000e+00,2.000000000000000000e+00,1.000000000000000000e+00,1.300000000000000000e+01,-1.000000000000000000e+00,-1.000000000000000000e+00,-3.000000000000000000e+00,-1.000000000000000000e+00,-4.008178710937500000e-01,1.360473632812500000e-01,8.143310546875000000e-01,3.969726562500000000e-01
-1.000000000000000000e+00,-6.000000000000000000e+00,-4.000000000000000000e+00,7.000000000000000000e+00,-3.000000000000000000e+00,-3.000000000000000000e+00,-9.000000000000000000e+00,-4.000000000000000000e+00,-4.035644531250000000e-01,1.350097656250000000e-01,8.121337890625000000e-01,3.991699218750000000e-01
3.000000000000000000e+00,4.000000000000000000e+00,4.000000000000000000e+00,-6.000000000000000000e+00,0.000000000000000000e+00,2.000000000000000000e+00,-6.000000000000000000e+00,1.000000000000000000e+00,-4.035644531250000000e-01,1.350097656250000000e-01,8.121337890625000000e-01,3.991699218750000000e-01
-3.000000000000000000e+00,-1.000000000000000000e+01,-1.200000000000000000e+01,-1.000000000000000000e+00,-5.000000000000000000e+00,-2.000000000000000000e+00,8.000000000000000000e+00,0.000000000000000000e+00,-4.035644531250000000e-01,1.350097656250000000e-01,8.121337890625000000e-01,3.991699218750000000e-01
0.000000000000000000e+00,1.000000000000000000e+00,7.000000000000000000e+00,3.000000000000000000e+00,-1.000000000000000000e+01,-4.000000000000000000e+00,-4.000000000000000000e+00,-1.000000000000000000e+00,-4.035644531250000000e-01,1.350097656250000000e-01,8.121337890625000000e-01,3.991699218750000000e-01
-6.000000000000000000e+00,0.000000000000000000e+00,0.000000000000000000e+00,-2.100000000000000000e+01,-6.000000000000000000e+00,-2.000000000000000000e+00,-1.300000000000000000e+01,-2.000000000000000000e+00,-4.061889648437500000e-01,1.373291015625000000e-01,8.090820312500000000e-01,4.018554687500000000e-01
0.000000000000000000e+00,-5.000000000000000000e+00,-1.300000000000000000e+01,1.800000000000000000e+01,1.000000000000000000e+01,3.000000000000000000e+00,2.400000000000000000e+01,1.000000000000000000e+00,-4.061889648437500000e-01,1.373291015625000000e-01,8.090820312500000000e-01,4.018554687500000000e-01
-5.000000000000000000e+00,-5.000000000000000000e+00,-1.000000000000000000e+00,-1.000000000000000000e+01,-1.600000000000000000e+01,-3.000000000000000000e+00,-1.100000000000000000e+01,-1.000000000000000000e+00,-4.061889648437500000e-01,1.373291015625000000e-01,8.090820312500000000e-01,4.018554687500000000e-01
1.000000000000000000e+00,0.000000000000000000e+00,1.000000000000000000e+00,-9.000000000000000000e+00,2.000000000000000000e+00,-1.000000000000000000e+00,-8.000000000000000000e+00,-2.000000000000000000e+00,-4.061889648437500000e-01,1.373291015625000000e-01,8.090820312500000000e-01,4.018554687500000000e-01
0.000000000000000000e+00,-2.000000000000000000e+00,-1.000000000000000000e+00,-8.000000000000000000e+00,-5.000000000000000000e+00,-1.000000000000000000e+00,1.000000000000000000e+01,3.000000000000000000e+00,-4.082641601562500000e-01,1.411132812500000000e-01,8.059082031250000000e-01,4.047851562500000000e-01
-2.000000000000000000e+00,-1.000000000000000000e+00,-2.000000000000000000e+00,-9.000000000000000000e+00,5.000000000000000000e+00,0.000000000000000000e+00,2.000000000000000000e+00,-1.000000000000000000e+00,-4.082641601562500000e-01,1.411132812500000000e-01,8.059082031250000000e-01,4.047851562500000000e-01
1.000000000000000000e+00,3.000000000000000000e+00,3.000000000000000000e+00,-1.800000000000000000e+01,-3.000000000000000000e+00,0.000000000000000000e+00,-2.000000000000000000e+00,0.000000000000000000e+00,-4.082641601562500000e-01,1.411132812500000000e-01,8.059082031250000000e-01,4.047851562500000000e-01
-3.000000000000000000e+00,0.000000000000000000e+00,6.000000000000000000e+00,2.300000000000000000e+01,4.000000000000000000e+00,0.000000000000000000e+00,4.000000000000000000e+00,0.000000000000000000e+00,-4.082641601562500000e-01,1.411132812500000000e-01,8.059082031250000000e-01,4.047851562500000000e-01
0.000000000000000000e+00,0.000000000000000000e+00,-3.000000000000000000e+00,1.100000000000000000e+01,1.700000000000000000e+01,-1.000000000000000000e+00,-6.000000000000000000e+00,-2.000000000000000000e+00,-4.100341796875000000e-01,1.451416015625000000e-01,8.029785156250000000e-01,4.074707031250000000e-01
-2.000000000000000000e+00,-5.000000000000000000e+00,-5.000000000000000000e+00,-1.100000000000000000e+01,-1.200000000000000000e+01,-1.000000000000000000e+00,1.000000000000000000e+00,0.000000000000000000e+00,-4.100341796875000000e-01,1.451416015625000000e-01,8.029785156250000000e-01,4.074707031250000000e-01
-1.000000000000000000e+00,-2.000000000000000000e+00,-2.000000000000000000e+00,1.400000000000000000e+01,7.000000000000000000e+00,1.000000000000000000e+00,0.000000000000000000e+00,-2.000000000000000000e+00,-4.100341796875000000e-01,1.451416015625000000e-01,8.029785156250000000e-01,4.074707031250000000e-01
2.000000000000000000e+00,1.000000000000000000e+00,0.000000000000000000e+00,-1.600000000000000000e+01,-4.000000000000000000e+00,-3.000000000000000000e+00,-1.000000000000000000e+00,0.000000000000000000e+00,-4.100341796875000000e-01,1.451416015625000000e-01,8.029785156250000000e-01,4.074707031250000000e-01
0.000000000000000000e+00,1.000000000000000000e+00,4.000000000000000000e+00,3.000000000000000000e+00,-4.000000000000000000e+00,0.000000000000000000e+00,5.000000000000000000e+00,0.000000000000000000e+00,-4.118652343750000000e-01,1.487426757812500000e-01,8.003540039062500000e-01,4.093627929687500000e-01
-4.000000000000000000e+00,-5.000000000000000000e+00,-4.000000000000000000e+00,-5.000000000000000000e+00,-4.000000000000000000e+00,-2.000000000000000000e+00,-1.100000000000000000e+01,-2.000000000000000000e+00,-4.118652343750000000e-01,1.487426757812500000e-01,8.003540039062500000e-01,4.093627929687500000e-01
2.000000000000000000e+00,6.000000000000000000e+00,-4.000000000000000000e+00,8.000000000000000000e+00,2.000000000000000000e+00,3.000000000000000000e+00,1.700000000000000000e+01,3.000000000000000000e+00,-4.118652343750000000e-01,1.487426757812500000e-01,8.003540039062500000e-01,4.093627929687500000e-01
-5.000000000000000000e+00,-3.000000000000000000e+00,3.000000000000000000e+00,-7.000000000000000000e+00,-5.000000000000000000e+00,-5.000000000000000000e+00,-6.000000000000000000e+00,-4.000000000000000000e+00,-4.118652343750000000e-01,1.487426757812500000e-01,8.003540039062500000e-01,4.093627929687500000e-01
1.000000000000000000e+00,-2.000000000000000000e+00,-1.000000000000000000e+01,2.000000000000000000e+00,-2.000000000000000000e+00,0.000000000000000000e+00,-8.000000000000000000e+00,-1.000000000000000000e+00,-4.140014648437500000e-01,1.500244140625000000e-01,7.986450195312500000e-01,4.100952148437500000e-01
-1.000000000000000000e+00,0.000000000000000000e+00,7.000000000000000000e+00,1.000000000000000000e+00,5.000000000000000000e+00,-4.000000000000000000e+00,5.000000000000000000e+00,-4.000000000000000000e+00,-4.140014648437500000e-01,1.500244140625000000e-01,7.986450195312500000e-01,4.100952148437500000e-01
-1.000000000000000000e+00,-1.000000000000000000e+00,4.000000000000000000e+00,-9.000000000000000000e+00,-8.000000000000000000e+00,-5.000000000000000000e+00,-2.300000000000000000e+01,-3.000000000000000000e+00,-4.140014648437500000e-01,1.500244140625000000e-01,7.986450195312500000e-01,4.100952148437500000e-01
-2.000000000000000000e+00,-3.000000000000000000e+00,-1.000000000000000000e+00,1.000000000000000000e+00,9.000000000000000000e+00,1.000000000000000000e+00,3.000000000000000000e+00,-1.000000000000000000e+00,-4.140014648437500000e-01,1.500244140625000000e-01,7.986450195312500000e-01,4.100952148437500000e-01
1.000000000000000000e+00,2.000000000000000000e+00,5.000000000000000000e+00,7.000000000000000000e+00,-5.000000000000000000e+00,1.000000000000000000e+00,4.000000000000000000e+00,3.000000000000000000e+00,-4.161376953125000000e-01,1.498413085937500000e-01,7.971801757812500000e-01,4.108886718750000000e-01
2.000000000000000000e+00,0.000000000000000000e+00,1.000000000000000000e+00,-5.000000000000000000e+00,-3.000000000000000000e+00,-2.000000000000000000e+00,-1.100000000000000000e+01,-2.000000000000000000e+00,-4.161376953125000000e-01,1.498413085937500000e-01,7.971801757812500000e-01,4.108886718750000000e-01
-2.000000000000000000e+00,-7.000000000000000000e+00,-7.000000000000000000e+00,-3.000000000000000000e+00,1.000000000000000000e+00,-2.000000000000000000e+00,5.000000000000000000e+00,-3.000000000000000000e+00,-4.161376953125000000e-01,1.498413085937500000e-01,7.971801757812500000e-01,4.108886718750000000e-01
0.000000000000000000e+00,0.000000000000000000e+00,1.000000000000000000e+00,3.000000000000000000e+00,-6.000000000000000000e+00,-1.000000000000000000e+00,-3.000000000000000000e+00,-1.000000000000000000e+00,-4.161376953125000000e-01,1.498413085937500000e-01,7.971801757812500000e-01,4.108886718750000000e-01
1.000000000000000000e+00,3.000000000000000000e+00,8.000000000000000000e+00,-1.700000000000000000e+01,-4.000000000000000000e+00,0.000000000000000000e+00,-6.000000000000000000e+00,1.000000000000000000e+00,-4.181518554687500000e-01,1.495971679687500000e-01,7.954711914062500000e-01,4.122314453125000000e-01
-2.000000000000000000e+00,0.000000000000000000e+00,-4.000000000000000000e+00,1.200000000000000000e+01,8.000000000000000000e+00,2.000000000000000000e+00,0.000000000000000000e+00,0.000000000000000000e+00,-4.181518554687500000e-01,1.495971679687500000e-01,7.954711914062500000e-01,4.122314453125000000e-01
-3.000000000000000000e+00,-2.000000000000000000e+00,1.000000000000000000e+00,8.000000000000000000e+00,-2.000000000000000000e+00,-3.000000000000000000e+00,-2.000000000000000000e+00,-1.000000000000000000e+00,-4.181518554687500000e-01,1.495971679687500000e-01,7.954711914062500000e-01,4.122314453125000000e-01
-3.000000000000000000e+00,-3.000000000000000000e+00,-4.000000000000000000e+00,-3.500000000000000000e+01,-1.300000000000000000e+01,-3.000000000000000000e+00,-5.000000000000000000e+00,-3.000000000000000000e+00,-4.181518554687500000e-01,1.495971679687500000e-01,7.954711914062500000e-01,4.122314453125000000e-01
-1.000000000000000000e+00,-1.000000000000000000e+00,2.000000000000000000e+00,1.800000000000000000e+01,9.000000000000000000e+00,2.000000000000000000e+00,6.000000000000000000e+00,-1.000000000000000000e+00,-4.196777343750000000e-01,1.506958007812500000e-01,7.935791015625000000e-01,4.138793945312500000e-01
-2.000000000000000000e+00,-4.000000000000000000e+00,-5.000000000000000000e+00,-1.400000000000000000e+01,-1.800000000000000000e+01,-4.000000000000000000e+00,-7.000000000000000000e+00,-2.000000000000000000e+00,-4.196777343750000000e-01,1.506958007812500000e-01,7.935791015625000000e-01,4.138793945312500000e-01
1.000000000000000000e+00,-3.000000000000000000e+00,3.000000000000000000e+00,0.000000000000000000e+00,1.600000000000000000e+01,2.000000000000000000e+00,0.000000000000000000e+00,-2.000000000000000000e+00,-4.196777343750000000e-01,1.506958007812500000e-01,7.935791015625000000e-01,4.138793945312500000e-01
1.000000000000000000e+00,3.000000000000000000e+00,1.000000000000000000e+00,0.000000000000000000e+00,-4.000000000000000000e+00,1.000000000000000000e+00,-4.000000000000000000e+00,0.000000000000000000e+00,-4.196777343750000000e-01,1.506958007812500000e-01,7.935791015625000000e-01,4.138793945312500000e-01
-1.000000000000000000e+00,-1.000000000000000000e+00,-4.000000000000000000e+00,7.000000000000000000e+00,-6.000000000000000000e+00,-4.000000000000000000e+00,-1.000000000000000000e+00,-2.000000000000000000e+00,-4.204101562500000000e-01,1.522216796875000000e-01,7.921752929687500000e-01,4.152832031250000000e-01
0.000000000000000000e+00,1.000000000000000000e+00,1.000000000000000000e+00,-1.700000000000000000e+01,-3.000000000000000000e+00,-1.000000000000000000e+00,-1.000000000000000000e+00,-1.000000000000000000e+00,-4.204101562500000000e-01,1.522216796875000000e-01,7.921752929687500000e-01,4.152832031250000000e-01
-4.000000000000000000e+00,1.000000000000000000e+00,5.000000000000000000e+00,2.000000000000000000e+00,-8.000000000000000000e+00,-5.000000000000000000e+00,-4.000000000000000000e+00,-4.000000000000000000e+00,-4.204101562500000000e-01,1.522216796875000000e-01,7.921752929687500000e-01,4.152832031250000000e-01
0.000000000000000000e+00,-9.000000000000000000e+00,-1.700000000000000000e+01,2.000000000000000000e+00,2.000000000000000000e+00,0.000000000000000000e+00,-7.000000000000000000e+00,-1.000000000000000000e+00,-4.204101562500000000e-01,1.522216796875000000e-01,7.921752929687500000e-01,4.152832031250000000e-01
-2.000000000000000000e+00,0.000000000000000000e+00,6.000000000000000000e+00,-7.000000000000000000e+00,1.000000000000000000e+00,-2.000000000000000000e+00,-1.000000000000000000e+01,-3.000000000000000000e+00,-4.213256835937500000e-01,1.510009765625000000e-01,7.915649414062500000e-01,4.159545898437500000e-01
3.000000000000000000e+00,5.000000000000000000e+00,2.000000000000000000e+00,1.000000000000000000e+00,-4.000000000000000000e+00,2.000000000000000000e+00,2.500000000000000000e+01,5.000000000000000000e+00,-4.213256835937500000e-01,1.510009765625000000e-01,7.915649414062500000e-01,4.159545898437500000e-01
-5.000000000000000000e+00,-7.000000000000000000e+00,-1.100000000000000000e+01,-6.000000000000000000e+00,1.000000000000000000e+00,-3.000000000000000000e+00,-6.000000000000000000e+00,-4.000000000000000000e+00,-4.213256835937500000e-01,1.510009765625000000e-01,7.915649414062500000e-01,4.159545898437500000e-01
-1.000000000000000000e+00,0.000000000000000000e+00,7.000000000000000000e+00,5.000000000000000000e+00,-3.000000000000000000e+00,-3.000000000000000000e+00,-2.000000000000000000e+00,-3.000000000000000000e+00,-4.213256835937500000e-01,1.510009765625000000e-01,7.915649414062500000e-01,4.159545898437500000e-01
-1.000000000000000000e+00,-6.000000000000000000e+00,-6.000000000000000000e+00,-1.200000000000000000e+01,-2.000000000000000000e+00,1.000000000000000000e+00,9.000000000000000000e+00,3.000000000000000000e+00,-4.222412109375000000e-01,1.489257812500000000e-01,7.911987304687500000e-01,4.165039062500000000e-01
-2.000000000000000000e+00,1.000000000000000000e+00,0.000000000000000000e+00,1.100000000000000000e+01,6.000000000000000000e+00,-1.000000000000000000e+00,-2.100000000000000000e+01,-1.000000000000000000e+00,-4.222412109375000000e-01,1.489257812500000000e-01,7.911987304687500000e-01,4.165039062500000000e-01
3.000000000000000000e+00,2.000000000000000000e+00,7.000000000000000000e+00,1.400000000000000000e+01,1.000000000000000000e+00,1.000000000000000000e+00,3.000000000000000000e+00,-1.000000000000000000e+00,-4.222412109375000000e-01,1.489257812500000000e-01,7.911987304687500000e-01,4.165039062500000000e-01
0.000000000000000000e+00,2.000000000000000000e+00,3.000000000000000000e+00,-2.600000000000000000e+01,-1.200000000000000000e+01,-4.000000000000000000e+00,4.000000000000000000e+00,0.000000000000000000e+00,-4.222412109375000000e-01,1.489257812500000000e-01,7.911987304687500000e-01,4.165039062500000000e-01
-2.000000000000000000e+00,-4.000000000000000000e+00,-6.000000000000000000e+00,3.300000000000000000e+01,1.800000000000000000e+01,3.000000000000000000e+00,2.000000000000000000e+00,-3.000000000000000000e+00,-4.222412109375000000e-01,1.488037109375000000e-01,7.906494140625000000e-01,4.176025390625000000e-01
-1.000000000000000000e+00,-1.000000000000000000e+00,4.000000000000000000e+00,-1.600000000000000000e+01,-1.200000000000000000e+01,-5.000000000000000000e+00,-2.000000000000000000e+00,-2.000000000000000000e+00,-4.222412109375000000e-01,1.488037109375000000e-01,7.906494140625000000e-01,4.176025390625000000e-01
1.000000000000000000e+00,0.000000000000000000e+00,-5.000000000000000000e+00,2.400000000000000000e+01,2.000000000000000000e+00,0.000000000000000000e+00,4.000000000000000000e+00,1.000000000000000000e+00,-4.222412109375000000e-01,1.488037109375000000e-01,7.906494140625000000e-01,4.176025390625000000e-01
1.000000000000000000e+00,2.000000000000000000e+00,-8.000000000000000000e+00,-5.000000000000000000e+00,1.700000000000000000e+01,5.000000000000000000e+00,1.000000000000000000e+00,2.000000000000000000e+00,-4.222412109375000000e-01,1.488037109375000000e-01,7.906494140625000000e-01,4.176025390625000000e-01
-1.000000000000000000e+00,0.000000000000000000e+00,1.000000000000000000e+00,-1.500000000000000000e+01,-1.900000000000000000e+01,-8.000000000000000000e+00,-1.000000000000000000e+00,-3.000000000000000000e+00,-4.218139648437500000e-01,1.491699218750000000e-01,7.904663085937500000e-01,4.183349609375000000e-01
-4.000000000000000000e+00,-5.000000000000000000e+00,-1.000000000000000000e+00,1.200000000000000000e+01,0.000000000000000000e+00,-4.000000000000000000e+00,-1.000000000000000000e+01,-4.000000000000000000e+00,-4.218139648437500000e-01,1.491699218750000000e-01,7.904663085937500000e-01,4.183349609375000000e-01
-2.000000000000000000e+00,-6.000000000000000000e+00,-8.000000000000000000e+00,-2.100000000000000000e+01,-4.000000000000000000e+00,0.000000000000000000e+00,1.300000000000000000e+01,0.000000000000000000e+00,-4.218139648437500000e-01,1.491699218750000000e-01,7.904663085937500000e-01,4.183349609375000000e-01
1.000000000000000000e+00,2.000000000000000000e+00,1.100000000000000000e+01,2.500000000000000000e+01,1.300000000000000000e+01,2.000000000000000000e+00,8.000000000000000000e+00,0.000000000000000000e+00,-4.218139648437500000e-01,1.491699218750000000e-01,7.904663085937500000e-01,4.183349609375000000e-01
0.000000000000000000e+00,1.000000000000000000e+00,-4.000000000000000000e+00,-1.000000000000000000e+00,-4.000000000000000000e+00,0.000000000000000000e+00,-1.700000000000000000e+01,-2.000000000000000000e+00,-4.216308593750000000e-01,1.481323242187500000e-01,7.905883789062500000e-01,4.185180664062500000e-01
3.000000000000000000e+00,3.000000000000000000e+00,-2.000000000000000000e+00,-4.000000000000000000e+00,2.000000000000000000e+00,5.000000000000000000e+00,3.600000000000000000e+01,4.000000000000000000e+00,-4.216308593750000000e-01,1.481323242187500000e-01,7.905883789062500000e-01,4.185180664062500000e-01
1.000000000000000000e+00,3.000000000000000000e+00,1.000000000000000000e+00,-1.600000000000000000e+01,-6.000000000000000000e+00,-4.000000000000000000e+00,-1.000000000000000000e+01,-1.000000000000000000e+00,-4.216308593750000000e-01,1.481323242187500000e-01,7.905883789062500000e-01,4.185180664062500000e-01
-2.000000000000000000e+00,-5.000000000000000000e+00,3.000000000000000000e+00,1.100000000000000000e+01,-4.000000000000000000e+00,-5.000000000000000000e+00,-6.000000000000000000e+00,-3.000000000000000000e+00,-4.216308593750000000e-01,1.481323242187500000e-01,7.905883789062500000e-01,4.185180664062500000e-01
0.000000000000000000e+00,-7.000000000000000000e+00,-1.600000000000000000e+01,-1.500000000000000000e+01,1.000000000000000000e+00,1.000000000000000000e+00,1.100000000000000000e+01,4.000000000000000000e+00,-4.209594726562500000e-01,1.475219726562500000e-01,7.907104492187500000e-01,4.192504882812500000e-01
2.000000000000000000e+00,3.000000000000000000e+00,4.000000000000000000e+00,1.200000000000000000e+01,7.000000000000000000e+00,2.000000000000000000e+00,-1.500000000000000000e+01,-3.000000000000000000e+00,-4.209594726562500000e-01,1.475219726562500000e-01,7.907104492187500000e-01,4.192504882812500000e-01
-4.000000000000000000e+00,-5.000000000000000000e+00,0.000000000000000000e+00,2.000000000000000000e+00,-5.000000000000000000e+00,-1.000000000000000000e+00,-1.800000000000000000e+01,-3.000000000000000000e+00,-4.209594726562500000e-01,1.475219726562500000e-01,7.907104492187500000e-01,4.192504882812500000e-01
1.000000000000000000e+00,5.000000000000000000e+00,2.000000000000000000e+00,-3.000000000000000000e+00,-9.000000000000000000e+00,-1.000000000000000000e+00,3.000000000000000000e+01,3.000000000000000000e+00,-4.209594726562500000e-01,1.475219726562500000e-01,7.907104492187500000e-01,4.192504882812500000e-01
3.000000000000000000e+00,5.000000000000000000e+00,4.000000000000000000e+00,1.800000000000000000e+01,1.000000000000000000e+01,2.000000000000000000e+00,8.000000000000000000e+00,2.000000000000000000e+00,-4.194335937500000000e-01,1.478881835937500000e-01,7.907104492187500000e-01,4.206542968750000000e-01
-2.000000000000000000e+00,-5.000000000000000000e+00,-1.100000000000000000e+01,3.000000000000000000e+00,7.000000000000000000e+00,-3.000000000000000000e+00,-6.000000000000000000e+00,0.000000000000000000e+00,-4.194335937500000000e-01,1.478881835937500000e-01,7.907104492187500000e-01,4.206542968750000000e-01
0.000000000000000000e+00,-3.000000000000000000e+00,0.000000000000000000e+00,6.000000000000000000e+00,-1.000000000000000000e+00,0.000000000000000000e+00,1.000000000000000000e+00,-1.000000000000000000e+00,-4.194335937500000000e-01,1.478881835937500000e-01,7.907104492187500000e-01,4.206542968750000000e-01
-4.000000000000000000e+00,-4.000000000000000000e+00,-1.000000000000000000e+00,-1.000000000000000000e+01,-9.000000000000000000e+00,-3.000000000000000000e+00,-1.800000000000000000e+01,-4.000000000000000000e+00,-4.194335937500000000e-01,1.478881835937500000e-01,7.907104492187500000e-01,4.206542968750000000e-01
-3.000000000000000000e+00,-2.000000000000000000e+00,6.000000000000000000e+00,-3.200000000000000000e+01,-1.800000000000000000e+01,-6.000000000000000000e+00,4.000000000000000000e+00,-4.000000000000000000e+00,-4.183349609375000000e-01,1.484375000000000000e-01,7.906494140625000000e-01,4.215698242187500000e-01
-6.000000000000000000e+00,-5.000000000000000000e+00,-4.000000000000000000e+00,3.900000000000000000e+01,1.800000000000000000e+01,3.000000000000000000e+00,-5.000000000000000000e+00,-3.000000000000000000e+00,-4.183349609375000000e-01,1.484375000000000000e-01,7.906494140625000000e-01,4.215698242187500000e-01
1.000000000000000000e+00,6.000000000000000000e+00,4.000000000000000000e+00,-1.900000000000000000e+01,-1.000000000000000000e+00,4.000000000000000000e+00,7.000000000000000000e+00,3.000000000000000000e+00,-4.183349609375000000e-01,1.484375000000000000e-01,7.906494140625000000e-01,4.215698242187500000e-01
-5.000000000000000000e+00,-1.000000000000000000e+01,-1.400000000000000000e+01,1.900000000000000000e+01,1.000000000000000000e+00,-2.000000000000000000e+00,-5.000000000000000000e+00,-2.000000000000000000e+00,-4.183349609375000000e-01,1.484375000000000000e-01,7.906494140625000000e-01,4.215698242187500000e-01
-2.000000000000000000e+00,2.000000000000000000e+00,4.000000000000000000e+00,-1.700000000000000000e+01,1.000000000000000000e+00,-2.000000000000000000e+00,-5.000000000000000000e+00,-2.000000000000000000e+00,-4.185180664062500000e-01,1.475219726562500000e-01,7.910156250000000000e-01,4.210815429687500000e-01
0.000000000000000000e+00,4.000000000000000000e+00,1.000000000000000000e+01,-3.400000000000000000e+01,-1.700000000000000000e+01,-3.000000000000000000e+00,-1.000000000000000000e+00,-2.000000000000000000e+00,-4.185180664062500000e-01,1.475219726562500000e-01,7.910156250000000000e-01,4.210815429687500000e-01
1.000000000000000000e+00,-3.000000000000000000e+00,-9.000000000000000000e+00,3.900000000000000000e+01,1.800000000000000000e+01,4.000000000000000000e+00,1.000000000000000000e+00,0.000000000000000000e+00,-4.185180664062500000e-01,1.475219726562500000e-01,7.910156250000000000e-01,4.210815429687500000e-01
0.000000000000000000e+00,-5.000000000000000000e+00,-7.000000000000000000e+00,-5.600000000000000000e+01,-8.000000000000000000e+00,-3.000000000000000000e+00,-6.000000000000000000e+00,-1.000000000000000000e+00,-4.185180664062500000e-01,1.475219726562500000e-01,7.910156250000000000e-01,4.210815429687500000e-01
-2.000000000000000000e+00,0.000000000000000000e+00,8.000000000000000000e+00,5.900000000000000000e+01,1.200000000000000000e+01,2.000000000000000000e+00,2.000000000000000000e+00,1.000000000000000000e+00,-4.193725585937500000e-01,1.448364257812500000e-01,7.918701171875000000e-01,4.195556640625000000e-01
-1.000000000000000000e+00,0.000000000000000000e+00,-3.000000000000000000e+00,-2.600000000000000000e+01,-1.200000000000000000e+01,-5.000000000000000000e+00,-1.100000000000000000e+01,-2.000000000000000000e+00,-4.193725585937500000e-01,1.448364257812500000e-01,7.918701171875000000e-01,4.195556640625000000e-01
-3.000000000000000000e+00,0.000000000000000000e+00,4.000000000000000000e+00,-1.100000000000000000e+01,-8.000000000000000000e+00,-4.000000000000000000e+00,6.000000000000000000e+00,-1.000000000000000000e+00,-4.193725585937500000e-01,1.448364257812500000e-01,7.918701171875000000e-01,4.195556640625000000e-01
1.000000000000000000e+00,5.000000000000000000e+00,6.000000000000000000e+00,1.000000000000000000e+00,1.000000000000000000e+00,0.000000000000000000e+00,1.000000000000000000e+00,1.000000000000000000e+00,-4.193725585937500000e-01,1.448364257812500000e-01,7.918701171875000000e-01,4.195556640625000000e-01
-2.000000000000000000e+00,-8.000000000000000000e+00,-1.300000000000000000e+01,1.000000000000000000e+00,-2.000000000000000000e+00,0.000000000000000000e+00,3.000000000000000000e+00,0.000000000000000000e+00,-4.208374023437500000e-01,1.412963867187500000e-01,7.927246093750000000e-01,4.176635742187500000e-01
1.000000000000000000e+00,-1.000000000000000000e+00,1.000000000000000000e+00,-3.000000000000000000e+00,5.000000000000000000e+00,-1.000000000000000000e+00,-2.000000000000000000e+00,-1.000000000000000000e+00,-4.208374023437500000e-01,1.412963867187500000e-01,7.927246093750000000e-01,4.176635742187500000e-01
0.000000000000000000e+00,0.000000000000000000e+00,5.000000000000000000e+00,5.000000000000000000e+00,-2.000000000000000000e+00,1.000000000000000000e+00,3.000000000000000000e+00,-1.000000000000000000e+00,-4.208374023437500000e-01,1.412963867187500000e-01,7.927246093750000000e-01,4.176635742187500000e-01
0.000000000000000000e+00,3.000000000000000000e+00,1.000000000000000000e+00,6.000000000000000000e+00,-3.000000000000000000e+00,-3.000000000000000000e+00,3.000000000000000000e+00,-1.000000000000000000e+00,-4.208374023437500000e-01,1.412963867187500000e-01,7.927246093750000000e-01,4.176635742187500000e-01
-3.000000000000000000e+00,-5.000000000000000000e+00,-5.000000000000000000e+00,-1.700000000000000000e+01,-3.000000000000000000e+00,-1.000000000000000000e+00,-2.500000000000000000e+01,-4.000000000000000000e+00,-4.215698242187500000e-01,1.383666992187500000e-01,7.929687500000000000e-01,4.174804687500000000e-01
-4.000000000000000000e+00,-7.000000000000000000e+00,2.000000000000000000e+00,1.300000000000000000e+01,-5.000000000000000000e+00,-3.000000000000000000e+00,6.000000000000000000e+00,1.000000000000000000e+00,-4.215698242187500000e-01,1.383666992187500000e-01,7.929687500000000000e-01,4.174804687500000000e-01
1.000000000000000000e+00,2.000000000000000000e+00,-2.000000000000000000e+00,-1.200000000000000000e+01,0.000000000000000000e+00,-5.000000000000000000e+00,-4.000000000000000000e+00,-1.000000000000000000e+00,-4.215698242187500000e-01,1.383666992187500000e-01,7.929687500000000000e-01,4.174804687500000000e-01
-3.000000000000000000e+00,-4.000000000000000000e+00,-3.000000000000000000e+00,1.100000000000000000e+01,-7.000000000000000000e+00,-1.000000000000000000e+00,-6.000000000000000000e+00,-2.000000000000000000e+00,-4.215698242187500000e-01,1.383666992187500000e-01,7.929687500000000000e-01,4.174804687500000000e-01
-3.000000000000000000e+00,3.000000000000000000e+00,1.100000000000000000e+01,-6.000000000000000000e+00,-9.000000000000000000e+00,-4.000000000000000000e+00,-7.000000000000000000e+00,-1.000000000000000000e+00,-4.207153320312500000e-01,1.395874023437500000e-01,7.918090820312500000e-01,4.201660156250000000e-01
-3.000000000000000000e+00,-9.000000000000000000e+00,-8.000000000000000000e+00,7.000000000000000000e+00,2.400000000000000000e+01,2.000000000000000000e+00,-1.400000000000000000e+01,-5.000000000000000000e+00,-4.207153320312500000e-01,1.395874023437500000e-01,7.918090820312500000e-01,4.201660156250000000e-01
3.000000000000000000e+00,2.000000000000000000e+00,1.000000000000000000e+00,1.100000000000000000e+01,-1.000000000000000000e+01,0.000000000000000000e+00,1.300000000000000000e+01,4.000000000000000000e+00,-4.207153320312500000e-01,1.395874023437500000e-01,7.918090820312500000e-01,4.201660156250000000e-01
3.000000000000000000e+00,5.000000000000000000e+00,6.000000000000000000e+00,5.000000000000000000e+00,7.000000000000000000e+00,3.000000000000000000e+00,-1.000000000000000000e+00,1.000000000000000000e+00,-4.207153320312500000e-01,1.395874023437500000e-01,7.918090820312500000e-01,4.201660156250000000e-01
-4.000000000000000000e+00,-7.000000000000000000e+00,-1.300000000000000000e+01,-1.300000000000000000e+01,3.000000000000000000e+00,-3.000000000000000000e+00,3.000000000000000000e+00,-2.000000000000000000e+00,-4.192504882812500000e-01,1.441040039062500000e-01,7.898559570312500000e-01,4.237670898437500000e-01
-7.000000000000000000e+00,-3.000000000000000000e+00,-2.000000000000000000e+00,-2.000000000000000000e+01,-2.100000000000000000e+01,-5.000000000000000000e+00,-2.000000000000000000e+00,-2.000000000000000000e+00,-4.192504882812500000e-01,1.441040039062500000e-01,7.898559570312500000e-01,4.237670898437500000e-01
0.000000000000000000e+00,2.000000000000000000e+00,2.000000000000000000e+00,6.000000000000000000e+00,1.000000000000000000e+00,1.000000000000000000e+00,-2.000000000000000000e+00,-1.000000000000000000e+00,-4.192504882812500000e-01,1.441040039062500000e-01,7.898559570312500000e-01,4.237670898437500000e-01
-1.000000000000000000e+00,-1.000000000000000000e+00,2.000000000000000000e+00,6.000000000000000000e+00,3.000000000000000000e+00,-3.000000000000000000e+00,-1.000000000000000000e+00,-3.000000000000000000e+00,-4.192504882812500000e-01,1.441040039062500000e-01,7.898559570312500000e-01,4.237670898437500000e-01
2.000000000000000000e+00,2.000000000000000000e+00,1.000000000000000000e+00,-2.000000000000000000e+00,1.000000000000000000e+00,0.000000000000000000e+00,4.000000000000000000e+00,1.000000000000000000e+00,-4.184570312500000000e-01,1.480102539062500000e-01,7.885131835937500000e-01,4.256591796875000000e-01
1.000000000000000000e+00,-2.000000000000000000e+00,-3.000000000000000000e+00,-1.200000000000000000e+01,-9.000000000000000000e+00,-1.000000000000000000e+00,-1.000000000000000000e+00,1.000000000000000000e+00,-4.184570312500000000e-01,1.480102539062500000e-01,7.885131835937500000e-01,4.256591796875000000e-01
0.000000000000000000e+00,-3.000000000000000000e+00,-4.000000000000000000e+00,-4.000000000000000000e+00,-1.000000000000000000e+00,-2.000000000000000000e+00,-1.100000000000000000e+01,-3.000000000000000000e+00,-4.184570312500000000e-01,1.480102539062500000e-01,7.885131835937500000e-01,4.256591796875000000e-01
0.000000000000000000e+00,0.000000000000000000e+00,-5.000000000000000000e+00,-3.000000000000000000e+00,-4.000000000000000000e+00,0.000000000000000000e+00,6.000000000000000000e+00,3.000000000000000000e+00,-4.184570312500000000e-01,1.480102539062500000e-01,7.885131835937500000e-01,4.256591796875000000e-01
-1.000000000000000000e+00,0.000000000000000000e+00,7.000000000000000000e+00,-2.000000000000000000e+00,-5.000000000000000000e+00,-6.000000000000000000e+00,-1.000000000000000000e+01,-5.000000000000000000e+00,-4.185791015625000000e-01,1.481933593750000000e-01,7.884521484375000000e-01,4.255371093750000000e-01
0.000000000000000000e+00,2.000000000000000000e+00,-1.000000000000000000e+00,1.100000000000000000e+01,1.000000000000000000e+00,1.000000000000000000e+00,1.200000000000000000e+01,2.000000000000000000e+00,-4.185791015625000000e-01,1.481933593750000000e-01,7.884521484375000000e-01,4.255371093750000000e-01
-3.000000000000000000e+00,1.000000000000000000e+00,1.000000000000000000e+00,-1.200000000000000000e+01,-1.000000000000000000e+00,-2.000000000000000000e+00,-7.000000000000000000e+00,-3.000000000000000000e+00,-4.185791015625000000e-01,1.481933593750000000e-01,7.884521484375000000e-01,4.255371093750000000e-01
-2.000000000000000000e+00,-5.000000000000000000e+00,0.000000000000000000e+00,-9.000000000000000000e+00,-8.000000000000000000e+00,-2.000000000000000000e+00,-2.000000000000000000e+00,-3.000000000000000000e+00,-4.185791015625000000e-01,1.481933593750000000e-01,7.884521484375000000e-01,4.255371093750000000e-01
3.000000000000000000e+00,2.000000000000000000e+00,4.000000000000000000e+00,7.000000000000000000e+00,-6.000000000000000000e+00,-2.000000000000000000e+00,-8.000000000000000000e+00,1.000000000000000000e+00,-4.195556640625000000e-01,1.463012695312500000e-01,7.888793945312500000e-01,4.244384765625000000e-01
-3.000000000000000000e+00,-1.000000000000000000e+00,-1.000000000000000000e+00,1.000000000000000000e+00,4.000000000000000000e+00,-1.000000000000000000e+00,-3.000000000000000000e+00,-4.000000000000000000e+00,-4.195556640625000000e-01,1.463012695312500000e-01,7.888793945312500000e-01,4.244384765625000000e-01
0.000000000000000000e+00,-1.000000000000000000e+00,2.000000000000000000e+00,-1.300000000000000000e+01,-1.900000000000000000e+01,-6.000000000000000000e+00,-1.400000000000000000e+01,-4.000000000000000000e+00,-4.195556640625000000e-01,1.463012695312500000e-01,7.888793945312500000e-01,4.244384765625000000e-01
0.000000000000000000e+00,-5.000000000000000000e+00,-5.000000000000000000e+00,3.000000000000000000e+00,1.700000000000000000e+01,2.000000000000000000e+00,-2.000000000000000000e+00,1.000000000000000000e+00,-4.195556640625000000e-01,1.463012695312500000e-01,7.888793945312500000e-01,4.244384765625000000e-01
1.000000000000000000e+00,2.000000000000000000e+00,1.000000000000000000e+00,0.000000000000000000e+00,0.000000000000000000e+00,2.000000000000000000e+00,9.000000000000000000e+00,3.000000000000000000e+00,-4.204711914062500000e-01,1.448974609375000000e-01,7.890014648437500000e-01,4.237670898437500000e-01
-3.000000000000000000e+00,-5.000000000000000000e+00,-4.000000000000000000e+00,-8.000000000000000000e+00,-1.400000000000000000e+01,-5.000000000000000000e+00,-1.000000000000000000e+00,0.000000000000000000e+00,-4.204711914062500000e-01,1.448974609375000000e-01,7.890014648437500000e-01,4.237670898437500000e-01
-1.000000000000000000e+00,-3.000000000000000000e+00,-1.000000000000000000e+00,4.000000000000000000e+00,2.000000000000000000e+00,-3.000000000000000000e+00,-3.000000000000000000e+00,0.000000000000000000e+00,-4.204711914062500000e-01,1.448974609375000000e-01,7.890014648437500000e-01,4.237670898437500000e-01
-6.000000000000000000e+00,-3.000000000000000000e+00,0.000000000000000000e+00,-1.000000000000000000e+01,-8.000000000000000000e+00,-2.000000000000000000e+00,-3.000000000000000000e+00,-2.000000000000000000e+00,-4.204711914062500000e-01,1.448974609375000000e-01,7.890014648437500000e-01,4.237670898437500000e-01
3.000000000000000000e+00,3.000000000000000000e+00,2.000000000000000000e+00,9.000000000000000000e+00,8.000000000000000000e+00,3.000000000000000000e+00,-2.000000000000000000e+00,0.000000000000000000e+00,-4.206542968750000000e-01,1.449584960937500000e-01,7.887573242187500000e-01,4.240722656250000000e-01
0.000000000000000000e+00,-3.000000000000000000e+00,0.000000000000000000e+00,1.300000000000000000e+01,1.100000000000000000e+01,2.000000000000000000e+00,1.100000000000000000e+01,1.000000000000000000e+00,-4.206542968750000000e-01,1.449584960937500000e-01,7.887573242187500000e-01,4.240722656250000000e-01
1.000000000000000000e+00,-4.000000000000000000e+00,-5.000000000000000000e+00,-9.000000000000000000e+00,-7.000000000000000000e+00,-4.000000000000000000e+00,-8.000000000000000000e+00,-2.000000000000000000e+00,-4.206542968750000000e-01,1.449584960937500000e-01,7.887573242187500000e-01,4.240722656250000000e-01
3.000000000000000000e+00,0.000000000000000000e+00,-4.000000000000000000e+00,2.000000000000000000e+00,-3.000000000000000000e+00,2.000000000000000000e+00,1.600000000000000000e+01,2.000000000000000000e+00,-4.206542968750000000e-01,1.449584960937500000e-01,7.887573242187500000e-01,4.240722656250000000e-01
3.000000000000000000e+00,7.000000000000000000e+00,2.000000000000000000e+00,-1.500000000000000000e+01,9.000000000000000000e+00,2.000000000000000000e+00,6.000000000000000000e+00,2.000000000000000000e+00,-4.199218750000000000e-01,1.463012695312500000e-01,7.883300781250000000e-01,4.252319335937500000e-01
-2.000000000000000000e+00,-4.000000000000000000e+00,-1.400000000000000000e+01,-2.000000000000000000e+00,-3.000000000000000000e+00,0.000000000000000000e+00,-1.000000000000000000e+01,-3.000000000000000000e+00,-4.199218750000000000e-01,1.463012695312500000e-01,7.883300781250000000e-01,4.252319335937500000e-01
-5.000000000000000000e+00,-2.000000000000000000e+00,0.000000000000000000e+00,-4.000000000000000000e+00,-1.000000000000000000e+00,2.000000000000000000e+00,3.000000000000000000e+00,-4.000000000000000000e+00,-4.199218750000000000e-01,1.463012695312500000e-01,7.883300781250000000e-01,4.252319335937500000e-01
1.000000000000000000e+00,1.000000000000000000e+00,0.000000000000000000e+00,4.000000000000000000e+00,4.000000000000000000e+00,-2.000000000000000000e+00,-6.000000000000000000e+00,-1.000000000000000000e+00,-4.199218750000000000e-01,1.463012695312500000e-01,7.883300781250000000e-01,4.252319335937500000e-01
0.000000000000000000e+00,0.000000000000000000e+00,7.000000000000000000e+00,-1.200000000000000000e+01,-5.000000000000000000e+00,-2.000000000000000000e+00,3.000000000000000000e+00,0.000000000000000000e+00,-4.189453125000000000e-01,1.481323242187500000e-01,7.880249023437500000e-01,4.260864257812500000e-01
4.000000000000000000e+00,4.000000000000000000e+00,-3.000000000000000000e+00,2.000000000000000000e+00,-4.000000000000000000e+00,-3.000000000000000000e+00,-2.000000000000000000e+00,-1.000000000000000000e+00,-4.189453125000000000e-01,1.481323242187500000e-01,7.880249023437500000e-01,4.260864257812500000e-01
-2.000000000000000000e+00,-2.000000000000000000e+00,-2.000000000000000000e+00,0.000000000000000000e+00,0.000000000000000000e+00,1.000000000000000000e+00,6.000000000000000000e+00,2.000000000000000000e+00,-4.189453125000000000e-01,1.481323242187500000e-01,7.880249023437500000e-01,4.260864257812500000e-01
-2.000000000000000000e+00,1.000000000000000000e+00,4.000000000000000000e+00,-5.000000000000000000e+00,-7.000000000000000000e+00,-3.000000000000000000e+00,-6.000000000000000000e+00,-3.000000000000000000e+00,-4.189453125000000000e-01,1.481323242187500000e-01,7.880249023437500000e-01,4.260864257812500000e-01
-2.000000000000000000e+00,-2.000000000000000000e+00,-3.000000000000000000e+00,5.000000000000000000e+00,-4.000000000000000000e+00,-2.000000000000000000e+00,1.000000000000000000e+01,-2.000000000000000000e+00,-4.183349609375000000e-01,1.484375000000000000e-01,7.883911132812500000e-01,4.259033203125000000e-01
3.000000000000000000e+00,3.000000000000000000e+00,8.000000000000000000e+00,-4.000000000000000000e+00,-4.000000000000000000e+00,0.000000000000000000e+00,-1.400000000000000000e+01,0.000000000000000000e+00,-4.183349609375000000e-01,1.484375000000000000e-01,7.883911132812500000e-01,4.259033203125000000e-01
-2.000000000000000000e+00,-4.000000000000000000e+00,-5.000000000000000000e+00,0.000000000000000000e+00,0.000000000000000000e+00,-4.000000000000000000e+00,-3.000000000000000000e+00,-1.000000000000000000e+00,-4.183349609375000000e-01,1.484375000000000000e-01,7.883911132812500000e-01,4.259033203125000000e-01
-2.000000000000000000e+00,-4.000000000000000000e+00,1.000000000000000000e+00,9.000000000000000000e+00,8.000000000000000000e+00,3.000000000000000000e+00,1.300000000000000000e+01,-1.000000000000000000e+00,-4.183349609375000000e-01,1.484375000000000000e-01,7.883911132812500000e-01,4.259033203125000000e-01
0.000000000000000000e+00,3.000000000000000000e+00,5.000000000000000000e+00,-1.000000000000000000e+01,-1.300000000000000000e+01,-9.000000000000000000e+00,-2.000000000000000000e+00,0.000000000000000000e+00,-4.182128906250000000e-01,1.473999023437500000e-01,7.888183593750000000e-01,4.255371093750000000e-01
-1.000000000000000000e+00,-1.000000000000000000e+00,-8.000000000000000000e+00,9.000000000000000000e+00,1.100000000000000000e+01,2.000000000000000000e+00,2.000000000000000000e+00,-2.000000000000000000e+00,-4.182128906250000000e-01,1.473999023437500000e-01,7.888183593750000000e-01,4.255371093750000000e-01
2.000000000000000000e+00,0.000000000000000000e+00,2.000000000000000000e+00,2.300000000000000000e+01,1.500000000000000000e+01,7.000000000000000000e+00,4.000000000000000000e+00,3.000000000000000000e+00,-4.182128906250000000e-01,1.473999023437500000e-01,7.888183593750000000e-01,4.255371093750000000e-01
-3.000000000000000000e+00,-5.000000000000000000e+00,-4.000000000000000000e+00,-1.600000000000000000e+01,-5.000000000000000000e+00,-5.000000000000000000e+00,-9.000000000000000000e+00,-3.000000000000000000e+00,-4.182128906250000000e-01,1.473999023437500000e-01,7.888183593750000000e-01,4.255371093750000000e-01
-2.000000000000000000e+00,-7.000000000000000000e+00,-6.000000000000000000e+00,-7.000000000000000000e+00,-6.000000000000000000e+00,-1.000000000000000000e+00,-4.000000000000000000e+00,0.000000000000000000e+00,-4.177246093750000000e-01,1.474609375000000000e-01,7.889404296875000000e-01,4.257202148437500000e-01
-1.000000000000000000e+00,0.000000000000000000e+00,-2.000000000000000000e+00,2.600000000000000000e+01,5.000000000000000000e+00,2.000000000000000000e+00,1.100000000000000000e+01,0.000000000000000000e+00,-4.177246093750000000e-01,1.474609375000000000e-01,7.889404296875000000e-01,4.257202148437500000e-01
-4.000000000000000000e+00,-3.000000000000000000e+00,-3.000000000000000000e+00,-1.200000000000000000e+01,-2.000000000000000000e+00,-2.000000000000000000e+00,-6.000000000000000000e+00,-3.000000000000000000e+00,-4.177246093750000000e-01,1.474609375000000000e-01,7.889404296875000000e-01,4.257202148437500000e-01
0.000000000000000000e+00,1.000000000000000000e+00,5.000000000000000000e+00,7.000000000000000000e+00,0.000000000000000000e+00,-2.000000000000000000e+00,-6.000000000000000000e+00,-1.000000000000000000e+00,-4.177246093750000000e-01,1.474609375000000000e-01,7.889404296875000000e-01,4.257202148437500000e-01
0.000000000000000000e+00,-1.000000000000000000e+00,-3.000000000000000000e+00,1.000000000000000000e+00,-3.000000000000000000e+00,0.000000000000000000e+00,4.000000000000000000e+00,-1.000000000000000000e+00,-4.170532226562500000e-01,1.481933593750000000e-01,7.891845703125000000e-01,4.257812500000000000e-01
-3.000000000000000000e+00,-3.000000000000000000e+00,-5.000000000000000000e+00,-2.300000000000000000e+01,-6.000000000000000000e+00,-5.000000000000000000e+00,-4.000000000000000000e+00,-1.000000000000000000e+00,-4.170532226562500000e-01,1.481933593750000000e-01,7.891845703125000000e-01,4.257812500000000000e-01
-2.000000000000000000e+00,1.000000000000000000e+00,-2.000000000000000000e+00,1.000000000000000000e+01,1.000000000000000000e+00,-2.000000000000000000e+00,-1.200000000000000000e+01,-2.000000000000000000e+00,-4.170532226562500000e-01,1.481933593750000000e-01,7.891845703125000000e-01,4.257812500000000000e-01
2.000000000000000000e+00,6.000000000000000000e+00,1.000000000000000000e+00,1.000000000000000000e+01,1.000000000000000000e+00,1.000000000000000000e+00,1.000000000000000000e+00,3.000000000000000000e+00,-4.170532226562500000e-01,1.481933593750000000e-01,7.891845703125000000e-01,4.257812500000000000e-01
-7.000000000000000000e+00,-4.000000000000000000e+00,-6.000000000000000000e+00,-1.000000000000000000e+00,0.000000000000000000e+00,-2.000000000000000000e+00,3.000000000000000000e+00,-4.000000000000000000e+00,-4.170532226562500000e-01,1.475830078125000000e-01,7.894897460937500000e-01,4.254150390625000000e-01
-4.000000000000000000e+00,-2.000000000000000000e+00,0.000000000000000000e+00,-1.100000000000000000e+01,-2.000000000000000000e+00,-1.000000000000000000e+00,4.000000000000000000e+00,6.000000000000000000e+00,-4.170532226562500000e-01,1.475830078125000000e-01,7.894897460937500000e-01,4.254150390625000000e-01
1.000000000000000000e+00,-1.000000000000000000e+00,-1.000000000000000000e+00,3.000000000000000000e+00,2.000000000000000000e+00,-1.000000000000000000e+00,-9.000000000000000000e+00,-1.600000000000000000e+01,-4.170532226562500000e-01,1.475830078125000000e-01,7.894897460937500000e-01,4.254150390625000000e-01
2.000000000000000000e+00,4.000000000000000000e+00,-3.000000000000000000e+00,-3.000000000000000000e+00,-3.000000000000000000e+00,-1.000000000000000000e+00,-2.000000000000000000e+00,-2.000000000000000000e+00,-4.170532226562500000e-01,1.475830078125000000e-01,7.894897460937500000e-01,4.254150390625000000e-01
1.000000000000000000e+00,3.000000000000000000e+00,1.000000000000000000e+00,1.000000000000000000e+01,-3.000000000000000000e+00,2.000000000000000000e+00,-3.000000000000000000e+00,2.000000000000000000e+00,-4.171142578125000000e-01,1.474609375000000000e-01,7.894287109375000000e-01,4.254150390625000000e-01
2.000000000000000000e+00,1.000000000000000000e+00,0.000000000000000000e+00,0.000000000000000000e+00,2.000000000000000000e+00,-4.000000000000000000e+00,-4.000000000000000000e+00,-1.000000000000000000e+00,-4.171142578125000000e-01,1.474609375000000000e-01,7.894287109375000000e-01,4.254150390625000000e-01
-3.000000000000000000e+00,-1.000000000000000000e+00,2.000000000000000000e+00,-1.300000000000000000e+01,-7.000000000000000000e+00,-2.000000000000000000e+00,2.000000000000000000e+01,4.000000000000000000e+00,-4.171142578125000000e-01,1.474609375000000000e-01,7.894287109375000000e-01,4.254150390625000000e-01
-3.000000000000000000e+00,-1.000000000000000000e+00,-3.000000000000000000e+00,-4.000000000000000000e+00,-2.000000000000000000e+00,-5.000000000000000000e+00,-1.600000000000000000e+01,-1.000000000000000000e+00,-4.171142578125000000e-01,1.474609375000000000e-01,7.894287109375000000e-01,4.254150390625000000e-01
-1.000000000000000000e+00,-1.000000000000000000e+00,4.000000000000000000e+00,2.200000000000000000e+01,8.000000000000000000e+00,2.000000000000000000e+00,5.000000000000000000e+00,-2.000000000000000000e+00,-4.168090820312500000e-01,1.483764648437500000e-01,7.889404296875000000e-01,4.263305664062500000e-01
-2.000000000000000000e+00,-5.000000000000000000e+00,-1.000000000000000000e+00,-8.000000000000000000e+00,0.000000000000000000e+00,2.000000000000000000e+00,3.000000000000000000e+00,-2.000000000000000000e+00,-4.168090820312500000e-01,1.483764648437500000e-01,7.889404296875000000e-01,4.263305664062500000e-01
0.000000000000000000e+00,-1.000000000000000000e+00,0.000000000000000000e+00,-2.200000000000000000e+01,-1.300000000000000000e+01,-3.000000000000000000e+00,-4.000000000000000000e+00,3.000000000000000000e+00,-4.168090820312500000e-01,1.483764648437500000e-01,7.889404296875000000e-01,4.263305664062500000e-01
0.000000000000000000e+00,-3.000000000000000000e+00,-6.000000000000000000e+00,2.800000000000000000e+01,5.000000000000000000e+00,1.000000000000000000e+00,-3.000000000000000000e+00,-2.000000000000000000e+00,-4.168090820312500000e-01,1.483764648437500000e-01,7.889404296875000000e-01,4.263305664062500000e-01
-1.000000000000000000e+00,-1.000000000000000000e+00,-4.000000000000000000e+00,-5.000000000000000000e+00,-3.000000000000000000e+00,1.000000000000000000e+00,-3.000000000000000000e+00,0.000000000000000000e+00,-4.168701171875000000e-01,1.488037109375000000e-01,7.887573242187500000e-01,4.264526367187500000e-01
-1.000000000000000000e+00,0.000000000000000000e+00,6.000000000000000000e+00,-1.200000000000000000e+01,-1.500000000000000000e+01,-5.000000000000000000e+00,-6.000000000000000000e+00,-2.000000000000000000e+00,-4.168701171875000000e-01,1.488037109375000000e-01,7.887573242187500000e-01,4.264526367187500000e-01
-1.000000000000000000e+00,1.000000000000000000e+00,-1.000000000000000000e+00,-1.300000000000000000e+01,1.000000000000000000e+00,-3.000000000000000000e+00,-2.000000000000000000e+00,1.000000000000000000e+00,-4.168701171875000000e-01,1.488037109375000000e-01,7.887573242187500000e-01,4.264526367187500000e-01
-1.000000000000000000e+00,-2.000000000000000000e+00,-2.000000000000000000e+00,3.600000000000000000e+01,2.300000000000000000e+01,8.000000000000000000e+00,7.000000000000000000e+00,3.000000000000000000e+00,-4.168701171875000000e-01,1.488037109375000000e-01,7.887573242187500000e-01,4.264526367187500000e-01
0.000000000000000000e+00,-1.000000000000000000e+00,-3.000000000000000000e+00,-7.000000000000000000e+00,-8.000000000000000000e+00,-5.000000000000000000e+00,-1.000000000000000000e+00,-1.000000000000000000e+00,-4.178466796875000000e-01,1.462402343750000000e-01,7.894287109375000000e-01,4.252319335937500000e-01
2.000000000000000000e+00,2.000000000000000000e+00,1.000000000000000000e+00,2.000000000000000000e+00,1.000000000000000000e+00,5.000000000000000000e+00,-4.000000000000000000e+00,-3.000000000000000000e+00,-4.178466796875000000e-01,1.462402343750000000e-01,7.894287109375000000e-01,4.252319335937500000e-01
0.000000000000000000e+00,0.000000000000000000e+00,6.000000000000000000e+00,-1.400000000000000000e+01,-9.000000000000000000e+00,-5.000000000000000000e+00,-5.000000000000000000e+00,0.000000000000000000e+00,-4.178466796875000000e-01,1.462402343750000000e-01,7.894287109375000000e-01,4.252319335937500000e-01
-3.000000000000000000e+00,0.000000000000000000e+00,0.000000000000000000e+00,-1.200000000000000000e+01,-1.100000000000000000e+01,-3.000000000000000000e+00,-3.000000000000000000e+00,0.000000000000000000e+00,-4.178466796875000000e-01,1.462402343750000000e-01,7.894287109375000000e-01,4.252319335937500000e-01
-2.000000000000000000e+00,-3.000000000000000000e+00,1.000000000000000000e+00,0.000000000000000000e+00,6.000000000000000000e+00,2.000000000000000000e+00,3.000000000000000000e+00,-2.000000000000000000e+00,-4.190673828125000000e-01,1.420288085937500000e-01,7.900390625000000000e-01,4.243164062500000000e-01
0.000000000000000000e+00,1.000000000000000000e+00,4.000000000000000000e+00,0.000000000000000000e+00,2.000000000000000000e+00,-3.000000000000000000e+00,-7.000000000000000000e+00,-2.000000000000000000e+00,-4.190673828125000000e-01,1.420288085937500000e-01,7.900390625000000000e-01,4.243164062500000000e-01
0.000000000000000000e+00,2.000000000000000000e+00,-2.000000000000000000e+00,1.100000000000000000e+01,1.000000000000000000e+00,0.000000000000000000e+00,-5.000000000000000000e+00,2.000000000000000000e+00,-4.190673828125000000e-01,1.420288085937500000e-01,7.900390625000000000e-01,4.243164062500000000e-01
3.000000000000000000e+00,2.000000000000000000e+00,2.000000000000000000e+00,-1.600000000000000000e+01,-4.000000000000000000e+00,-1.000000000000000000e+00,9.000000000000000000e+00,0.000000000000000000e+00,-4.190673828125000000e-01,1.420288085937500000e-01,7.900390625000000000e-01,4.243164062500000000e-01
-1.000000000000000000e+00,-1.000000000000000000e+00,0.000000000000000000e+00,5.000000000000000000e+00,5.000000000000000000e+00,-2.000000000000000000e+00,-6.000000000000000000e+00,-3.000000000000000000e+00,-4.196777343750000000e-01,1.397705078125000000e-01,7.897949218750000000e-01,4.248046875000000000e-01
-1.000000000000000000e+00,-2.000000000000000000e+00,5.000000000000000000e+00,-6.000000000000000000e+00,-8.000000000000000000e+00,-2.000000000000000000e+00,0.000000000000000000e+00,-3.000000000000000000e+00,-4.196777343750000000e-01,1.397705078125000000e-01,7.897949218750000000e-01,4.248046875000000000e-01
-1.000000000000000000e+00,-2.000000000000000000e+00,-9.000000000000000000e+00,5.000000000000000000e+00,5.000000000000000000e+00,2.000000000000000000e+00,4.000000000000000000e+00,1.000000000000000000e+00,-4.196777343750000000e-01,1.397705078125000000e-01,7.897949218750000000e-01,4.248046875000000000e-01
-3.000000000000000000e+00,-2.000000000000000000e+00,0.000000000000000000e+00,-2.200000000000000000e+01,-1.100000000000000000e+01,-5.000000000000000000e+00,0.000000000000000000e+00,-3.000000000000000000e+00,-4.196777343750000000e-01,1.397705078125000000e-01,7.897949218750000000e-01,4.248046875000000000e-01
0.000000000000000000e+00,-1.000000000000000000e+00,-7.000000000000000000e+00,-6.000000000000000000e+00,-3.000000000000000000e+00,-1.000000000000000000e+00,1.000000000000000000e+00,-2.000000000000000000e+00,-4.194335937500000000e-01,1.409301757812500000e-01,7.889404296875000000e-01,4.262695312500000000e-01
-1.000000000000000000e+00,-3.000000000000000000e+00,-5.000000000000000000e+00,1.800000000000000000e+01,8.000000000000000000e+00,2.000000000000000000e+00,0.000000000000000000e+00,-1.000000000000000000e+00,-4.194335937500000000e-01,1.409301757812500000e-01,7.889404296875000000e-01,4.262695312500000000e-01
1.000000000000000000e+00,3.000000000000000000e+00,7.000000000000000000e+00,-7.000000000000000000e+00,-1.000000000000000000e+00,1.000000000000000000e+00,4.000000000000000000e+00,0.000000000000000000e+00,-4.194335937500000000e-01,1.409301757812500000e-01,7.889404296875000000e-01,4.262695312500000000e-01
-5.000000000000000000e+00,-1.000000000000000000e+01,-1.400000000000000000e+01,-3.900000000000000000e+01,-2.500000000000000000e+01,-9.000000000000000000e+00,-1.100000000000000000e+01,-2.000000000000000000e+00,-4.194335937500000000e-01,1.409301757812500000e-01,7.889404296875000000e-01,4.262695312500000000e-01
1.000000000000000000e+00,3.000000000000000000e+00,6.000000000000000000e+00,5.700000000000000000e+01,3.500000000000000000e+01,6.000000000000000000e+00,-2.000000000000000000e+00,4.000000000000000000e+00,-4.188232421875000000e-01,1.431274414062500000e-01,7.882080078125000000e-01,4.274902343750000000e-01
-4.000000000000000000e+00,-8.000000000000000000e+00,-1.000000000000000000e+01,-1.500000000000000000e+01,-5.000000000000000000e+00,0.000000000000000000e+00,0.000000000000000000e+00,0.000000000000000000e+00,-4.188232421875000000e-01,1.431274414062500000e-01,7.882080078125000000e-01,4.274902343750000000e-01
-1.000000000000000000e+00,0.000000000000000000e+00,2.000000000000000000e+00,2.000000000000000000e+00,0.000000000000000000e+00,-1.000000000000000000e+00,2.000000000000000000e+00,0.000000000000000000e+00,-4.188232421875000000e-01,1.431274414062500000e-01,7.882080078125000000e-01,4.274902343750000000e-01
1.000000000000000000e+00,-1.000000000000000000e+00,-3.000000000000000000e+00,-4.000000000000000000e+00,-1.000000000000000000e+00,-3.000000000000000000e+00,1.000000000000000000e+00,-1.000000000000000000e+00,-4.188232421875000000e-01,1.431274414062500000e-01,7.882080078125000000e-01,4.274902343750000000e-01
-1.000000000000000000e+00,-3.000000000000000000e+00,1.000000000000000000e+00,-1.300000000000000000e+01,-7.000000000000000000e+00,-1.000000000000000000e+00,-9.000000000000000000e+00,-2.000000000000000000e+00,-4.186401367187500000e-01,1.441040039062500000e-01,7.879638671875000000e-01,4.277954101562500000e-01
-6.000000000000000000e+00,0.000000000000000000e+00,5.000000000000000000e+00,2.100000000000000000e+01,9.000000000000000000e+00,1.000000000000000000e+00,-1.000000000000000000e+00,-1.000000000000000000e+00,-4.186401367187500000e-01,1.441040039062500000e-01,7.879638671875000000e-01,4.277954101562500000e-01
-4.000000000000000000e+00,-4.000000000000000000e+00,-3.000000000000000000e+00,2.000000000000000000e+00,2.000000000000000000e+00,0.000000000000000000e+00,1.000000000000000000e+01,1.000000000000000000e+00,-4.186401367187500000e-01,1.441040039062500000e-01,7.879638671875000000e-01,4.277954101562500000e-01
-1.000000000000000000e+00,1.000000000000000000e+00,6.000000000000000000e+00,-2.000000000000000000e+00,-7.000000000000000000e+00,0.000000000000000000e+00,-1.000000000000000000e+00,-2.000000000000000000e+00,-4.186401367187500000e-01,1.441040039062500000e-01,7.879638671875000000e-01,4.277954101562500000e-01
-2.000000000000000000e+00,-1.000000000000000000e+00,0.000000000000000000e+00,-1.600000000000000000e+01,-6.000000000000000000e+00,-4.000000000000000000e+00,-2.000000000000000000e+00,-1.000000000000000000e+00,-4.191284179687500000e-01,1.440429687500000000e-01,7.878417968750000000e-01,4.275512695312500000e-01
-5.000000000000000000e+00,-2.000000000000000000e+00,-1.000000000000000000e+00,3.000000000000000000e+00,2.000000000000000000e+00,-1.000000000000000000e+00,2.000000000000000000e+00,2.000000000000000000e+00,-4.191284179687500000e-01,1.440429687500000000e-01,7.878417968750000000e-01,4.275512695312500000e-01
