-6.000000000000000000e+00,-4.000000000000000000e+00,1.000000000000000000e+00,0.000000000000000000e+00,-5.000000000000000000e+00,-1.000000000000000000e+01,-1.800000000000000000e+01,-5.000000000000000000e+00,-4.262084960937500000e-01,3.416137695312500000e-01,6.314086914062500000e-01,5.503540039062500000e-01
2.000000000000000000e+00,2.000000000000000000e+00,-3.000000000000000000e+00,-1.300000000000000000e+01,-7.000000000000000000e+00,2.000000000000000000e+00,1.000000000000000000e+01,6.000000000000000000e+00,-4.262084960937500000e-01,3.416137695312500000e-01,6.314086914062500000e-01,5.503540039062500000e-01
0.000000000000000000e+00,3.000000000000000000e+00,2.000000000000000000e+00,0.000000000000000000e+00,-1.000000000000000000e+00,0.000000000000000000e+00,1.100000000000000000e+01,-3.000000000000000000e+00,-4.262084960937500000e-01,3.416137695312500000e-01,6.314086914062500000e-01,5.503540039062500000e-01
-9.000000000000000000e+00,-3.000000000000000000e+00,-2.000000000000000000e+00,4.000000000000000000e+00,2.000000000000000000e+00,-3.000000000000000000e+00,-1.200000000000000000e+01,-2.000000000000000000e+00,-4.262084960937500000e-01,3.416137695312500000e-01,6.314086914062500000e-01,5.503540039062500000e-01
6.000000000000000000e+00,-1.000000000000000000e+00,-1.000000000000000000e+00,2.000000000000000000e+00,5.000000000000000000e+00,4.000000000000000000e+00,7.000000000000000000e+00,1.000000000000000000e+00,-4.255371093750000000e-01,3.406372070312500000e-01,6.305541992187500000e-01,5.524902343750000000e-01
-1.000000000000000000e+00,-2.000000000000000000e+00,0.000000000000000000e+00,-2.000000000000000000e+00,-2.000000000000000000e+00,-7.000000000000000000e+00,-5.000000000000000000e+00,0.000000000000000000e+00,-4.255371093750000000e-01,3.406372070312500000e-01,6.305541992187500000e-01,5.524902343750000000e-01
-6.000000000000000000e+00,-2.000000000000000000e+00,5.000000000000000000e+00,1.000000000000000000e+00,0.000000000000000000e+00,0.000000000000000000e+00,5.000000000000000000e+00,-1.000000000000000000e+00,-4.255371093750000000e-01,3.406372070312500000e-01,6.305541992187500000e-01,5.524902343750000000e-01
8.000000000000000000e+00,1.000000000000000000e+00,4.000000000000000000e+00,1.000000000000000000e+00,1.000000000000000000e+00,3.000000000000000000e+00,-1.300000000000000000e+01,-6.000000000000000000e+00,-4.255371093750000000e-01,3.406372070312500000e-01,6.305541992187500000e-01,5.524902343750000000e-01
-1.000000000000000000e+01,0.000000000000000000e+00,-6.000000000000000000e+00,-8.000000000000000000e+00,-2.000000000000000000e+00,-7.000000000000000000e+00,0.000000000000000000e+00,-3.000000000000000000e+00,-4.261474609375000000e-01,3.394775390625000000e-01,6.304931640625000000e-01,5.527954101562500000e-01
5.000000000000000000e+00,2.000000000000000000e+00,7.000000000000000000e+00,1.100000000000000000e+01,0.000000000000000000e+00,1.000000000000000000e+00,-8.000000000000000000e+00,4.000000000000000000e+00,-4.261474609375000000e-01,3.394775390625000000e-01,6.304931640625000000e-01,5.527954101562500000e-01
3.000000000000000000e+00,-1.000000000000000000e+00,2.000000000000000000e+00,-2.000000000000000000e+00,-4.000000000000000000e+00,-1.000000000000000000e+00,2.300000000000000000e+01,0.000000000000000000e+00,-4.261474609375000000e-01,3.394775390625000000e-01,6.304931640625000000e-01,5.527954101562500000e-01
5.000000000000000000e+00,3.000000000000000000e+00,-3.000000000000000000e+00,0.000000000000000000e+00,4.000000000000000000e+00,1.000000000000000000e+00,-1.400000000000000000e+01,-4.000000000000000000e+00,-4.261474609375000000e-01,3.394775390625000000e-01,6.304931640625000000e-01,5.527954101562500000e-01
-2.000000000000000000e+01,-2.000000000000000000e+00,-8.000000000000000000e+00,-3.000000000000000000e+00,-1.000000000000000000e+00,-1.000000000000000000e+00,1.000000000000000000e+00,-2.000000000000000000e+00,-4.268798828125000000e-01,3.382568359375000000e-01,6.304321289062500000e-01,5.530395507812500000e-01
1.000000000000000000e+01,-7.000000000000000000e+00,-1.000000000000000000e+00,3.000000000000000000e+00,1.000000000000000000e+00,7.000000000000000000e+00,9.000000000000000000e+00,1.000000000000000000e+00,-4.268798828125000000e-01,3.382568359375000000e-01,6.304321289062500000e-01,5.530395507812500000e-01
2.000000000000000000e+00,1.000000000000000000e+00,-5.000000000000000000e+00,-1.300000000000000000e+01,-8.000000000000000000e+00,-6.000000000000000000e+00,-1.000000000000000000e+00,1.800000000000000000e+01,-4.268798828125000000e-01,3.382568359375000000e-01,6.304321289062500000e-01,5.530395507812500000e-01
3.000000000000000000e+00,-1.000000000000000000e+00,4.000000000000000000e+00,3.000000000000000000e+00,-6.000000000000000000e+00,-1.800000000000000000e+01,-1.100000000000000000e+01,-1.100000000000000000e+01,-4.268798828125000000e-01,3.382568359375000000e-01,6.304321289062500000e-01,5.530395507812500000e-01
0.000000000000000000e+00,4.000000000000000000e+00,3.000000000000000000e+00,-5.000000000000000000e+00,4.000000000000000000e+00,3.500000000000000000e+01,7.000000000000000000e+00,-1.000000000000000000e+00,-4.268188476562500000e-01,3.368530273437500000e-01,6.306152343750000000e-01,5.537109375000000000e-01
-9.000000000000000000e+00,-1.000000000000000000e+00,-1.000000000000000000e+01,-9.000000000000000000e+00,-5.000000000000000000e+00,-1.400000000000000000e+01,0.000000000000000000e+00,-6.000000000000000000e+00,-4.268188476562500000e-01,3.368530273437500000e-01,6.306152343750000000e-01,5.537109375000000000e-01
1.000000000000000000e+00,-1.000000000000000000e+00,-2.000000000000000000e+00,5.000000000000000000e+00,7.000000000000000000e+00,1.600000000000000000e+01,1.800000000000000000e+01,5.000000000000000000e+00,-4.268188476562500000e-01,3.368530273437500000e-01,6.306152343750000000e-01,5.537109375000000000e-01
-2.000000000000000000e+00,1.000000000000000000e+00,-1.000000000000000000e+00,-1.000000000000000000e+00,-3.000000000000000000e+00,-1.000000000000000000e+01,-7.000000000000000000e+00,4.000000000000000000e+00,-4.268188476562500000e-01,3.368530273437500000e-01,6.306152343750000000e-01,5.537109375000000000e-01
3.000000000000000000e+00,1.000000000000000000e+00,4.000000000000000000e+00,-1.000000000000000000e+00,2.000000000000000000e+00,1.500000000000000000e+01,8.000000000000000000e+00,0.000000000000000000e+00,-4.268188476562500000e-01,3.358154296875000000e-01,6.306762695312500000e-01,5.543212890625000000e-01
-6.000000000000000000e+00,-5.000000000000000000e+00,-7.000000000000000000e+00,7.000000000000000000e+00,-1.000000000000000000e+00,-6.000000000000000000e+00,6.000000000000000000e+00,1.000000000000000000e+00,-4.268188476562500000e-01,3.358154296875000000e-01,6.306762695312500000e-01,5.543212890625000000e-01
4.000000000000000000e+00,0.000000000000000000e+00,5.000000000000000000e+00,-4.000000000000000000e+00,-2.000000000000000000e+00,-1.100000000000000000e+01,-1.400000000000000000e+01,-5.000000000000000000e+00,-4.268188476562500000e-01,3.358154296875000000e-01,6.306762695312500000e-01,5.543212890625000000e-01
-1.800000000000000000e+01,-2.000000000000000000e+00,-3.000000000000000000e+00,-9.000000000000000000e+00,-3.000000000000000000e+00,7.000000000000000000e+00,-1.000000000000000000e+00,-5.000000000000000000e+00,-4.268188476562500000e-01,3.358154296875000000e-01,6.306762695312500000e-01,5.543212890625000000e-01
5.000000000000000000e+00,-1.000000000000000000e+00,9.000000000000000000e+00,8.000000000000000000e+00,-3.000000000000000000e+00,-1.800000000000000000e+01,-8.000000000000000000e+00,-3.000000000000000000e+00,-4.270629882812500000e-01,3.363037109375000000e-01,6.300659179687500000e-01,5.544433593750000000e-01
2.000000000000000000e+00,-1.000000000000000000e+00,-5.000000000000000000e+00,-1.200000000000000000e+01,-5.000000000000000000e+00,7.000000000000000000e+00,2.000000000000000000e+00,-1.000000000000000000e+00,-4.270629882812500000e-01,3.363037109375000000e-01,6.300659179687500000e-01,5.544433593750000000e-01
-2.000000000000000000e+00,-1.000000000000000000e+00,1.000000000000000000e+00,-4.000000000000000000e+00,-1.000000000000000000e+00,-1.300000000000000000e+01,-2.200000000000000000e+01,-8.000000000000000000e+00,-4.270629882812500000e-01,3.363037109375000000e-01,6.300659179687500000e-01,5.544433593750000000e-01
-3.000000000000000000e+00,-7.000000000000000000e+00,-6.000000000000000000e+00,-4.000000000000000000e+00,-1.000000000000000000e+00,-3.000000000000000000e+00,5.000000000000000000e+00,-3.000000000000000000e+00,-4.270629882812500000e-01,3.363037109375000000e-01,6.300659179687500000e-01,5.544433593750000000e-01
2.000000000000000000e+00,-3.000000000000000000e+00,-8.000000000000000000e+00,-2.000000000000000000e+00,-5.000000000000000000e+00,-1.100000000000000000e+01,4.000000000000000000e+00,2.000000000000000000e+00,-4.267578125000000000e-01,3.382568359375000000e-01,6.298828125000000000e-01,5.537109375000000000e-01
-1.000000000000000000e+00,7.000000000000000000e+00,1.700000000000000000e+01,1.300000000000000000e+01,6.000000000000000000e+00,0.000000000000000000e+00,-1.100000000000000000e+01,-1.000000000000000000e+00,-4.267578125000000000e-01,3.382568359375000000e-01,6.298828125000000000e-01,5.537109375000000000e-01
-6.000000000000000000e+00,-1.000000000000000000e+00,-1.500000000000000000e+01,-5.000000000000000000e+00,-7.000000000000000000e+00,-1.000000000000000000e+00,3.000000000000000000e+01,-4.000000000000000000e+00,-4.267578125000000000e-01,3.382568359375000000e-01,6.298828125000000000e-01,5.537109375000000000e-01
-3.000000000000000000e+00,-5.000000000000000000e+00,2.000000000000000000e+00,1.000000000000000000e+00,0.000000000000000000e+00,-2.000000000000000000e+00,-5.000000000000000000e+00,1.000000000000000000e+00,-4.267578125000000000e-01,3.382568359375000000e-01,6.298828125000000000e-01,5.537109375000000000e-01
3.000000000000000000e+00,-5.000000000000000000e+00,1.000000000000000000e+00,-1.600000000000000000e+01,-6.000000000000000000e+00,-7.000000000000000000e+00,1.000000000000000000e+00,2.000000000000000000e+00,-4.265747070312500000e-01,3.403930664062500000e-01,6.300048828125000000e-01,5.524291992187500000e-01
-2.000000000000000000e+00,0.000000000000000000e+00,3.000000000000000000e+00,2.000000000000000000e+00,1.000000000000000000e+00,-1.000000000000000000e+00,-5.000000000000000000e+00,-2.000000000000000000e+00,-4.265747070312500000e-01,3.403930664062500000e-01,6.300048828125000000e-01,5.524291992187500000e-01
2.000000000000000000e+00,2.000000000000000000e+00,-1.000000000000000000e+00,2.200000000000000000e+01,7.000000000000000000e+00,2.100000000000000000e+01,1.200000000000000000e+01,-2.000000000000000000e+00,-4.265747070312500000e-01,3.403930664062500000e-01,6.300048828125000000e-01,5.524291992187500000e-01
-2.000000000000000000e+00,0.000000000000000000e+00,-4.000000000000000000e+00,-7.000000000000000000e+00,0.000000000000000000e+00,-1.100000000000000000e+01,-2.000000000000000000e+01,-1.000000000000000000e+00,-4.265747070312500000e-01,3.403930664062500000e-01,6.300048828125000000e-01,5.524291992187500000e-01
6.000000000000000000e+00,0.000000000000000000e+00,1.000000000000000000e+00,5.000000000000000000e+00,-2.000000000000000000e+00,-1.700000000000000000e+01,1.000000000000000000e+00,1.000000000000000000e+00,-4.273681640625000000e-01,3.417358398437500000e-01,6.301269531250000000e-01,5.508422851562500000e-01
1.000000000000000000e+00,-2.000000000000000000e+00,0.000000000000000000e+00,-5.000000000000000000e+00,-3.000000000000000000e+00,1.600000000000000000e+01,1.300000000000000000e+01,-4.000000000000000000e+00,-4.273681640625000000e-01,3.417358398437500000e-01,6.301269531250000000e-01,5.508422851562500000e-01
-2.000000000000000000e+01,-1.000000000000000000e+00,5.000000000000000000e+00,4.000000000000000000e+00,-3.000000000000000000e+00,-1.500000000000000000e+01,-5.100000000000000000e+01,-3.000000000000000000e+00,-4.273681640625000000e-01,3.417358398437500000e-01,6.301269531250000000e-01,5.508422851562500000e-01
8.000000000000000000e+00,0.000000000000000000e+00,-3.000000000000000000e+00,-7.000000000000000000e+00,3.000000000000000000e+00,7.000000000000000000e+00,3.700000000000000000e+01,8.000000000000000000e+00,-4.273681640625000000e-01,3.417358398437500000e-01,6.301269531250000000e-01,5.508422851562500000e-01
-1.000000000000000000e+00,4.000000000000000000e+00,5.000000000000000000e+00,-7.000000000000000000e+00,3.000000000000000000e+00,3.000000000000000000e+00,-2.300000000000000000e+01,-1.800000000000000000e+01,-4.278564453125000000e-01,3.428955078125000000e-01,6.299438476562500000e-01,5.499877929687500000e-01
-1.000000000000000000e+00,-2.000000000000000000e+00,-1.000000000000000000e+01,7.000000000000000000e+00,-2.000000000000000000e+00,-1.400000000000000000e+01,1.100000000000000000e+01,2.000000000000000000e+00,-4.278564453125000000e-01,3.428955078125000000e-01,6.299438476562500000e-01,5.499877929687500000e-01
-2.000000000000000000e+00,-5.000000000000000000e+00,-5.000000000000000000e+00,-2.000000000000000000e+00,-2.000000000000000000e+00,-1.000000000000000000e+00,1.000000000000000000e+00,-3.000000000000000000e+00,-4.278564453125000000e-01,3.428955078125000000e-01,6.299438476562500000e-01,5.499877929687500000e-01
1.000000000000000000e+01,3.000000000000000000e+00,-1.000000000000000000e+00,6.000000000000000000e+00,-2.000000000000000000e+00,7.000000000000000000e+00,4.000000000000000000e+00,1.000000000000000000e+00,-4.278564453125000000e-01,3.428955078125000000e-01,6.299438476562500000e-01,5.499877929687500000e-01
-3.000000000000000000e+00,-5.000000000000000000e+00,-4.000000000000000000e+00,-9.000000000000000000e+00,-1.000000000000000000e+00,-5.000000000000000000e+00,-7.000000000000000000e+00,7.000000000000000000e+00,-4.282226562500000000e-01,3.437500000000000000e-01,6.296997070312500000e-01,5.493774414062500000e-01
-6.000000000000000000e+00,-1.000000000000000000e+00,8.000000000000000000e+00,6.000000000000000000e+00,2.000000000000000000e+00,0.000000000000000000e+00,6.000000000000000000e+00,-6.000000000000000000e+00,-4.282226562500000000e-01,3.437500000000000000e-01,6.296997070312500000e-01,5.493774414062500000e-01
6.000000000000000000e+00,-2.000000000000000000e+00,-6.000000000000000000e+00,-6.000000000000000000e+00,0.000000000000000000e+00,2.000000000000000000e+00,-1.400000000000000000e+01,-3.000000000000000000e+00,-4.282226562500000000e-01,3.437500000000000000e-01,6.296997070312500000e-01,5.493774414062500000e-01
-1.000000000000000000e+00,-2.000000000000000000e+00,-5.000000000000000000e+00,-1.000000000000000000e+00,-2.000000000000000000e+00,-3.000000000000000000e+00,-1.200000000000000000e+01,2.000000000000000000e+00,-4.282226562500000000e-01,3.437500000000000000e-01,6.296997070312500000e-01,5.493774414062500000e-01
4.000000000000000000e+00,-3.000000000000000000e+00,-3.000000000000000000e+00,2.000000000000000000e+00,-3.000000000000000000e+00,-1.000000000000000000e+00,5.000000000000000000e+00,2.000000000000000000e+00,-4.287109375000000000e-01,3.450927734375000000e-01,6.293945312500000000e-01,5.485839843750000000e-01
-1.000000000000000000e+00,1.000000000000000000e+00,1.000000000000000000e+00,0.000000000000000000e+00,-2.000000000000000000e+00,-6.000000000000000000e+00,-1.200000000000000000e+01,0.000000000000000000e+00,-4.287109375000000000e-01,3.450927734375000000e-01,6.293945312500000000e-01,5.485839843750000000e-01
0.000000000000000000e+00,-3.000000000000000000e+00,-3.000000000000000000e+00,-7.000000000000000000e+00,-1.000000000000000000e+00,4.000000000000000000e+00,7.000000000000000000e+00,1.000000000000000000e+00,-4.287109375000000000e-01,3.450927734375000000e-01,6.293945312500000000e-01,5.485839843750000000e-01
2.000000000000000000e+00,4.000000000000000000e+00,0.000000000000000000e+00,2.000000000000000000e+00,0.000000000000000000e+00,0.000000000000000000e+00,-1.000000000000000000e+01,-3.000000000000000000e+00,-4.287109375000000000e-01,3.450927734375000000e-01,6.293945312500000000e-01,5.485839843750000000e-01
-5.000000000000000000e+00,-1.000000000000000000e+00,-5.000000000000000000e+00,-3.000000000000000000e+00,-2.000000000000000000e+00,-2.000000000000000000e+00,-5.000000000000000000e+00,-3.000000000000000000e+00,-4.293823242187500000e-01,3.466186523437500000e-01,6.289672851562500000e-01,5.475463867187500000e-01
-5.000000000000000000e+00,-2.000000000000000000e+00,-4.000000000000000000e+00,-5.000000000000000000e+00,-3.000000000000000000e+00,-8.000000000000000000e+00,-1.000000000000000000e+00,-2.000000000000000000e+00,-4.293823242187500000e-01,3.466186523437500000e-01,6.289672851562500000e-01,5.475463867187500000e-01
5.000000000000000000e+00,1.000000000000000000e+00,1.000000000000000000e+00,2.000000000000000000e+00,1.000000000000000000e+00,-4.000000000000000000e+00,-9.000000000000000000e+00,-6.000000000000000000e+00,-4.293823242187500000e-01,3.466186523437500000e-01,6.289672851562500000e-01,5.475463867187500000e-01
-3.000000000000000000e+00,-4.000000000000000000e+00,-9.000000000000000000e+00,-4.000000000000000000e+00,-2.000000000000000000e+00,-3.000000000000000000e+00,1.900000000000000000e+01,1.000000000000000000e+00,-4.293823242187500000e-01,3.466186523437500000e-01,6.289672851562500000e-01,5.475463867187500000e-01
3.000000000000000000e+00,2.000000000000000000e+00,3.000000000000000000e+00,9.000000000000000000e+00,5.000000000000000000e+00,1.500000000000000000e+01,-7.000000000000000000e+00,2.000000000000000000e+00,-4.300537109375000000e-01,3.479003906250000000e-01,6.286621093750000000e-01,5.465698242187500000e-01
-6.000000000000000000e+00,-1.000000000000000000e+00,-1.000000000000000000e+00,-7.000000000000000000e+00,-3.000000000000000000e+00,-8.000000000000000000e+00,-1.000000000000000000e+01,3.000000000000000000e+00,-4.300537109375000000e-01,3.479003906250000000e-01,6.286621093750000000e-01,5.465698242187500000e-01
3.000000000000000000e+00,-2.000000000000000000e+00,-4.000000000000000000e+00,-4.000000000000000000e+00,-1.000000000000000000e+00,7.000000000000000000e+00,1.000000000000000000e+01,-1.000000000000000000e+00,-4.300537109375000000e-01,3.479003906250000000e-01,6.286621093750000000e-01,5.465698242187500000e-01
-3.000000000000000000e+00,-1.000000000000000000e+00,7.000000000000000000e+00,9.000000000000000000e+00,1.000000000000000000e+00,-1.000000000000000000e+00,-9.000000000000000000e+00,-3.000000000000000000e+00,-4.300537109375000000e-01,3.479003906250000000e-01,6.286621093750000000e-01,5.465698242187500000e-01
-6.000000000000000000e+00,-5.000000000000000000e+00,-1.000000000000000000e+01,-1.600000000000000000e+01,-7.000000000000000000e+00,7.000000000000000000e+00,-3.000000000000000000e+00,-1.000000000000000000e+00,-4.304809570312500000e-01,3.488769531250000000e-01,6.284179687500000000e-01,5.458984375000000000e-01
2.000000000000000000e+00,4.000000000000000000e+00,-3.000000000000000000e+00,-1.100000000000000000e+01,-4.000000000000000000e+00,-5.000000000000000000e+00,-1.900000000000000000e+01,-3.000000000000000000e+00,-4.304809570312500000e-01,3.488769531250000000e-01,6.284179687500000000e-01,5.458984375000000000e-01
3.000000000000000000e+00,1.000000000000000000e+00,-3.000000000000000000e+00,1.500000000000000000e+01,2.000000000000000000e+00,-5.000000000000000000e+00,2.000000000000000000e+01,5.000000000000000000e+00,-4.304809570312500000e-01,3.488769531250000000e-01,6.284179687500000000e-01,5.458984375000000000e-01
-5.000000000000000000e+00,-4.000000000000000000e+00,-3.000000000000000000e+00,-1.100000000000000000e+01,2.000000000000000000e+00,1.300000000000000000e+01,-2.000000000000000000e+00,-5.000000000000000000e+00,-4.304809570312500000e-01,3.488769531250000000e-01,6.284179687500000000e-01,5.458984375000000000e-01
0.000000000000000000e+00,2.000000000000000000e+00,-3.000000000000000000e+00,1.400000000000000000e+01,0.000000000000000000e+00,-1.000000000000000000e+01,2.000000000000000000e+00,0.000000000000000000e+00,-4.309692382812500000e-01,3.496093750000000000e-01,6.279296875000000000e-01,5.456542968750000000e-01
-4.000000000000000000e+00,-5.000000000000000000e+00,-4.000000000000000000e+00,3.000000000000000000e+00,0.000000000000000000e+00,5.000000000000000000e+00,-3.000000000000000000e+00,-1.000000000000000000e+00,-4.309692382812500000e-01,3.496093750000000000e-01,6.279296875000000000e-01,5.456542968750000000e-01
0.000000000000000000e+00,-6.000000000000000000e+00,-5.000000000000000000e+00,-1.800000000000000000e+01,-7.000000000000000000e+00,-4.000000000000000000e+00,-6.000000000000000000e+00,-2.000000000000000000e+00,-4.309692382812500000e-01,3.496093750000000000e-01,6.279296875000000000e-01,5.456542968750000000e-01
-4.000000000000000000e+00,1.000000000000000000e+00,5.000000000000000000e+00,1.000000000000000000e+01,-1.000000000000000000e+00,-4.000000000000000000e+00,-4.000000000000000000e+00,0.000000000000000000e+00,-4.309692382812500000e-01,3.496093750000000000e-01,6.279296875000000000e-01,5.456542968750000000e-01
0.000000000000000000e+00,5.000000000000000000e+00,1.000000000000000000e+00,-3.000000000000000000e+00,1.000000000000000000e+00,-1.000000000000000000e+00,4.000000000000000000e+00,0.000000000000000000e+00,-4.309692382812500000e-01,3.496704101562500000e-01,6.278686523437500000e-01,5.455932617187500000e-01
2.000000000000000000e+00,-1.000000000000000000e+00,-4.000000000000000000e+00,-9.000000000000000000e+00,1.000000000000000000e+00,2.000000000000000000e+00,4.000000000000000000e+00,1.000000000000000000e+00,-4.309692382812500000e-01,3.496704101562500000e-01,6.278686523437500000e-01,5.455932617187500000e-01
-2.000000000000000000e+00,-4.000000000000000000e+00,-6.000000000000000000e+00,3.000000000000000000e+00,2.000000000000000000e+00,-7.000000000000000000e+00,-5.000000000000000000e+00,-2.000000000000000000e+00,-4.309692382812500000e-01,3.496704101562500000e-01,6.278686523437500000e-01,5.455932617187500000e-01
0.000000000000000000e+00,5.000000000000000000e+00,1.100000000000000000e+01,1.000000000000000000e+01,1.000000000000000000e+00,1.000000000000000000e+00,-1.000000000000000000e+01,0.000000000000000000e+00,-4.309692382812500000e-01,3.496704101562500000e-01,6.278686523437500000e-01,5.455932617187500000e-01
-2.000000000000000000e+00,-5.000000000000000000e+00,-7.000000000000000000e+00,-2.000000000000000000e+00,-4.000000000000000000e+00,-2.000000000000000000e+00,-7.000000000000000000e+00,-6.000000000000000000e+00,-4.308471679687500000e-01,3.492431640625000000e-01,6.282348632812500000e-01,5.455322265625000000e-01
7.000000000000000000e+00,-1.000000000000000000e+00,-2.000000000000000000e+00,3.000000000000000000e+00,1.000000000000000000e+00,7.000000000000000000e+00,2.600000000000000000e+01,0.000000000000000000e+00,-4.308471679687500000e-01,3.492431640625000000e-01,6.282348632812500000e-01,5.455322265625000000e-01
1.000000000000000000e+00,1.000000000000000000e+00,-3.000000000000000000e+00,0.000000000000000000e+00,-4.000000000000000000e+00,-3.000000000000000000e+00,5.000000000000000000e+00,1.000000000000000000e+00,-4.308471679687500000e-01,3.492431640625000000e-01,6.282348632812500000e-01,5.455322265625000000e-01
-1.000000000000000000e+00,3.000000000000000000e+00,7.000000000000000000e+00,-8.000000000000000000e+00,-5.000000000000000000e+00,-1.100000000000000000e+01,-4.000000000000000000e+01,-4.000000000000000000e+00,-4.308471679687500000e-01,3.492431640625000000e-01,6.282348632812500000e-01,5.455322265625000000e-01
4.000000000000000000e+00,1.000000000000000000e+00,6.000000000000000000e+00,4.000000000000000000e+00,1.000000000000000000e+00,-5.000000000000000000e+00,1.100000000000000000e+01,5.000000000000000000e+00,-4.313964843750000000e-01,3.475341796875000000e-01,6.287841796875000000e-01,5.455932617187500000e-01
-5.000000000000000000e+00,-4.000000000000000000e+00,-1.800000000000000000e+01,-1.500000000000000000e+01,-4.000000000000000000e+00,5.000000000000000000e+00,-1.200000000000000000e+01,-3.000000000000000000e+00,-4.313964843750000000e-01,3.475341796875000000e-01,6.287841796875000000e-01,5.455932617187500000e-01
-4.000000000000000000e+00,0.000000000000000000e+00,1.300000000000000000e+01,-1.000000000000000000e+00,2.000000000000000000e+00,1.000000000000000000e+01,5.000000000000000000e+00,-3.000000000000000000e+00,-4.313964843750000000e-01,3.475341796875000000e-01,6.287841796875000000e-01,5.455932617187500000e-01
2.000000000000000000e+00,2.000000000000000000e+00,-4.000000000000000000e+00,4.000000000000000000e+00,-2.000000000000000000e+00,2.000000000000000000e+00,1.200000000000000000e+01,3.000000000000000000e+00,-4.313964843750000000e-01,3.475341796875000000e-01,6.287841796875000000e-01,5.455932617187500000e-01
4.000000000000000000e+00,-6.000000000000000000e+00,-1.300000000000000000e+01,-2.000000000000000000e+00,-4.000000000000000000e+00,1.000000000000000000e+00,8.000000000000000000e+00,8.000000000000000000e+00,-4.315185546875000000e-01,3.458251953125000000e-01,6.290283203125000000e-01,5.463256835937500000e-01
1.000000000000000000e+00,4.000000000000000000e+00,7.000000000000000000e+00,-2.000000000000000000e+00,-2.000000000000000000e+00,-1.000000000000000000e+01,-1.000000000000000000e+01,-1.000000000000000000e+00,-4.315185546875000000e-01,3.458251953125000000e-01,6.290283203125000000e-01,5.463256835937500000e-01
-4.000000000000000000e+00,-6.000000000000000000e+00,-2.000000000000000000e+00,1.000000000000000000e+01,3.000000000000000000e+00,2.000000000000000000e+00,2.000000000000000000e+01,0.000000000000000000e+00,-4.315185546875000000e-01,3.458251953125000000e-01,6.290283203125000000e-01,5.463256835937500000e-01
-7.000000000000000000e+00,-3.000000000000000000e+00,-1.000000000000000000e+00,-7.000000000000000000e+00,-1.000000000000000000e+00,-1.000000000000000000e+00,-5.000000000000000000e+00,-4.000000000000000000e+00,-4.315185546875000000e-01,3.458251953125000000e-01,6.290283203125000000e-01,5.463256835937500000e-01
-1.000000000000000000e+00,-4.000000000000000000e+00,-2.000000000000000000e+00,-1.000000000000000000e+00,3.000000000000000000e+00,-1.000000000000000000e+00,1.100000000000000000e+01,-1.000000000000000000e+00,-4.312133789062500000e-01,3.444213867187500000e-01,6.289672851562500000e-01,5.475463867187500000e-01
3.000000000000000000e+00,2.000000000000000000e+00,5.000000000000000000e+00,1.100000000000000000e+01,2.000000000000000000e+00,1.000000000000000000e+00,-3.000000000000000000e+00,0.000000000000000000e+00,-4.312133789062500000e-01,3.444213867187500000e-01,6.289672851562500000e-01,5.475463867187500000e-01
-1.000000000000000000e+00,0.000000000000000000e+00,-8.000000000000000000e+00,-1.900000000000000000e+01,-7.000000000000000000e+00,-6.000000000000000000e+00,-7.000000000000000000e+00,-2.000000000000000000e+00,-4.312133789062500000e-01,3.444213867187500000e-01,6.289672851562500000e-01,5.475463867187500000e-01
-2.000000000000000000e+00,-2.000000000000000000e+00,-5.000000000000000000e+00,2.000000000000000000e+00,0.000000000000000000e+00,-3.000000000000000000e+00,2.000000000000000000e+00,-3.000000000000000000e+00,-4.312133789062500000e-01,3.444213867187500000e-01,6.289672851562500000e-01,5.475463867187500000e-01
-6.000000000000000000e+00,-4.000000000000000000e+00,1.000000000000000000e+00,-5.000000000000000000e+00,-3.000000000000000000e+00,-4.000000000000000000e+00,-1.300000000000000000e+01,-5.000000000000000000e+00,-4.302978515625000000e-01,3.429565429687500000e-01,6.290283203125000000e-01,5.490722656250000000e-01
2.000000000000000000e+00,1.000000000000000000e+01,4.000000000000000000e+00,6.000000000000000000e+00,3.000000000000000000e+00,7.000000000000000000e+00,2.800000000000000000e+01,7.000000000000000000e+00,-4.302978515625000000e-01,3.429565429687500000e-01,6.290283203125000000e-01,5.490722656250000000e-01
-4.000000000000000000e+00,-7.000000000000000000e+00,-4.000000000000000000e+00,6.000000000000000000e+00,-5.000000000000000000e+00,-1.000000000000000000e+01,-1.400000000000000000e+01,-5.000000000000000000e+00,-4.302978515625000000e-01,3.429565429687500000e-01,6.290283203125000000e-01,5.490722656250000000e-01
-1.000000000000000000e+00,-1.000000000000000000e+00,1.000000000000000000e+00,-4.000000000000000000e+00,-3.000000000000000000e+00,-1.000000000000000000e+00,-3.000000000000000000e+00,2.000000000000000000e+00,-4.302978515625000000e-01,3.429565429687500000e-01,6.290283203125000000e-01,5.490722656250000000e-01
-4.000000000000000000e+00,1.000000000000000000e+00,2.000000000000000000e+00,-9.000000000000000000e+00,-2.000000000000000000e+00,3.000000000000000000e+00,-1.800000000000000000e+01,-4.000000000000000000e+00,-4.294433593750000000e-01,3.412475585937500000e-01,6.293945312500000000e-01,5.504150390625000000e-01
-3.000000000000000000e+00,-3.000000000000000000e+00,-2.000000000000000000e+00,3.000000000000000000e+00,-6.000000000000000000e+00,-2.400000000000000000e+01,-1.700000000000000000e+01,-4.000000000000000000e+00,-4.294433593750000000e-01,3.412475585937500000e-01,6.293945312500000000e-01,5.504150390625000000e-01
3.000000000000000000e+00,8.000000000000000000e+00,1.700000000000000000e+01,-4.000000000000000000e+00,5.000000000000000000e+00,1.500000000000000000e+01,8.000000000000000000e+00,3.000000000000000000e+00,-4.294433593750000000e-01,3.412475585937500000e-01,6.293945312500000000e-01,5.504150390625000000e-01
-2.000000000000000000e+00,-7.000000000000000000e+00,-1.200000000000000000e+01,-7.000000000000000000e+00,-2.000000000000000000e+00,0.000000000000000000e+00,4.000000000000000000e+00,-1.000000000000000000e+00,-4.294433593750000000e-01,3.412475585937500000e-01,6.293945312500000000e-01,5.504150390625000000e-01
-1.000000000000000000e+00,4.000000000000000000e+00,2.000000000000000000e+00,1.100000000000000000e+01,-2.000000000000000000e+00,-6.000000000000000000e+00,1.000000000000000000e+00,-2.000000000000000000e+00,-4.296264648437500000e-01,3.385009765625000000e-01,6.299438476562500000e-01,5.512695312500000000e-01
-2.000000000000000000e+00,-4.000000000000000000e+00,2.000000000000000000e+00,-9.000000000000000000e+00,-1.000000000000000000e+00,-4.000000000000000000e+00,-5.000000000000000000e+00,9.000000000000000000e+00,-4.296264648437500000e-01,3.385009765625000000e-01,6.299438476562500000e-01,5.512695312500000000e-01
-1.000000000000000000e+00,1.000000000000000000e+00,-1.000000000000000000e+00,-6.000000000000000000e+00,-1.000000000000000000e+00,-8.000000000000000000e+00,-1.500000000000000000e+01,-9.000000000000000000e+00,-4.296264648437500000e-01,3.385009765625000000e-01,6.299438476562500000e-01,5.512695312500000000e-01
1.000000000000000000e+00,-1.000000000000000000e+00,1.000000000000000000e+00,2.000000000000000000e+00,1.000000000000000000e+00,-2.000000000000000000e+00,1.000000000000000000e+00,0.000000000000000000e+00,-4.296264648437500000e-01,3.385009765625000000e-01,6.299438476562500000e-01,5.512695312500000000e-01
-8.000000000000000000e+00,3.000000000000000000e+00,1.000000000000000000e+01,-1.100000000000000000e+01,-4.000000000000000000e+00,1.000000000000000000e+00,-3.000000000000000000e+00,0.000000000000000000e+00,-4.298095703125000000e-01,3.365478515625000000e-01,6.298217773437500000e-01,5.524902343750000000e-01
6.000000000000000000e+00,1.000000000000000000e+00,2.000000000000000000e+00,5.000000000000000000e+00,3.000000000000000000e+00,4.000000000000000000e+00,1.000000000000000000e+00,5.000000000000000000e+00,-4.298095703125000000e-01,3.365478515625000000e-01,6.298217773437500000e-01,5.524902343750000000e-01
-1.000000000000000000e+00,-3.000000000000000000e+00,-5.000000000000000000e+00,2.000000000000000000e+00,0.000000000000000000e+00,-2.000000000000000000e+00,-5.000000000000000000e+00,1.000000000000000000e+00,-4.298095703125000000e-01,3.365478515625000000e-01,6.298217773437500000e-01,5.524902343750000000e-01
0.000000000000000000e+00,1.000000000000000000e+00,-4.000000000000000000e+00,-4.000000000000000000e+00,-3.000000000000000000e+00,4.000000000000000000e+00,1.000000000000000000e+00,0.000000000000000000e+00,-4.298095703125000000e-01,3.365478515625000000e-01,6.298217773437500000e-01,5.524902343750000000e-01
1.000000000000000000e+00,-2.000000000000000000e+00,1.000000000000000000e+00,5.000000000000000000e+00,-3.000000000000000000e+00,-4.000000000000000000e+00,4.000000000000000000e+00,0.000000000000000000e+00,-4.288940429687500000e-01,3.355102539062500000e-01,6.292724609375000000e-01,5.544433593750000000e-01
-1.000000000000000000e+00,-3.000000000000000000e+00,7.000000000000000000e+00,2.000000000000000000e+00,1.000000000000000000e+00,-1.000000000000000000e+00,-2.000000000000000000e+00,-8.000000000000000000e+00,-4.288940429687500000e-01,3.355102539062500000e-01,6.292724609375000000e-01,5.544433593750000000e-01
2.000000000000000000e+00,-3.000000000000000000e+00,-8.000000000000000000e+00,-8.000000000000000000e+00,0.000000000000000000e+00,8.000000000000000000e+00,8.000000000000000000e+00,1.000000000000000000e+00,-4.288940429687500000e-01,3.355102539062500000e-01,6.292724609375000000e-01,5.544433593750000000e-01
-5.000000000000000000e+00,-2.000000000000000000e+00,-1.000000000000000000e+00,1.200000000000000000e+01,-1.000000000000000000e+00,-1.700000000000000000e+01,3.000000000000000000e+00,-4.000000000000000000e+00,-4.288940429687500000e-01,3.355102539062500000e-01,6.292724609375000000e-01,5.544433593750000000e-01
1.000000000000000000e+00,0.000000000000000000e+00,3.000000000000000000e+00,4.000000000000000000e+00,1.400000000000000000e+01,4.800000000000000000e+01,2.000000000000000000e+00,0.000000000000000000e+00,-4.279174804687500000e-01,3.345947265625000000e-01,6.289672851562500000e-01,5.560913085937500000e-01
0.000000000000000000e+00,-4.000000000000000000e+00,-7.000000000000000000e+00,-6.000000000000000000e+00,-5.000000000000000000e+00,-7.000000000000000000e+00,0.000000000000000000e+00,-3.000000000000000000e+00,-4.279174804687500000e-01,3.345947265625000000e-01,6.289672851562500000e-01,5.560913085937500000e-01
-1.000000000000000000e+00,-2.000000000000000000e+00,5.000000000000000000e+00,-2.000000000000000000e+00,-4.000000000000000000e+00,-1.300000000000000000e+01,-9.000000000000000000e+00,-6.000000000000000000e+00,-4.279174804687500000e-01,3.345947265625000000e-01,6.289672851562500000e-01,5.560913085937500000e-01
0.000000000000000000e+00,4.000000000000000000e+00,-1.000000000000000000e+00,-6.000000000000000000e+00,-1.000000000000000000e+00,-6.000000000000000000e+00,1.000000000000000000e+00,7.000000000000000000e+00,-4.279174804687500000e-01,3.345947265625000000e-01,6.289672851562500000e-01,5.560913085937500000e-01
-1.000000000000000000e+00,-1.000000000000000000e+00,-5.000000000000000000e+00,3.000000000000000000e+00,1.000000000000000000e+00,-2.000000000000000000e+00,1.800000000000000000e+01,0.000000000000000000e+00,-4.279174804687500000e-01,3.328247070312500000e-01,6.292114257812500000e-01,5.568847656250000000e-01
-4.000000000000000000e+00,-8.000000000000000000e+00,-1.000000000000000000e+00,-4.000000000000000000e+00,-4.000000000000000000e+00,4.000000000000000000e+00,-7.000000000000000000e+00,-1.000000000000000000e+00,-4.279174804687500000e-01,3.328247070312500000e-01,6.292114257812500000e-01,5.568847656250000000e-01
-5.000000000000000000e+00,-1.000000000000000000e+00,-1.100000000000000000e+01,3.000000000000000000e+00,1.000000000000000000e+00,3.000000000000000000e+00,-1.100000000000000000e+01,-1.000000000000000000e+00,-4.279174804687500000e-01,3.328247070312500000e-01,6.292114257812500000e-01,5.568847656250000000e-01
0.000000000000000000e+00,-2.000000000000000000e+00,5.000000000000000000e+00,-1.000000000000000000e+00,-5.000000000000000000e+00,-1.000000000000000000e+00,-6.000000000000000000e+00,-3.000000000000000000e+00,-4.279174804687500000e-01,3.328247070312500000e-01,6.292114257812500000e-01,5.568847656250000000e-01
0.000000000000000000e+00,-1.000000000000000000e+00,1.000000000000000000e+00,-4.000000000000000000e+00,-4.000000000000000000e+00,-1.100000000000000000e+01,6.000000000000000000e+00,0.000000000000000000e+00,-4.284667968750000000e-01,3.310546875000000000e-01,6.293334960937500000e-01,5.574340820312500000e-01
-3.000000000000000000e+00,1.000000000000000000e+00,-8.000000000000000000e+00,4.000000000000000000e+00,5.000000000000000000e+00,5.000000000000000000e+00,-6.000000000000000000e+00,-6.000000000000000000e+00,-4.284667968750000000e-01,3.310546875000000000e-01,6.293334960937500000e-01,5.574340820312500000e-01
2.000000000000000000e+00,-1.000000000000000000e+00,-3.000000000000000000e+00,3.000000000000000000e+00,-3.000000000000000000e+00,-8.000000000000000000e+00,0.000000000000000000e+00,0.000000000000000000e+00,-4.284667968750000000e-01,3.310546875000000000e-01,6.293334960937500000e-01,5.574340820312500000e-01
-3.000000000000000000e+00,-3.000000000000000000e+00,-3.000000000000000000e+00,-3.000000000000000000e+00,2.000000000000000000e+00,5.000000000000000000e+00,3.000000000000000000e+00,-2.000000000000000000e+00,-4.284667968750000000e-01,3.310546875000000000e-01,6.293334960937500000e-01,5.574340820312500000e-01
2.000000000000000000e+00,4.000000000000000000e+00,-1.000000000000000000e+00,6.000000000000000000e+00,-1.000000000000000000e+00,-1.200000000000000000e+01,-6.000000000000000000e+00,-2.000000000000000000e+00,-4.284667968750000000e-01,3.305053710937500000e-01,6.288452148437500000e-01,5.582885742187500000e-01
2.000000000000000000e+00,-1.000000000000000000e+00,-2.000000000000000000e+00,-5.000000000000000000e+00,-4.000000000000000000e+00,-3.000000000000000000e+00,7.000000000000000000e+00,1.000000000000000000e+00,-4.284667968750000000e-01,3.305053710937500000e-01,6.288452148437500000e-01,5.582885742187500000e-01
-2.000000000000000000e+00,1.000000000000000000e+00,0.000000000000000000e+00,-3.000000000000000000e+00,2.000000000000000000e+00,1.100000000000000000e+01,2.000000000000000000e+00,0.000000000000000000e+00,-4.284667968750000000e-01,3.305053710937500000e-01,6.288452148437500000e-01,5.582885742187500000e-01
-1.000000000000000000e+00,-4.000000000000000000e+00,0.000000000000000000e+00,-8.000000000000000000e+00,0.000000000000000000e+00,5.000000000000000000e+00,2.200000000000000000e+01,2.000000000000000000e+00,-4.284667968750000000e-01,3.305053710937500000e-01,6.288452148437500000e-01,5.582885742187500000e-01
-4.000000000000000000e+00,-1.000000000000000000e+00,6.000000000000000000e+00,-2.000000000000000000e+00,-4.000000000000000000e+00,-1.900000000000000000e+01,-4.800000000000000000e+01,-8.000000000000000000e+00,-4.276733398437500000e-01,3.311767578125000000e-01,6.278076171875000000e-01,5.596313476562500000e-01
-4.000000000000000000e+00,-3.000000000000000000e+00,1.000000000000000000e+00,-4.000000000000000000e+00,0.000000000000000000e+00,-6.000000000000000000e+00,8.000000000000000000e+00,-1.000000000000000000e+00,-4.276733398437500000e-01,3.311767578125000000e-01,6.278076171875000000e-01,5.596313476562500000e-01
-5.000000000000000000e+00,-1.000000000000000000e+00,-6.000000000000000000e+00,2.000000000000000000e+00,-3.000000000000000000e+00,-1.200000000000000000e+01,-1.800000000000000000e+01,-2.000000000000000000e+00,-4.276733398437500000e-01,3.311767578125000000e-01,6.278076171875000000e-01,5.596313476562500000e-01
5.000000000000000000e+00,2.000000000000000000e+00,2.000000000000000000e+00,0.000000000000000000e+00,3.000000000000000000e+00,2.000000000000000000e+00,6.000000000000000000e+00,-1.000000000000000000e+00,-4.276733398437500000e-01,3.311767578125000000e-01,6.278076171875000000e-01,5.596313476562500000e-01
1.000000000000000000e+00,-2.000000000000000000e+00,-3.000000000000000000e+00,-9.000000000000000000e+00,-3.000000000000000000e+00,-1.000000000000000000e+00,3.000000000000000000e+00,0.000000000000000000e+00,-4.273681640625000000e-01,3.311157226562500000e-01,6.271972656250000000e-01,5.606079101562500000e-01
-7.000000000000000000e+00,0.000000000000000000e+00,1.000000000000000000e+00,3.000000000000000000e+00,-2.000000000000000000e+00,0.000000000000000000e+00,-1.400000000000000000e+01,6.000000000000000000e+00,-4.273681640625000000e-01,3.311157226562500000e-01,6.271972656250000000e-01,5.606079101562500000e-01
1.100000000000000000e+01,0.000000000000000000e+00,2.000000000000000000e+00,5.000000000000000000e+00,2.000000000000000000e+00,1.300000000000000000e+01,0.000000000000000000e+00,0.000000000000000000e+00,-4.273681640625000000e-01,3.311157226562500000e-01,6.271972656250000000e-01,5.606079101562500000e-01
-5.000000000000000000e+00,-1.000000000000000000e+00,-1.000000000000000000e+00,4.000000000000000000e+00,-3.000000000000000000e+00,-1.000000000000000000e+01,0.000000000000000000e+00,-4.000000000000000000e+00,-4.273681640625000000e-01,3.311157226562500000e-01,6.271972656250000000e-01,5.606079101562500000e-01
-3.000000000000000000e+00,-1.000000000000000000e+00,-1.000000000000000000e+00,-3.000000000000000000e+00,-2.000000000000000000e+00,-3.000000000000000000e+00,1.000000000000000000e+00,-2.000000000000000000e+00,-4.272460937500000000e-01,3.302612304687500000e-01,6.267700195312500000e-01,5.616455078125000000e-01
1.000000000000000000e+00,3.000000000000000000e+00,3.000000000000000000e+00,4.000000000000000000e+00,0.000000000000000000e+00,4.000000000000000000e+00,-2.000000000000000000e+00,0.000000000000000000e+00,-4.272460937500000000e-01,3.302612304687500000e-01,6.267700195312500000e-01,5.616455078125000000e-01
3.000000000000000000e+00,-2.000000000000000000e+00,2.000000000000000000e+00,-4.000000000000000000e+00,0.000000000000000000e+00,0.000000000000000000e+00,1.200000000000000000e+01,2.000000000000000000e+00,-4.272460937500000000e-01,3.302612304687500000e-01,6.267700195312500000e-01,5.616455078125000000e-01
-2.000000000000000000e+00,0.000000000000000000e+00,-9.000000000000000000e+00,0.000000000000000000e+00,-4.000000000000000000e+00,0.000000000000000000e+00,-1.500000000000000000e+01,-2.000000000000000000e+00,-4.272460937500000000e-01,3.302612304687500000e-01,6.267700195312500000e-01,5.616455078125000000e-01
1.000000000000000000e+00,-2.000000000000000000e+00,-5.000000000000000000e+00,-9.000000000000000000e+00,1.000000000000000000e+00,1.000000000000000000e+00,1.200000000000000000e+01,0.000000000000000000e+00,-4.274291992187500000e-01,3.291015625000000000e-01,6.265869140625000000e-01,5.624389648437500000e-01
2.000000000000000000e+00,-4.000000000000000000e+00,-8.000000000000000000e+00,-4.000000000000000000e+00,-2.000000000000000000e+00,6.000000000000000000e+00,6.000000000000000000e+00,-3.000000000000000000e+00,-4.274291992187500000e-01,3.291015625000000000e-01,6.265869140625000000e-01,5.624389648437500000e-01
-9.000000000000000000e+00,-3.000000000000000000e+00,3.000000000000000000e+00,7.000000000000000000e+00,-6.000000000000000000e+00,-1.000000000000000000e+01,-1.300000000000000000e+01,-4.000000000000000000e+00,-4.274291992187500000e-01,3.291015625000000000e-01,6.265869140625000000e-01,5.624389648437500000e-01
5.000000000000000000e+00,1.000000000000000000e+00,7.000000000000000000e+00,-6.000000000000000000e+00,-1.000000000000000000e+00,1.000000000000000000e+00,-3.000000000000000000e+00,-1.000000000000000000e+00,-4.274291992187500000e-01,3.291015625000000000e-01,6.265869140625000000e-01,5.624389648437500000e-01
-2.000000000000000000e+00,1.000000000000000000e+00,-3.000000000000000000e+00,3.000000000000000000e+00,-1.000000000000000000e+00,-8.000000000000000000e+00,5.000000000000000000e+00,-1.000000000000000000e+00,-4.278564453125000000e-01,3.285522460937500000e-01,6.263427734375000000e-01,5.626831054687500000e-01
-3.000000000000000000e+00,-5.000000000000000000e+00,-3.000000000000000000e+00,-1.500000000000000000e+01,-5.000000000000000000e+00,2.000000000000000000e+00,4.000000000000000000e+00,-4.000000000000000000e+00,-4.278564453125000000e-01,3.285522460937500000e-01,6.263427734375000000e-01,5.626831054687500000e-01
-2.000000000000000000e+00,2.000000000000000000e+00,4.000000000000000000e+00,1.200000000000000000e+01,1.000000000000000000e+00,-6.000000000000000000e+00,3.000000000000000000e+00,1.000000000000000000e+00,-4.278564453125000000e-01,3.285522460937500000e-01,6.263427734375000000e-01,5.626831054687500000e-01
0.000000000000000000e+00,-1.000000000000000000e+00,-1.000000000000000000e+01,-1.200000000000000000e+01,-2.000000000000000000e+00,5.000000000000000000e+00,-1.000000000000000000e+00,1.000000000000000000e+00,-4.278564453125000000e-01,3.285522460937500000e-01,6.263427734375000000e-01,5.626831054687500000e-01
2.000000000000000000e+00,0.000000000000000000e+00,-3.000000000000000000e+00,1.000000000000000000e+00,-1.000000000000000000e+00,4.000000000000000000e+00,1.500000000000000000e+01,2.000000000000000000e+00,-4.284667968750000000e-01,3.280639648437500000e-01,6.259765625000000000e-01,5.628662109375000000e-01
-1.000000000000000000e+00,3.000000000000000000e+00,1.500000000000000000e+01,4.000000000000000000e+00,3.000000000000000000e+00,-9.000000000000000000e+00,-3.700000000000000000e+01,-5.000000000000000000e+00,-4.284667968750000000e-01,3.280639648437500000e-01,6.259765625000000000e-01,5.628662109375000000e-01
2.000000000000000000e+00,-2.000000000000000000e+00,-1.800000000000000000e+01,-6.000000000000000000e+00,-4.000000000000000000e+00,-1.000000000000000000e+00,7.000000000000000000e+00,4.000000000000000000e+00,-4.284667968750000000e-01,3.280639648437500000e-01,6.259765625000000000e-01,5.628662109375000000e-01
-7.000000000000000000e+00,-4.000000000000000000e+00,4.000000000000000000e+00,1.500000000000000000e+01,3.000000000000000000e+00,-1.000000000000000000e+00,0.000000000000000000e+00,-1.000000000000000000e+00,-4.284667968750000000e-01,3.280639648437500000e-01,6.259765625000000000e-01,5.628662109375000000e-01
1.000000000000000000e+00,-1.000000000000000000e+00,-2.000000000000000000e+00,1.000000000000000000e+00,0.000000000000000000e+00,1.300000000000000000e+01,0.000000000000000000e+00,1.000000000000000000e+00,-4.285278320312500000e-01,3.281860351562500000e-01,6.255493164062500000e-01,5.632934570312500000e-01
-1.000000000000000000e+00,0.000000000000000000e+00,0.000000000000000000e+00,2.000000000000000000e+00,-5.000000000000000000e+00,-6.000000000000000000e+00,0.000000000000000000e+00,-6.000000000000000000e+00,-4.285278320312500000e-01,3.281860351562500000e-01,6.255493164062500000e-01,5.632934570312500000e-01
3.000000000000000000e+00,4.000000000000000000e+00,4.000000000000000000e+00,-8.000000000000000000e+00,3.000000000000000000e+00,3.000000000000000000e+00,1.000000000000000000e+01,3.000000000000000000e+00,-4.285278320312500000e-01,3.281860351562500000e-01,6.255493164062500000e-01,5.632934570312500000e-01
-2.000000000000000000e+00,0.000000000000000000e+00,0.000000000000000000e+00,3.000000000000000000e+00,4.000000000000000000e+00,3.000000000000000000e+00,-2.500000000000000000e+01,-4.000000000000000000e+00,-4.285278320312500000e-01,3.281860351562500000e-01,6.255493164062500000e-01,5.632934570312500000e-01
-3.000000000000000000e+00,-6.000000000000000000e+00,-6.000000000000000000e+00,-3.000000000000000000e+00,-7.000000000000000000e+00,-1.900000000000000000e+01,8.000000000000000000e+00,1.100000000000000000e+01,-4.287109375000000000e-01,3.277587890625000000e-01,6.251831054687500000e-01,5.638427734375000000e-01
-3.000000000000000000e+00,0.000000000000000000e+00,3.000000000000000000e+00,7.000000000000000000e+00,3.000000000000000000e+00,9.000000000000000000e+00,0.000000000000000000e+00,-1.300000000000000000e+01,-4.287109375000000000e-01,3.277587890625000000e-01,6.251831054687500000e-01,5.638427734375000000e-01
0.000000000000000000e+00,1.000000000000000000e+00,0.000000000000000000e+00,-1.600000000000000000e+01,-3.000000000000000000e+00,-7.000000000000000000e+00,-1.200000000000000000e+01,-2.000000000000000000e+00,-4.287109375000000000e-01,3.277587890625000000e-01,6.251831054687500000e-01,5.638427734375000000e-01
-1.000000000000000000e+00,-4.000000000000000000e+00,-9.000000000000000000e+00,2.000000000000000000e+00,0.000000000000000000e+00,1.000000000000000000e+00,1.900000000000000000e+01,0.000000000000000000e+00,-4.287109375000000000e-01,3.277587890625000000e-01,6.251831054687500000e-01,5.638427734375000000e-01
-6.000000000000000000e+00,-4.000000000000000000e+00,3.000000000000000000e+00,-4.000000000000000000e+00,-3.000000000000000000e+00,-9.000000000000000000e+00,1.000000000000000000e+00,-2.000000000000000000e+00,-4.291992187500000000e-01,3.272705078125000000e-01,6.245727539062500000e-01,5.643920898437500000e-01
-4.000000000000000000e+00,-1.000000000000000000e+00,7.000000000000000000e+00,1.100000000000000000e+01,-2.000000000000000000e+00,-6.000000000000000000e+00,-2.500000000000000000e+01,1.000000000000000000e+00,-4.291992187500000000e-01,3.272705078125000000e-01,6.245727539062500000e-01,5.643920898437500000e-01
4.000000000000000000e+00,-2.000000000000000000e+00,-6.000000000000000000e+00,-2.000000000000000000e+01,-2.000000000000000000e+00,-2.000000000000000000e+00,-8.000000000000000000e+00,-1.000000000000000000e+00,-4.291992187500000000e-01,3.272705078125000000e-01,6.245727539062500000e-01,5.643920898437500000e-01
5.000000000000000000e+00,2.000000000000000000e+00,0.000000000000000000e+00,4.000000000000000000e+00,-2.000000000000000000e+00,-1.000000000000000000e+00,-3.000000000000000000e+00,-2.000000000000000000e+00,-4.291992187500000000e-01,3.272705078125000000e-01,6.245727539062500000e-01,5.643920898437500000e-01
2.000000000000000000e+00,-2.000000000000000000e+00,2.000000000000000000e+00,-6.000000000000000000e+00,-1.000000000000000000e+00,3.000000000000000000e+00,0.000000000000000000e+00,-2.000000000000000000e+00,-4.295654296875000000e-01,3.273315429687500000e-01,6.238403320312500000e-01,5.648193359375000000e-01
-5.000000000000000000e+00,-2.000000000000000000e+00,-3.000000000000000000e+00,2.000000000000000000e+00,3.000000000000000000e+00,2.000000000000000000e+00,1.300000000000000000e+01,0.000000000000000000e+00,-4.295654296875000000e-01,3.273315429687500000e-01,6.238403320312500000e-01,5.648193359375000000e-01
-5.000000000000000000e+00,-2.000000000000000000e+00,0.000000000000000000e+00,5.000000000000000000e+00,-1.000000000000000000e+00,2.000000000000000000e+00,-2.000000000000000000e+00,-7.000000000000000000e+00,-4.295654296875000000e-01,3.273315429687500000e-01,6.238403320312500000e-01,5.648193359375000000e-01
0.000000000000000000e+00,3.000000000000000000e+00,5.000000000000000000e+00,3.000000000000000000e+00,-5.000000000000000000e+00,-1.000000000000000000e+00,-4.000000000000000000e+00,3.000000000000000000e+00,-4.295654296875000000e-01,3.273315429687500000e-01,6.238403320312500000e-01,5.648193359375000000e-01
-2.000000000000000000e+00,-5.000000000000000000e+00,2.000000000000000000e+00,-2.000000000000000000e+00,-1.000000000000000000e+00,-1.000000000000000000e+00,-9.000000000000000000e+00,-4.000000000000000000e+00,-4.294433593750000000e-01,3.283081054687500000e-01,6.232299804687500000e-01,5.650634765625000000e-01
-3.000000000000000000e+00,-4.000000000000000000e+00,-2.000000000000000000e+00,-1.000000000000000000e+00,-1.000000000000000000e+00,3.000000000000000000e+00,6.000000000000000000e+00,0.000000000000000000e+00,-4.294433593750000000e-01,3.283081054687500000e-01,6.232299804687500000e-01,5.650634765625000000e-01
-4.000000000000000000e+00,1.000000000000000000e+00,-2.000000000000000000e+00,2.000000000000000000e+00,1.000000000000000000e+00,-1.000000000000000000e+00,5.000000000000000000e+00,2.000000000000000000e+00,-4.294433593750000000e-01,3.283081054687500000e-01,6.232299804687500000e-01,5.650634765625000000e-01
0.000000000000000000e+00,5.000000000000000000e+00,-3.000000000000000000e+00,-1.100000000000000000e+01,-1.000000000000000000e+00,1.000000000000000000e+00,7.000000000000000000e+00,8.000000000000000000e+00,-4.294433593750000000e-01,3.283081054687500000e-01,6.232299804687500000e-01,5.650634765625000000e-01
1.000000000000000000e+00,-1.000000000000000000e+00,-1.000000000000000000e+00,8.000000000000000000e+00,0.000000000000000000e+00,-3.000000000000000000e+00,-4.000000000000000000e+00,-1.700000000000000000e+01,-4.299926757812500000e-01,3.287963867187500000e-01,6.224975585937500000e-01,5.651855468750000000e-01
1.000000000000000000e+00,-2.000000000000000000e+00,-4.000000000000000000e+00,-3.000000000000000000e+00,-2.000000000000000000e+00,0.000000000000000000e+00,6.000000000000000000e+00,1.000000000000000000e+00,-4.299926757812500000e-01,3.287963867187500000e-01,6.224975585937500000e-01,5.651855468750000000e-01
-4.000000000000000000e+00,-5.000000000000000000e+00,5.000000000000000000e+00,-1.000000000000000000e+00,0.000000000000000000e+00,0.000000000000000000e+00,7.000000000000000000e+00,0.000000000000000000e+00,-4.299926757812500000e-01,3.287963867187500000e-01,6.224975585937500000e-01,5.651855468750000000e-01
0.000000000000000000e+00,-3.000000000000000000e+00,0.000000000000000000e+00,-5.000000000000000000e+00,1.000000000000000000e+00,-1.000000000000000000e+01,-2.300000000000000000e+01,-2.000000000000000000e+00,-4.299926757812500000e-01,3.287963867187500000e-01,6.224975585937500000e-01,5.651855468750000000e-01
-2.000000000000000000e+00,2.000000000000000000e+00,7.000000000000000000e+00,1.300000000000000000e+01,3.000000000000000000e+00,1.400000000000000000e+01,-4.000000000000000000e+00,-1.000000000000000000e+00,-4.301757812500000000e-01,3.291625976562500000e-01,6.215820312500000000e-01,5.658569335937500000e-01
-3.000000000000000000e+00,2.000000000000000000e+00,-4.000000000000000000e+00,-1.600000000000000000e+01,-1.000000000000000000e+01,-1.100000000000000000e+01,-1.500000000000000000e+01,0.000000000000000000e+00,-4.301757812500000000e-01,3.291625976562500000e-01,6.215820312500000000e-01,5.658569335937500000e-01
2.000000000000000000e+00,3.000000000000000000e+00,4.000000000000000000e+00,7.000000000000000000e+00,2.000000000000000000e+00,0.000000000000000000e+00,1.300000000000000000e+01,1.000000000000000000e+00,-4.301757812500000000e-01,3.291625976562500000e-01,6.215820312500000000e-01,5.658569335937500000e-01
0.000000000000000000e+00,-6.000000000000000000e+00,4.000000000000000000e+00,2.000000000000000000e+00,-1.000000000000000000e+00,2.000000000000000000e+00,4.000000000000000000e+00,0.000000000000000000e+00,-4.301757812500000000e-01,3.291625976562500000e-01,6.215820312500000000e-01,5.658569335937500000e-01
-1.000000000000000000e+01,-2.000000000000000000e+00,-5.000000000000000000e+00,-1.000000000000000000e+00,-1.000000000000000000e+00,-8.000000000000000000e+00,-1.000000000000000000e+00,2.000000000000000000e+00,-4.301147460937500000e-01,3.290405273437500000e-01,6.214599609375000000e-01,5.660400390625000000e-01
1.100000000000000000e+01,-3.000000000000000000e+00,-3.000000000000000000e+00,-1.600000000000000000e+01,-6.000000000000000000e+00,-2.000000000000000000e+00,-4.000000000000000000e+00,9.000000000000000000e+00,-4.301147460937500000e-01,3.290405273437500000e-01,6.214599609375000000e-01,5.660400390625000000e-01
-2.300000000000000000e+01,1.000000000000000000e+00,2.000000000000000000e+00,1.400000000000000000e+01,3.000000000000000000e+00,3.000000000000000000e+00,-2.000000000000000000e+00,-4.000000000000000000e+00,-4.301147460937500000e-01,3.290405273437500000e-01,6.214599609375000000e-01,5.660400390625000000e-01
0.000000000000000000e+00,2.000000000000000000e+00,-2.000000000000000000e+00,-1.000000000000000000e+01,-8.000000000000000000e+00,-6.000000000000000000e+00,-3.000000000000000000e+00,-7.000000000000000000e+00,-4.301147460937500000e-01,3.290405273437500000e-01,6.214599609375000000e-01,5.660400390625000000e-01
1.500000000000000000e+01,-4.000000000000000000e+00,-1.000000000000000000e+00,0.000000000000000000e+00,0.000000000000000000e+00,1.000000000000000000e+00,1.000000000000000000e+00,7.000000000000000000e+00,-4.306640625000000000e-01,3.278808593750000000e-01,6.221313476562500000e-01,5.656127929687500000e-01
3.000000000000000000e+00,-4.000000000000000000e+00,-2.000000000000000000e+00,6.000000000000000000e+00,4.000000000000000000e+00,6.000000000000000000e+00,9.000000000000000000e+00,0.000000000000000000e+00,-4.306640625000000000e-01,3.278808593750000000e-01,6.221313476562500000e-01,5.656127929687500000e-01
-5.000000000000000000e+00,0.000000000000000000e+00,1.000000000000000000e+01,-2.000000000000000000e+00,-1.000000000000000000e+00,-3.000000000000000000e+00,-5.000000000000000000e+00,-2.000000000000000000e+00,-4.306640625000000000e-01,3.278808593750000000e-01,6.221313476562500000e-01,5.656127929687500000e-01
-3.000000000000000000e+00,-6.000000000000000000e+00,-3.000000000000000000e+00,4.000000000000000000e+00,1.000000000000000000e+00,2.000000000000000000e+00,-5.000000000000000000e+00,0.000000000000000000e+00,-4.306640625000000000e-01,3.278808593750000000e-01,6.221313476562500000e-01,5.656127929687500000e-01
-4.000000000000000000e+00,9.000000000000000000e+00,2.000000000000000000e+00,1.000000000000000000e+00,-3.000000000000000000e+00,1.000000000000000000e+00,4.000000000000000000e+00,-5.000000000000000000e+00,-4.315795898437500000e-01,3.256225585937500000e-01,6.232299804687500000e-01,5.650024414062500000e-01
-6.000000000000000000e+00,-6.000000000000000000e+00,-1.400000000000000000e+01,-1.500000000000000000e+01,0.000000000000000000e+00,2.000000000000000000e+00,5.000000000000000000e+00,-3.000000000000000000e+00,-4.315795898437500000e-01,3.256225585937500000e-01,6.232299804687500000e-01,5.650024414062500000e-01
7.000000000000000000e+00,0.000000000000000000e+00,1.000000000000000000e+00,4.000000000000000000e+00,1.000000000000000000e+00,4.000000000000000000e+00,1.100000000000000000e+01,1.000000000000000000e+00,-4.315795898437500000e-01,3.256225585937500000e-01,6.232299804687500000e-01,5.650024414062500000e-01
-7.000000000000000000e+00,-2.000000000000000000e+00,3.000000000000000000e+00,5.000000000000000000e+00,2.000000000000000000e+00,-6.000000000000000000e+00,-1.600000000000000000e+01,-8.000000000000000000e+00,-4.315795898437500000e-01,3.256225585937500000e-01,6.232299804687500000e-01,5.650024414062500000e-01
1.000000000000000000e+00,0.000000000000000000e+00,4.000000000000000000e+00,-4.000000000000000000e+00,0.000000000000000000e+00,-1.000000000000000000e+00,1.300000000000000000e+01,1.000000000000000000e+00,-4.319458007812500000e-01,3.232421875000000000e-01,6.248168945312500000e-01,5.643310546875000000e-01
-1.000000000000000000e+00,-1.000000000000000000e+00,-6.000000000000000000e+00,4.000000000000000000e+00,-3.000000000000000000e+00,-1.100000000000000000e+01,2.400000000000000000e+01,-3.000000000000000000e+00,-4.319458007812500000e-01,3.232421875000000000e-01,6.248168945312500000e-01,5.643310546875000000e-01
2.000000000000000000e+00,0.000000000000000000e+00,4.000000000000000000e+00,-2.000000000000000000e+00,-7.000000000000000000e+00,-1.900000000000000000e+01,-8.000000000000000000e+00,1.000000000000000000e+00,-4.319458007812500000e-01,3.232421875000000000e-01,6.248168945312500000e-01,5.643310546875000000e-01
3.000000000000000000e+00,-2.000000000000000000e+00,0.000000000000000000e+00,-5.000000000000000000e+00,8.000000000000000000e+00,3.300000000000000000e+01,3.400000000000000000e+01,5.000000000000000000e+00,-4.319458007812500000e-01,3.232421875000000000e-01,6.248168945312500000e-01,5.643310546875000000e-01
-4.000000000000000000e+00,-1.000000000000000000e+00,-1.400000000000000000e+01,6.000000000000000000e+00,-2.000000000000000000e+00,-1.000000000000000000e+00,-1.100000000000000000e+01,-4.000000000000000000e+00,-4.312744140625000000e-01,3.215942382812500000e-01,6.260986328125000000e-01,5.643310546875000000e-01
0.000000000000000000e+00,2.000000000000000000e+00,4.000000000000000000e+00,2.000000000000000000e+00,-4.000000000000000000e+00,-5.000000000000000000e+00,1.900000000000000000e+01,1.000000000000000000e+00,-4.312744140625000000e-01,3.215942382812500000e-01,6.260986328125000000e-01,5.643310546875000000e-01
2.000000000000000000e+00,-8.000000000000000000e+00,-1.000000000000000000e+01,-9.000000000000000000e+00,-2.000000000000000000e+00,-2.000000000000000000e+00,-1.500000000000000000e+01,-4.000000000000000000e+00,-4.312744140625000000e-01,3.215942382812500000e-01,6.260986328125000000e-01,5.643310546875000000e-01
-1.000000000000000000e+00,-1.000000000000000000e+00,-3.000000000000000000e+00,0.000000000000000000e+00,-1.000000000000000000e+00,-3.000000000000000000e+00,3.000000000000000000e+00,1.000000000000000000e+00,-4.312744140625000000e-01,3.215942382812500000e-01,6.260986328125000000e-01,5.643310546875000000e-01
2.000000000000000000e+00,1.000000000000000000e+00,2.000000000000000000e+00,-2.000000000000000000e+00,-1.000000000000000000e+00,-5.000000000000000000e+00,-1.000000000000000000e+00,2.000000000000000000e+00,-4.296264648437500000e-01,3.207397460937500000e-01,6.264038085937500000e-01,5.657348632812500000e-01
-7.000000000000000000e+00,-4.000000000000000000e+00,-1.000000000000000000e+00,5.000000000000000000e+00,0.000000000000000000e+00,6.000000000000000000e+00,-1.400000000000000000e+01,4.000000000000000000e+00,-4.296264648437500000e-01,3.207397460937500000e-01,6.264038085937500000e-01,5.657348632812500000e-01
-1.000000000000000000e+00,-2.000000000000000000e+00,1.000000000000000000e+00,-1.500000000000000000e+01,-5.000000000000000000e+00,-2.000000000000000000e+00,-4.000000000000000000e+00,-1.200000000000000000e+01,-4.296264648437500000e-01,3.207397460937500000e-01,6.264038085937500000e-01,5.657348632812500000e-01
-1.000000000000000000e+00,0.000000000000000000e+00,-2.000000000000000000e+00,-5.000000000000000000e+00,-2.000000000000000000e+00,-3.000000000000000000e+00,-2.000000000000000000e+00,0.000000000000000000e+00,-4.296264648437500000e-01,3.207397460937500000e-01,6.264038085937500000e-01,5.657348632812500000e-01
-3.000000000000000000e+00,-2.000000000000000000e+00,-1.000000000000000000e+00,6.000000000000000000e+00,1.000000000000000000e+00,5.000000000000000000e+00,1.000000000000000000e+00,1.000000000000000000e+00,-4.279785156250000000e-01,3.204345703125000000e-01,6.263427734375000000e-01,5.673217773437500000e-01
0.000000000000000000e+00,4.000000000000000000e+00,-7.000000000000000000e+00,-1.000000000000000000e+00,-1.000000000000000000e+00,-4.000000000000000000e+00,-1.500000000000000000e+01,-2.000000000000000000e+00,-4.279785156250000000e-01,3.204345703125000000e-01,6.263427734375000000e-01,5.673217773437500000e-01
2.000000000000000000e+00,-2.000000000000000000e+00,-6.000000000000000000e+00,8.000000000000000000e+00,2.000000000000000000e+00,4.000000000000000000e+00,-3.000000000000000000e+00,5.000000000000000000e+00,-4.279785156250000000e-01,3.204345703125000000e-01,6.263427734375000000e-01,5.673217773437500000e-01
-2.000000000000000000e+00,-3.000000000000000000e+00,-4.000000000000000000e+00,0.000000000000000000e+00,-1.000000000000000000e+00,-7.000000000000000000e+00,2.000000000000000000e+01,-2.000000000000000000e+00,-4.279785156250000000e-01,3.204345703125000000e-01,6.263427734375000000e-01,5.673217773437500000e-01
-3.000000000000000000e+00,-4.000000000000000000e+00,-5.000000000000000000e+00,-9.000000000000000000e+00,-4.000000000000000000e+00,-4.000000000000000000e+00,-1.300000000000000000e+01,-3.000000000000000000e+00,-4.264526367187500000e-01,3.203735351562500000e-01,6.265258789062500000e-01,5.682373046875000000e-01
-2.000000000000000000e+00,0.000000000000000000e+00,5.000000000000000000e+00,1.000000000000000000e+01,8.000000000000000000e+00,5.000000000000000000e+00,0.000000000000000000e+00,-4.000000000000000000e+00,-4.264526367187500000e-01,3.203735351562500000e-01,6.265258789062500000e-01,5.682373046875000000e-01
3.000000000000000000e+00,1.000000000000000000e+00,-1.000000000000000000e+01,-2.000000000000000000e+01,-7.000000000000000000e+00,-5.000000000000000000e+00,-4.000000000000000000e+00,1.000000000000000000e+00,-4.264526367187500000e-01,3.203735351562500000e-01,6.265258789062500000e-01,5.682373046875000000e-01
0.000000000000000000e+00,1.000000000000000000e+00,0.000000000000000000e+00,6.000000000000000000e+00,-2.000000000000000000e+00,-1.000000000000000000e+00,1.000000000000000000e+01,-2.000000000000000000e+00,-4.264526367187500000e-01,3.203735351562500000e-01,6.265258789062500000e-01,5.682373046875000000e-01
-3.000000000000000000e+00,-3.000000000000000000e+00,1.000000000000000000e+00,0.000000000000000000e+00,2.000000000000000000e+00,4.000000000000000000e+00,2.000000000000000000e+00,5.000000000000000000e+00,-4.260864257812500000e-01,3.195190429687500000e-01,6.270141601562500000e-01,5.684814453125000000e-01
3.000000000000000000e+00,-1.000000000000000000e+00,-3.000000000000000000e+00,-1.200000000000000000e+01,-3.000000000000000000e+00,5.000000000000000000e+00,-6.000000000000000000e+00,-7.000000000000000000e+00,-4.260864257812500000e-01,3.195190429687500000e-01,6.270141601562500000e-01,5.684814453125000000e-01
-4.000000000000000000e+00,-6.000000000000000000e+00,-1.000000000000000000e+00,-2.000000000000000000e+00,-3.000000000000000000e+00,-3.000000000000000000e+00,1.700000000000000000e+01,-1.000000000000000000e+00,-4.260864257812500000e-01,3.195190429687500000e-01,6.270141601562500000e-01,5.684814453125000000e-01
1.000000000000000000e+00,3.000000000000000000e+00,0.000000000000000000e+00,3.000000000000000000e+00,3.000000000000000000e+00,3.000000000000000000e+00,-1.500000000000000000e+01,-2.000000000000000000e+00,-4.260864257812500000e-01,3.195190429687500000e-01,6.270141601562500000e-01,5.684814453125000000e-01
-4.000000000000000000e+00,-7.000000000000000000e+00,-1.500000000000000000e+01,-8.000000000000000000e+00,-5.000000000000000000e+00,-3.000000000000000000e+00,3.000000000000000000e+00,0.000000000000000000e+00,-4.265136718750000000e-01,3.175048828125000000e-01,6.277465820312500000e-01,5.684204101562500000e-01
-1.000000000000000000e+00,2.000000000000000000e+00,1.000000000000000000e+00,2.000000000000000000e+00,1.000000000000000000e+00,-3.000000000000000000e+00,1.700000000000000000e+01,0.000000000000000000e+00,-4.265136718750000000e-01,3.175048828125000000e-01,6.277465820312500000e-01,5.684204101562500000e-01
2.000000000000000000e+00,0.000000000000000000e+00,-3.000000000000000000e+00,0.000000000000000000e+00,-1.000000000000000000e+00,2.000000000000000000e+00,1.000000000000000000e+01,1.000000000000000000e+00,-4.265136718750000000e-01,3.175048828125000000e-01,6.277465820312500000e-01,5.684204101562500000e-01
-1.000000000000000000e+00,-3.000000000000000000e+00,2.000000000000000000e+00,-2.000000000000000000e+00,0.000000000000000000e+00,0.000000000000000000e+00,-1.300000000000000000e+01,-2.000000000000000000e+00,-4.265136718750000000e-01,3.175048828125000000e-01,6.277465820312500000e-01,5.684204101562500000e-01
2.000000000000000000e+00,1.000000000000000000e+00,3.000000000000000000e+00,-3.000000000000000000e+00,-1.000000000000000000e+00,-5.000000000000000000e+00,0.000000000000000000e+00,-1.000000000000000000e+00,-4.266967773437500000e-01,3.152465820312500000e-01,6.279907226562500000e-01,5.692749023437500000e-01
0.000000000000000000e+00,1.000000000000000000e+00,1.000000000000000000e+00,1.200000000000000000e+01,1.000000000000000000e+00,3.000000000000000000e+00,-3.000000000000000000e+00,0.000000000000000000e+00,-4.266967773437500000e-01,3.152465820312500000e-01,6.279907226562500000e-01,5.692749023437500000e-01
-3.000000000000000000e+00,1.000000000000000000e+00,-7.000000000000000000e+00,-1.200000000000000000e+01,-4.000000000000000000e+00,-1.000000000000000000e+00,-1.000000000000000000e+01,-1.000000000000000000e+00,-4.266967773437500000e-01,3.152465820312500000e-01,6.279907226562500000e-01,5.692749023437500000e-01
-1.000000000000000000e+00,0.000000000000000000e+00,-1.000000000000000000e+00,2.000000000000000000e+00,0.000000000000000000e+00,-5.000000000000000000e+00,7.000000000000000000e+00,1.000000000000000000e+00,-4.266967773437500000e-01,3.152465820312500000e-01,6.279907226562500000e-01,5.692749023437500000e-01
2.000000000000000000e+00,0.000000000000000000e+00,6.000000000000000000e+00,-4.000000000000000000e+00,-1.000000000000000000e+00,7.000000000000000000e+00,-7.000000000000000000e+00,-1.000000000000000000e+00,-4.266967773437500000e-01,3.135986328125000000e-01,6.279296875000000000e-01,5.703125000000000000e-01
-2.000000000000000000e+00,-4.000000000000000000e+00,-4.000000000000000000e+00,-1.000000000000000000e+00,-3.000000000000000000e+00,-6.000000000000000000e+00,-5.000000000000000000e+00,-1.000000000000000000e+00,-4.266967773437500000e-01,3.135986328125000000e-01,6.279296875000000000e-01,5.703125000000000000e-01
-1.000000000000000000e+00,-1.000000000000000000e+00,-8.000000000000000000e+00,-5.000000000000000000e+00,1.000000000000000000e+00,6.000000000000000000e+00,-3.000000000000000000e+00,0.000000000000000000e+00,-4.266967773437500000e-01,3.135986328125000000e-01,6.279296875000000000e-01,5.703125000000000000e-01
-2.000000000000000000e+00,-5.000000000000000000e+00,-3.000000000000000000e+00,0.000000000000000000e+00,-4.000000000000000000e+00,-2.000000000000000000e+00,1.000000000000000000e+00,-2.000000000000000000e+00,-4.266967773437500000e-01,3.135986328125000000e-01,6.279296875000000000e-01,5.703125000000000000e-01
-1.000000000000000000e+00,4.000000000000000000e+00,6.000000000000000000e+00,5.000000000000000000e+00,1.000000000000000000e+00,-5.000000000000000000e+00,4.000000000000000000e+00,-1.000000000000000000e+00,-4.262084960937500000e-01,3.126220703125000000e-01,6.276855468750000000e-01,5.714721679687500000e-01
-4.000000000000000000e+00,-7.000000000000000000e+00,-1.000000000000000000e+01,-2.000000000000000000e+00,-2.000000000000000000e+00,5.000000000000000000e+00,-7.000000000000000000e+00,-4.000000000000000000e+00,-4.262084960937500000e-01,3.126220703125000000e-01,6.276855468750000000e-01,5.714721679687500000e-01
-2.000000000000000000e+00,0.000000000000000000e+00,3.000000000000000000e+00,1.000000000000000000e+00,-4.000000000000000000e+00,-2.400000000000000000e+01,-3.200000000000000000e+01,4.000000000000000000e+00,-4.262084960937500000e-01,3.126220703125000000e-01,6.276855468750000000e-01,5.714721679687500000e-01
6.000000000000000000e+00,2.000000000000000000e+00,-6.000000000000000000e+00,8.000000000000000000e+00,1.100000000000000000e+01,4.100000000000000000e+01,7.300000000000000000e+01,1.100000000000000000e+01,-4.262084960937500000e-01,3.126220703125000000e-01,6.276855468750000000e-01,5.714721679687500000e-01
0.000000000000000000e+00,1.000000000000000000e+00,2.000000000000000000e+00,-6.000000000000000000e+00,-7.000000000000000000e+00,-1.100000000000000000e+01,-2.400000000000000000e+01,-3.000000000000000000e+00,-4.256591796875000000e-01,3.112792968750000000e-01,6.277465820312500000e-01,5.725097656250000000e-01
2.000000000000000000e+00,0.000000000000000000e+00,1.000000000000000000e+00,6.000000000000000000e+00,1.000000000000000000e+00,0.000000000000000000e+00,-3.000000000000000000e+00,-2.000000000000000000e+00,-4.256591796875000000e-01,3.112792968750000000e-01,6.277465820312500000e-01,5.725097656250000000e-01
0.000000000000000000e+00,-4.000000000000000000e+00,-9.000000000000000000e+00,-2.000000000000000000e+00,2.000000000000000000e+00,2.000000000000000000e+00,-5.000000000000000000e+00,2.000000000000000000e+00,-4.256591796875000000e-01,3.112792968750000000e-01,6.277465820312500000e-01,5.725097656250000000e-01
-4.000000000000000000e+00,-4.000000000000000000e+00,9.000000000000000000e+00,-5.000000000000000000e+00,-4.000000000000000000e+00,-1.600000000000000000e+01,-1.800000000000000000e+01,-5.000000000000000000e+00,-4.256591796875000000e-01,3.112792968750000000e-01,6.277465820312500000e-01,5.725097656250000000e-01
-1.000000000000000000e+00,0.000000000000000000e+00,2.000000000000000000e+00,-1.000000000000000000e+00,0.000000000000000000e+00,-1.000000000000000000e+00,1.000000000000000000e+00,-1.000000000000000000e+00,-4.251098632812500000e-01,3.099975585937500000e-01,6.278686523437500000e-01,5.735473632812500000e-01
2.000000000000000000e+00,2.000000000000000000e+00,2.000000000000000000e+00,-4.000000000000000000e+00,0.000000000000000000e+00,0.000000000000000000e+00,3.000000000000000000e+00,3.000000000000000000e+00,-4.251098632812500000e-01,3.099975585937500000e-01,6.278686523437500000e-01,5.735473632812500000e-01
-4.000000000000000000e+00,-3.000000000000000000e+00,-2.000000000000000000e+00,-1.000000000000000000e+00,-2.000000000000000000e+00,4.000000000000000000e+00,2.000000000000000000e+00,-5.000000000000000000e+00,-4.251098632812500000e-01,3.099975585937500000e-01,6.278686523437500000e-01,5.735473632812500000e-01
-2.000000000000000000e+00,-1.000000000000000000e+00,2.000000000000000000e+00,-6.000000000000000000e+00,-3.000000000000000000e+00,-1.000000000000000000e+01,-2.100000000000000000e+01,-3.000000000000000000e+00,-4.251098632812500000e-01,3.099975585937500000e-01,6.278686523437500000e-01,5.735473632812500000e-01
0.000000000000000000e+00,-2.000000000000000000e+00,-3.000000000000000000e+00,3.000000000000000000e+00,1.000000000000000000e+00,7.000000000000000000e+00,1.000000000000000000e+01,-1.000000000000000000e+00,-4.249267578125000000e-01,3.086547851562500000e-01,6.279907226562500000e-01,5.742187500000000000e-01
-3.000000000000000000e+00,0.000000000000000000e+00,-2.000000000000000000e+00,0.000000000000000000e+00,-3.000000000000000000e+00,-1.200000000000000000e+01,-1.200000000000000000e+01,-2.000000000000000000e+00,-4.249267578125000000e-01,3.086547851562500000e-01,6.279907226562500000e-01,5.742187500000000000e-01
2.000000000000000000e+00,0.000000000000000000e+00,-3.000000000000000000e+00,-4.000000000000000000e+00,1.000000000000000000e+00,1.700000000000000000e+01,9.000000000000000000e+00,-2.000000000000000000e+00,-4.249267578125000000e-01,3.086547851562500000e-01,6.279907226562500000e-01,5.742187500000000000e-01
-4.000000000000000000e+00,0.000000000000000000e+00,1.000000000000000000e+00,0.000000000000000000e+00,-1.000000000000000000e+00,-1.100000000000000000e+01,-2.700000000000000000e+01,-4.000000000000000000e+00,-4.249267578125000000e-01,3.086547851562500000e-01,6.279907226562500000e-01,5.742187500000000000e-01
1.000000000000000000e+00,-5.000000000000000000e+00,-5.000000000000000000e+00,-5.000000000000000000e+00,-2.000000000000000000e+00,1.000000000000000000e+00,2.000000000000000000e+01,2.000000000000000000e+00,-4.246215820312500000e-01,3.078002929687500000e-01,6.280517578125000000e-01,5.748291015625000000e-01
1.000000000000000000e+00,-2.000000000000000000e+00,5.000000000000000000e+00,-7.000000000000000000e+00,-1.000000000000000000e+00,-2.000000000000000000e+00,4.000000000000000000e+00,-1.000000000000000000e+00,-4.246215820312500000e-01,3.078002929687500000e-01,6.280517578125000000e-01,5.748291015625000000e-01
-6.000000000000000000e+00,0.000000000000000000e+00,1.000000000000000000e+01,2.000000000000000000e+01,5.000000000000000000e+00,1.000000000000000000e+00,-6.000000000000000000e+00,-2.000000000000000000e+00,-4.246215820312500000e-01,3.078002929687500000e-01,6.280517578125000000e-01,5.748291015625000000e-01
6.000000000000000000e+00,0.000000000000000000e+00,-1.000000000000000000e+00,-1.300000000000000000e+01,-6.000000000000000000e+00,-6.000000000000000000e+00,-2.100000000000000000e+01,-7.000000000000000000e+00,-4.246215820312500000e-01,3.078002929687500000e-01,6.280517578125000000e-01,5.748291015625000000e-01
1.000000000000000000e+00,1.000000000000000000e+00,8.000000000000000000e+00,3.000000000000000000e+00,-1.000000000000000000e+00,4.000000000000000000e+00,1.300000000000000000e+01,-3.000000000000000000e+00,-4.243774414062500000e-01,3.069458007812500000e-01,6.279907226562500000e-01,5.755004882812500000e-01
-3.000000000000000000e+00,-1.000000000000000000e+00,-9.000000000000000000e+00,-5.000000000000000000e+00,2.000000000000000000e+00,8.000000000000000000e+00,-5.000000000000000000e+00,1.000000000000000000e+00,-4.243774414062500000e-01,3.069458007812500000e-01,6.279907226562500000e-01,5.755004882812500000e-01
0.000000000000000000e+00,4.000000000000000000e+00,1.000000000000000000e+01,9.000000000000000000e+00,-2.000000000000000000e+00,-6.000000000000000000e+00,-2.000000000000000000e+00,-2.000000000000000000e+00,-4.243774414062500000e-01,3.069458007812500000e-01,6.279907226562500000e-01,5.755004882812500000e-01
-6.000000000000000000e+00,-3.000000000000000000e+00,-1.000000000000000000e+00,0.000000000000000000e+00,-3.000000000000000000e+00,-8.000000000000000000e+00,-7.000000000000000000e+00,-1.000000000000000000e+00,-4.243774414062500000e-01,3.069458007812500000e-01,6.279907226562500000e-01,5.755004882812500000e-01
0.000000000000000000e+00,0.000000000000000000e+00,1.000000000000000000e+00,-4.000000000000000000e+00,-1.000000000000000000e+00,-5.000000000000000000e+00,4.000000000000000000e+00,-1.000000000000000000e+00,-4.246215820312500000e-01,3.059692382812500000e-01,6.280517578125000000e-01,5.758056640625000000e-01
-1.000000000000000000e+00,-1.000000000000000000e+00,4.000000000000000000e+00,-3.000000000000000000e+00,-2.000000000000000000e+00,-4.000000000000000000e+00,-9.000000000000000000e+00,-2.000000000000000000e+00,-4.246215820312500000e-01,3.059692382812500000e-01,6.280517578125000000e-01,5.758056640625000000e-01
