1.700000000000000000e+01,2.100000000000000000e+01,2.300000000000000000e+01,-1.000000000000000000e+00,1.000000000000000000e+00,-3.000000000000000000e+00,1.000000000000000000e+00,5.000000000000000000e+00,-3.330078125000000000e-01,1.457519531250000000e-01,7.350463867187500000e-01,5.722656250000000000e-01
-4.000000000000000000e+00,-5.000000000000000000e+01,-5.700000000000000000e+01,-6.000000000000000000e+00,-1.000000000000000000e+01,-1.100000000000000000e+01,-7.000000000000000000e+00,-1.000000000000000000e+00,-3.330078125000000000e-01,1.457519531250000000e-01,7.350463867187500000e-01,5.722656250000000000e-01
-1.500000000000000000e+01,-6.000000000000000000e+00,5.000000000000000000e+00,-1.100000000000000000e+01,-6.000000000000000000e+00,4.000000000000000000e+00,-2.000000000000000000e+00,-2.000000000000000000e+00,-3.330078125000000000e-01,1.457519531250000000e-01,7.350463867187500000e-01,5.722656250000000000e-01
-1.000000000000000000e+01,-1.100000000000000000e+01,-6.000000000000000000e+00,-3.000000000000000000e+00,-2.000000000000000000e+00,-4.000000000000000000e+00,-2.000000000000000000e+00,-4.000000000000000000e+00,-3.330078125000000000e-01,1.457519531250000000e-01,7.350463867187500000e-01,5.722656250000000000e-01
-1.900000000000000000e+01,-6.000000000000000000e+00,7.000000000000000000e+00,5.000000000000000000e+00,3.000000000000000000e+00,-1.000000000000000000e+00,-1.000000000000000000e+00,-4.000000000000000000e+00,-3.327636718750000000e-01,1.467895507812500000e-01,7.338256835937500000e-01,5.737304687500000000e-01
7.000000000000000000e+00,2.600000000000000000e+01,1.500000000000000000e+01,1.000000000000000000e+00,4.000000000000000000e+00,6.000000000000000000e+00,4.000000000000000000e+00,2.000000000000000000e+00,-3.327636718750000000e-01,1.467895507812500000e-01,7.338256835937500000e-01,5.737304687500000000e-01
-2.000000000000000000e+00,-7.000000000000000000e+00,-1.000000000000000000e+01,-1.000000000000000000e+00,-4.000000000000000000e+00,-9.000000000000000000e+00,-8.000000000000000000e+00,-1.000000000000000000e+00,-3.327636718750000000e-01,1.467895507812500000e-01,7.338256835937500000e-01,5.737304687500000000e-01
1.400000000000000000e+01,6.000000000000000000e+00,0.000000000000000000e+00,1.000000000000000000e+00,0.000000000000000000e+00,5.000000000000000000e+00,5.000000000000000000e+00,2.000000000000000000e+00,-3.327636718750000000e-01,1.467895507812500000e-01,7.338256835937500000e-01,5.737304687500000000e-01
-8.000000000000000000e+00,-1.000000000000000000e+01,-7.000000000000000000e+00,0.000000000000000000e+00,-3.000000000000000000e+00,-2.000000000000000000e+00,-2.000000000000000000e+00,0.000000000000000000e+00,-3.328857421875000000e-01,1.464843750000000000e-01,7.333374023437500000e-01,5.743408203125000000e-01
1.000000000000000000e+00,5.000000000000000000e+00,3.000000000000000000e+00,1.000000000000000000e+00,-1.000000000000000000e+00,1.000000000000000000e+00,5.000000000000000000e+00,-1.000000000000000000e+00,-3.328857421875000000e-01,1.464843750000000000e-01,7.333374023437500000e-01,5.743408203125000000e-01
-4.000000000000000000e+00,-1.300000000000000000e+01,-8.000000000000000000e+00,-6.000000000000000000e+00,-1.000000000000000000e+00,-4.000000000000000000e+00,-1.000000000000000000e+01,-5.000000000000000000e+00,-3.328857421875000000e-01,1.464843750000000000e-01,7.333374023437500000e-01,5.743408203125000000e-01
7.000000000000000000e+00,2.200000000000000000e+01,1.000000000000000000e+00,6.000000000000000000e+00,0.000000000000000000e+00,-4.000000000000000000e+00,0.000000000000000000e+00,4.000000000000000000e+00,-3.328857421875000000e-01,1.464843750000000000e-01,7.333374023437500000e-01,5.743408203125000000e-01
-6.000000000000000000e+00,-1.000000000000000000e+01,-1.500000000000000000e+01,-1.000000000000000000e+00,-2.000000000000000000e+00,-1.000000000000000000e+00,7.000000000000000000e+00,3.000000000000000000e+00,-3.336181640625000000e-01,1.449584960937500000e-01,7.330322265625000000e-01,5.747070312500000000e-01
7.000000000000000000e+00,2.600000000000000000e+01,1.000000000000000000e+01,-1.000000000000000000e+00,-4.000000000000000000e+00,-3.000000000000000000e+00,-9.000000000000000000e+00,-4.000000000000000000e+00,-3.336181640625000000e-01,1.449584960937500000e-01,7.330322265625000000e-01,5.747070312500000000e-01
-1.000000000000000000e+00,-1.300000000000000000e+01,3.000000000000000000e+00,-5.000000000000000000e+00,-1.000000000000000000e+00,-1.000000000000000000e+00,3.000000000000000000e+00,-3.000000000000000000e+00,-3.336181640625000000e-01,1.449584960937500000e-01,7.330322265625000000e-01,5.747070312500000000e-01
-2.000000000000000000e+00,-2.000000000000000000e+00,-5.000000000000000000e+00,1.000000000000000000e+00,1.000000000000000000e+00,-3.000000000000000000e+00,-1.000000000000000000e+00,2.000000000000000000e+00,-3.336181640625000000e-01,1.449584960937500000e-01,7.330322265625000000e-01,5.747070312500000000e-01
0.000000000000000000e+00,-1.000000000000000000e+01,4.000000000000000000e+00,1.000000000000000000e+00,-6.000000000000000000e+00,2.000000000000000000e+00,-1.000000000000000000e+00,-3.000000000000000000e+00,-3.348388671875000000e-01,1.429443359375000000e-01,7.324829101562500000e-01,5.751953125000000000e-01
-7.000000000000000000e+00,-1.100000000000000000e+01,-1.200000000000000000e+01,-1.100000000000000000e+01,-4.000000000000000000e+00,-6.000000000000000000e+00,-5.000000000000000000e+00,-2.000000000000000000e+00,-3.348388671875000000e-01,1.429443359375000000e-01,7.324829101562500000e-01,5.751953125000000000e-01
2.000000000000000000e+00,1.800000000000000000e+01,1.300000000000000000e+01,1.900000000000000000e+01,5.000000000000000000e+00,4.000000000000000000e+00,-1.000000000000000000e+00,-4.000000000000000000e+00,-3.348388671875000000e-01,1.429443359375000000e-01,7.324829101562500000e-01,5.751953125000000000e-01
0.000000000000000000e+00,9.000000000000000000e+00,0.000000000000000000e+00,-5.000000000000000000e+00,-2.000000000000000000e+00,-5.000000000000000000e+00,-2.000000000000000000e+00,1.000000000000000000e+00,-3.348388671875000000e-01,1.429443359375000000e-01,7.324829101562500000e-01,5.751953125000000000e-01
-1.000000000000000000e+01,3.000000000000000000e+00,-2.000000000000000000e+00,-2.000000000000000000e+00,-3.000000000000000000e+00,-4.000000000000000000e+00,-5.000000000000000000e+00,-4.000000000000000000e+00,-3.355102539062500000e-01,1.423950195312500000e-01,7.315063476562500000e-01,5.762329101562500000e-01
-1.000000000000000000e+00,4.000000000000000000e+00,9.000000000000000000e+00,-3.000000000000000000e+00,2.000000000000000000e+00,-2.000000000000000000e+00,-2.000000000000000000e+00,0.000000000000000000e+00,-3.355102539062500000e-01,1.423950195312500000e-01,7.315063476562500000e-01,5.762329101562500000e-01
-9.000000000000000000e+00,-4.000000000000000000e+00,-1.000000000000000000e+00,3.000000000000000000e+00,0.000000000000000000e+00,-1.000000000000000000e+00,-3.000000000000000000e+00,-4.000000000000000000e+00,-3.355102539062500000e-01,1.423950195312500000e-01,7.315063476562500000e-01,5.762329101562500000e-01
1.000000000000000000e+00,2.000000000000000000e+00,-1.200000000000000000e+01,-7.000000000000000000e+00,-3.000000000000000000e+00,0.000000000000000000e+00,0.000000000000000000e+00,-4.000000000000000000e+00,-3.355102539062500000e-01,1.423950195312500000e-01,7.315063476562500000e-01,5.762329101562500000e-01
-1.800000000000000000e+01,-7.000000000000000000e+00,-1.000000000000000000e+00,1.000000000000000000e+00,-5.000000000000000000e+00,-6.000000000000000000e+00,-5.000000000000000000e+00,0.000000000000000000e+00,-3.352661132812500000e-01,1.430664062500000000e-01,7.306518554687500000e-01,5.772705078125000000e-01
1.600000000000000000e+01,9.000000000000000000e+00,1.400000000000000000e+01,6.000000000000000000e+00,1.000000000000000000e+00,1.000000000000000000e+00,3.000000000000000000e+00,-1.000000000000000000e+00,-3.352661132812500000e-01,1.430664062500000000e-01,7.306518554687500000e-01,5.772705078125000000e-01
-6.000000000000000000e+00,-8.000000000000000000e+00,-3.900000000000000000e+01,-1.400000000000000000e+01,-3.000000000000000000e+00,1.000000000000000000e+00,0.000000000000000000e+00,-1.000000000000000000e+00,-3.352661132812500000e-01,1.430664062500000000e-01,7.306518554687500000e-01,5.772705078125000000e-01
1.000000000000000000e+00,-1.000000000000000000e+01,1.000000000000000000e+00,1.000000000000000000e+00,1.000000000000000000e+00,-3.000000000000000000e+00,-2.000000000000000000e+00,3.000000000000000000e+00,-3.352661132812500000e-01,1.430664062500000000e-01,7.306518554687500000e-01,5.772705078125000000e-01
0.000000000000000000e+00,-1.200000000000000000e+01,-6.000000000000000000e+00,-4.000000000000000000e+00,1.000000000000000000e+00,5.000000000000000000e+00,6.000000000000000000e+00,2.000000000000000000e+00,-3.347778320312500000e-01,1.436157226562500000e-01,7.301635742187500000e-01,5.780029296875000000e-01
4.000000000000000000e+00,1.400000000000000000e+01,1.000000000000000000e+01,-9.000000000000000000e+00,-5.000000000000000000e+00,-5.000000000000000000e+00,0.000000000000000000e+00,-1.000000000000000000e+00,-3.347778320312500000e-01,1.436157226562500000e-01,7.301635742187500000e-01,5.780029296875000000e-01
0.000000000000000000e+00,9.000000000000000000e+00,1.000000000000000000e+01,3.000000000000000000e+00,2.000000000000000000e+00,-5.000000000000000000e+00,-1.000000000000000000e+00,0.000000000000000000e+00,-3.347778320312500000e-01,1.436157226562500000e-01,7.301635742187500000e-01,5.780029296875000000e-01
-5.000000000000000000e+00,-3.100000000000000000e+01,-1.100000000000000000e+01,-3.000000000000000000e+00,-5.000000000000000000e+00,9.000000000000000000e+00,1.600000000000000000e+01,1.000000000000000000e+00,-3.347778320312500000e-01,1.436157226562500000e-01,7.301635742187500000e-01,5.780029296875000000e-01
9.000000000000000000e+00,1.200000000000000000e+01,9.000000000000000000e+00,1.000000000000000000e+00,2.000000000000000000e+00,-1.000000000000000000e+00,-3.300000000000000000e+01,-5.000000000000000000e+00,-3.352050781250000000e-01,1.426391601562500000e-01,7.303466796875000000e-01,5.777587890625000000e-01
-1.000000000000000000e+01,-2.000000000000000000e+01,3.000000000000000000e+00,2.000000000000000000e+00,1.000000000000000000e+00,2.000000000000000000e+00,5.000000000000000000e+00,2.000000000000000000e+00,-3.352050781250000000e-01,1.426391601562500000e-01,7.303466796875000000e-01,5.777587890625000000e-01
4.000000000000000000e+00,2.200000000000000000e+01,1.300000000000000000e+01,-5.000000000000000000e+00,-4.000000000000000000e+00,-6.000000000000000000e+00,-3.000000000000000000e+00,3.000000000000000000e+00,-3.352050781250000000e-01,1.426391601562500000e-01,7.303466796875000000e-01,5.777587890625000000e-01
-9.000000000000000000e+00,-2.000000000000000000e+01,-5.000000000000000000e+00,-6.000000000000000000e+00,-1.000000000000000000e+00,1.000000000000000000e+00,-4.000000000000000000e+00,-8.000000000000000000e+00,-3.352050781250000000e-01,1.426391601562500000e-01,7.303466796875000000e-01,5.777587890625000000e-01
1.000000000000000000e+01,4.000000000000000000e+00,5.000000000000000000e+00,5.000000000000000000e+00,1.000000000000000000e+00,-3.000000000000000000e+00,6.000000000000000000e+00,4.000000000000000000e+00,-3.361206054687500000e-01,1.412963867187500000e-01,7.299804687500000000e-01,5.780029296875000000e-01
-1.000000000000000000e+00,-4.000000000000000000e+00,-3.000000000000000000e+00,2.000000000000000000e+00,2.000000000000000000e+00,-2.000000000000000000e+00,-5.000000000000000000e+00,-8.000000000000000000e+00,-3.361206054687500000e-01,1.412963867187500000e-01,7.299804687500000000e-01,5.780029296875000000e-01
-1.700000000000000000e+01,6.000000000000000000e+00,-6.000000000000000000e+00,-1.000000000000000000e+00,-2.000000000000000000e+00,-4.000000000000000000e+00,-5.000000000000000000e+00,-1.300000000000000000e+01,-3.361206054687500000e-01,1.412963867187500000e-01,7.299804687500000000e-01,5.780029296875000000e-01
2.900000000000000000e+01,-5.000000000000000000e+00,1.000000000000000000e+00,-4.000000000000000000e+00,-6.000000000000000000e+00,-9.000000000000000000e+00,-3.000000000000000000e+00,1.400000000000000000e+01,-3.361206054687500000e-01,1.412963867187500000e-01,7.299804687500000000e-01,5.780029296875000000e-01
-9.000000000000000000e+00,1.000000000000000000e+00,-4.000000000000000000e+00,-3.000000000000000000e+00,-4.000000000000000000e+00,0.000000000000000000e+00,1.000000000000000000e+00,-7.000000000000000000e+00,-3.364257812500000000e-01,1.410522460937500000e-01,7.288208007812500000e-01,5.793457031250000000e-01
-2.000000000000000000e+00,-2.000000000000000000e+00,1.000000000000000000e+00,-3.000000000000000000e+00,1.000000000000000000e+00,0.000000000000000000e+00,-1.000000000000000000e+00,6.000000000000000000e+00,-3.364257812500000000e-01,1.410522460937500000e-01,7.288208007812500000e-01,5.793457031250000000e-01
-9.000000000000000000e+00,2.000000000000000000e+00,1.000000000000000000e+00,1.200000000000000000e+01,4.000000000000000000e+00,3.000000000000000000e+00,5.000000000000000000e+00,-4.000000000000000000e+00,-3.364257812500000000e-01,1.410522460937500000e-01,7.288208007812500000e-01,5.793457031250000000e-01
-6.000000000000000000e+00,1.000000000000000000e+01,-8.000000000000000000e+00,3.000000000000000000e+00,1.000000000000000000e+00,0.000000000000000000e+00,-3.000000000000000000e+00,-5.000000000000000000e+00,-3.364257812500000000e-01,1.410522460937500000e-01,7.288208007812500000e-01,5.793457031250000000e-01
4.000000000000000000e+00,-2.000000000000000000e+00,3.000000000000000000e+00,0.000000000000000000e+00,-1.000000000000000000e+00,-4.000000000000000000e+00,1.000000000000000000e+00,1.000000000000000000e+00,-3.356933593750000000e-01,1.424560546875000000e-01,7.277832031250000000e-01,5.808105468750000000e-01
1.000000000000000000e+00,1.000000000000000000e+01,-1.000000000000000000e+00,-2.000000000000000000e+00,0.000000000000000000e+00,7.000000000000000000e+00,6.000000000000000000e+00,3.000000000000000000e+00,-3.356933593750000000e-01,1.424560546875000000e-01,7.277832031250000000e-01,5.808105468750000000e-01
-1.000000000000000000e+00,-7.000000000000000000e+00,1.000000000000000000e+00,-8.000000000000000000e+00,-3.000000000000000000e+00,-3.000000000000000000e+00,-2.000000000000000000e+00,0.000000000000000000e+00,-3.356933593750000000e-01,1.424560546875000000e-01,7.277832031250000000e-01,5.808105468750000000e-01
3.000000000000000000e+00,7.000000000000000000e+00,1.300000000000000000e+01,3.000000000000000000e+00,-2.000000000000000000e+00,-2.000000000000000000e+00,-3.000000000000000000e+00,0.000000000000000000e+00,-3.356933593750000000e-01,1.424560546875000000e-01,7.277832031250000000e-01,5.808105468750000000e-01
8.000000000000000000e+00,7.000000000000000000e+00,-1.000000000000000000e+01,-5.000000000000000000e+00,1.000000000000000000e+00,4.000000000000000000e+00,4.000000000000000000e+00,2.000000000000000000e+00,-3.349609375000000000e-01,1.436157226562500000e-01,7.271728515625000000e-01,5.816040039062500000e-01
-2.000000000000000000e+00,-1.400000000000000000e+01,-3.000000000000000000e+00,-1.000000000000000000e+00,-5.000000000000000000e+00,-8.000000000000000000e+00,-4.000000000000000000e+00,-1.000000000000000000e+00,-3.349609375000000000e-01,1.436157226562500000e-01,7.271728515625000000e-01,5.816040039062500000e-01
5.000000000000000000e+00,-1.300000000000000000e+01,1.100000000000000000e+01,2.000000000000000000e+00,5.000000000000000000e+00,9.000000000000000000e+00,1.100000000000000000e+01,5.000000000000000000e+00,-3.349609375000000000e-01,1.436157226562500000e-01,7.271728515625000000e-01,5.816040039062500000e-01
-4.000000000000000000e+00,1.400000000000000000e+01,1.200000000000000000e+01,1.000000000000000000e+01,2.000000000000000000e+00,2.000000000000000000e+00,-5.000000000000000000e+00,-3.000000000000000000e+00,-3.349609375000000000e-01,1.436157226562500000e-01,7.271728515625000000e-01,5.816040039062500000e-01
-1.500000000000000000e+01,-9.000000000000000000e+00,-1.000000000000000000e+00,-1.000000000000000000e+00,-3.000000000000000000e+00,-6.000000000000000000e+00,1.000000000000000000e+00,-5.000000000000000000e+00,-3.348999023437500000e-01,1.436767578125000000e-01,7.272338867187500000e-01,5.815429687500000000e-01
8.000000000000000000e+00,3.000000000000000000e+00,6.000000000000000000e+00,0.000000000000000000e+00,1.000000000000000000e+00,1.000000000000000000e+00,-1.000000000000000000e+00,-1.000000000000000000e+00,-3.348999023437500000e-01,1.436767578125000000e-01,7.272338867187500000e-01,5.815429687500000000e-01
5.000000000000000000e+00,-5.000000000000000000e+00,1.200000000000000000e+01,-2.000000000000000000e+00,-4.000000000000000000e+00,-6.000000000000000000e+00,4.000000000000000000e+00,1.000000000000000000e+00,-3.348999023437500000e-01,1.436767578125000000e-01,7.272338867187500000e-01,5.815429687500000000e-01
-1.600000000000000000e+01,-2.000000000000000000e+00,-1.800000000000000000e+01,-6.000000000000000000e+00,-3.000000000000000000e+00,-5.000000000000000000e+00,-1.000000000000000000e+00,1.000000000000000000e+01,-3.348999023437500000e-01,1.436767578125000000e-01,7.272338867187500000e-01,5.815429687500000000e-01
5.000000000000000000e+00,-1.900000000000000000e+01,1.100000000000000000e+01,1.000000000000000000e+01,3.000000000000000000e+00,4.000000000000000000e+00,1.000000000000000000e+00,-9.000000000000000000e+00,-3.354492187500000000e-01,1.427612304687500000e-01,7.275390625000000000e-01,5.811157226562500000e-01
-7.000000000000000000e+00,-4.000000000000000000e+00,-3.000000000000000000e+00,2.000000000000000000e+00,-1.000000000000000000e+00,-1.000000000000000000e+00,0.000000000000000000e+00,-2.000000000000000000e+00,-3.354492187500000000e-01,1.427612304687500000e-01,7.275390625000000000e-01,5.811157226562500000e-01
2.000000000000000000e+00,3.200000000000000000e+01,5.000000000000000000e+00,-4.000000000000000000e+00,-2.000000000000000000e+00,-2.000000000000000000e+00,-8.000000000000000000e+00,-2.000000000000000000e+00,-3.354492187500000000e-01,1.427612304687500000e-01,7.275390625000000000e-01,5.811157226562500000e-01
4.000000000000000000e+00,-7.000000000000000000e+00,8.000000000000000000e+00,-5.000000000000000000e+00,-1.000000000000000000e+00,-3.000000000000000000e+00,1.000000000000000000e+00,1.000000000000000000e+00,-3.354492187500000000e-01,1.427612304687500000e-01,7.275390625000000000e-01,5.811157226562500000e-01
2.000000000000000000e+00,8.000000000000000000e+00,-6.000000000000000000e+00,-3.000000000000000000e+00,-5.000000000000000000e+00,-6.000000000000000000e+00,-1.000000000000000000e+00,3.000000000000000000e+00,-3.361816406250000000e-01,1.420898437500000000e-01,7.274169921875000000e-01,5.810546875000000000e-01
7.000000000000000000e+00,-1.900000000000000000e+01,-4.000000000000000000e+00,0.000000000000000000e+00,-2.000000000000000000e+00,-2.000000000000000000e+00,-2.000000000000000000e+00,4.000000000000000000e+00,-3.361816406250000000e-01,1.420898437500000000e-01,7.274169921875000000e-01,5.810546875000000000e-01
-2.600000000000000000e+01,3.000000000000000000e+00,-9.000000000000000000e+00,-3.000000000000000000e+00,-2.000000000000000000e+00,-4.000000000000000000e+00,-4.000000000000000000e+00,-6.000000000000000000e+00,-3.361816406250000000e-01,1.420898437500000000e-01,7.274169921875000000e-01,5.810546875000000000e-01
2.000000000000000000e+00,-2.700000000000000000e+01,5.000000000000000000e+00,-3.000000000000000000e+00,0.000000000000000000e+00,-1.000000000000000000e+00,1.000000000000000000e+00,-3.000000000000000000e+00,-3.361816406250000000e-01,1.420898437500000000e-01,7.274169921875000000e-01,5.810546875000000000e-01
1.700000000000000000e+01,4.000000000000000000e+00,-1.200000000000000000e+01,-9.000000000000000000e+00,0.000000000000000000e+00,5.000000000000000000e+00,1.000000000000000000e+00,2.000000000000000000e+00,-3.357543945312500000e-01,1.427612304687500000e-01,7.268676757812500000e-01,5.817871093750000000e-01
-9.000000000000000000e+00,5.000000000000000000e+00,1.000000000000000000e+00,6.000000000000000000e+00,-1.000000000000000000e+00,-5.000000000000000000e+00,-2.000000000000000000e+00,-5.000000000000000000e+00,-3.357543945312500000e-01,1.427612304687500000e-01,7.268676757812500000e-01,5.817871093750000000e-01
-4.000000000000000000e+00,-7.000000000000000000e+00,-6.000000000000000000e+00,-2.000000000000000000e+00,0.000000000000000000e+00,4.000000000000000000e+00,-7.000000000000000000e+00,2.000000000000000000e+00,-3.357543945312500000e-01,1.427612304687500000e-01,7.268676757812500000e-01,5.817871093750000000e-01
-3.000000000000000000e+00,1.200000000000000000e+01,-3.000000000000000000e+00,-2.000000000000000000e+00,0.000000000000000000e+00,2.000000000000000000e+00,5.000000000000000000e+00,-3.000000000000000000e+00,-3.357543945312500000e-01,1.427612304687500000e-01,7.268676757812500000e-01,5.817871093750000000e-01
-1.300000000000000000e+01,-1.700000000000000000e+01,6.000000000000000000e+00,0.000000000000000000e+00,-2.000000000000000000e+00,-6.000000000000000000e+00,-1.100000000000000000e+01,-8.000000000000000000e+00,-3.348999023437500000e-01,1.437377929687500000e-01,7.265625000000000000e-01,5.824584960937500000e-01
1.200000000000000000e+01,1.600000000000000000e+01,-6.000000000000000000e+00,0.000000000000000000e+00,0.000000000000000000e+00,-3.000000000000000000e+00,0.000000000000000000e+00,6.000000000000000000e+00,-3.348999023437500000e-01,1.437377929687500000e-01,7.265625000000000000e-01,5.824584960937500000e-01
6.000000000000000000e+00,-1.900000000000000000e+01,-1.400000000000000000e+01,-1.000000000000000000e+00,0.000000000000000000e+00,2.000000000000000000e+00,1.000000000000000000e+00,2.000000000000000000e+00,-3.348999023437500000e-01,1.437377929687500000e-01,7.265625000000000000e-01,5.824584960937500000e-01
-2.000000000000000000e+00,-2.000000000000000000e+00,4.000000000000000000e+00,-1.000000000000000000e+00,-1.000000000000000000e+00,-3.000000000000000000e+00,0.000000000000000000e+00,-4.000000000000000000e+00,-3.348999023437500000e-01,1.437377929687500000e-01,7.265625000000000000e-01,5.824584960937500000e-01
1.000000000000000000e+00,7.000000000000000000e+00,0.000000000000000000e+00,-3.000000000000000000e+00,-3.000000000000000000e+00,1.000000000000000000e+00,5.000000000000000000e+00,4.000000000000000000e+00,-3.345947265625000000e-01,1.442871093750000000e-01,7.262573242187500000e-01,5.828247070312500000e-01
3.000000000000000000e+00,1.300000000000000000e+01,1.100000000000000000e+01,-1.000000000000000000e+00,-3.000000000000000000e+00,-1.100000000000000000e+01,-2.000000000000000000e+00,-5.000000000000000000e+00,-3.345947265625000000e-01,1.442871093750000000e-01,7.262573242187500000e-01,5.828247070312500000e-01
2.000000000000000000e+00,-1.900000000000000000e+01,-1.500000000000000000e+01,-5.000000000000000000e+00,3.000000000000000000e+00,1.000000000000000000e+01,4.000000000000000000e+00,2.000000000000000000e+00,-3.345947265625000000e-01,1.442871093750000000e-01,7.262573242187500000e-01,5.828247070312500000e-01
-1.000000000000000000e+00,-1.200000000000000000e+01,2.000000000000000000e+00,5.000000000000000000e+00,-3.000000000000000000e+00,-2.000000000000000000e+00,-1.000000000000000000e+01,-4.000000000000000000e+00,-3.345947265625000000e-01,1.442871093750000000e-01,7.262573242187500000e-01,5.828247070312500000e-01
-1.000000000000000000e+00,2.500000000000000000e+01,-1.000000000000000000e+00,3.000000000000000000e+00,-1.000000000000000000e+00,-4.000000000000000000e+00,0.000000000000000000e+00,-1.000000000000000000e+00,-3.348388671875000000e-01,1.448364257812500000e-01,7.260742187500000000e-01,5.827636718750000000e-01
-1.200000000000000000e+01,-1.700000000000000000e+01,-6.000000000000000000e+00,-5.000000000000000000e+00,-2.000000000000000000e+00,-3.000000000000000000e+00,-3.000000000000000000e+00,-1.000000000000000000e+00,-3.348388671875000000e-01,1.448364257812500000e-01,7.260742187500000000e-01,5.827636718750000000e-01
-1.500000000000000000e+01,3.000000000000000000e+00,7.000000000000000000e+00,-4.000000000000000000e+00,-1.000000000000000000e+00,-4.000000000000000000e+00,-3.000000000000000000e+00,-4.000000000000000000e+00,-3.348388671875000000e-01,1.448364257812500000e-01,7.260742187500000000e-01,5.827636718750000000e-01
4.600000000000000000e+01,1.700000000000000000e+01,-9.000000000000000000e+00,-1.000000000000000000e+00,-2.000000000000000000e+00,-1.000000000000000000e+00,-5.000000000000000000e+00,5.000000000000000000e+00,-3.348388671875000000e-01,1.448364257812500000e-01,7.260742187500000000e-01,5.827636718750000000e-01
-1.800000000000000000e+01,-1.800000000000000000e+01,1.000000000000000000e+00,-2.000000000000000000e+00,0.000000000000000000e+00,-1.000000000000000000e+00,-7.000000000000000000e+00,-4.000000000000000000e+00,-3.354492187500000000e-01,1.453247070312500000e-01,7.260131835937500000e-01,5.823974609375000000e-01
5.000000000000000000e+00,-4.000000000000000000e+00,-8.000000000000000000e+00,-2.000000000000000000e+00,-5.000000000000000000e+00,-3.000000000000000000e+00,2.000000000000000000e+00,1.000000000000000000e+00,-3.354492187500000000e-01,1.453247070312500000e-01,7.260131835937500000e-01,5.823974609375000000e-01
2.000000000000000000e+00,-1.000000000000000000e+01,-5.000000000000000000e+00,-5.000000000000000000e+00,-7.000000000000000000e+00,-4.000000000000000000e+00,2.000000000000000000e+00,1.000000000000000000e+00,-3.354492187500000000e-01,1.453247070312500000e-01,7.260131835937500000e-01,5.823974609375000000e-01
-4.400000000000000000e+01,-1.400000000000000000e+01,-8.000000000000000000e+00,-7.000000000000000000e+00,2.000000000000000000e+00,5.000000000000000000e+00,-1.000000000000000000e+00,-1.600000000000000000e+01,-3.354492187500000000e-01,1.453247070312500000e-01,7.260131835937500000e-01,5.823974609375000000e-01
1.900000000000000000e+01,1.800000000000000000e+01,-6.000000000000000000e+00,-1.000000000000000000e+00,-5.000000000000000000e+00,-1.000000000000000000e+00,3.000000000000000000e+00,4.000000000000000000e+00,-3.358764648437500000e-01,1.455078125000000000e-01,7.257690429687500000e-01,5.823974609375000000e-01
2.300000000000000000e+01,9.000000000000000000e+00,1.100000000000000000e+01,7.000000000000000000e+00,4.000000000000000000e+00,0.000000000000000000e+00,-5.000000000000000000e+00,1.000000000000000000e+00,-3.358764648437500000e-01,1.455078125000000000e-01,7.257690429687500000e-01,5.823974609375000000e-01
-1.200000000000000000e+01,-1.300000000000000000e+01,-3.000000000000000000e+00,0.000000000000000000e+00,0.000000000000000000e+00,-3.000000000000000000e+00,-6.000000000000000000e+00,-8.000000000000000000e+00,-3.358764648437500000e-01,1.455078125000000000e-01,7.257690429687500000e-01,5.823974609375000000e-01
-4.000000000000000000e+00,2.000000000000000000e+00,0.000000000000000000e+00,1.000000000000000000e+00,-3.000000000000000000e+00,-1.100000000000000000e+01,-7.000000000000000000e+00,0.000000000000000000e+00,-3.358764648437500000e-01,1.455078125000000000e-01,7.257690429687500000e-01,5.823974609375000000e-01
5.000000000000000000e+00,-1.100000000000000000e+01,-5.000000000000000000e+00,-1.000000000000000000e+00,2.000000000000000000e+00,6.000000000000000000e+00,7.000000000000000000e+00,0.000000000000000000e+00,-3.365478515625000000e-01,1.452026367187500000e-01,7.255859375000000000e-01,5.823364257812500000e-01
-1.000000000000000000e+01,-8.000000000000000000e+00,-3.000000000000000000e+00,-2.000000000000000000e+00,-2.000000000000000000e+00,2.000000000000000000e+00,-3.000000000000000000e+00,-1.000000000000000000e+00,-3.365478515625000000e-01,1.452026367187500000e-01,7.255859375000000000e-01,5.823364257812500000e-01
1.900000000000000000e+01,3.900000000000000000e+01,4.000000000000000000e+00,2.000000000000000000e+00,1.000000000000000000e+00,1.000000000000000000e+00,3.000000000000000000e+00,4.000000000000000000e+00,-3.365478515625000000e-01,1.452026367187500000e-01,7.255859375000000000e-01,5.823364257812500000e-01
-1.000000000000000000e+00,-2.000000000000000000e+01,1.000000000000000000e+00,6.000000000000000000e+00,3.000000000000000000e+00,1.000000000000000000e+00,-2.000000000000000000e+00,-1.000000000000000000e+00,-3.365478515625000000e-01,1.452026367187500000e-01,7.255859375000000000e-01,5.823364257812500000e-01
-5.000000000000000000e+00,-2.000000000000000000e+00,3.000000000000000000e+00,-5.000000000000000000e+00,-1.000000000000000000e+00,-3.000000000000000000e+00,-1.000000000000000000e+00,0.000000000000000000e+00,-3.369750976562500000e-01,1.448364257812500000e-01,7.254028320312500000e-01,5.823974609375000000e-01
-5.000000000000000000e+00,6.000000000000000000e+00,-9.000000000000000000e+00,3.000000000000000000e+00,1.000000000000000000e+00,0.000000000000000000e+00,8.000000000000000000e+00,-1.000000000000000000e+00,-3.369750976562500000e-01,1.448364257812500000e-01,7.254028320312500000e-01,5.823974609375000000e-01
9.000000000000000000e+00,-1.200000000000000000e+01,-3.000000000000000000e+00,1.000000000000000000e+00,-4.000000000000000000e+00,0.000000000000000000e+00,-1.000000000000000000e+01,-1.000000000000000000e+00,-3.369750976562500000e-01,1.448364257812500000e-01,7.254028320312500000e-01,5.823974609375000000e-01
-8.000000000000000000e+00,0.000000000000000000e+00,-4.000000000000000000e+00,-6.000000000000000000e+00,-1.000000000000000000e+00,-3.000000000000000000e+00,-1.000000000000000000e+00,-2.000000000000000000e+00,-3.369750976562500000e-01,1.448364257812500000e-01,7.254028320312500000e-01,5.823974609375000000e-01
7.000000000000000000e+00,1.000000000000000000e+01,5.000000000000000000e+00,1.000000000000000000e+00,0.000000000000000000e+00,1.000000000000000000e+00,2.000000000000000000e+00,2.000000000000000000e+00,-3.374023437500000000e-01,1.442871093750000000e-01,7.252197265625000000e-01,5.825805664062500000e-01
-1.100000000000000000e+01,1.500000000000000000e+01,-1.000000000000000000e+00,-4.000000000000000000e+00,-3.000000000000000000e+00,-1.000000000000000000e+00,2.000000000000000000e+00,-1.000000000000000000e+00,-3.374023437500000000e-01,1.442871093750000000e-01,7.252197265625000000e-01,5.825805664062500000e-01
2.800000000000000000e+01,-1.200000000000000000e+01,2.000000000000000000e+00,0.000000000000000000e+00,-3.000000000000000000e+00,-3.000000000000000000e+00,1.000000000000000000e+00,9.000000000000000000e+00,-3.374023437500000000e-01,1.442871093750000000e-01,7.252197265625000000e-01,5.825805664062500000e-01
-2.300000000000000000e+01,-7.000000000000000000e+00,-2.000000000000000000e+00,-8.000000000000000000e+00,-6.000000000000000000e+00,-2.000000000000000000e+00,0.000000000000000000e+00,-5.000000000000000000e+00,-3.374023437500000000e-01,1.442871093750000000e-01,7.252197265625000000e-01,5.825805664062500000e-01
1.400000000000000000e+01,5.000000000000000000e+00,0.000000000000000000e+00,9.000000000000000000e+00,3.000000000000000000e+00,1.000000000000000000e+00,-2.000000000000000000e+00,0.000000000000000000e+00,-3.374023437500000000e-01,1.439208984375000000e-01,7.249755859375000000e-01,5.829467773437500000e-01
-2.000000000000000000e+01,-2.000000000000000000e+01,-7.000000000000000000e+00,1.000000000000000000e+00,1.000000000000000000e+00,1.000000000000000000e+00,-1.000000000000000000e+00,-3.000000000000000000e+00,-3.374023437500000000e-01,1.439208984375000000e-01,7.249755859375000000e-01,5.829467773437500000e-01
6.000000000000000000e+00,-1.800000000000000000e+01,-1.300000000000000000e+01,-8.000000000000000000e+00,-2.000000000000000000e+00,-2.000000000000000000e+00,1.000000000000000000e+00,0.000000000000000000e+00,-3.374023437500000000e-01,1.439208984375000000e-01,7.249755859375000000e-01,5.829467773437500000e-01
-6.000000000000000000e+00,4.600000000000000000e+01,9.000000000000000000e+00,8.000000000000000000e+00,5.000000000000000000e+00,7.000000000000000000e+00,-2.000000000000000000e+00,0.000000000000000000e+00,-3.374023437500000000e-01,1.439208984375000000e-01,7.249755859375000000e-01,5.829467773437500000e-01
6.000000000000000000e+00,-2.400000000000000000e+01,-1.300000000000000000e+01,6.000000000000000000e+00,0.000000000000000000e+00,-5.000000000000000000e+00,-5.000000000000000000e+00,1.000000000000000000e+00,-3.370971679687500000e-01,1.435546875000000000e-01,7.249145507812500000e-01,5.833129882812500000e-01
-6.000000000000000000e+00,2.000000000000000000e+00,1.100000000000000000e+01,-6.000000000000000000e+00,0.000000000000000000e+00,6.000000000000000000e+00,3.000000000000000000e+00,-1.000000000000000000e+00,-3.370971679687500000e-01,1.435546875000000000e-01,7.249145507812500000e-01,5.833129882812500000e-01
-1.400000000000000000e+01,-1.200000000000000000e+01,-1.500000000000000000e+01,1.000000000000000000e+00,0.000000000000000000e+00,-2.000000000000000000e+00,-3.000000000000000000e+00,-4.000000000000000000e+00,-3.370971679687500000e-01,1.435546875000000000e-01,7.249145507812500000e-01,5.833129882812500000e-01
4.000000000000000000e+00,-1.200000000000000000e+01,1.000000000000000000e+01,4.000000000000000000e+00,-5.000000000000000000e+00,-7.000000000000000000e+00,-2.000000000000000000e+00,-1.000000000000000000e+00,-3.370971679687500000e-01,1.435546875000000000e-01,7.249145507812500000e-01,5.833129882812500000e-01
-8.000000000000000000e+00,1.400000000000000000e+01,-9.000000000000000000e+00,-7.000000000000000000e+00,-1.000000000000000000e+00,1.000000000000000000e+00,1.000000000000000000e+00,-2.000000000000000000e+00,-3.367309570312500000e-01,1.434326171875000000e-01,7.246704101562500000e-01,5.838012695312500000e-01
-7.000000000000000000e+00,2.000000000000000000e+00,-8.000000000000000000e+00,4.000000000000000000e+00,-1.000000000000000000e+00,1.000000000000000000e+00,-6.000000000000000000e+00,-3.000000000000000000e+00,-3.367309570312500000e-01,1.434326171875000000e-01,7.246704101562500000e-01,5.838012695312500000e-01
-1.700000000000000000e+01,2.000000000000000000e+00,8.000000000000000000e+00,1.000000000000000000e+00,-1.000000000000000000e+00,-1.000000000000000000e+00,1.000000000000000000e+00,-3.000000000000000000e+00,-3.367309570312500000e-01,1.434326171875000000e-01,7.246704101562500000e-01,5.838012695312500000e-01
2.800000000000000000e+01,0.000000000000000000e+00,-3.000000000000000000e+00,-1.000000000000000000e+00,4.000000000000000000e+00,0.000000000000000000e+00,-2.000000000000000000e+00,-3.000000000000000000e+00,-3.367309570312500000e-01,1.434326171875000000e-01,7.246704101562500000e-01,5.838012695312500000e-01
-4.100000000000000000e+01,-7.000000000000000000e+00,1.100000000000000000e+01,-3.000000000000000000e+00,-2.000000000000000000e+00,-6.000000000000000000e+00,-5.000000000000000000e+00,-7.000000000000000000e+00,-3.366088867187500000e-01,1.429443359375000000e-01,7.246093750000000000e-01,5.841064453125000000e-01
4.200000000000000000e+01,-2.000000000000000000e+00,-4.000000000000000000e+00,0.000000000000000000e+00,-1.000000000000000000e+00,2.000000000000000000e+00,4.000000000000000000e+00,7.000000000000000000e+00,-3.366088867187500000e-01,1.429443359375000000e-01,7.246093750000000000e-01,5.841064453125000000e-01
-5.000000000000000000e+00,8.000000000000000000e+00,9.000000000000000000e+00,4.000000000000000000e+00,1.000000000000000000e+00,1.000000000000000000e+00,2.000000000000000000e+00,-2.000000000000000000e+00,-3.366088867187500000e-01,1.429443359375000000e-01,7.246093750000000000e-01,5.841064453125000000e-01
-1.900000000000000000e+01,-2.000000000000000000e+00,-1.000000000000000000e+01,6.000000000000000000e+00,4.000000000000000000e+00,5.000000000000000000e+00,1.000000000000000000e+00,-2.000000000000000000e+00,-3.366088867187500000e-01,1.429443359375000000e-01,7.246093750000000000e-01,5.841064453125000000e-01
-8.000000000000000000e+00,-1.700000000000000000e+01,-1.000000000000000000e+01,-1.000000000000000000e+01,-1.000000000000000000e+00,-1.000000000000000000e+00,0.000000000000000000e+00,1.000000000000000000e+00,-3.361816406250000000e-01,1.428222656250000000e-01,7.247924804687500000e-01,5.841674804687500000e-01
-1.000000000000000000e+00,1.000000000000000000e+00,2.000000000000000000e+00,6.000000000000000000e+00,0.000000000000000000e+00,-3.000000000000000000e+00,-6.000000000000000000e+00,-5.000000000000000000e+00,-3.361816406250000000e-01,1.428222656250000000e-01,7.247924804687500000e-01,5.841674804687500000e-01
-6.000000000000000000e+00,-3.000000000000000000e+00,-2.000000000000000000e+00,-4.000000000000000000e+00,-4.000000000000000000e+00,-8.000000000000000000e+00,-2.000000000000000000e+00,0.000000000000000000e+00,-3.361816406250000000e-01,1.428222656250000000e-01,7.247924804687500000e-01,5.841674804687500000e-01
7.000000000000000000e+00,3.000000000000000000e+00,3.000000000000000000e+00,2.000000000000000000e+00,0.000000000000000000e+00,1.000000000000000000e+00,1.000000000000000000e+00,2.000000000000000000e+00,-3.361816406250000000e-01,1.428222656250000000e-01,7.247924804687500000e-01,5.841674804687500000e-01
1.000000000000000000e+00,-9.000000000000000000e+00,4.000000000000000000e+00,-4.000000000000000000e+00,0.000000000000000000e+00,-3.000000000000000000e+00,-2.000000000000000000e+00,-4.000000000000000000e+00,-3.359985351562500000e-01,1.423339843750000000e-01,7.250366210937500000e-01,5.840454101562500000e-01
-6.000000000000000000e+00,2.400000000000000000e+01,1.200000000000000000e+01,-4.000000000000000000e+00,-2.000000000000000000e+00,0.000000000000000000e+00,2.000000000000000000e+00,-1.000000000000000000e+00,-3.359985351562500000e-01,1.423339843750000000e-01,7.250366210937500000e-01,5.840454101562500000e-01
1.800000000000000000e+01,9.000000000000000000e+00,-2.000000000000000000e+00,2.000000000000000000e+00,4.000000000000000000e+00,0.000000000000000000e+00,3.000000000000000000e+00,7.000000000000000000e+00,-3.359985351562500000e-01,1.423339843750000000e-01,7.250366210937500000e-01,5.840454101562500000e-01
-2.300000000000000000e+01,-1.600000000000000000e+01,1.000000000000000000e+00,-7.000000000000000000e+00,-7.000000000000000000e+00,6.000000000000000000e+00,7.000000000000000000e+00,-7.000000000000000000e+00,-3.359985351562500000e-01,1.423339843750000000e-01,7.250366210937500000e-01,5.840454101562500000e-01
1.000000000000000000e+01,0.000000000000000000e+00,1.000000000000000000e+00,0.000000000000000000e+00,-2.000000000000000000e+00,1.000000000000000000e+00,-7.000000000000000000e+00,0.000000000000000000e+00,-3.362426757812500000e-01,1.414184570312500000e-01,7.251586914062500000e-01,5.839233398437500000e-01
-1.000000000000000000e+01,-2.100000000000000000e+01,-3.000000000000000000e+00,-1.000000000000000000e+01,-3.000000000000000000e+00,-5.000000000000000000e+00,-3.000000000000000000e+00,-1.000000000000000000e+00,-3.362426757812500000e-01,1.414184570312500000e-01,7.251586914062500000e-01,5.839233398437500000e-01
2.000000000000000000e+00,1.400000000000000000e+01,3.000000000000000000e+00,6.000000000000000000e+00,-2.000000000000000000e+00,-4.000000000000000000e+00,-1.000000000000000000e+00,-4.000000000000000000e+00,-3.362426757812500000e-01,1.414184570312500000e-01,7.251586914062500000e-01,5.839233398437500000e-01
2.000000000000000000e+00,-7.000000000000000000e+00,-6.000000000000000000e+00,-5.000000000000000000e+00,-2.000000000000000000e+00,-1.000000000000000000e+00,3.000000000000000000e+00,2.000000000000000000e+00,-3.362426757812500000e-01,1.414184570312500000e-01,7.251586914062500000e-01,5.839233398437500000e-01
-1.300000000000000000e+01,1.700000000000000000e+01,5.000000000000000000e+00,9.000000000000000000e+00,-5.000000000000000000e+00,-4.000000000000000000e+00,0.000000000000000000e+00,0.000000000000000000e+00,-3.364868164062500000e-01,1.408081054687500000e-01,7.252197265625000000e-01,5.839233398437500000e-01
-1.700000000000000000e+01,3.000000000000000000e+00,1.000000000000000000e+00,3.000000000000000000e+00,2.000000000000000000e+00,7.000000000000000000e+00,-2.000000000000000000e+00,-5.000000000000000000e+00,-3.364868164062500000e-01,1.408081054687500000e-01,7.252197265625000000e-01,5.839233398437500000e-01
2.500000000000000000e+01,-1.300000000000000000e+01,-1.000000000000000000e+00,-8.000000000000000000e+00,-1.000000000000000000e+00,-2.000000000000000000e+00,1.000000000000000000e+00,1.000000000000000000e+00,-3.364868164062500000e-01,1.408081054687500000e-01,7.252197265625000000e-01,5.839233398437500000e-01
-3.000000000000000000e+00,-9.000000000000000000e+00,0.000000000000000000e+00,-5.000000000000000000e+00,-4.000000000000000000e+00,-1.000000000000000000e+01,-4.000000000000000000e+00,-4.000000000000000000e+00,-3.364868164062500000e-01,1.408081054687500000e-01,7.252197265625000000e-01,5.839233398437500000e-01
2.200000000000000000e+01,8.000000000000000000e+00,5.000000000000000000e+00,0.000000000000000000e+00,2.000000000000000000e+00,3.000000000000000000e+00,2.000000000000000000e+00,1.000000000000000000e+00,-3.364868164062500000e-01,1.408081054687500000e-01,7.252197265625000000e-01,5.839233398437500000e-01
-1.000000000000000000e+00,-9.000000000000000000e+00,-1.900000000000000000e+01,-3.000000000000000000e+00,-5.000000000000000000e+00,-7.000000000000000000e+00,0.000000000000000000e+00,3.000000000000000000e+00,-3.364868164062500000e-01,1.408081054687500000e-01,7.252197265625000000e-01,5.839233398437500000e-01
-2.300000000000000000e+01,-3.000000000000000000e+00,8.000000000000000000e+00,6.000000000000000000e+00,2.000000000000000000e+00,2.000000000000000000e+00,-4.000000000000000000e+00,-8.000000000000000000e+00,-3.364868164062500000e-01,1.408081054687500000e-01,7.252197265625000000e-01,5.839233398437500000e-01
-1.000000000000000000e+00,1.000000000000000000e+00,-4.000000000000000000e+00,-7.000000000000000000e+00,-5.000000000000000000e+00,-8.000000000000000000e+00,-1.400000000000000000e+01,1.000000000000000000e+00,-3.364868164062500000e-01,1.408081054687500000e-01,7.252197265625000000e-01,5.839233398437500000e-01
-4.000000000000000000e+00,-6.000000000000000000e+00,6.000000000000000000e+00,1.000000000000000000e+00,-3.000000000000000000e+00,-6.000000000000000000e+00,-6.000000000000000000e+00,-9.000000000000000000e+00,-3.364868164062500000e-01,1.407470703125000000e-01,7.252197265625000000e-01,5.839233398437500000e-01
1.000000000000000000e+00,2.000000000000000000e+00,-8.000000000000000000e+00,-3.000000000000000000e+00,3.000000000000000000e+00,0.000000000000000000e+00,2.000000000000000000e+00,-2.000000000000000000e+00,-3.364868164062500000e-01,1.407470703125000000e-01,7.252197265625000000e-01,5.839233398437500000e-01
6.000000000000000000e+01,-1.000000000000000000e+00,8.000000000000000000e+00,-1.700000000000000000e+01,-6.000000000000000000e+00,3.000000000000000000e+00,7.000000000000000000e+00,2.100000000000000000e+01,-3.364868164062500000e-01,1.407470703125000000e-01,7.252197265625000000e-01,5.839233398437500000e-01
-1.000000000000000000e+00,-2.000000000000000000e+00,1.100000000000000000e+01,1.800000000000000000e+01,3.000000000000000000e+00,2.000000000000000000e+00,-2.000000000000000000e+00,-1.200000000000000000e+01,-3.364868164062500000e-01,1.407470703125000000e-01,7.252197265625000000e-01,5.839233398437500000e-01
-9.000000000000000000e+00,4.000000000000000000e+00,-2.200000000000000000e+01,-4.000000000000000000e+00,-2.000000000000000000e+00,-1.000000000000000000e+00,-2.000000000000000000e+00,5.000000000000000000e+00,-3.366699218750000000e-01,1.406250000000000000e-01,7.254638671875000000e-01,5.834960937500000000e-01
-2.000000000000000000e+01,-8.000000000000000000e+00,9.000000000000000000e+00,5.000000000000000000e+00,2.000000000000000000e+00,3.000000000000000000e+00,-2.000000000000000000e+00,-2.000000000000000000e+00,-3.366699218750000000e-01,1.406250000000000000e-01,7.254638671875000000e-01,5.834960937500000000e-01
-1.400000000000000000e+01,3.000000000000000000e+00,-7.000000000000000000e+00,-2.000000000000000000e+00,-1.000000000000000000e+00,-2.000000000000000000e+00,-2.000000000000000000e+00,-6.000000000000000000e+00,-3.366699218750000000e-01,1.406250000000000000e-01,7.254638671875000000e-01,5.834960937500000000e-01
1.500000000000000000e+01,7.000000000000000000e+00,2.000000000000000000e+00,-1.000000000000000000e+01,-5.000000000000000000e+00,-4.000000000000000000e+00,-2.000000000000000000e+00,5.000000000000000000e+00,-3.366699218750000000e-01,1.406250000000000000e-01,7.254638671875000000e-01,5.834960937500000000e-01
-7.000000000000000000e+00,-9.000000000000000000e+00,4.000000000000000000e+00,1.000000000000000000e+00,2.000000000000000000e+00,8.000000000000000000e+00,5.000000000000000000e+00,-2.000000000000000000e+00,-3.372802734375000000e-01,1.405029296875000000e-01,7.259521484375000000e-01,5.825805664062500000e-01
1.000000000000000000e+01,-1.000000000000000000e+01,0.000000000000000000e+00,2.000000000000000000e+00,-2.000000000000000000e+00,-3.000000000000000000e+00,0.000000000000000000e+00,-2.000000000000000000e+00,-3.372802734375000000e-01,1.405029296875000000e-01,7.259521484375000000e-01,5.825805664062500000e-01
-1.800000000000000000e+01,-1.000000000000000000e+00,4.000000000000000000e+00,5.000000000000000000e+00,2.000000000000000000e+00,3.000000000000000000e+00,-2.000000000000000000e+00,-6.000000000000000000e+00,-3.372802734375000000e-01,1.405029296875000000e-01,7.259521484375000000e-01,5.825805664062500000e-01
2.000000000000000000e+00,3.000000000000000000e+00,-3.000000000000000000e+00,-7.000000000000000000e+00,0.000000000000000000e+00,4.000000000000000000e+00,6.000000000000000000e+00,9.000000000000000000e+00,-3.372802734375000000e-01,1.405029296875000000e-01,7.259521484375000000e-01,5.825805664062500000e-01
0.000000000000000000e+00,5.000000000000000000e+00,9.000000000000000000e+00,-7.000000000000000000e+00,0.000000000000000000e+00,0.000000000000000000e+00,4.000000000000000000e+00,-5.000000000000000000e+00,-3.378295898437500000e-01,1.406250000000000000e-01,7.265625000000000000e-01,5.815429687500000000e-01
9.000000000000000000e+00,-1.000000000000000000e+00,-1.300000000000000000e+01,1.600000000000000000e+01,1.000000000000000000e+00,-1.000000000000000000e+00,-5.000000000000000000e+00,0.000000000000000000e+00,-3.378295898437500000e-01,1.406250000000000000e-01,7.265625000000000000e-01,5.815429687500000000e-01
-1.100000000000000000e+01,-9.000000000000000000e+00,-9.000000000000000000e+00,-6.000000000000000000e+00,-6.000000000000000000e+00,-4.000000000000000000e+00,-6.000000000000000000e+00,-4.000000000000000000e+00,-3.378295898437500000e-01,1.406250000000000000e-01,7.265625000000000000e-01,5.815429687500000000e-01
-5.000000000000000000e+00,1.300000000000000000e+01,5.000000000000000000e+00,1.000000000000000000e+00,-1.000000000000000000e+00,0.000000000000000000e+00,0.000000000000000000e+00,-7.000000000000000000e+00,-3.378295898437500000e-01,1.406250000000000000e-01,7.265625000000000000e-01,5.815429687500000000e-01
3.500000000000000000e+01,-5.000000000000000000e+00,2.000000000000000000e+00,-5.000000000000000000e+00,-1.000000000000000000e+00,2.000000000000000000e+00,7.000000000000000000e+00,1.400000000000000000e+01,-3.386840820312500000e-01,1.409301757812500000e-01,7.267456054687500000e-01,5.807495117187500000e-01
-2.000000000000000000e+00,-8.000000000000000000e+00,0.000000000000000000e+00,-1.600000000000000000e+01,-5.000000000000000000e+00,-3.000000000000000000e+00,-2.000000000000000000e+00,-2.000000000000000000e+00,-3.386840820312500000e-01,1.409301757812500000e-01,7.267456054687500000e-01,5.807495117187500000e-01
-1.000000000000000000e+01,0.000000000000000000e+00,-6.000000000000000000e+00,7.000000000000000000e+00,4.000000000000000000e+00,-4.000000000000000000e+00,-3.000000000000000000e+00,-6.000000000000000000e+00,-3.386840820312500000e-01,1.409301757812500000e-01,7.267456054687500000e-01,5.807495117187500000e-01
1.000000000000000000e+00,1.000000000000000000e+00,-6.000000000000000000e+00,-3.000000000000000000e+00,-3.000000000000000000e+00,0.000000000000000000e+00,0.000000000000000000e+00,3.000000000000000000e+00,-3.386840820312500000e-01,1.409301757812500000e-01,7.267456054687500000e-01,5.807495117187500000e-01
-1.800000000000000000e+01,-4.000000000000000000e+00,-5.000000000000000000e+00,-2.000000000000000000e+00,-3.000000000000000000e+00,0.000000000000000000e+00,0.000000000000000000e+00,0.000000000000000000e+00,-3.394775390625000000e-01,1.411743164062500000e-01,7.265625000000000000e-01,5.803833007812500000e-01
8.000000000000000000e+00,1.200000000000000000e+01,3.000000000000000000e+00,5.000000000000000000e+00,-4.000000000000000000e+00,-4.000000000000000000e+00,-2.000000000000000000e+00,-6.000000000000000000e+00,-3.394775390625000000e-01,1.411743164062500000e-01,7.265625000000000000e-01,5.803833007812500000e-01
2.000000000000000000e+00,-3.000000000000000000e+00,-2.300000000000000000e+01,-5.000000000000000000e+00,-2.000000000000000000e+00,2.000000000000000000e+00,0.000000000000000000e+00,-4.000000000000000000e+00,-3.394775390625000000e-01,1.411743164062500000e-01,7.265625000000000000e-01,5.803833007812500000e-01
-1.000000000000000000e+00,3.000000000000000000e+00,-5.000000000000000000e+00,-7.000000000000000000e+00,0.000000000000000000e+00,1.000000000000000000e+00,1.000000000000000000e+00,5.000000000000000000e+00,-3.394775390625000000e-01,1.411743164062500000e-01,7.265625000000000000e-01,5.803833007812500000e-01
-9.000000000000000000e+00,-7.000000000000000000e+00,3.000000000000000000e+00,3.000000000000000000e+00,2.000000000000000000e+00,-3.000000000000000000e+00,-1.000000000000000000e+00,-1.000000000000000000e+00,-3.397827148437500000e-01,1.416625976562500000e-01,7.263183593750000000e-01,5.804443359375000000e-01
-5.000000000000000000e+00,9.000000000000000000e+00,0.000000000000000000e+00,-4.000000000000000000e+00,-1.000000000000000000e+00,3.000000000000000000e+00,2.000000000000000000e+00,-2.000000000000000000e+00,-3.397827148437500000e-01,1.416625976562500000e-01,7.263183593750000000e-01,5.804443359375000000e-01
-4.000000000000000000e+00,-9.000000000000000000e+00,-1.000000000000000000e+00,0.000000000000000000e+00,-2.000000000000000000e+00,-2.000000000000000000e+00,-5.000000000000000000e+00,-4.000000000000000000e+00,-3.397827148437500000e-01,1.416625976562500000e-01,7.263183593750000000e-01,5.804443359375000000e-01
3.000000000000000000e+01,1.300000000000000000e+01,1.000000000000000000e+01,5.000000000000000000e+00,2.000000000000000000e+00,-1.000000000000000000e+00,2.000000000000000000e+00,6.000000000000000000e+00,-3.397827148437500000e-01,1.416625976562500000e-01,7.263183593750000000e-01,5.804443359375000000e-01
-9.000000000000000000e+00,-4.000000000000000000e+00,-7.000000000000000000e+00,-2.000000000000000000e+00,-6.000000000000000000e+00,-4.000000000000000000e+00,3.000000000000000000e+00,-2.000000000000000000e+00,-3.402709960937500000e-01,1.416015625000000000e-01,7.260742187500000000e-01,5.804443359375000000e-01
-7.000000000000000000e+00,0.000000000000000000e+00,-7.000000000000000000e+00,-5.000000000000000000e+00,-2.000000000000000000e+00,-7.000000000000000000e+00,-7.000000000000000000e+00,-3.000000000000000000e+00,-3.402709960937500000e-01,1.416015625000000000e-01,7.260742187500000000e-01,5.804443359375000000e-01
-2.000000000000000000e+01,-2.000000000000000000e+00,1.400000000000000000e+01,4.000000000000000000e+00,3.000000000000000000e+00,5.000000000000000000e+00,0.000000000000000000e+00,-4.000000000000000000e+00,-3.402709960937500000e-01,1.416015625000000000e-01,7.260742187500000000e-01,5.804443359375000000e-01
-2.000000000000000000e+00,-1.000000000000000000e+01,-7.000000000000000000e+00,-1.100000000000000000e+01,-7.000000000000000000e+00,-9.000000000000000000e+00,-9.000000000000000000e+00,-5.000000000000000000e+00,-3.402709960937500000e-01,1.416015625000000000e-01,7.260742187500000000e-01,5.804443359375000000e-01
9.000000000000000000e+00,9.000000000000000000e+00,-4.000000000000000000e+00,4.000000000000000000e+00,-2.000000000000000000e+00,-1.000000000000000000e+00,5.000000000000000000e+00,0.000000000000000000e+00,-3.406372070312500000e-01,1.412353515625000000e-01,7.260742187500000000e-01,5.802612304687500000e-01
-8.000000000000000000e+00,2.000000000000000000e+00,-2.000000000000000000e+00,6.000000000000000000e+00,-1.000000000000000000e+00,-1.000000000000000000e+00,-1.000000000000000000e+00,-2.000000000000000000e+00,-3.406372070312500000e-01,1.412353515625000000e-01,7.260742187500000000e-01,5.802612304687500000e-01
4.000000000000000000e+00,1.000000000000000000e+00,7.000000000000000000e+00,5.000000000000000000e+00,4.000000000000000000e+00,-2.000000000000000000e+00,3.000000000000000000e+00,1.000000000000000000e+00,-3.406372070312500000e-01,1.412353515625000000e-01,7.260742187500000000e-01,5.802612304687500000e-01
-8.000000000000000000e+00,2.000000000000000000e+00,0.000000000000000000e+00,-3.000000000000000000e+00,-4.000000000000000000e+00,-3.000000000000000000e+00,0.000000000000000000e+00,4.000000000000000000e+00,-3.406372070312500000e-01,1.412353515625000000e-01,7.260742187500000000e-01,5.802612304687500000e-01
4.000000000000000000e+00,8.000000000000000000e+00,1.000000000000000000e+00,-7.000000000000000000e+00,1.000000000000000000e+00,0.000000000000000000e+00,-6.000000000000000000e+00,-3.000000000000000000e+00,-3.410644531250000000e-01,1.405639648437500000e-01,7.263793945312500000e-01,5.798950195312500000e-01
2.200000000000000000e+01,-8.000000000000000000e+00,1.000000000000000000e+00,3.000000000000000000e+00,-4.000000000000000000e+00,-5.000000000000000000e+00,-2.000000000000000000e+00,-1.000000000000000000e+00,-3.410644531250000000e-01,1.405639648437500000e-01,7.263793945312500000e-01,5.798950195312500000e-01
-9.000000000000000000e+00,-9.000000000000000000e+00,-1.500000000000000000e+01,-6.000000000000000000e+00,-4.000000000000000000e+00,-4.000000000000000000e+00,-2.000000000000000000e+00,2.000000000000000000e+00,-3.410644531250000000e-01,1.405639648437500000e-01,7.263793945312500000e-01,5.798950195312500000e-01
-9.000000000000000000e+00,4.000000000000000000e+00,-5.000000000000000000e+00,0.000000000000000000e+00,0.000000000000000000e+00,3.000000000000000000e+00,2.000000000000000000e+00,-6.000000000000000000e+00,-3.410644531250000000e-01,1.405639648437500000e-01,7.263793945312500000e-01,5.798950195312500000e-01
-8.000000000000000000e+00,-6.000000000000000000e+00,-3.000000000000000000e+00,1.000000000000000000e+00,0.000000000000000000e+00,-3.000000000000000000e+00,-4.000000000000000000e+00,-1.000000000000000000e+00,-3.411865234375000000e-01,1.401977539062500000e-01,7.265625000000000000e-01,5.796508789062500000e-01
9.000000000000000000e+00,1.000000000000000000e+00,1.000000000000000000e+01,-8.000000000000000000e+00,-1.000000000000000000e+00,-1.000000000000000000e+00,0.000000000000000000e+00,4.000000000000000000e+00,-3.411865234375000000e-01,1.401977539062500000e-01,7.265625000000000000e-01,5.796508789062500000e-01
-5.000000000000000000e+00,-3.000000000000000000e+00,-1.000000000000000000e+00,5.000000000000000000e+00,-2.000000000000000000e+00,-3.000000000000000000e+00,-5.000000000000000000e+00,-2.000000000000000000e+00,-3.411865234375000000e-01,1.401977539062500000e-01,7.265625000000000000e-01,5.796508789062500000e-01
-7.000000000000000000e+00,-7.000000000000000000e+00,-1.000000000000000000e+01,-3.000000000000000000e+00,-1.000000000000000000e+00,2.000000000000000000e+00,-2.000000000000000000e+00,-3.000000000000000000e+00,-3.411865234375000000e-01,1.401977539062500000e-01,7.265625000000000000e-01,5.796508789062500000e-01
-1.100000000000000000e+01,0.000000000000000000e+00,8.000000000000000000e+00,-2.000000000000000000e+00,-4.000000000000000000e+00,-2.000000000000000000e+00,0.000000000000000000e+00,-1.000000000000000000e+00,-3.411865234375000000e-01,1.401977539062500000e-01,7.265014648437500000e-01,5.797119140625000000e-01
2.200000000000000000e+01,2.000000000000000000e+00,-7.000000000000000000e+00,3.000000000000000000e+00,5.000000000000000000e+00,3.000000000000000000e+00,2.000000000000000000e+00,3.000000000000000000e+00,-3.411865234375000000e-01,1.401977539062500000e-01,7.265014648437500000e-01,5.797119140625000000e-01
5.000000000000000000e+00,1.000000000000000000e+01,2.000000000000000000e+00,-6.000000000000000000e+00,-1.000000000000000000e+00,2.000000000000000000e+00,1.000000000000000000e+00,1.000000000000000000e+00,-3.411865234375000000e-01,1.401977539062500000e-01,7.265014648437500000e-01,5.797119140625000000e-01
-7.000000000000000000e+00,-5.000000000000000000e+00,5.000000000000000000e+00,1.000000000000000000e+01,3.000000000000000000e+00,-1.000000000000000000e+00,-1.000000000000000000e+00,-4.000000000000000000e+00,-3.411865234375000000e-01,1.401977539062500000e-01,7.265014648437500000e-01,5.797119140625000000e-01
-2.000000000000000000e+00,7.000000000000000000e+00,-1.200000000000000000e+01,-1.000000000000000000e+01,-6.000000000000000000e+00,-5.000000000000000000e+00,-6.000000000000000000e+00,-1.000000000000000000e+00,-3.409423828125000000e-01,1.403808593750000000e-01,7.263793945312500000e-01,5.799560546875000000e-01
-8.000000000000000000e+00,-3.000000000000000000e+00,4.000000000000000000e+00,-7.000000000000000000e+00,-1.000000000000000000e+00,5.000000000000000000e+00,2.000000000000000000e+00,0.000000000000000000e+00,-3.409423828125000000e-01,1.403808593750000000e-01,7.263793945312500000e-01,5.799560546875000000e-01
-1.700000000000000000e+01,3.000000000000000000e+00,-6.000000000000000000e+00,0.000000000000000000e+00,-5.000000000000000000e+00,0.000000000000000000e+00,1.000000000000000000e+00,-4.000000000000000000e+00,-3.409423828125000000e-01,1.403808593750000000e-01,7.263793945312500000e-01,5.799560546875000000e-01
0.000000000000000000e+00,-4.000000000000000000e+00,-1.000000000000000000e+00,4.000000000000000000e+00,4.000000000000000000e+00,-1.000000000000000000e+00,0.000000000000000000e+00,-2.000000000000000000e+00,-3.409423828125000000e-01,1.403808593750000000e-01,7.263793945312500000e-01,5.799560546875000000e-01
2.600000000000000000e+01,6.000000000000000000e+00,6.000000000000000000e+00,-1.000000000000000000e+00,-2.000000000000000000e+00,1.000000000000000000e+01,1.900000000000000000e+01,1.000000000000000000e+01,-3.405151367187500000e-01,1.403198242187500000e-01,7.264404296875000000e-01,5.801391601562500000e-01
0.000000000000000000e+00,-8.000000000000000000e+00,1.000000000000000000e+00,-8.000000000000000000e+00,-2.000000000000000000e+00,-7.000000000000000000e+00,-1.900000000000000000e+01,-7.000000000000000000e+00,-3.405151367187500000e-01,1.403198242187500000e-01,7.264404296875000000e-01,5.801391601562500000e-01
1.000000000000000000e+00,3.000000000000000000e+00,3.000000000000000000e+00,3.000000000000000000e+00,1.000000000000000000e+00,0.000000000000000000e+00,3.000000000000000000e+00,3.000000000000000000e+00,-3.405151367187500000e-01,1.403198242187500000e-01,7.264404296875000000e-01,5.801391601562500000e-01
-1.200000000000000000e+01,-5.000000000000000000e+00,3.000000000000000000e+00,3.000000000000000000e+00,0.000000000000000000e+00,-7.000000000000000000e+00,2.000000000000000000e+00,-1.000000000000000000e+00,-3.405151367187500000e-01,1.403198242187500000e-01,7.264404296875000000e-01,5.801391601562500000e-01
-9.000000000000000000e+00,1.000000000000000000e+00,-8.000000000000000000e+00,2.000000000000000000e+00,0.000000000000000000e+00,3.000000000000000000e+00,8.000000000000000000e+00,-4.000000000000000000e+00,-3.406982421875000000e-01,1.399536132812500000e-01,7.265625000000000000e-01,5.800170898437500000e-01
-1.400000000000000000e+01,-6.000000000000000000e+00,3.000000000000000000e+00,-3.000000000000000000e+00,0.000000000000000000e+00,0.000000000000000000e+00,-1.500000000000000000e+01,0.000000000000000000e+00,-3.406982421875000000e-01,1.399536132812500000e-01,7.265625000000000000e-01,5.800170898437500000e-01
2.000000000000000000e+00,-3.000000000000000000e+00,-4.000000000000000000e+00,-7.000000000000000000e+00,-4.000000000000000000e+00,-2.000000000000000000e+00,-4.000000000000000000e+00,0.000000000000000000e+00,-3.406982421875000000e-01,1.399536132812500000e-01,7.265625000000000000e-01,5.800170898437500000e-01
3.000000000000000000e+00,8.000000000000000000e+00,1.000000000000000000e+01,4.000000000000000000e+00,-2.000000000000000000e+00,-4.000000000000000000e+00,-1.000000000000000000e+00,-2.000000000000000000e+00,-3.406982421875000000e-01,1.399536132812500000e-01,7.265625000000000000e-01,5.800170898437500000e-01
-1.000000000000000000e+00,-2.500000000000000000e+01,-2.200000000000000000e+01,-6.000000000000000000e+00,0.000000000000000000e+00,-3.000000000000000000e+00,-1.000000000000000000e+01,-2.000000000000000000e+00,-3.413696289062500000e-01,1.394042968750000000e-01,7.264404296875000000e-01,5.798339843750000000e-01
-6.000000000000000000e+00,3.000000000000000000e+00,6.000000000000000000e+00,2.000000000000000000e+00,-3.000000000000000000e+00,0.000000000000000000e+00,8.000000000000000000e+00,-3.000000000000000000e+00,-3.413696289062500000e-01,1.394042968750000000e-01,7.264404296875000000e-01,5.798339843750000000e-01
1.300000000000000000e+01,8.000000000000000000e+00,2.000000000000000000e+00,1.000000000000000000e+00,0.000000000000000000e+00,4.000000000000000000e+00,-1.000000000000000000e+00,-1.000000000000000000e+00,-3.413696289062500000e-01,1.394042968750000000e-01,7.264404296875000000e-01,5.798339843750000000e-01
8.000000000000000000e+00,-7.000000000000000000e+00,-1.000000000000000000e+00,-4.000000000000000000e+00,-2.000000000000000000e+00,-1.000000000000000000e+00,-1.000000000000000000e+00,3.000000000000000000e+00,-3.413696289062500000e-01,1.394042968750000000e-01,7.264404296875000000e-01,5.798339843750000000e-01
0.000000000000000000e+00,1.000000000000000000e+01,7.000000000000000000e+00,-3.000000000000000000e+00,-1.000000000000000000e+00,-1.000000000000000000e+00,-4.000000000000000000e+00,-3.000000000000000000e+00,-3.416137695312500000e-01,1.397094726562500000e-01,7.264404296875000000e-01,5.796508789062500000e-01
-1.000000000000000000e+01,-6.000000000000000000e+00,5.000000000000000000e+00,4.000000000000000000e+00,1.000000000000000000e+00,-1.000000000000000000e+00,1.000000000000000000e+00,-2.000000000000000000e+00,-3.416137695312500000e-01,1.397094726562500000e-01,7.264404296875000000e-01,5.796508789062500000e-01
0.000000000000000000e+00,1.300000000000000000e+01,-3.000000000000000000e+01,-1.000000000000000000e+01,-4.000000000000000000e+00,-1.000000000000000000e+00,-1.000000000000000000e+00,1.000000000000000000e+00,-3.416137695312500000e-01,1.397094726562500000e-01,7.264404296875000000e-01,5.796508789062500000e-01
0.000000000000000000e+00,-6.000000000000000000e+00,-3.000000000000000000e+00,-3.000000000000000000e+00,-1.000000000000000000e+00,-2.000000000000000000e+00,0.000000000000000000e+00,0.000000000000000000e+00,-3.416137695312500000e-01,1.397094726562500000e-01,7.264404296875000000e-01,5.796508789062500000e-01
0.000000000000000000e+00,-4.000000000000000000e+00,5.000000000000000000e+00,6.000000000000000000e+00,0.000000000000000000e+00,-2.000000000000000000e+00,-9.000000000000000000e+00,-2.000000000000000000e+00,-3.417358398437500000e-01,1.400756835937500000e-01,7.266235351562500000e-01,5.792846679687500000e-01
-8.000000000000000000e+00,-6.000000000000000000e+00,-6.000000000000000000e+00,-7.000000000000000000e+00,2.000000000000000000e+00,-3.000000000000000000e+00,5.000000000000000000e+00,-1.000000000000000000e+00,-3.417358398437500000e-01,1.400756835937500000e-01,7.266235351562500000e-01,5.792846679687500000e-01
0.000000000000000000e+00,5.000000000000000000e+00,6.000000000000000000e+00,0.000000000000000000e+00,0.000000000000000000e+00,-2.000000000000000000e+00,-1.000000000000000000e+00,-1.000000000000000000e+00,-3.417358398437500000e-01,1.400756835937500000e-01,7.266235351562500000e-01,5.792846679687500000e-01
4.000000000000000000e+00,-6.000000000000000000e+00,1.000000000000000000e+00,3.000000000000000000e+00,0.000000000000000000e+00,3.000000000000000000e+00,0.000000000000000000e+00,0.000000000000000000e+00,-3.417358398437500000e-01,1.400756835937500000e-01,7.266235351562500000e-01,5.792846679687500000e-01
-5.000000000000000000e+00,-4.000000000000000000e+00,-5.000000000000000000e+00,-4.000000000000000000e+00,-3.000000000000000000e+00,-3.000000000000000000e+00,-5.000000000000000000e+00,-3.000000000000000000e+00,-3.421020507812500000e-01,1.394653320312500000e-01,7.269287109375000000e-01,5.787963867187500000e-01
-3.000000000000000000e+00,8.000000000000000000e+00,-1.000000000000000000e+00,-3.000000000000000000e+00,-1.000000000000000000e+00,3.000000000000000000e+00,2.000000000000000000e+00,-6.000000000000000000e+00,-3.421020507812500000e-01,1.394653320312500000e-01,7.269287109375000000e-01,5.787963867187500000e-01
-1.000000000000000000e+00,-5.000000000000000000e+00,5.000000000000000000e+00,1.000000000000000000e+00,-2.000000000000000000e+00,-6.000000000000000000e+00,-2.000000000000000000e+00,-1.000000000000000000e+00,-3.421020507812500000e-01,1.394653320312500000e-01,7.269287109375000000e-01,5.787963867187500000e-01
2.200000000000000000e+01,4.000000000000000000e+00,-1.000000000000000000e+00,-6.000000000000000000e+00,0.000000000000000000e+00,4.000000000000000000e+00,2.000000000000000000e+00,6.000000000000000000e+00,-3.421020507812500000e-01,1.394653320312500000e-01,7.269287109375000000e-01,5.787963867187500000e-01
-6.000000000000000000e+00,-1.000000000000000000e+00,9.000000000000000000e+00,1.000000000000000000e+00,-4.000000000000000000e+00,-5.000000000000000000e+00,-4.000000000000000000e+00,-3.000000000000000000e+00,-3.424072265625000000e-01,1.384887695312500000e-01,7.271118164062500000e-01,5.786132812500000000e-01
0.000000000000000000e+00,1.000000000000000000e+00,-4.000000000000000000e+00,2.000000000000000000e+00,-1.000000000000000000e+00,-1.000000000000000000e+00,3.000000000000000000e+00,0.000000000000000000e+00,-3.424072265625000000e-01,1.384887695312500000e-01,7.271118164062500000e-01,5.786132812500000000e-01
-5.000000000000000000e+00,-7.000000000000000000e+00,1.100000000000000000e+01,-1.000000000000000000e+00,-3.000000000000000000e+00,0.000000000000000000e+00,1.000000000000000000e+00,0.000000000000000000e+00,-3.424072265625000000e-01,1.384887695312500000e-01,7.271118164062500000e-01,5.786132812500000000e-01
-9.000000000000000000e+00,0.000000000000000000e+00,-1.000000000000000000e+00,-4.000000000000000000e+00,0.000000000000000000e+00,-2.000000000000000000e+00,-7.000000000000000000e+00,-5.000000000000000000e+00,-3.424072265625000000e-01,1.384887695312500000e-01,7.271118164062500000e-01,5.786132812500000000e-01
4.000000000000000000e+00,3.000000000000000000e+00,4.000000000000000000e+00,3.000000000000000000e+00,-1.000000000000000000e+00,0.000000000000000000e+00,0.000000000000000000e+00,2.000000000000000000e+00,-3.427124023437500000e-01,1.372070312500000000e-01,7.272949218750000000e-01,5.785522460937500000e-01
-6.000000000000000000e+00,-4.000000000000000000e+00,-5.000000000000000000e+00,-4.000000000000000000e+00,-7.000000000000000000e+00,-6.000000000000000000e+00,-2.000000000000000000e+00,0.000000000000000000e+00,-3.427124023437500000e-01,1.372070312500000000e-01,7.272949218750000000e-01,5.785522460937500000e-01
2.000000000000000000e+00,2.000000000000000000e+00,3.000000000000000000e+00,0.000000000000000000e+00,1.000000000000000000e+00,0.000000000000000000e+00,1.000000000000000000e+00,1.000000000000000000e+00,-3.427124023437500000e-01,1.372070312500000000e-01,7.272949218750000000e-01,5.785522460937500000e-01
2.000000000000000000e+00,1.000000000000000000e+00,4.000000000000000000e+00,-2.000000000000000000e+00,0.000000000000000000e+00,0.000000000000000000e+00,1.000000000000000000e+00,0.000000000000000000e+00,-3.427124023437500000e-01,1.372070312500000000e-01,7.272949218750000000e-01,5.785522460937500000e-01
2.000000000000000000e+00,0.000000000000000000e+00,0.000000000000000000e+00,0.000000000000000000e+00,2.000000000000000000e+00,1.000000000000000000e+00,-2.000000000000000000e+00,0.000000000000000000e+00,-3.427124023437500000e-01,1.356201171875000000e-01,7.276000976562500000e-01,5.784912109375000000e-01
-5.000000000000000000e+00,-2.000000000000000000e+00,-7.000000000000000000e+00,0.000000000000000000e+00,-1.000000000000000000e+00,-2.000000000000000000e+00,-1.000000000000000000e+00,-1.000000000000000000e+00,-3.427124023437500000e-01,1.356201171875000000e-01,7.276000976562500000e-01,5.784912109375000000e-01
-4.500000000000000000e+01,-1.000000000000000000e+01,5.000000000000000000e+00,-2.000000000000000000e+00,-3.000000000000000000e+00,-2.000000000000000000e+00,-2.000000000000000000e+00,-1.000000000000000000e+01,-3.427124023437500000e-01,1.356201171875000000e-01,7.276000976562500000e-01,5.784912109375000000e-01
3.600000000000000000e+01,2.000000000000000000e+00,-1.600000000000000000e+01,0.000000000000000000e+00,2.000000000000000000e+00,4.000000000000000000e+00,4.000000000000000000e+00,6.000000000000000000e+00,-3.427124023437500000e-01,1.356201171875000000e-01,7.276000976562500000e-01,5.784912109375000000e-01
1.000000000000000000e+01,0.000000000000000000e+00,3.500000000000000000e+01,-6.000000000000000000e+00,-6.000000000000000000e+00,-3.000000000000000000e+00,0.000000000000000000e+00,-1.000000000000000000e+00,-3.421020507812500000e-01,1.333007812500000000e-01,7.279052734375000000e-01,5.789794921875000000e-01
-7.000000000000000000e+00,-6.000000000000000000e+00,-2.000000000000000000e+01,2.000000000000000000e+00,1.000000000000000000e+00,5.000000000000000000e+00,1.000000000000000000e+00,-1.000000000000000000e+00,-3.421020507812500000e-01,1.333007812500000000e-01,7.279052734375000000e-01,5.789794921875000000e-01
3.000000000000000000e+00,-9.000000000000000000e+00,8.000000000000000000e+00,-7.000000000000000000e+00,0.000000000000000000e+00,-1.000000000000000000e+00,-1.000000000000000000e+00,1.000000000000000000e+00,-3.421020507812500000e-01,1.333007812500000000e-01,7.279052734375000000e-01,5.789794921875000000e-01
-3.200000000000000000e+01,-6.000000000000000000e+00,-3.000000000000000000e+00,-4.000000000000000000e+00,-3.000000000000000000e+00,2.000000000000000000e+00,-3.000000000000000000e+00,-9.000000000000000000e+00,-3.421020507812500000e-01,1.333007812500000000e-01,7.279052734375000000e-01,5.789794921875000000e-01
-4.000000000000000000e+00,9.000000000000000000e+00,6.000000000000000000e+00,-2.000000000000000000e+00,0.000000000000000000e+00,-4.000000000000000000e+00,-2.000000000000000000e+00,-1.000000000000000000e+00,-3.417358398437500000e-01,1.299438476562500000e-01,7.278442382812500000e-01,5.800781250000000000e-01
1.500000000000000000e+01,1.000000000000000000e+01,1.100000000000000000e+01,-1.000000000000000000e+00,-1.000000000000000000e+00,-2.000000000000000000e+00,1.000000000000000000e+00,4.000000000000000000e+00,-3.417358398437500000e-01,1.299438476562500000e-01,7.278442382812500000e-01,5.800781250000000000e-01
-1.000000000000000000e+00,-1.000000000000000000e+00,-5.000000000000000000e+00,9.000000000000000000e+00,1.000000000000000000e+00,2.000000000000000000e+00,0.000000000000000000e+00,-4.000000000000000000e+00,-3.417358398437500000e-01,1.299438476562500000e-01,7.278442382812500000e-01,5.800781250000000000e-01
-4.000000000000000000e+00,2.000000000000000000e+00,-4.000000000000000000e+00,-3.000000000000000000e+00,-2.000000000000000000e+00,-4.000000000000000000e+00,-2.000000000000000000e+00,-1.000000000000000000e+00,-3.417358398437500000e-01,1.299438476562500000e-01,7.278442382812500000e-01,5.800781250000000000e-01
2.000000000000000000e+00,-8.000000000000000000e+00,-7.000000000000000000e+00,2.000000000000000000e+00,2.000000000000000000e+00,2.000000000000000000e+00,2.000000000000000000e+00,-1.000000000000000000e+00,-3.411865234375000000e-01,1.263427734375000000e-01,7.280273437500000000e-01,5.809936523437500000e-01
-3.000000000000000000e+00,-4.000000000000000000e+00,0.000000000000000000e+00,-2.000000000000000000e+00,-1.000000000000000000e+00,1.000000000000000000e+00,0.000000000000000000e+00,0.000000000000000000e+00,-3.411865234375000000e-01,1.263427734375000000e-01,7.280273437500000000e-01,5.809936523437500000e-01
7.000000000000000000e+00,0.000000000000000000e+00,-6.000000000000000000e+00,1.000000000000000000e+00,0.000000000000000000e+00,-2.000000000000000000e+00,-1.000000000000000000e+00,0.000000000000000000e+00,-3.411865234375000000e-01,1.263427734375000000e-01,7.280273437500000000e-01,5.809936523437500000e-01
-5.000000000000000000e+00,-1.000000000000000000e+00,1.000000000000000000e+00,3.000000000000000000e+00,-3.000000000000000000e+00,-1.000000000000000000e+00,-2.000000000000000000e+00,-3.000000000000000000e+00,-3.411865234375000000e-01,1.263427734375000000e-01,7.280273437500000000e-01,5.809936523437500000e-01
-2.000000000000000000e+00,4.000000000000000000e+00,-5.000000000000000000e+00,3.000000000000000000e+00,2.000000000000000000e+00,1.000000000000000000e+00,-3.000000000000000000e+00,-2.000000000000000000e+00,-3.392333984375000000e-01,1.234130859375000000e-01,7.284545898437500000e-01,5.822143554687500000e-01
-6.000000000000000000e+00,-5.000000000000000000e+00,-2.000000000000000000e+00,-2.000000000000000000e+00,1.000000000000000000e+00,-2.000000000000000000e+00,-1.000000000000000000e+00,-2.000000000000000000e+00,-3.392333984375000000e-01,1.234130859375000000e-01,7.284545898437500000e-01,5.822143554687500000e-01
5.000000000000000000e+00,0.000000000000000000e+00,5.000000000000000000e+00,-1.000000000000000000e+00,-1.000000000000000000e+00,-2.000000000000000000e+00,0.000000000000000000e+00,1.000000000000000000e+00,-3.392333984375000000e-01,1.234130859375000000e-01,7.284545898437500000e-01,5.822143554687500000e-01
1.000000000000000000e+00,-6.000000000000000000e+00,-1.000000000000000000e+00,-1.000000000000000000e+00,1.000000000000000000e+00,0.000000000000000000e+00,-2.000000000000000000e+00,1.000000000000000000e+00,-3.392333984375000000e-01,1.234130859375000000e-01,7.284545898437500000e-01,5.822143554687500000e-01
-9.000000000000000000e+00,-9.000000000000000000e+00,-4.000000000000000000e+00,-1.000000000000000000e+00,0.000000000000000000e+00,0.000000000000000000e+00,-2.000000000000000000e+00,-1.000000000000000000e+00,-3.381347656250000000e-01,1.190185546875000000e-01,7.286987304687500000e-01,5.834960937500000000e-01
-1.000000000000000000e+00,-1.600000000000000000e+01,-3.000000000000000000e+00,-3.000000000000000000e+00,1.000000000000000000e+00,-3.000000000000000000e+00,-4.000000000000000000e+00,0.000000000000000000e+00,-3.381347656250000000e-01,1.190185546875000000e-01,7.286987304687500000e-01,5.834960937500000000e-01
1.800000000000000000e+01,3.000000000000000000e+01,0.000000000000000000e+00,5.000000000000000000e+00,2.000000000000000000e+00,1.000000000000000000e+00,2.000000000000000000e+00,1.000000000000000000e+00,-3.381347656250000000e-01,1.190185546875000000e-01,7.286987304687500000e-01,5.834960937500000000e-01
-1.300000000000000000e+01,-1.300000000000000000e+01,-3.000000000000000000e+00,-6.000000000000000000e+00,-3.000000000000000000e+00,-8.000000000000000000e+00,-5.000000000000000000e+00,-6.000000000000000000e+00,-3.381347656250000000e-01,1.190185546875000000e-01,7.286987304687500000e-01,5.834960937500000000e-01
0.000000000000000000e+00,1.000000000000000000e+00,-9.000000000000000000e+00,2.000000000000000000e+00,-1.000000000000000000e+00,-2.000000000000000000e+00,0.000000000000000000e+00,1.000000000000000000e+00,-3.377685546875000000e-01,1.130371093750000000e-01,7.284545898437500000e-01,5.851440429687500000e-01
2.000000000000000000e+00,-3.000000000000000000e+00,4.000000000000000000e+00,-3.000000000000000000e+00,-1.000000000000000000e+00,0.000000000000000000e+00,-1.000000000000000000e+00,1.000000000000000000e+00,-3.377685546875000000e-01,1.130371093750000000e-01,7.284545898437500000e-01,5.851440429687500000e-01
-2.000000000000000000e+00,-1.200000000000000000e+01,-1.000000000000000000e+00,-2.000000000000000000e+00,3.000000000000000000e+00,-1.000000000000000000e+00,-1.100000000000000000e+01,0.000000000000000000e+00,-3.377685546875000000e-01,1.130371093750000000e-01,7.284545898437500000e-01,5.851440429687500000e-01
-1.900000000000000000e+01,1.000000000000000000e+00,1.000000000000000000e+00,1.000000000000000000e+00,-7.000000000000000000e+00,0.000000000000000000e+00,6.000000000000000000e+00,-6.000000000000000000e+00,-3.377685546875000000e-01,1.130371093750000000e-01,7.284545898437500000e-01,5.851440429687500000e-01
1.200000000000000000e+01,8.000000000000000000e+00,-1.000000000000000000e+00,1.000000000000000000e+00,1.000000000000000000e+00,0.000000000000000000e+00,5.000000000000000000e+00,-1.000000000000000000e+00,-3.367919921875000000e-01,1.057128906250000000e-01,7.278442382812500000e-01,5.878906250000000000e-01
-4.000000000000000000e+00,-6.000000000000000000e+00,-3.000000000000000000e+00,0.000000000000000000e+00,-1.000000000000000000e+00,-4.000000000000000000e+00,-5.000000000000000000e+00,1.000000000000000000e+00,-3.367919921875000000e-01,1.057128906250000000e-01,7.278442382812500000e-01,5.878906250000000000e-01
