4.000000000000000000e+00,-5.000000000000000000e+00,2.000000000000000000e+00,1.000000000000000000e+00,4.000000000000000000e+00,1.100000000000000000e+01,9.000000000000000000e+00,3.000000000000000000e+00,-3.203125000000000000e-01,2.835083007812500000e-01,6.600952148437500000e-01,6.174316406250000000e-01
2.000000000000000000e+00,3.000000000000000000e+00,-1.000000000000000000e+00,-1.000000000000000000e+00,-1.000000000000000000e+00,3.000000000000000000e+00,5.000000000000000000e+00,4.000000000000000000e+00,-3.203125000000000000e-01,2.835083007812500000e-01,6.600952148437500000e-01,6.174316406250000000e-01
-6.000000000000000000e+00,2.000000000000000000e+00,-2.900000000000000000e+01,-1.400000000000000000e+01,-4.000000000000000000e+00,-2.000000000000000000e+00,3.000000000000000000e+00,-5.000000000000000000e+00,-3.203125000000000000e-01,2.835083007812500000e-01,6.600952148437500000e-01,6.174316406250000000e-01
-1.000000000000000000e+00,-4.000000000000000000e+00,9.000000000000000000e+00,-2.000000000000000000e+00,-2.000000000000000000e+00,-2.000000000000000000e+00,-5.000000000000000000e+00,-3.000000000000000000e+00,-3.203125000000000000e-01,2.835083007812500000e-01,6.600952148437500000e-01,6.174316406250000000e-01
-2.000000000000000000e+00,-5.000000000000000000e+00,9.000000000000000000e+00,4.000000000000000000e+00,0.000000000000000000e+00,-3.000000000000000000e+00,-6.000000000000000000e+00,-4.000000000000000000e+00,-3.220825195312500000e-01,2.828369140625000000e-01,6.610107421875000000e-01,6.158447265625000000e-01
-2.000000000000000000e+00,6.000000000000000000e+00,9.000000000000000000e+00,2.800000000000000000e+01,7.000000000000000000e+00,-3.000000000000000000e+00,9.000000000000000000e+00,9.000000000000000000e+00,-3.220825195312500000e-01,2.828369140625000000e-01,6.610107421875000000e-01,6.158447265625000000e-01
-1.000000000000000000e+00,-1.000000000000000000e+00,-2.200000000000000000e+01,-2.400000000000000000e+01,-5.000000000000000000e+00,4.000000000000000000e+00,8.000000000000000000e+00,-1.000000000000000000e+00,-3.220825195312500000e-01,2.828369140625000000e-01,6.610107421875000000e-01,6.158447265625000000e-01
-1.000000000000000000e+00,-2.100000000000000000e+01,6.000000000000000000e+00,6.000000000000000000e+00,0.000000000000000000e+00,-1.600000000000000000e+01,-1.400000000000000000e+01,-4.000000000000000000e+00,-3.220825195312500000e-01,2.828369140625000000e-01,6.610107421875000000e-01,6.158447265625000000e-01
-5.000000000000000000e+00,4.900000000000000000e+01,-8.000000000000000000e+00,-3.000000000000000000e+00,2.000000000000000000e+00,8.000000000000000000e+00,0.000000000000000000e+00,-3.000000000000000000e+00,-3.226318359375000000e-01,2.821655273437500000e-01,6.621093750000000000e-01,6.146850585937500000e-01
1.100000000000000000e+01,-9.000000000000000000e+00,2.200000000000000000e+01,2.000000000000000000e+00,2.000000000000000000e+00,2.000000000000000000e+01,2.900000000000000000e+01,5.000000000000000000e+00,-3.226318359375000000e-01,2.821655273437500000e-01,6.621093750000000000e-01,6.146850585937500000e-01
-2.000000000000000000e+00,4.000000000000000000e+00,-1.000000000000000000e+00,6.000000000000000000e+00,1.000000000000000000e+00,0.000000000000000000e+00,0.000000000000000000e+00,6.000000000000000000e+00,-3.226318359375000000e-01,2.821655273437500000e-01,6.621093750000000000e-01,6.146850585937500000e-01
-5.000000000000000000e+00,-8.000000000000000000e+00,-1.200000000000000000e+01,-4.000000000000000000e+00,-5.000000000000000000e+00,-1.300000000000000000e+01,1.900000000000000000e+01,1.000000000000000000e+00,-3.226318359375000000e-01,2.821655273437500000e-01,6.621093750000000000e-01,6.146850585937500000e-01
1.000000000000000000e+01,-2.000000000000000000e+00,0.000000000000000000e+00,-7.000000000000000000e+00,-3.000000000000000000e+00,1.000000000000000000e+00,-7.000000000000000000e+00,-7.000000000000000000e+00,-3.222656250000000000e-01,2.811279296875000000e-01,6.632080078125000000e-01,6.141967773437500000e-01
-6.000000000000000000e+00,2.000000000000000000e+00,-6.000000000000000000e+00,1.000000000000000000e+00,-3.000000000000000000e+00,0.000000000000000000e+00,0.000000000000000000e+00,-1.000000000000000000e+00,-3.222656250000000000e-01,2.811279296875000000e-01,6.632080078125000000e-01,6.141967773437500000e-01
8.000000000000000000e+00,4.000000000000000000e+00,2.000000000000000000e+00,-3.000000000000000000e+00,-2.000000000000000000e+00,2.000000000000000000e+00,-2.000000000000000000e+00,-2.000000000000000000e+00,-3.222656250000000000e-01,2.811279296875000000e-01,6.632080078125000000e-01,6.141967773437500000e-01
-7.000000000000000000e+00,-1.200000000000000000e+01,-3.000000000000000000e+00,-5.000000000000000000e+00,-2.000000000000000000e+00,-1.000000000000000000e+00,5.000000000000000000e+00,-2.000000000000000000e+00,-3.222656250000000000e-01,2.811279296875000000e-01,6.632080078125000000e-01,6.141967773437500000e-01
-2.000000000000000000e+00,7.000000000000000000e+00,-1.000000000000000000e+01,1.000000000000000000e+00,4.000000000000000000e+00,1.000000000000000000e+00,-2.000000000000000000e+00,0.000000000000000000e+00,-3.209838867187500000e-01,2.797241210937500000e-01,6.644287109375000000e-01,6.141357421875000000e-01
-3.000000000000000000e+00,-1.000000000000000000e+00,-6.000000000000000000e+00,-1.700000000000000000e+01,-5.000000000000000000e+00,2.000000000000000000e+00,-4.000000000000000000e+00,2.000000000000000000e+00,-3.209838867187500000e-01,2.797241210937500000e-01,6.644287109375000000e-01,6.141357421875000000e-01
2.000000000000000000e+00,0.000000000000000000e+00,1.000000000000000000e+01,1.700000000000000000e+01,2.000000000000000000e+00,-4.000000000000000000e+00,3.000000000000000000e+00,-3.000000000000000000e+00,-3.209838867187500000e-01,2.797241210937500000e-01,6.644287109375000000e-01,6.141357421875000000e-01
-2.000000000000000000e+00,2.000000000000000000e+01,6.000000000000000000e+00,-2.000000000000000000e+00,-2.000000000000000000e+00,-1.000000000000000000e+00,-1.100000000000000000e+01,-3.000000000000000000e+00,-3.209838867187500000e-01,2.797241210937500000e-01,6.644287109375000000e-01,6.141357421875000000e-01
-6.000000000000000000e+00,-2.100000000000000000e+01,7.000000000000000000e+00,2.000000000000000000e+00,-2.000000000000000000e+00,-3.000000000000000000e+00,-2.000000000000000000e+00,0.000000000000000000e+00,-3.200683593750000000e-01,2.778930664062500000e-01,6.659545898437500000e-01,6.137695312500000000e-01
1.000000000000000000e+00,-4.000000000000000000e+00,-2.700000000000000000e+01,-1.200000000000000000e+01,-3.000000000000000000e+00,-3.000000000000000000e+00,-1.100000000000000000e+01,-4.000000000000000000e+00,-3.200683593750000000e-01,2.778930664062500000e-01,6.659545898437500000e-01,6.137695312500000000e-01
-7.000000000000000000e+00,-9.000000000000000000e+00,-7.000000000000000000e+00,-3.000000000000000000e+00,-4.000000000000000000e+00,-4.000000000000000000e+00,-1.000000000000000000e+00,1.000000000000000000e+00,-3.200683593750000000e-01,2.778930664062500000e-01,6.659545898437500000e-01,6.137695312500000000e-01
5.000000000000000000e+00,-1.000000000000000000e+00,1.100000000000000000e+01,3.000000000000000000e+00,5.000000000000000000e+00,6.000000000000000000e+00,-2.000000000000000000e+00,-3.000000000000000000e+00,-3.200683593750000000e-01,2.778930664062500000e-01,6.659545898437500000e-01,6.137695312500000000e-01
-5.000000000000000000e+00,-9.000000000000000000e+00,-1.100000000000000000e+01,7.000000000000000000e+00,0.000000000000000000e+00,-2.000000000000000000e+00,-7.000000000000000000e+00,-1.000000000000000000e+00,-3.195800781250000000e-01,2.774658203125000000e-01,6.669311523437500000e-01,6.132202148437500000e-01
0.000000000000000000e+00,-6.000000000000000000e+00,3.000000000000000000e+00,-6.000000000000000000e+00,-2.000000000000000000e+00,-5.000000000000000000e+00,3.000000000000000000e+00,-4.000000000000000000e+00,-3.195800781250000000e-01,2.774658203125000000e-01,6.669311523437500000e-01,6.132202148437500000e-01
3.000000000000000000e+00,6.000000000000000000e+00,1.200000000000000000e+01,5.000000000000000000e+00,2.000000000000000000e+00,0.000000000000000000e+00,-2.000000000000000000e+00,1.000000000000000000e+00,-3.195800781250000000e-01,2.774658203125000000e-01,6.669311523437500000e-01,6.132202148437500000e-01
-3.000000000000000000e+00,-3.000000000000000000e+00,-1.900000000000000000e+01,-1.000000000000000000e+01,-3.000000000000000000e+00,7.000000000000000000e+00,1.000000000000000000e+00,-2.000000000000000000e+00,-3.195800781250000000e-01,2.774658203125000000e-01,6.669311523437500000e-01,6.132202148437500000e-01
1.000000000000000000e+00,5.000000000000000000e+00,1.500000000000000000e+01,1.000000000000000000e+00,-2.000000000000000000e+00,-4.000000000000000000e+00,-1.000000000000000000e+00,1.000000000000000000e+00,-3.186645507812500000e-01,2.774047851562500000e-01,6.677856445312500000e-01,6.127319335937500000e-01
-3.000000000000000000e+00,-2.000000000000000000e+00,-8.000000000000000000e+00,2.000000000000000000e+00,2.000000000000000000e+00,-9.000000000000000000e+00,-1.100000000000000000e+01,-5.000000000000000000e+00,-3.186645507812500000e-01,2.774047851562500000e-01,6.677856445312500000e-01,6.127319335937500000e-01
-3.000000000000000000e+00,-1.100000000000000000e+01,-2.000000000000000000e+00,-1.200000000000000000e+01,-7.000000000000000000e+00,2.000000000000000000e+00,1.100000000000000000e+01,0.000000000000000000e+00,-3.186645507812500000e-01,2.774047851562500000e-01,6.677856445312500000e-01,6.127319335937500000e-01
4.000000000000000000e+00,1.500000000000000000e+01,-1.000000000000000000e+00,2.200000000000000000e+01,3.000000000000000000e+00,-2.000000000000000000e+00,-1.500000000000000000e+01,0.000000000000000000e+00,-3.186645507812500000e-01,2.774047851562500000e-01,6.677856445312500000e-01,6.127319335937500000e-01
1.000000000000000000e+00,-5.000000000000000000e+00,3.000000000000000000e+00,-1.100000000000000000e+01,-4.000000000000000000e+00,-1.500000000000000000e+01,-2.100000000000000000e+01,0.000000000000000000e+00,-3.182983398437500000e-01,2.761230468750000000e-01,6.688232421875000000e-01,6.123657226562500000e-01
0.000000000000000000e+00,0.000000000000000000e+00,-1.000000000000000000e+01,1.300000000000000000e+01,2.000000000000000000e+00,3.000000000000000000e+00,2.000000000000000000e+01,-4.000000000000000000e+00,-3.182983398437500000e-01,2.761230468750000000e-01,6.688232421875000000e-01,6.123657226562500000e-01
2.000000000000000000e+00,0.000000000000000000e+00,5.000000000000000000e+00,-1.000000000000000000e+01,-1.000000000000000000e+00,6.000000000000000000e+00,2.000000000000000000e+00,2.000000000000000000e+00,-3.182983398437500000e-01,2.761230468750000000e-01,6.688232421875000000e-01,6.123657226562500000e-01
-1.500000000000000000e+01,-1.300000000000000000e+01,7.000000000000000000e+00,-8.000000000000000000e+00,-5.000000000000000000e+00,3.000000000000000000e+00,-2.000000000000000000e+00,-1.000000000000000000e+01,-3.182983398437500000e-01,2.761230468750000000e-01,6.688232421875000000e-01,6.123657226562500000e-01
8.000000000000000000e+00,2.000000000000000000e+00,-5.000000000000000000e+00,-7.000000000000000000e+00,-1.200000000000000000e+01,-1.300000000000000000e+01,1.000000000000000000e+00,6.000000000000000000e+00,-3.186035156250000000e-01,2.746582031250000000e-01,6.695556640625000000e-01,6.121215820312500000e-01
-4.000000000000000000e+00,-1.200000000000000000e+01,-3.000000000000000000e+00,-4.000000000000000000e+00,-3.000000000000000000e+00,-1.000000000000000000e+01,-6.000000000000000000e+00,-4.000000000000000000e+00,-3.186035156250000000e-01,2.746582031250000000e-01,6.695556640625000000e-01,6.121215820312500000e-01
4.000000000000000000e+00,5.000000000000000000e+01,2.800000000000000000e+01,8.000000000000000000e+00,0.000000000000000000e+00,-4.000000000000000000e+00,-5.000000000000000000e+00,-1.000000000000000000e+00,-3.186035156250000000e-01,2.746582031250000000e-01,6.695556640625000000e-01,6.121215820312500000e-01
4.000000000000000000e+00,-6.000000000000000000e+00,-1.300000000000000000e+01,-5.000000000000000000e+00,-1.000000000000000000e+00,0.000000000000000000e+00,-2.000000000000000000e+00,-1.000000000000000000e+00,-3.186035156250000000e-01,2.746582031250000000e-01,6.695556640625000000e-01,6.121215820312500000e-01
-6.000000000000000000e+00,-1.800000000000000000e+01,-1.200000000000000000e+01,0.000000000000000000e+00,1.000000000000000000e+00,1.000000000000000000e+00,1.000000000000000000e+00,-5.000000000000000000e+00,-3.185424804687500000e-01,2.746582031250000000e-01,6.692504882812500000e-01,6.124267578125000000e-01
-6.000000000000000000e+00,0.000000000000000000e+00,1.600000000000000000e+01,1.000000000000000000e+00,2.000000000000000000e+00,6.000000000000000000e+00,-4.000000000000000000e+00,2.000000000000000000e+00,-3.185424804687500000e-01,2.746582031250000000e-01,6.692504882812500000e-01,6.124267578125000000e-01
6.000000000000000000e+00,-1.200000000000000000e+01,-1.200000000000000000e+01,-2.000000000000000000e+00,-2.000000000000000000e+00,-7.000000000000000000e+00,-7.000000000000000000e+00,-2.000000000000000000e+00,-3.185424804687500000e-01,2.746582031250000000e-01,6.692504882812500000e-01,6.124267578125000000e-01
-3.000000000000000000e+00,-1.000000000000000000e+00,1.500000000000000000e+01,-4.000000000000000000e+00,2.000000000000000000e+00,4.000000000000000000e+00,2.000000000000000000e+00,1.100000000000000000e+01,-3.185424804687500000e-01,2.746582031250000000e-01,6.692504882812500000e-01,6.124267578125000000e-01
2.000000000000000000e+00,-1.000000000000000000e+00,1.000000000000000000e+00,1.200000000000000000e+01,4.000000000000000000e+00,5.000000000000000000e+00,1.200000000000000000e+01,-1.000000000000000000e+00,-3.176269531250000000e-01,2.764892578125000000e-01,6.680908203125000000e-01,6.134033203125000000e-01
-1.300000000000000000e+01,6.000000000000000000e+00,8.000000000000000000e+00,-4.000000000000000000e+00,0.000000000000000000e+00,-5.000000000000000000e+00,-9.000000000000000000e+00,-1.000000000000000000e+00,-3.176269531250000000e-01,2.764892578125000000e-01,6.680908203125000000e-01,6.134033203125000000e-01
-8.000000000000000000e+00,-1.500000000000000000e+01,-1.000000000000000000e+01,4.000000000000000000e+00,-1.000000000000000000e+00,5.000000000000000000e+00,5.000000000000000000e+00,-4.000000000000000000e+00,-3.176269531250000000e-01,2.764892578125000000e-01,6.680908203125000000e-01,6.134033203125000000e-01
1.000000000000000000e+00,1.100000000000000000e+01,-1.700000000000000000e+01,-5.000000000000000000e+00,-6.000000000000000000e+00,-1.200000000000000000e+01,-1.400000000000000000e+01,-1.000000000000000000e+00,-3.176269531250000000e-01,2.764892578125000000e-01,6.680908203125000000e-01,6.134033203125000000e-01
-4.000000000000000000e+00,-1.300000000000000000e+01,-7.000000000000000000e+00,-8.000000000000000000e+00,-1.000000000000000000e+00,7.000000000000000000e+00,5.000000000000000000e+00,2.000000000000000000e+00,-3.162841796875000000e-01,2.794799804687500000e-01,6.668090820312500000e-01,6.141357421875000000e-01
6.000000000000000000e+00,6.000000000000000000e+00,4.000000000000000000e+00,3.000000000000000000e+00,-1.000000000000000000e+00,1.000000000000000000e+01,9.000000000000000000e+00,0.000000000000000000e+00,-3.162841796875000000e-01,2.794799804687500000e-01,6.668090820312500000e-01,6.141357421875000000e-01
0.000000000000000000e+00,0.000000000000000000e+00,3.000000000000000000e+00,2.000000000000000000e+00,-1.000000000000000000e+00,-1.200000000000000000e+01,-8.000000000000000000e+00,0.000000000000000000e+00,-3.162841796875000000e-01,2.794799804687500000e-01,6.668090820312500000e-01,6.141357421875000000e-01
-1.000000000000000000e+00,-6.000000000000000000e+00,9.000000000000000000e+00,3.000000000000000000e+00,0.000000000000000000e+00,3.000000000000000000e+00,1.800000000000000000e+01,-2.000000000000000000e+00,-3.162841796875000000e-01,2.794799804687500000e-01,6.668090820312500000e-01,6.141357421875000000e-01
-1.000000000000000000e+00,1.200000000000000000e+01,1.500000000000000000e+01,1.700000000000000000e+01,2.000000000000000000e+00,-7.000000000000000000e+00,-1.400000000000000000e+01,-4.000000000000000000e+00,-3.157348632812500000e-01,2.816772460937500000e-01,6.659545898437500000e-01,6.143798828125000000e-01
1.000000000000000000e+00,-2.000000000000000000e+00,-1.100000000000000000e+01,-9.000000000000000000e+00,-1.000000000000000000e+00,3.000000000000000000e+00,1.000000000000000000e+00,-3.000000000000000000e+00,-3.157348632812500000e-01,2.816772460937500000e-01,6.659545898437500000e-01,6.143798828125000000e-01
-2.000000000000000000e+00,-2.000000000000000000e+00,6.000000000000000000e+00,1.000000000000000000e+00,1.000000000000000000e+00,-1.100000000000000000e+01,-9.000000000000000000e+00,1.000000000000000000e+00,-3.157348632812500000e-01,2.816772460937500000e-01,6.659545898437500000e-01,6.143798828125000000e-01
5.000000000000000000e+00,-4.000000000000000000e+00,-1.300000000000000000e+01,-1.100000000000000000e+01,1.000000000000000000e+00,2.200000000000000000e+01,2.800000000000000000e+01,5.000000000000000000e+00,-3.157348632812500000e-01,2.816772460937500000e-01,6.659545898437500000e-01,6.143798828125000000e-01
-2.000000000000000000e+00,2.000000000000000000e+00,9.000000000000000000e+00,2.000000000000000000e+00,-1.000000000000000000e+00,0.000000000000000000e+00,0.000000000000000000e+00,-2.000000000000000000e+00,-3.157958984375000000e-01,2.826538085937500000e-01,6.654663085937500000e-01,6.143188476562500000e-01
0.000000000000000000e+00,6.000000000000000000e+00,5.000000000000000000e+00,6.000000000000000000e+00,2.000000000000000000e+00,-6.000000000000000000e+00,-1.100000000000000000e+01,0.000000000000000000e+00,-3.157958984375000000e-01,2.826538085937500000e-01,6.654663085937500000e-01,6.143188476562500000e-01
-7.000000000000000000e+00,-1.000000000000000000e+00,-1.500000000000000000e+01,-6.000000000000000000e+00,-3.000000000000000000e+00,-5.000000000000000000e+00,4.000000000000000000e+00,-3.000000000000000000e+00,-3.157958984375000000e-01,2.826538085937500000e-01,6.654663085937500000e-01,6.143188476562500000e-01
7.000000000000000000e+00,1.000000000000000000e+01,2.500000000000000000e+01,1.300000000000000000e+01,3.000000000000000000e+00,3.000000000000000000e+00,-3.000000000000000000e+00,4.000000000000000000e+00,-3.157958984375000000e-01,2.826538085937500000e-01,6.654663085937500000e-01,6.143188476562500000e-01
-2.000000000000000000e+00,-2.000000000000000000e+01,-1.500000000000000000e+01,-1.400000000000000000e+01,-6.000000000000000000e+00,-8.000000000000000000e+00,0.000000000000000000e+00,-2.000000000000000000e+00,-3.160400390625000000e-01,2.822265625000000000e-01,6.650390625000000000e-01,6.148681640625000000e-01
2.000000000000000000e+00,9.000000000000000000e+00,-2.100000000000000000e+01,-1.600000000000000000e+01,-7.000000000000000000e+00,-6.000000000000000000e+00,-9.000000000000000000e+00,-3.000000000000000000e+00,-3.160400390625000000e-01,2.822265625000000000e-01,6.650390625000000000e-01,6.148681640625000000e-01
-8.000000000000000000e+00,-2.400000000000000000e+01,2.600000000000000000e+01,9.000000000000000000e+00,2.000000000000000000e+00,3.000000000000000000e+00,-4.000000000000000000e+00,-2.000000000000000000e+00,-3.160400390625000000e-01,2.822265625000000000e-01,6.650390625000000000e-01,6.148681640625000000e-01
8.000000000000000000e+00,8.000000000000000000e+00,3.000000000000000000e+00,5.000000000000000000e+00,-5.000000000000000000e+00,-7.000000000000000000e+00,1.300000000000000000e+01,-2.000000000000000000e+00,-3.160400390625000000e-01,2.822265625000000000e-01,6.650390625000000000e-01,6.148681640625000000e-01
-2.900000000000000000e+01,-3.000000000000000000e+00,0.000000000000000000e+00,-5.000000000000000000e+00,8.000000000000000000e+00,7.000000000000000000e+00,9.000000000000000000e+00,-5.000000000000000000e+00,-3.156127929687500000e-01,2.822265625000000000e-01,6.641235351562500000e-01,6.160888671875000000e-01
1.200000000000000000e+01,-1.100000000000000000e+01,-1.200000000000000000e+01,-7.000000000000000000e+00,-6.000000000000000000e+00,-1.000000000000000000e+01,-6.000000000000000000e+00,4.000000000000000000e+00,-3.156127929687500000e-01,2.822265625000000000e-01,6.641235351562500000e-01,6.160888671875000000e-01
-2.000000000000000000e+00,1.100000000000000000e+01,1.800000000000000000e+01,-1.000000000000000000e+00,0.000000000000000000e+00,6.000000000000000000e+00,-4.000000000000000000e+00,-1.000000000000000000e+00,-3.156127929687500000e-01,2.822265625000000000e-01,6.641235351562500000e-01,6.160888671875000000e-01
0.000000000000000000e+00,1.000000000000000000e+00,-1.000000000000000000e+01,2.000000000000000000e+00,0.000000000000000000e+00,-7.000000000000000000e+00,-5.000000000000000000e+00,-3.000000000000000000e+00,-3.156127929687500000e-01,2.822265625000000000e-01,6.641235351562500000e-01,6.160888671875000000e-01
-4.000000000000000000e+00,-2.200000000000000000e+01,-1.400000000000000000e+01,-3.000000000000000000e+00,1.000000000000000000e+00,3.000000000000000000e+00,-6.000000000000000000e+00,-3.000000000000000000e+00,-3.145751953125000000e-01,2.828369140625000000e-01,6.629028320312500000e-01,6.176757812500000000e-01
-5.000000000000000000e+00,4.000000000000000000e+00,4.000000000000000000e+00,-1.100000000000000000e+01,-5.000000000000000000e+00,0.000000000000000000e+00,-4.000000000000000000e+00,-4.000000000000000000e+00,-3.145751953125000000e-01,2.828369140625000000e-01,6.629028320312500000e-01,6.176757812500000000e-01
-1.000000000000000000e+00,-3.000000000000000000e+00,-8.000000000000000000e+00,1.000000000000000000e+00,3.000000000000000000e+00,7.000000000000000000e+00,0.000000000000000000e+00,1.000000000000000000e+00,-3.145751953125000000e-01,2.828369140625000000e-01,6.629028320312500000e-01,6.176757812500000000e-01
-1.000000000000000000e+00,-1.200000000000000000e+01,1.500000000000000000e+01,-7.000000000000000000e+00,3.000000000000000000e+00,8.000000000000000000e+00,1.000000000000000000e+00,6.000000000000000000e+00,-3.145751953125000000e-01,2.828369140625000000e-01,6.629028320312500000e-01,6.176757812500000000e-01
7.000000000000000000e+00,2.900000000000000000e+01,-2.400000000000000000e+01,-6.000000000000000000e+00,-3.000000000000000000e+00,-2.000000000000000000e+00,1.000000000000000000e+00,1.000000000000000000e+00,-3.131103515625000000e-01,2.836914062500000000e-01,6.620483398437500000e-01,6.188964843750000000e-01
-3.000000000000000000e+00,-3.000000000000000000e+00,2.000000000000000000e+01,6.000000000000000000e+00,2.000000000000000000e+00,-3.000000000000000000e+00,-1.000000000000000000e+01,-4.000000000000000000e+00,-3.131103515625000000e-01,2.836914062500000000e-01,6.620483398437500000e-01,6.188964843750000000e-01
2.000000000000000000e+00,-7.000000000000000000e+00,-3.000000000000000000e+00,-2.000000000000000000e+00,-7.000000000000000000e+00,-3.000000000000000000e+00,-1.000000000000000000e+00,0.000000000000000000e+00,-3.131103515625000000e-01,2.836914062500000000e-01,6.620483398437500000e-01,6.188964843750000000e-01
-7.000000000000000000e+00,-2.400000000000000000e+01,-2.600000000000000000e+01,-7.000000000000000000e+00,0.000000000000000000e+00,-2.000000000000000000e+00,-8.000000000000000000e+00,-5.000000000000000000e+00,-3.131103515625000000e-01,2.836914062500000000e-01,6.620483398437500000e-01,6.188964843750000000e-01
1.000000000000000000e+00,7.000000000000000000e+00,5.000000000000000000e+00,5.000000000000000000e+00,-2.000000000000000000e+00,-1.500000000000000000e+01,-1.400000000000000000e+01,-5.000000000000000000e+00,-3.125000000000000000e-01,2.831420898437500000e-01,6.621704101562500000e-01,6.193847656250000000e-01
5.000000000000000000e+00,4.000000000000000000e+00,-2.000000000000000000e+00,1.000000000000000000e+00,-2.000000000000000000e+00,7.000000000000000000e+00,1.000000000000000000e+01,4.000000000000000000e+00,-3.125000000000000000e-01,2.831420898437500000e-01,6.621704101562500000e-01,6.193847656250000000e-01
0.000000000000000000e+00,-5.000000000000000000e+00,-6.000000000000000000e+00,-8.000000000000000000e+00,2.000000000000000000e+00,1.300000000000000000e+01,1.500000000000000000e+01,4.000000000000000000e+00,-3.125000000000000000e-01,2.831420898437500000e-01,6.621704101562500000e-01,6.193847656250000000e-01
-6.000000000000000000e+00,5.000000000000000000e+00,-3.000000000000000000e+00,0.000000000000000000e+00,-2.000000000000000000e+00,-6.000000000000000000e+00,-9.000000000000000000e+00,-7.000000000000000000e+00,-3.125000000000000000e-01,2.831420898437500000e-01,6.621704101562500000e-01,6.193847656250000000e-01
2.000000000000000000e+00,-6.000000000000000000e+00,1.900000000000000000e+01,1.300000000000000000e+01,4.000000000000000000e+00,3.000000000000000000e+00,1.000000000000000000e+01,4.000000000000000000e+00,-3.119506835937500000e-01,2.819824218750000000e-01,6.624145507812500000e-01,6.198730468750000000e-01
1.000000000000000000e+00,-1.600000000000000000e+01,-1.000000000000000000e+01,-3.000000000000000000e+00,-2.000000000000000000e+00,-1.100000000000000000e+01,1.000000000000000000e+00,-2.000000000000000000e+00,-3.119506835937500000e-01,2.819824218750000000e-01,6.624145507812500000e-01,6.198730468750000000e-01
-2.000000000000000000e+00,2.600000000000000000e+01,-9.000000000000000000e+00,-4.000000000000000000e+00,-3.000000000000000000e+00,-5.000000000000000000e+00,-2.400000000000000000e+01,-6.000000000000000000e+00,-3.119506835937500000e-01,2.819824218750000000e-01,6.624145507812500000e-01,6.198730468750000000e-01
0.000000000000000000e+00,-3.000000000000000000e+00,1.000000000000000000e+00,-3.000000000000000000e+00,1.000000000000000000e+00,8.000000000000000000e+00,-5.000000000000000000e+00,-1.000000000000000000e+00,-3.119506835937500000e-01,2.819824218750000000e-01,6.624145507812500000e-01,6.198730468750000000e-01
1.000000000000000000e+00,-1.100000000000000000e+01,-1.200000000000000000e+01,-8.000000000000000000e+00,-6.000000000000000000e+00,1.100000000000000000e+01,1.100000000000000000e+01,-1.000000000000000000e+00,-3.107299804687500000e-01,2.817382812500000000e-01,6.624145507812500000e-01,6.206665039062500000e-01
4.000000000000000000e+00,1.900000000000000000e+01,1.300000000000000000e+01,9.000000000000000000e+00,6.000000000000000000e+00,1.000000000000000000e+00,-1.500000000000000000e+01,4.000000000000000000e+00,-3.107299804687500000e-01,2.817382812500000000e-01,6.624145507812500000e-01,6.206665039062500000e-01
-6.000000000000000000e+00,-2.300000000000000000e+01,-3.000000000000000000e+00,-1.000000000000000000e+00,-5.000000000000000000e+00,-5.000000000000000000e+00,1.000000000000000000e+00,-4.000000000000000000e+00,-3.107299804687500000e-01,2.817382812500000000e-01,6.624145507812500000e-01,6.206665039062500000e-01
-2.000000000000000000e+00,-4.000000000000000000e+00,0.000000000000000000e+00,1.000000000000000000e+00,-1.000000000000000000e+00,-6.000000000000000000e+00,0.000000000000000000e+00,-5.000000000000000000e+00,-3.107299804687500000e-01,2.817382812500000000e-01,6.624145507812500000e-01,6.206665039062500000e-01
5.000000000000000000e+00,-3.000000000000000000e+00,2.000000000000000000e+00,-8.000000000000000000e+00,-1.000000000000000000e+00,-1.000000000000000000e+00,-3.000000000000000000e+00,3.000000000000000000e+00,-3.087768554687500000e-01,2.825317382812500000e-01,6.619262695312500000e-01,6.217651367187500000e-01
3.000000000000000000e+00,-3.000000000000000000e+00,1.500000000000000000e+01,1.700000000000000000e+01,4.000000000000000000e+00,5.000000000000000000e+00,9.000000000000000000e+00,2.000000000000000000e+00,-3.087768554687500000e-01,2.825317382812500000e-01,6.619262695312500000e-01,6.217651367187500000e-01
-1.000000000000000000e+01,-8.000000000000000000e+00,-1.900000000000000000e+01,-3.000000000000000000e+01,-1.000000000000000000e+01,-8.000000000000000000e+00,-2.000000000000000000e+00,-4.000000000000000000e+00,-3.087768554687500000e-01,2.825317382812500000e-01,6.619262695312500000e-01,6.217651367187500000e-01
4.000000000000000000e+00,0.000000000000000000e+00,7.000000000000000000e+00,3.200000000000000000e+01,6.000000000000000000e+00,2.000000000000000000e+00,-4.000000000000000000e+00,-3.000000000000000000e+00,-3.087768554687500000e-01,2.825317382812500000e-01,6.619262695312500000e-01,6.217651367187500000e-01
-5.000000000000000000e+00,-6.000000000000000000e+00,1.400000000000000000e+01,-5.000000000000000000e+00,-5.000000000000000000e+00,1.000000000000000000e+00,-9.000000000000000000e+00,1.000000000000000000e+00,-3.068847656250000000e-01,2.841796875000000000e-01,6.614379882812500000e-01,6.224975585937500000e-01
5.000000000000000000e+00,2.000000000000000000e+00,-7.000000000000000000e+00,-1.400000000000000000e+01,-2.000000000000000000e+00,-4.000000000000000000e+00,1.400000000000000000e+01,3.000000000000000000e+00,-3.068847656250000000e-01,2.841796875000000000e-01,6.614379882812500000e-01,6.224975585937500000e-01
4.000000000000000000e+00,-1.000000000000000000e+00,1.200000000000000000e+01,1.400000000000000000e+01,5.000000000000000000e+00,3.000000000000000000e+00,5.000000000000000000e+00,5.000000000000000000e+00,-3.068847656250000000e-01,2.841796875000000000e-01,6.614379882812500000e-01,6.224975585937500000e-01
-7.000000000000000000e+00,1.000000000000000000e+00,-1.000000000000000000e+00,-1.000000000000000000e+01,-8.000000000000000000e+00,-1.000000000000000000e+01,-1.100000000000000000e+01,-3.000000000000000000e+00,-3.068847656250000000e-01,2.841796875000000000e-01,6.614379882812500000e-01,6.224975585937500000e-01
3.000000000000000000e+00,7.000000000000000000e+00,-8.000000000000000000e+00,2.000000000000000000e+00,-1.000000000000000000e+00,1.000000000000000000e+00,-6.000000000000000000e+00,-6.000000000000000000e+00,-3.057250976562500000e-01,2.853393554687500000e-01,6.611328125000000000e-01,6.228637695312500000e-01
-1.500000000000000000e+01,-6.000000000000000000e+00,4.000000000000000000e+00,2.000000000000000000e+00,-1.000000000000000000e+00,4.000000000000000000e+00,-1.000000000000000000e+00,-5.000000000000000000e+00,-3.057250976562500000e-01,2.853393554687500000e-01,6.611328125000000000e-01,6.228637695312500000e-01
1.000000000000000000e+00,1.100000000000000000e+01,-3.000000000000000000e+00,-4.000000000000000000e+00,-3.000000000000000000e+00,-1.200000000000000000e+01,-2.200000000000000000e+01,-4.000000000000000000e+00,-3.057250976562500000e-01,2.853393554687500000e-01,6.611328125000000000e-01,6.228637695312500000e-01
-3.000000000000000000e+00,-4.000000000000000000e+00,0.000000000000000000e+00,-4.000000000000000000e+00,-4.000000000000000000e+00,-1.200000000000000000e+01,-8.000000000000000000e+00,0.000000000000000000e+00,-3.057250976562500000e-01,2.853393554687500000e-01,6.611328125000000000e-01,6.228637695312500000e-01
-1.000000000000000000e+00,-2.000000000000000000e+00,8.000000000000000000e+00,-5.000000000000000000e+00,-2.000000000000000000e+00,7.000000000000000000e+00,-1.500000000000000000e+01,-1.000000000000000000e+00,-3.050537109375000000e-01,2.857055664062500000e-01,6.610107421875000000e-01,6.231689453125000000e-01
-2.000000000000000000e+00,-2.000000000000000000e+00,-4.000000000000000000e+00,-6.000000000000000000e+00,-2.000000000000000000e+00,-8.000000000000000000e+00,3.000000000000000000e+00,0.000000000000000000e+00,-3.050537109375000000e-01,2.857055664062500000e-01,6.610107421875000000e-01,6.231689453125000000e-01
2.000000000000000000e+00,-1.800000000000000000e+01,-5.000000000000000000e+00,2.000000000000000000e+00,2.000000000000000000e+00,-8.000000000000000000e+00,4.000000000000000000e+00,-4.000000000000000000e+00,-3.050537109375000000e-01,2.857055664062500000e-01,6.610107421875000000e-01,6.231689453125000000e-01
-1.000000000000000000e+00,1.700000000000000000e+01,-1.300000000000000000e+01,-5.000000000000000000e+00,-3.000000000000000000e+00,1.100000000000000000e+01,2.000000000000000000e+01,3.000000000000000000e+00,-3.050537109375000000e-01,2.857055664062500000e-01,6.610107421875000000e-01,6.231689453125000000e-01
3.000000000000000000e+00,2.000000000000000000e+00,2.000000000000000000e+00,-7.000000000000000000e+00,-2.000000000000000000e+00,0.000000000000000000e+00,-5.000000000000000000e+00,2.000000000000000000e+00,-3.046875000000000000e-01,2.855224609375000000e-01,6.610107421875000000e-01,6.233520507812500000e-01
-3.000000000000000000e+00,-9.000000000000000000e+00,2.000000000000000000e+00,9.000000000000000000e+00,-2.000000000000000000e+00,-7.000000000000000000e+00,-1.500000000000000000e+01,-7.000000000000000000e+00,-3.046875000000000000e-01,2.855224609375000000e-01,6.610107421875000000e-01,6.233520507812500000e-01
5.000000000000000000e+00,7.000000000000000000e+00,-8.000000000000000000e+00,0.000000000000000000e+00,0.000000000000000000e+00,1.000000000000000000e+01,1.700000000000000000e+01,9.000000000000000000e+00,-3.046875000000000000e-01,2.855224609375000000e-01,6.610107421875000000e-01,6.233520507812500000e-01
-4.000000000000000000e+00,-1.000000000000000000e+01,5.000000000000000000e+00,1.000000000000000000e+00,-3.000000000000000000e+00,-1.200000000000000000e+01,-1.100000000000000000e+01,-5.000000000000000000e+00,-3.046875000000000000e-01,2.855224609375000000e-01,6.610107421875000000e-01,6.233520507812500000e-01
-3.000000000000000000e+00,6.000000000000000000e+00,-2.000000000000000000e+00,-7.000000000000000000e+00,-2.000000000000000000e+00,-3.000000000000000000e+00,0.000000000000000000e+00,-6.000000000000000000e+00,-3.049316406250000000e-01,2.855834960937500000e-01,6.607055664062500000e-01,6.235961914062500000e-01
3.000000000000000000e+00,0.000000000000000000e+00,1.100000000000000000e+01,5.000000000000000000e+00,-2.000000000000000000e+00,3.000000000000000000e+00,1.000000000000000000e+00,7.000000000000000000e+00,-3.049316406250000000e-01,2.855834960937500000e-01,6.607055664062500000e-01,6.235961914062500000e-01
-5.000000000000000000e+00,-1.400000000000000000e+01,-2.300000000000000000e+01,-4.000000000000000000e+00,-1.000000000000000000e+00,-3.000000000000000000e+00,0.000000000000000000e+00,-5.000000000000000000e+00,-3.049316406250000000e-01,2.855834960937500000e-01,6.607055664062500000e-01,6.235961914062500000e-01
0.000000000000000000e+00,2.400000000000000000e+01,2.000000000000000000e+01,1.000000000000000000e+01,3.000000000000000000e+00,5.000000000000000000e+00,-2.000000000000000000e+00,1.000000000000000000e+00,-3.049316406250000000e-01,2.855834960937500000e-01,6.607055664062500000e-01,6.235961914062500000e-01
-6.000000000000000000e+00,-6.000000000000000000e+00,-7.000000000000000000e+00,2.000000000000000000e+00,0.000000000000000000e+00,-2.000000000000000000e+00,2.000000000000000000e+00,-6.000000000000000000e+00,-3.048706054687500000e-01,2.871093750000000000e-01,6.602172851562500000e-01,6.234130859375000000e-01
4.000000000000000000e+00,1.900000000000000000e+01,-2.000000000000000000e+00,-1.400000000000000000e+01,-4.000000000000000000e+00,-3.000000000000000000e+00,2.000000000000000000e+00,-4.000000000000000000e+00,-3.048706054687500000e-01,2.871093750000000000e-01,6.602172851562500000e-01,6.234130859375000000e-01
1.000000000000000000e+00,-4.000000000000000000e+00,1.600000000000000000e+01,1.900000000000000000e+01,6.000000000000000000e+00,4.000000000000000000e+00,-1.200000000000000000e+01,1.000000000000000000e+00,-3.048706054687500000e-01,2.871093750000000000e-01,6.602172851562500000e-01,6.234130859375000000e-01
-1.000000000000000000e+00,5.000000000000000000e+00,-4.000000000000000000e+00,-1.200000000000000000e+01,-1.000000000000000000e+00,2.000000000000000000e+00,2.000000000000000000e+00,-1.000000000000000000e+00,-3.048706054687500000e-01,2.871093750000000000e-01,6.602172851562500000e-01,6.234130859375000000e-01
-3.000000000000000000e+00,-1.900000000000000000e+01,2.000000000000000000e+00,4.000000000000000000e+00,-7.000000000000000000e+00,-1.100000000000000000e+01,4.000000000000000000e+00,-3.000000000000000000e+00,-3.052368164062500000e-01,2.888793945312500000e-01,6.594848632812500000e-01,6.231689453125000000e-01
4.000000000000000000e+00,1.700000000000000000e+01,-3.000000000000000000e+00,2.000000000000000000e+00,2.000000000000000000e+00,-3.000000000000000000e+00,-2.000000000000000000e+01,-3.000000000000000000e+00,-3.052368164062500000e-01,2.888793945312500000e-01,6.594848632812500000e-01,6.231689453125000000e-01
-1.000000000000000000e+00,-8.000000000000000000e+00,-1.500000000000000000e+01,-8.000000000000000000e+00,-2.000000000000000000e+00,1.000000000000000000e+00,1.200000000000000000e+01,-1.000000000000000000e+00,-3.052368164062500000e-01,2.888793945312500000e-01,6.594848632812500000e-01,6.231689453125000000e-01
-3.000000000000000000e+00,2.000000000000000000e+00,5.000000000000000000e+00,-9.000000000000000000e+00,-7.000000000000000000e+00,-1.200000000000000000e+01,-7.000000000000000000e+00,-4.000000000000000000e+00,-3.052368164062500000e-01,2.888793945312500000e-01,6.594848632812500000e-01,6.231689453125000000e-01
7.000000000000000000e+00,6.000000000000000000e+00,9.000000000000000000e+00,9.000000000000000000e+00,5.000000000000000000e+00,1.000000000000000000e+00,4.000000000000000000e+00,5.000000000000000000e+00,-3.059082031250000000e-01,2.900390625000000000e-01,6.589355468750000000e-01,6.228637695312500000e-01
-8.000000000000000000e+00,-1.700000000000000000e+01,-1.800000000000000000e+01,-9.000000000000000000e+00,-4.000000000000000000e+00,-1.000000000000000000e+00,3.000000000000000000e+00,-4.000000000000000000e+00,-3.059082031250000000e-01,2.900390625000000000e-01,6.589355468750000000e-01,6.228637695312500000e-01
2.000000000000000000e+00,1.900000000000000000e+01,6.000000000000000000e+00,7.000000000000000000e+00,-2.000000000000000000e+00,-5.000000000000000000e+00,-3.000000000000000000e+00,-2.000000000000000000e+00,-3.059082031250000000e-01,2.900390625000000000e-01,6.589355468750000000e-01,6.228637695312500000e-01
1.000000000000000000e+00,-2.900000000000000000e+01,1.100000000000000000e+01,0.000000000000000000e+00,-1.000000000000000000e+00,4.000000000000000000e+00,-2.000000000000000000e+00,1.000000000000000000e+00,-3.059082031250000000e-01,2.900390625000000000e-01,6.589355468750000000e-01,6.228637695312500000e-01
-2.000000000000000000e+00,6.000000000000000000e+00,-1.100000000000000000e+01,-1.300000000000000000e+01,1.000000000000000000e+00,-1.000000000000000000e+00,7.000000000000000000e+00,2.000000000000000000e+00,-3.059082031250000000e-01,2.910156250000000000e-01,6.586303710937500000e-01,6.227416992187500000e-01
-7.000000000000000000e+00,-6.000000000000000000e+00,-2.000000000000000000e+00,7.000000000000000000e+00,-1.000000000000000000e+00,1.000000000000000000e+01,1.300000000000000000e+01,0.000000000000000000e+00,-3.059082031250000000e-01,2.910156250000000000e-01,6.586303710937500000e-01,6.227416992187500000e-01
6.000000000000000000e+00,3.000000000000000000e+00,1.200000000000000000e+01,3.000000000000000000e+00,1.000000000000000000e+00,-4.000000000000000000e+00,-1.300000000000000000e+01,0.000000000000000000e+00,-3.059082031250000000e-01,2.910156250000000000e-01,6.586303710937500000e-01,6.227416992187500000e-01
0.000000000000000000e+00,0.000000000000000000e+00,2.000000000000000000e+00,-1.100000000000000000e+01,-5.000000000000000000e+00,-8.000000000000000000e+00,-1.300000000000000000e+01,-1.000000000000000000e+00,-3.059082031250000000e-01,2.910156250000000000e-01,6.586303710937500000e-01,6.227416992187500000e-01
-9.000000000000000000e+00,-1.500000000000000000e+01,-6.000000000000000000e+00,2.000000000000000000e+00,-2.000000000000000000e+00,-8.000000000000000000e+00,-4.000000000000000000e+00,7.000000000000000000e+00,-3.060913085937500000e-01,2.910766601562500000e-01,6.587524414062500000e-01,6.225585937500000000e-01
9.000000000000000000e+00,0.000000000000000000e+00,-1.600000000000000000e+01,1.000000000000000000e+01,7.000000000000000000e+00,1.900000000000000000e+01,-7.000000000000000000e+00,-3.000000000000000000e+00,-3.060913085937500000e-01,2.910766601562500000e-01,6.587524414062500000e-01,6.225585937500000000e-01
2.000000000000000000e+00,6.000000000000000000e+00,-6.000000000000000000e+00,-1.500000000000000000e+01,-4.000000000000000000e+00,-1.000000000000000000e+01,8.000000000000000000e+00,0.000000000000000000e+00,-3.060913085937500000e-01,2.910766601562500000e-01,6.587524414062500000e-01,6.225585937500000000e-01
1.000000000000000000e+00,-2.300000000000000000e+01,1.800000000000000000e+01,7.000000000000000000e+00,0.000000000000000000e+00,7.000000000000000000e+00,9.000000000000000000e+00,0.000000000000000000e+00,-3.060913085937500000e-01,2.910766601562500000e-01,6.587524414062500000e-01,6.225585937500000000e-01
-4.000000000000000000e+00,4.000000000000000000e+00,-1.300000000000000000e+01,-3.000000000000000000e+00,-2.000000000000000000e+00,-8.000000000000000000e+00,-7.000000000000000000e+00,-2.000000000000000000e+00,-3.065795898437500000e-01,2.901611328125000000e-01,6.594238281250000000e-01,6.219482421875000000e-01
-7.000000000000000000e+00,-1.600000000000000000e+01,-6.000000000000000000e+00,-3.000000000000000000e+00,-1.000000000000000000e+00,-6.000000000000000000e+00,-1.000000000000000000e+00,1.000000000000000000e+00,-3.065795898437500000e-01,2.901611328125000000e-01,6.594238281250000000e-01,6.219482421875000000e-01
-7.000000000000000000e+00,-1.100000000000000000e+01,-9.000000000000000000e+00,-8.000000000000000000e+00,-4.000000000000000000e+00,1.000000000000000000e+00,1.000000000000000000e+00,-2.000000000000000000e+00,-3.065795898437500000e-01,2.901611328125000000e-01,6.594238281250000000e-01,6.219482421875000000e-01
2.000000000000000000e+00,2.000000000000000000e+01,-4.000000000000000000e+00,1.000000000000000000e+00,0.000000000000000000e+00,1.000000000000000000e+00,3.000000000000000000e+00,0.000000000000000000e+00,-3.065795898437500000e-01,2.901611328125000000e-01,6.594238281250000000e-01,6.219482421875000000e-01
4.000000000000000000e+00,-1.000000000000000000e+00,1.400000000000000000e+01,8.000000000000000000e+00,3.000000000000000000e+00,6.000000000000000000e+00,-1.100000000000000000e+01,0.000000000000000000e+00,-3.073730468750000000e-01,2.897338867187500000e-01,6.598510742187500000e-01,6.213989257812500000e-01
-9.000000000000000000e+00,-1.600000000000000000e+01,-1.200000000000000000e+01,-1.000000000000000000e+01,-1.000000000000000000e+01,-1.200000000000000000e+01,-1.100000000000000000e+01,-7.000000000000000000e+00,-3.073730468750000000e-01,2.897338867187500000e-01,6.598510742187500000e-01,6.213989257812500000e-01
1.000000000000000000e+00,2.300000000000000000e+01,1.500000000000000000e+01,-1.000000000000000000e+00,3.000000000000000000e+00,8.000000000000000000e+00,5.000000000000000000e+00,0.000000000000000000e+00,-3.073730468750000000e-01,2.897338867187500000e-01,6.598510742187500000e-01,6.213989257812500000e-01
-4.000000000000000000e+00,-1.600000000000000000e+01,-3.000000000000000000e+01,3.000000000000000000e+00,-1.000000000000000000e+00,-1.000000000000000000e+00,6.000000000000000000e+00,1.000000000000000000e+00,-3.073730468750000000e-01,2.897338867187500000e-01,6.598510742187500000e-01,6.213989257812500000e-01
3.000000000000000000e+00,6.000000000000000000e+00,1.600000000000000000e+01,-4.000000000000000000e+00,0.000000000000000000e+00,2.000000000000000000e+00,-2.000000000000000000e+00,-2.000000000000000000e+00,-3.077392578125000000e-01,2.902221679687500000e-01,6.597900390625000000e-01,6.210937500000000000e-01
2.000000000000000000e+00,9.000000000000000000e+00,4.000000000000000000e+00,-4.000000000000000000e+00,-2.000000000000000000e+00,-8.000000000000000000e+00,0.000000000000000000e+00,-2.000000000000000000e+00,-3.077392578125000000e-01,2.902221679687500000e-01,6.597900390625000000e-01,6.210937500000000000e-01
2.000000000000000000e+00,-5.000000000000000000e+00,8.000000000000000000e+00,7.000000000000000000e+00,1.000000000000000000e+00,9.000000000000000000e+00,-1.000000000000000000e+00,-1.000000000000000000e+00,-3.077392578125000000e-01,2.902221679687500000e-01,6.597900390625000000e-01,6.210937500000000000e-01
-1.200000000000000000e+01,2.000000000000000000e+00,-1.300000000000000000e+01,-1.000000000000000000e+01,-1.000000000000000000e+00,2.000000000000000000e+00,5.000000000000000000e+00,-2.000000000000000000e+00,-3.077392578125000000e-01,2.902221679687500000e-01,6.597900390625000000e-01,6.210937500000000000e-01
3.000000000000000000e+00,-8.000000000000000000e+00,-6.000000000000000000e+00,-6.000000000000000000e+00,-4.000000000000000000e+00,-1.200000000000000000e+01,-1.600000000000000000e+01,2.000000000000000000e+00,-3.074340820312500000e-01,2.910766601562500000e-01,6.596069335937500000e-01,6.209716796875000000e-01
-7.000000000000000000e+00,-1.000000000000000000e+00,-8.000000000000000000e+00,-7.000000000000000000e+00,-2.000000000000000000e+00,-3.000000000000000000e+00,-3.000000000000000000e+00,-4.000000000000000000e+00,-3.074340820312500000e-01,2.910766601562500000e-01,6.596069335937500000e-01,6.209716796875000000e-01
-2.000000000000000000e+00,2.000000000000000000e+00,1.400000000000000000e+01,1.400000000000000000e+01,1.000000000000000000e+00,9.000000000000000000e+00,1.100000000000000000e+01,-2.000000000000000000e+00,-3.074340820312500000e-01,2.910766601562500000e-01,6.596069335937500000e-01,6.209716796875000000e-01
4.000000000000000000e+00,-4.000000000000000000e+00,-1.300000000000000000e+01,-1.000000000000000000e+00,2.000000000000000000e+00,-1.600000000000000000e+01,-1.700000000000000000e+01,-2.000000000000000000e+00,-3.074340820312500000e-01,2.910766601562500000e-01,6.596069335937500000e-01,6.209716796875000000e-01
0.000000000000000000e+00,-1.000000000000000000e+00,-1.200000000000000000e+01,2.000000000000000000e+00,3.000000000000000000e+00,3.000000000000000000e+01,3.000000000000000000e+01,1.000000000000000000e+00,-3.070678710937500000e-01,2.916259765625000000e-01,6.596069335937500000e-01,6.209106445312500000e-01
-5.000000000000000000e+00,1.000000000000000000e+00,-7.000000000000000000e+00,-8.000000000000000000e+00,-4.000000000000000000e+00,-3.000000000000000000e+00,-1.200000000000000000e+01,-2.000000000000000000e+00,-3.070678710937500000e-01,2.916259765625000000e-01,6.596069335937500000e-01,6.209106445312500000e-01
-2.000000000000000000e+00,-1.100000000000000000e+01,1.000000000000000000e+00,-2.000000000000000000e+00,-5.000000000000000000e+00,-1.500000000000000000e+01,-3.100000000000000000e+01,-2.000000000000000000e+00,-3.070678710937500000e-01,2.916259765625000000e-01,6.596069335937500000e-01,6.209106445312500000e-01
-4.000000000000000000e+00,0.000000000000000000e+00,-6.000000000000000000e+00,-6.000000000000000000e+00,0.000000000000000000e+00,1.000000000000000000e+00,7.000000000000000000e+00,-4.000000000000000000e+00,-3.070678710937500000e-01,2.916259765625000000e-01,6.596069335937500000e-01,6.209106445312500000e-01
3.000000000000000000e+00,2.100000000000000000e+01,1.000000000000000000e+01,1.100000000000000000e+01,-3.000000000000000000e+00,-1.000000000000000000e+01,1.200000000000000000e+01,0.000000000000000000e+00,-3.075561523437500000e-01,2.910766601562500000e-01,6.600952148437500000e-01,6.203613281250000000e-01
-3.000000000000000000e+00,-9.000000000000000000e+00,-3.000000000000000000e+00,-3.000000000000000000e+00,1.000000000000000000e+00,0.000000000000000000e+00,-7.000000000000000000e+00,-1.000000000000000000e+00,-3.075561523437500000e-01,2.910766601562500000e-01,6.600952148437500000e-01,6.203613281250000000e-01
2.000000000000000000e+00,-2.400000000000000000e+01,-2.600000000000000000e+01,-7.000000000000000000e+00,-1.000000000000000000e+00,6.000000000000000000e+00,9.000000000000000000e+00,-9.000000000000000000e+00,-3.075561523437500000e-01,2.910766601562500000e-01,6.600952148437500000e-01,6.203613281250000000e-01
0.000000000000000000e+00,1.400000000000000000e+01,-1.100000000000000000e+01,-7.000000000000000000e+00,-6.000000000000000000e+00,-4.000000000000000000e+00,-9.000000000000000000e+00,4.000000000000000000e+00,-3.075561523437500000e-01,2.910766601562500000e-01,6.600952148437500000e-01,6.203613281250000000e-01
-1.000000000000000000e+00,-2.000000000000000000e+00,5.000000000000000000e+00,-5.000000000000000000e+00,-5.000000000000000000e+00,-9.000000000000000000e+00,-5.000000000000000000e+00,-5.000000000000000000e+00,-3.085327148437500000e-01,2.901000976562500000e-01,6.604614257812500000e-01,6.199951171875000000e-01
-3.000000000000000000e+00,6.000000000000000000e+00,1.200000000000000000e+01,2.000000000000000000e+00,-1.000000000000000000e+00,3.000000000000000000e+00,9.000000000000000000e+00,1.000000000000000000e+00,-3.085327148437500000e-01,2.901000976562500000e-01,6.604614257812500000e-01,6.199951171875000000e-01
-4.000000000000000000e+00,-1.000000000000000000e+00,-1.000000000000000000e+00,3.000000000000000000e+00,0.000000000000000000e+00,-3.000000000000000000e+00,-3.000000000000000000e+00,0.000000000000000000e+00,-3.085327148437500000e-01,2.901000976562500000e-01,6.604614257812500000e-01,6.199951171875000000e-01
2.000000000000000000e+00,3.000000000000000000e+00,5.000000000000000000e+00,1.000000000000000000e+00,0.000000000000000000e+00,2.000000000000000000e+00,2.000000000000000000e+00,-3.000000000000000000e+00,-3.085327148437500000e-01,2.901000976562500000e-01,6.604614257812500000e-01,6.199951171875000000e-01
-1.000000000000000000e+00,-9.000000000000000000e+00,-8.000000000000000000e+00,-7.000000000000000000e+00,0.000000000000000000e+00,1.000000000000000000e+00,-2.000000000000000000e+00,0.000000000000000000e+00,-3.087768554687500000e-01,2.903442382812500000e-01,6.601562500000000000e-01,6.200561523437500000e-01
2.000000000000000000e+00,-4.000000000000000000e+00,8.000000000000000000e+00,1.200000000000000000e+01,1.000000000000000000e+00,-4.000000000000000000e+00,2.000000000000000000e+00,1.000000000000000000e+00,-3.087768554687500000e-01,2.903442382812500000e-01,6.601562500000000000e-01,6.200561523437500000e-01
-9.000000000000000000e+00,1.800000000000000000e+01,-3.000000000000000000e+00,-4.000000000000000000e+00,0.000000000000000000e+00,4.000000000000000000e+00,1.000000000000000000e+01,1.000000000000000000e+00,-3.087768554687500000e-01,2.903442382812500000e-01,6.601562500000000000e-01,6.200561523437500000e-01
6.000000000000000000e+00,2.000000000000000000e+00,1.700000000000000000e+01,5.000000000000000000e+00,0.000000000000000000e+00,0.000000000000000000e+00,-5.000000000000000000e+00,-3.000000000000000000e+00,-3.087768554687500000e-01,2.903442382812500000e-01,6.601562500000000000e-01,6.200561523437500000e-01
-8.000000000000000000e+00,0.000000000000000000e+00,-3.600000000000000000e+01,-1.700000000000000000e+01,-7.000000000000000000e+00,-5.000000000000000000e+00,3.000000000000000000e+00,-5.000000000000000000e+00,-3.082275390625000000e-01,2.914428710937500000e-01,6.596679687500000000e-01,6.203613281250000000e-01
5.000000000000000000e+00,-6.000000000000000000e+00,1.700000000000000000e+01,0.000000000000000000e+00,0.000000000000000000e+00,-1.000000000000000000e+01,0.000000000000000000e+00,-3.000000000000000000e+00,-3.082275390625000000e-01,2.914428710937500000e-01,6.596679687500000000e-01,6.203613281250000000e-01
-4.000000000000000000e+00,-4.000000000000000000e+00,-2.800000000000000000e+01,-1.800000000000000000e+01,-1.300000000000000000e+01,-6.000000000000000000e+00,-2.000000000000000000e+00,1.000000000000000000e+00,-3.082275390625000000e-01,2.914428710937500000e-01,6.596679687500000000e-01,6.203613281250000000e-01
-3.000000000000000000e+00,-2.000000000000000000e+00,1.900000000000000000e+01,5.000000000000000000e+00,5.000000000000000000e+00,8.000000000000000000e+00,-1.000000000000000000e+00,2.000000000000000000e+00,-3.082275390625000000e-01,2.914428710937500000e-01,6.596679687500000000e-01,6.203613281250000000e-01
1.000000000000000000e+00,3.000000000000000000e+00,3.000000000000000000e+00,4.000000000000000000e+00,1.000000000000000000e+00,-2.000000000000000000e+00,1.700000000000000000e+01,1.000000000000000000e+00,-3.081665039062500000e-01,2.915039062500000000e-01,6.596679687500000000e-01,6.203613281250000000e-01
-2.000000000000000000e+00,9.000000000000000000e+00,1.000000000000000000e+00,2.000000000000000000e+00,1.000000000000000000e+00,-2.000000000000000000e+00,-1.000000000000000000e+00,-1.000000000000000000e+00,-3.081665039062500000e-01,2.915039062500000000e-01,6.596679687500000000e-01,6.203613281250000000e-01
0.000000000000000000e+00,-1.300000000000000000e+01,4.000000000000000000e+00,2.000000000000000000e+00,1.000000000000000000e+00,3.000000000000000000e+00,2.000000000000000000e+00,-1.000000000000000000e+00,-3.080444335937500000e-01,2.908935546875000000e-01,6.600341796875000000e-01,6.203002929687500000e-01
-1.000000000000000000e+00,-8.000000000000000000e+00,-7.000000000000000000e+00,-1.300000000000000000e+01,-4.000000000000000000e+00,1.000000000000000000e+00,5.000000000000000000e+00,3.000000000000000000e+00,-3.080444335937500000e-01,2.908935546875000000e-01,6.600341796875000000e-01,6.203002929687500000e-01
-1.000000000000000000e+00,1.000000000000000000e+00,8.000000000000000000e+00,1.800000000000000000e+01,3.000000000000000000e+00,-4.000000000000000000e+00,-6.000000000000000000e+00,-4.000000000000000000e+00,-3.080444335937500000e-01,2.908935546875000000e-01,6.600341796875000000e-01,6.203002929687500000e-01
5.000000000000000000e+00,1.400000000000000000e+01,-1.200000000000000000e+01,0.000000000000000000e+00,-1.000000000000000000e+00,6.000000000000000000e+00,3.000000000000000000e+00,2.000000000000000000e+00,-3.080444335937500000e-01,2.908935546875000000e-01,6.600341796875000000e-01,6.203002929687500000e-01
-4.000000000000000000e+00,1.200000000000000000e+01,1.300000000000000000e+01,0.000000000000000000e+00,0.000000000000000000e+00,-3.000000000000000000e+00,-5.000000000000000000e+00,0.000000000000000000e+00,-3.084716796875000000e-01,2.896728515625000000e-01,6.600952148437500000e-01,6.206054687500000000e-01
6.000000000000000000e+00,-9.000000000000000000e+00,-1.000000000000000000e+01,-1.000000000000000000e+00,0.000000000000000000e+00,0.000000000000000000e+00,-6.000000000000000000e+00,-6.000000000000000000e+00,-3.084716796875000000e-01,2.896728515625000000e-01,6.600952148437500000e-01,6.206054687500000000e-01
-1.000000000000000000e+00,-5.000000000000000000e+00,6.000000000000000000e+00,0.000000000000000000e+00,-1.000000000000000000e+00,0.000000000000000000e+00,-6.000000000000000000e+00,-2.000000000000000000e+00,-3.084716796875000000e-01,2.896728515625000000e-01,6.600952148437500000e-01,6.206054687500000000e-01
-5.000000000000000000e+00,-7.000000000000000000e+00,2.000000000000000000e+00,-5.000000000000000000e+00,-1.000000000000000000e+00,-2.000000000000000000e+00,-2.000000000000000000e+00,4.000000000000000000e+00,-3.084716796875000000e-01,2.896728515625000000e-01,6.600952148437500000e-01,6.206054687500000000e-01
-1.000000000000000000e+00,6.000000000000000000e+00,7.000000000000000000e+00,5.000000000000000000e+00,2.000000000000000000e+00,0.000000000000000000e+00,-3.000000000000000000e+00,-1.000000000000000000e+00,-3.084716796875000000e-01,2.888793945312500000e-01,6.600952148437500000e-01,6.209106445312500000e-01
0.000000000000000000e+00,-2.000000000000000000e+00,-1.100000000000000000e+01,-5.000000000000000000e+00,1.000000000000000000e+00,-6.000000000000000000e+00,1.000000000000000000e+00,1.000000000000000000e+00,-3.084716796875000000e-01,2.888793945312500000e-01,6.600952148437500000e-01,6.209106445312500000e-01
-3.000000000000000000e+00,-9.000000000000000000e+00,0.000000000000000000e+00,-1.000000000000000000e+00,0.000000000000000000e+00,-2.000000000000000000e+00,-3.000000000000000000e+00,0.000000000000000000e+00,-3.084716796875000000e-01,2.888793945312500000e-01,6.600952148437500000e-01,6.209106445312500000e-01
2.000000000000000000e+00,1.700000000000000000e+01,2.000000000000000000e+00,4.000000000000000000e+00,-1.000000000000000000e+00,3.000000000000000000e+00,-3.000000000000000000e+00,-1.000000000000000000e+00,-3.084716796875000000e-01,2.888793945312500000e-01,6.600952148437500000e-01,6.209106445312500000e-01
-2.000000000000000000e+00,-9.000000000000000000e+00,-8.000000000000000000e+00,-8.000000000000000000e+00,-2.000000000000000000e+00,-3.000000000000000000e+00,7.000000000000000000e+00,3.000000000000000000e+00,-3.078613281250000000e-01,2.888793945312500000e-01,6.602783203125000000e-01,6.210937500000000000e-01
-4.000000000000000000e+00,5.000000000000000000e+00,1.000000000000000000e+01,7.000000000000000000e+00,-2.000000000000000000e+00,4.000000000000000000e+00,0.000000000000000000e+00,-1.000000000000000000e+00,-3.078613281250000000e-01,2.888793945312500000e-01,6.602783203125000000e-01,6.210937500000000000e-01
-6.000000000000000000e+00,-2.000000000000000000e+00,-1.000000000000000000e+00,-3.000000000000000000e+00,-1.000000000000000000e+00,-2.000000000000000000e+00,-1.000000000000000000e+01,-5.000000000000000000e+00,-3.078613281250000000e-01,2.888793945312500000e-01,6.602783203125000000e-01,6.210937500000000000e-01
-2.000000000000000000e+00,-9.000000000000000000e+00,-2.000000000000000000e+00,-9.000000000000000000e+00,-1.000000000000000000e+00,1.000000000000000000e+00,0.000000000000000000e+00,0.000000000000000000e+00,-3.078613281250000000e-01,2.888793945312500000e-01,6.602783203125000000e-01,6.210937500000000000e-01
3.000000000000000000e+00,2.000000000000000000e+00,5.000000000000000000e+00,1.600000000000000000e+01,1.000000000000000000e+00,1.400000000000000000e+01,1.900000000000000000e+01,1.000000000000000000e+00,-3.080444335937500000e-01,2.879028320312500000e-01,6.607666015625000000e-01,6.209106445312500000e-01
-3.000000000000000000e+00,8.000000000000000000e+00,3.000000000000000000e+00,-3.000000000000000000e+00,-5.000000000000000000e+00,-2.200000000000000000e+01,-2.900000000000000000e+01,-3.000000000000000000e+00,-3.080444335937500000e-01,2.879028320312500000e-01,6.607666015625000000e-01,6.209106445312500000e-01
0.000000000000000000e+00,6.000000000000000000e+00,-5.000000000000000000e+00,-5.000000000000000000e+00,-1.000000000000000000e+00,2.000000000000000000e+01,1.300000000000000000e+01,3.000000000000000000e+00,-3.080444335937500000e-01,2.879028320312500000e-01,6.607666015625000000e-01,6.209106445312500000e-01
3.000000000000000000e+00,-1.000000000000000000e+01,2.000000000000000000e+00,8.000000000000000000e+00,-1.000000000000000000e+00,-1.000000000000000000e+01,-1.000000000000000000e+01,-2.000000000000000000e+00,-3.080444335937500000e-01,2.879028320312500000e-01,6.607666015625000000e-01,6.209106445312500000e-01
-2.000000000000000000e+00,-3.000000000000000000e+00,2.000000000000000000e+00,-1.300000000000000000e+01,0.000000000000000000e+00,2.000000000000000000e+00,1.000000000000000000e+00,-2.000000000000000000e+00,-3.081665039062500000e-01,2.861328125000000000e-01,6.615600585937500000e-01,6.207885742187500000e-01
-1.000000000000000000e+00,4.000000000000000000e+00,-1.000000000000000000e+00,0.000000000000000000e+00,-3.000000000000000000e+00,-3.000000000000000000e+00,5.000000000000000000e+00,1.000000000000000000e+00,-3.081665039062500000e-01,2.861328125000000000e-01,6.615600585937500000e-01,6.207885742187500000e-01
-3.000000000000000000e+00,1.000000000000000000e+00,1.000000000000000000e+00,1.000000000000000000e+00,0.000000000000000000e+00,-4.000000000000000000e+00,-3.000000000000000000e+00,-3.000000000000000000e+00,-3.081665039062500000e-01,2.861328125000000000e-01,6.615600585937500000e-01,6.207885742187500000e-01
-3.000000000000000000e+00,-3.000000000000000000e+00,1.400000000000000000e+01,-8.000000000000000000e+00,-5.000000000000000000e+00,-2.000000000000000000e+00,-4.000000000000000000e+00,-2.000000000000000000e+00,-3.081665039062500000e-01,2.861328125000000000e-01,6.615600585937500000e-01,6.207885742187500000e-01
1.000000000000000000e+00,9.000000000000000000e+00,7.000000000000000000e+00,1.400000000000000000e+01,3.000000000000000000e+00,-4.000000000000000000e+00,-7.000000000000000000e+00,-3.000000000000000000e+00,-3.086547851562500000e-01,2.842407226562500000e-01,6.621704101562500000e-01,6.208496093750000000e-01
-2.000000000000000000e+00,-5.000000000000000000e+00,-2.000000000000000000e+00,-3.000000000000000000e+00,-1.000000000000000000e+00,-3.000000000000000000e+00,2.000000000000000000e+00,1.000000000000000000e+00,-3.086547851562500000e-01,2.842407226562500000e-01,6.621704101562500000e-01,6.208496093750000000e-01
0.000000000000000000e+00,-2.000000000000000000e+00,5.000000000000000000e+00,-7.000000000000000000e+00,2.000000000000000000e+00,-1.000000000000000000e+00,-8.000000000000000000e+00,0.000000000000000000e+00,-3.086547851562500000e-01,2.842407226562500000e-01,6.621704101562500000e-01,6.208496093750000000e-01
-3.000000000000000000e+00,-9.000000000000000000e+00,-2.500000000000000000e+01,2.000000000000000000e+00,-1.000000000000000000e+00,3.000000000000000000e+00,8.000000000000000000e+00,-4.000000000000000000e+00,-3.086547851562500000e-01,2.842407226562500000e-01,6.621704101562500000e-01,6.208496093750000000e-01
4.000000000000000000e+00,1.000000000000000000e+00,1.100000000000000000e+01,3.000000000000000000e+00,5.000000000000000000e+00,-4.000000000000000000e+00,-3.000000000000000000e+00,1.000000000000000000e+00,-3.084106445312500000e-01,2.836914062500000000e-01,6.616821289062500000e-01,6.217041015625000000e-01
-9.000000000000000000e+00,-4.000000000000000000e+00,-9.000000000000000000e+00,-5.000000000000000000e+00,-2.000000000000000000e+00,0.000000000000000000e+00,5.000000000000000000e+00,-1.000000000000000000e+00,-3.084106445312500000e-01,2.836914062500000000e-01,6.616821289062500000e-01,6.217041015625000000e-01
5.000000000000000000e+00,4.000000000000000000e+00,-8.000000000000000000e+00,-2.000000000000000000e+00,-2.000000000000000000e+00,-5.000000000000000000e+00,-5.000000000000000000e+00,4.000000000000000000e+00,-3.084106445312500000e-01,2.836914062500000000e-01,6.616821289062500000e-01,6.217041015625000000e-01
-3.000000000000000000e+00,-5.000000000000000000e+00,0.000000000000000000e+00,3.000000000000000000e+00,2.000000000000000000e+00,7.000000000000000000e+00,5.000000000000000000e+00,-4.000000000000000000e+00,-3.084106445312500000e-01,2.836914062500000000e-01,6.616821289062500000e-01,6.217041015625000000e-01
-2.000000000000000000e+00,-1.100000000000000000e+01,2.000000000000000000e+00,-6.000000000000000000e+00,-6.000000000000000000e+00,-9.000000000000000000e+00,1.300000000000000000e+01,6.000000000000000000e+00,-3.077392578125000000e-01,2.838745117187500000e-01,6.607666015625000000e-01,6.229248046875000000e-01
4.000000000000000000e+00,1.100000000000000000e+01,-1.000000000000000000e+00,0.000000000000000000e+00,1.000000000000000000e+00,-2.000000000000000000e+00,-2.500000000000000000e+01,-4.000000000000000000e+00,-3.077392578125000000e-01,2.838745117187500000e-01,6.607666015625000000e-01,6.229248046875000000e-01
-1.000000000000000000e+00,-5.000000000000000000e+00,4.000000000000000000e+00,0.000000000000000000e+00,0.000000000000000000e+00,7.000000000000000000e+00,1.600000000000000000e+01,2.000000000000000000e+00,-3.077392578125000000e-01,2.838745117187500000e-01,6.607666015625000000e-01,6.229248046875000000e-01
-4.000000000000000000e+00,3.000000000000000000e+00,6.000000000000000000e+00,-2.000000000000000000e+00,-1.000000000000000000e+00,-1.000000000000000000e+00,3.000000000000000000e+00,1.000000000000000000e+00,-3.077392578125000000e-01,2.838745117187500000e-01,6.607666015625000000e-01,6.229248046875000000e-01
1.000000000000000000e+00,6.000000000000000000e+00,-1.000000000000000000e+00,-7.000000000000000000e+00,-3.000000000000000000e+00,-1.100000000000000000e+01,-6.000000000000000000e+00,-5.000000000000000000e+00,-3.067016601562500000e-01,2.844238281250000000e-01,6.604003906250000000e-01,6.235961914062500000e-01
-5.000000000000000000e+00,0.000000000000000000e+00,-5.000000000000000000e+00,-7.000000000000000000e+00,0.000000000000000000e+00,9.000000000000000000e+00,1.500000000000000000e+01,0.000000000000000000e+00,-3.067016601562500000e-01,2.844238281250000000e-01,6.604003906250000000e-01,6.235961914062500000e-01
-1.000000000000000000e+00,-3.000000000000000000e+00,8.000000000000000000e+00,1.300000000000000000e+01,0.000000000000000000e+00,-5.000000000000000000e+00,-1.400000000000000000e+01,-3.000000000000000000e+00,-3.067016601562500000e-01,2.844238281250000000e-01,6.604003906250000000e-01,6.235961914062500000e-01
-1.000000000000000000e+00,-1.100000000000000000e+01,-1.600000000000000000e+01,-1.100000000000000000e+01,-6.000000000000000000e+00,-3.000000000000000000e+00,2.000000000000000000e+00,-1.000000000000000000e+00,-3.067016601562500000e-01,2.844238281250000000e-01,6.604003906250000000e-01,6.235961914062500000e-01
-3.000000000000000000e+00,7.000000000000000000e+00,-2.000000000000000000e+00,-2.000000000000000000e+00,1.000000000000000000e+00,2.000000000000000000e+00,-8.000000000000000000e+00,-1.000000000000000000e+00,-3.072509765625000000e-01,2.836914062500000000e-01,6.607055664062500000e-01,6.232910156250000000e-01
2.000000000000000000e+00,-5.000000000000000000e+00,3.000000000000000000e+00,2.000000000000000000e+00,-4.000000000000000000e+00,-9.000000000000000000e+00,3.000000000000000000e+00,1.000000000000000000e+00,-3.072509765625000000e-01,2.836914062500000000e-01,6.607055664062500000e-01,6.232910156250000000e-01
1.000000000000000000e+00,6.000000000000000000e+00,1.000000000000000000e+00,-3.000000000000000000e+00,3.000000000000000000e+00,2.000000000000000000e+00,3.000000000000000000e+00,-1.000000000000000000e+00,-3.072509765625000000e-01,2.836914062500000000e-01,6.607055664062500000e-01,6.232910156250000000e-01
-1.000000000000000000e+00,-1.000000000000000000e+00,1.400000000000000000e+01,5.000000000000000000e+00,-1.000000000000000000e+00,3.000000000000000000e+00,2.000000000000000000e+00,1.000000000000000000e+00,-3.072509765625000000e-01,2.836914062500000000e-01,6.607055664062500000e-01,6.232910156250000000e-01
3.000000000000000000e+00,-6.000000000000000000e+00,-2.000000000000000000e+00,-7.000000000000000000e+00,-4.000000000000000000e+00,-3.000000000000000000e+00,-9.000000000000000000e+00,-3.000000000000000000e+00,-3.086547851562500000e-01,2.820434570312500000e-01,6.616821289062500000e-01,6.223144531250000000e-01
-2.000000000000000000e+00,-1.000000000000000000e+01,-9.000000000000000000e+00,5.000000000000000000e+00,-1.000000000000000000e+00,-2.000000000000000000e+00,-2.000000000000000000e+00,-5.000000000000000000e+00,-3.086547851562500000e-01,2.820434570312500000e-01,6.616821289062500000e-01,6.223144531250000000e-01
-2.000000000000000000e+00,1.000000000000000000e+00,1.000000000000000000e+00,-1.100000000000000000e+01,-1.000000000000000000e+00,-2.000000000000000000e+00,-1.000000000000000000e+00,-4.000000000000000000e+00,-3.086547851562500000e-01,2.820434570312500000e-01,6.616821289062500000e-01,6.223144531250000000e-01
4.000000000000000000e+00,9.000000000000000000e+00,9.000000000000000000e+00,1.100000000000000000e+01,3.000000000000000000e+00,0.000000000000000000e+00,-6.000000000000000000e+00,2.000000000000000000e+00,-3.086547851562500000e-01,2.820434570312500000e-01,6.616821289062500000e-01,6.223144531250000000e-01
1.000000000000000000e+00,-7.000000000000000000e+00,-7.000000000000000000e+00,-5.000000000000000000e+00,-2.000000000000000000e+00,0.000000000000000000e+00,-5.000000000000000000e+00,1.000000000000000000e+00,-3.099365234375000000e-01,2.809448242187500000e-01,6.622314453125000000e-01,6.215820312500000000e-01
1.000000000000000000e+00,-2.000000000000000000e+00,6.000000000000000000e+00,-2.000000000000000000e+00,-3.000000000000000000e+00,5.000000000000000000e+00,6.000000000000000000e+00,1.000000000000000000e+00,-3.099365234375000000e-01,2.809448242187500000e-01,6.622314453125000000e-01,6.215820312500000000e-01
-2.000000000000000000e+00,1.000000000000000000e+00,-9.000000000000000000e+00,1.000000000000000000e+00,-1.000000000000000000e+00,0.000000000000000000e+00,-3.000000000000000000e+00,-2.000000000000000000e+00,-3.099365234375000000e-01,2.809448242187500000e-01,6.622314453125000000e-01,6.215820312500000000e-01
-2.000000000000000000e+00,5.000000000000000000e+00,1.000000000000000000e+00,-4.000000000000000000e+00,-2.000000000000000000e+00,-5.000000000000000000e+00,-9.000000000000000000e+00,-3.000000000000000000e+00,-3.099365234375000000e-01,2.809448242187500000e-01,6.622314453125000000e-01,6.215820312500000000e-01
0.000000000000000000e+00,-8.000000000000000000e+00,-5.000000000000000000e+00,-4.000000000000000000e+00,-5.000000000000000000e+00,4.000000000000000000e+00,5.000000000000000000e+00,-2.000000000000000000e+00,-3.103637695312500000e-01,2.810668945312500000e-01,6.614990234375000000e-01,6.220703125000000000e-01
-2.000000000000000000e+00,-5.000000000000000000e+00,-6.000000000000000000e+00,-5.000000000000000000e+00,-4.000000000000000000e+00,0.000000000000000000e+00,-1.000000000000000000e+00,-3.000000000000000000e+00,-3.103637695312500000e-01,2.810668945312500000e-01,6.614990234375000000e-01,6.220703125000000000e-01
-5.000000000000000000e+00,-4.000000000000000000e+00,-7.000000000000000000e+00,3.000000000000000000e+00,3.000000000000000000e+00,-3.000000000000000000e+00,-1.800000000000000000e+01,-1.000000000000000000e+00,-3.103637695312500000e-01,2.810668945312500000e-01,6.614990234375000000e-01,6.220703125000000000e-01
-1.000000000000000000e+00,1.000000000000000000e+01,3.000000000000000000e+00,6.000000000000000000e+00,-2.000000000000000000e+00,-2.000000000000000000e+00,0.000000000000000000e+00,2.000000000000000000e+00,-3.103637695312500000e-01,2.810668945312500000e-01,6.614990234375000000e-01,6.220703125000000000e-01
-8.000000000000000000e+00,-2.400000000000000000e+01,-7.000000000000000000e+00,-6.000000000000000000e+00,-5.000000000000000000e+00,-1.300000000000000000e+01,1.200000000000000000e+01,-3.000000000000000000e+00,-3.093872070312500000e-01,2.826538085937500000e-01,6.604614257812500000e-01,6.229858398437500000e-01
2.000000000000000000e+00,2.800000000000000000e+01,-3.000000000000000000e+00,2.000000000000000000e+00,0.000000000000000000e+00,1.500000000000000000e+01,4.000000000000000000e+00,-1.000000000000000000e+00,-3.093872070312500000e-01,2.826538085937500000e-01,6.604614257812500000e-01,6.229858398437500000e-01
-6.000000000000000000e+00,-1.200000000000000000e+01,1.000000000000000000e+00,-7.000000000000000000e+00,-5.000000000000000000e+00,-5.000000000000000000e+00,1.000000000000000000e+00,-2.000000000000000000e+00,-3.093872070312500000e-01,2.826538085937500000e-01,6.604614257812500000e-01,6.229858398437500000e-01
-3.000000000000000000e+00,-1.200000000000000000e+01,-8.000000000000000000e+00,-7.000000000000000000e+00,-1.000000000000000000e+00,-2.000000000000000000e+00,-4.000000000000000000e+00,-4.000000000000000000e+00,-3.093872070312500000e-01,2.826538085937500000e-01,6.604614257812500000e-01,6.229858398437500000e-01
-1.000000000000000000e+00,2.100000000000000000e+01,-1.000000000000000000e+00,9.000000000000000000e+00,2.000000000000000000e+00,5.000000000000000000e+00,5.000000000000000000e+00,-2.000000000000000000e+00,-3.084716796875000000e-01,2.836914062500000000e-01,6.598510742187500000e-01,6.235961914062500000e-01
-3.000000000000000000e+00,-1.600000000000000000e+01,-9.000000000000000000e+00,-9.000000000000000000e+00,-2.000000000000000000e+00,-6.000000000000000000e+00,-3.000000000000000000e+00,-1.000000000000000000e+00,-3.084716796875000000e-01,2.836914062500000000e-01,6.598510742187500000e-01,6.235961914062500000e-01
1.000000000000000000e+00,6.000000000000000000e+00,-2.000000000000000000e+00,7.000000000000000000e+00,-2.000000000000000000e+00,-4.000000000000000000e+00,-4.000000000000000000e+00,-2.000000000000000000e+00,-3.084716796875000000e-01,2.836914062500000000e-01,6.598510742187500000e-01,6.235961914062500000e-01
1.000000000000000000e+00,-1.100000000000000000e+01,-4.000000000000000000e+00,-9.000000000000000000e+00,-3.000000000000000000e+00,5.000000000000000000e+00,4.000000000000000000e+00,-4.000000000000000000e+00,-3.084716796875000000e-01,2.836914062500000000e-01,6.598510742187500000e-01,6.235961914062500000e-01
-1.000000000000000000e+00,6.000000000000000000e+00,6.000000000000000000e+00,1.000000000000000000e+00,0.000000000000000000e+00,-7.000000000000000000e+00,-9.000000000000000000e+00,2.000000000000000000e+00,-3.083496093750000000e-01,2.833862304687500000e-01,6.596069335937500000e-01,6.240844726562500000e-01
0.000000000000000000e+00,4.000000000000000000e+00,5.000000000000000000e+00,4.000000000000000000e+00,2.000000000000000000e+00,1.000000000000000000e+00,3.000000000000000000e+00,-2.000000000000000000e+00,-3.083496093750000000e-01,2.833862304687500000e-01,6.596069335937500000e-01,6.240844726562500000e-01
0.000000000000000000e+00,-2.000000000000000000e+00,-1.000000000000000000e+01,-8.000000000000000000e+00,-4.000000000000000000e+00,0.000000000000000000e+00,-2.000000000000000000e+00,2.000000000000000000e+00,-3.083496093750000000e-01,2.833862304687500000e-01,6.596069335937500000e-01,6.240844726562500000e-01
-4.000000000000000000e+00,-7.000000000000000000e+00,0.000000000000000000e+00,-2.000000000000000000e+00,-1.000000000000000000e+00,0.000000000000000000e+00,4.000000000000000000e+00,-2.000000000000000000e+00,-3.083496093750000000e-01,2.833862304687500000e-01,6.596069335937500000e-01,6.240844726562500000e-01
5.000000000000000000e+00,2.000000000000000000e+00,-4.000000000000000000e+00,1.000000000000000000e+00,-1.000000000000000000e+00,-2.000000000000000000e+00,-7.000000000000000000e+00,1.000000000000000000e+00,-3.082885742187500000e-01,2.824096679687500000e-01,6.599121093750000000e-01,6.242065429687500000e-01
-2.000000000000000000e+00,-1.000000000000000000e+00,-2.000000000000000000e+00,3.000000000000000000e+00,-2.000000000000000000e+00,-3.000000000000000000e+00,-6.000000000000000000e+00,-1.000000000000000000e+00,-3.082885742187500000e-01,2.824096679687500000e-01,6.599121093750000000e-01,6.242065429687500000e-01
-1.000000000000000000e+00,-1.000000000000000000e+01,2.000000000000000000e+00,-1.000000000000000000e+00,-1.000000000000000000e+00,0.000000000000000000e+00,4.000000000000000000e+00,-1.000000000000000000e+00,-3.082885742187500000e-01,2.824096679687500000e-01,6.599121093750000000e-01,6.242065429687500000e-01
0.000000000000000000e+00,1.000000000000000000e+01,-1.000000000000000000e+00,-5.000000000000000000e+00,-2.000000000000000000e+00,-3.000000000000000000e+00,-1.000000000000000000e+00,0.000000000000000000e+00,-3.082885742187500000e-01,2.824096679687500000e-01,6.599121093750000000e-01,6.242065429687500000e-01
-4.000000000000000000e+00,-7.000000000000000000e+00,-3.000000000000000000e+00,-1.000000000000000000e+00,-1.000000000000000000e+00,2.000000000000000000e+00,-5.000000000000000000e+00,-4.000000000000000000e+00,-3.085937500000000000e-01,2.806396484375000000e-01,6.602172851562500000e-01,6.245727539062500000e-01
1.000000000000000000e+00,-4.000000000000000000e+00,-4.000000000000000000e+00,1.000000000000000000e+00,0.000000000000000000e+00,-1.000000000000000000e+00,2.000000000000000000e+00,2.000000000000000000e+00,-3.085937500000000000e-01,2.806396484375000000e-01,6.602172851562500000e-01,6.245727539062500000e-01
-2.000000000000000000e+00,5.000000000000000000e+00,6.000000000000000000e+00,1.000000000000000000e+00,-1.000000000000000000e+00,2.000000000000000000e+00,-1.000000000000000000e+00,-2.000000000000000000e+00,-3.085937500000000000e-01,2.806396484375000000e-01,6.602172851562500000e-01,6.245727539062500000e-01
-2.000000000000000000e+00,1.000000000000000000e+00,-1.500000000000000000e+01,-4.000000000000000000e+00,4.000000000000000000e+00,-6.000000000000000000e+00,-8.000000000000000000e+00,-5.000000000000000000e+00,-3.085937500000000000e-01,2.806396484375000000e-01,6.602172851562500000e-01,6.245727539062500000e-01
3.000000000000000000e+00,0.000000000000000000e+00,-3.000000000000000000e+00,0.000000000000000000e+00,0.000000000000000000e+00,8.000000000000000000e+00,-2.000000000000000000e+00,6.000000000000000000e+00,-3.086547851562500000e-01,2.788696289062500000e-01,6.600341796875000000e-01,6.254882812500000000e-01
2.000000000000000000e+00,-5.000000000000000000e+00,3.000000000000000000e+00,4.000000000000000000e+00,0.000000000000000000e+00,-3.000000000000000000e+00,-1.000000000000000000e+00,1.000000000000000000e+00,-3.086547851562500000e-01,2.788696289062500000e-01,6.600341796875000000e-01,6.254882812500000000e-01
2.000000000000000000e+00,3.000000000000000000e+00,2.000000000000000000e+00,-6.000000000000000000e+00,-2.000000000000000000e+00,-3.000000000000000000e+00,0.000000000000000000e+00,-1.000000000000000000e+00,-3.086547851562500000e-01,2.788696289062500000e-01,6.600341796875000000e-01,6.254882812500000000e-01
-3.000000000000000000e+00,-2.000000000000000000e+00,1.000000000000000000e+00,-1.000000000000000000e+00,-1.000000000000000000e+00,-1.000000000000000000e+00,-2.000000000000000000e+00,-3.000000000000000000e+00,-3.086547851562500000e-01,2.788696289062500000e-01,6.600341796875000000e-01,6.254882812500000000e-01
