1.000000000000000000e+00,-5.000000000000000000e+00,1.300000000000000000e+01,2.300000000000000000e+01,1.000000000000000000e+01,2.000000000000000000e+00,1.000000000000000000e+01,4.000000000000000000e+00,2.545166015625000000e-02,4.561157226562500000e-01,-2.536621093750000000e-01,8.526000976562500000e-01
2.000000000000000000e+00,1.000000000000000000e+00,-9.000000000000000000e+00,-2.600000000000000000e+01,-1.200000000000000000e+01,-6.000000000000000000e+00,-2.000000000000000000e+00,-2.000000000000000000e+00,2.545166015625000000e-02,4.561157226562500000e-01,-2.536621093750000000e-01,8.526000976562500000e-01
0.000000000000000000e+00,1.000000000000000000e+01,0.000000000000000000e+00,1.900000000000000000e+01,8.000000000000000000e+00,0.000000000000000000e+00,3.000000000000000000e+00,4.000000000000000000e+00,2.471923828125000000e-02,4.552612304687500000e-01,-2.545776367187500000e-01,8.527832031250000000e-01
-6.000000000000000000e+00,-5.000000000000000000e+00,-1.000000000000000000e+00,-1.800000000000000000e+01,-8.000000000000000000e+00,-4.000000000000000000e+00,-7.000000000000000000e+00,-5.000000000000000000e+00,2.471923828125000000e-02,4.552612304687500000e-01,-2.545776367187500000e-01,8.527832031250000000e-01
-9.000000000000000000e+00,-1.000000000000000000e+00,8.000000000000000000e+00,1.800000000000000000e+01,1.400000000000000000e+01,2.000000000000000000e+00,-2.000000000000000000e+00,-4.000000000000000000e+00,2.471923828125000000e-02,4.552612304687500000e-01,-2.545776367187500000e-01,8.527832031250000000e-01
1.100000000000000000e+01,6.000000000000000000e+00,-2.000000000000000000e+01,-1.000000000000000000e+00,-1.100000000000000000e+01,-8.000000000000000000e+00,-2.000000000000000000e+00,1.000000000000000000e+00,2.471923828125000000e-02,4.552612304687500000e-01,-2.545776367187500000e-01,8.527832031250000000e-01
-4.000000000000000000e+00,6.000000000000000000e+00,4.000000000000000000e+01,0.000000000000000000e+00,-5.000000000000000000e+00,-5.000000000000000000e+00,-9.000000000000000000e+00,-6.000000000000000000e+00,2.447509765625000000e-02,4.544067382812500000e-01,-2.551879882812500000e-01,8.530883789062500000e-01
-1.000000000000000000e+01,-2.200000000000000000e+01,-5.000000000000000000e+00,-8.000000000000000000e+00,4.000000000000000000e+00,4.000000000000000000e+00,2.000000000000000000e+00,1.000000000000000000e+00,2.447509765625000000e-02,4.544067382812500000e-01,-2.551879882812500000e-01,8.530883789062500000e-01
7.000000000000000000e+00,2.100000000000000000e+01,2.200000000000000000e+01,-3.100000000000000000e+01,-2.100000000000000000e+01,-3.000000000000000000e+00,-3.000000000000000000e+00,0.000000000000000000e+00,2.447509765625000000e-02,4.544067382812500000e-01,-2.551879882812500000e-01,8.530883789062500000e-01
-8.000000000000000000e+00,-1.900000000000000000e+01,-3.000000000000000000e+01,3.200000000000000000e+01,1.400000000000000000e+01,4.000000000000000000e+00,2.000000000000000000e+00,-4.000000000000000000e+00,2.447509765625000000e-02,4.544067382812500000e-01,-2.551879882812500000e-01,8.530883789062500000e-01
6.000000000000000000e+00,1.200000000000000000e+01,-8.000000000000000000e+00,-1.300000000000000000e+01,-3.000000000000000000e+00,0.000000000000000000e+00,-2.000000000000000000e+00,-3.000000000000000000e+00,2.404785156250000000e-02,4.537963867187500000e-01,-2.552490234375000000e-01,8.533935546875000000e-01
-8.000000000000000000e+00,-1.200000000000000000e+01,-3.000000000000000000e+00,1.100000000000000000e+01,1.000000000000000000e+00,0.000000000000000000e+00,0.000000000000000000e+00,-2.000000000000000000e+00,2.404785156250000000e-02,4.537963867187500000e-01,-2.552490234375000000e-01,8.533935546875000000e-01
1.100000000000000000e+01,2.000000000000000000e+01,-2.200000000000000000e+01,-3.400000000000000000e+01,-1.100000000000000000e+01,-3.000000000000000000e+00,0.000000000000000000e+00,3.000000000000000000e+00,2.404785156250000000e-02,4.537963867187500000e-01,-2.552490234375000000e-01,8.533935546875000000e-01
-5.000000000000000000e+00,1.000000000000000000e+00,3.800000000000000000e+01,1.900000000000000000e+01,-1.000000000000000000e+00,-3.000000000000000000e+00,-4.000000000000000000e+00,-2.000000000000000000e+00,2.404785156250000000e-02,4.537963867187500000e-01,-2.552490234375000000e-01,8.533935546875000000e-01
-5.000000000000000000e+00,-8.000000000000000000e+00,-5.000000000000000000e+00,-1.300000000000000000e+01,-1.100000000000000000e+01,-3.000000000000000000e+00,4.000000000000000000e+00,0.000000000000000000e+00,2.386474609375000000e-02,4.530639648437500000e-01,-2.556762695312500000e-01,8.536376953125000000e-01
-7.000000000000000000e+00,8.000000000000000000e+00,-6.000000000000000000e+00,-4.500000000000000000e+01,-9.000000000000000000e+00,1.000000000000000000e+00,-3.000000000000000000e+00,-1.000000000000000000e+00,2.386474609375000000e-02,4.530639648437500000e-01,-2.556762695312500000e-01,8.536376953125000000e-01
1.100000000000000000e+01,-1.400000000000000000e+01,2.100000000000000000e+01,6.100000000000000000e+01,3.400000000000000000e+01,9.000000000000000000e+00,8.000000000000000000e+00,9.000000000000000000e+00,2.386474609375000000e-02,4.530639648437500000e-01,-2.556762695312500000e-01,8.536376953125000000e-01
6.000000000000000000e+00,3.000000000000000000e+00,-2.800000000000000000e+01,-1.600000000000000000e+01,-3.000000000000000000e+00,-4.000000000000000000e+00,-7.000000000000000000e+00,-3.000000000000000000e+00,2.386474609375000000e-02,4.530639648437500000e-01,-2.556762695312500000e-01,8.536376953125000000e-01
-5.000000000000000000e+00,-1.000000000000000000e+00,1.500000000000000000e+01,1.700000000000000000e+01,3.000000000000000000e+00,-1.000000000000000000e+00,3.000000000000000000e+00,1.000000000000000000e+00,2.429199218750000000e-02,4.523925781250000000e-01,-2.562255859375000000e-01,8.538208007812500000e-01
-4.000000000000000000e+00,-6.000000000000000000e+00,1.000000000000000000e+00,-1.000000000000000000e+00,-1.000000000000000000e+00,-1.000000000000000000e+00,-1.400000000000000000e+01,-1.000000000000000000e+01,2.429199218750000000e-02,4.523925781250000000e-01,-2.562255859375000000e-01,8.538208007812500000e-01
-6.000000000000000000e+00,-4.000000000000000000e+00,-1.200000000000000000e+01,-1.100000000000000000e+01,-1.000000000000000000e+01,-5.000000000000000000e+00,2.000000000000000000e+00,-4.000000000000000000e+00,2.429199218750000000e-02,4.523925781250000000e-01,-2.562255859375000000e-01,8.538208007812500000e-01
1.200000000000000000e+01,8.000000000000000000e+00,1.600000000000000000e+01,-1.000000000000000000e+00,-7.000000000000000000e+00,-2.000000000000000000e+00,1.100000000000000000e+01,1.400000000000000000e+01,2.429199218750000000e-02,4.523925781250000000e-01,-2.562255859375000000e-01,8.538208007812500000e-01
-5.000000000000000000e+00,-6.000000000000000000e+00,-1.500000000000000000e+01,-1.600000000000000000e+01,6.000000000000000000e+00,0.000000000000000000e+00,-2.000000000000000000e+00,-5.000000000000000000e+00,2.514648437500000000e-02,4.518432617187500000e-01,-2.562255859375000000e-01,8.541259765625000000e-01
-8.000000000000000000e+00,1.200000000000000000e+01,1.500000000000000000e+01,3.500000000000000000e+01,9.000000000000000000e+00,2.000000000000000000e+00,0.000000000000000000e+00,0.000000000000000000e+00,2.514648437500000000e-02,4.518432617187500000e-01,-2.562255859375000000e-01,8.541259765625000000e-01
8.000000000000000000e+00,-9.000000000000000000e+00,1.000000000000000000e+00,-1.000000000000000000e+00,-8.000000000000000000e+00,-6.000000000000000000e+00,-1.200000000000000000e+01,-7.000000000000000000e+00,2.514648437500000000e-02,4.518432617187500000e-01,-2.562255859375000000e-01,8.541259765625000000e-01
1.600000000000000000e+01,4.000000000000000000e+00,-3.100000000000000000e+01,-8.000000000000000000e+01,-1.100000000000000000e+01,-2.000000000000000000e+00,-4.000000000000000000e+00,-6.000000000000000000e+00,2.514648437500000000e-02,4.518432617187500000e-01,-2.562255859375000000e-01,8.541259765625000000e-01
-2.800000000000000000e+01,-1.400000000000000000e+01,2.700000000000000000e+01,8.100000000000000000e+01,1.600000000000000000e+01,5.000000000000000000e+00,1.000000000000000000e+00,1.000000000000000000e+00,2.508544921875000000e-02,4.519042968750000000e-01,-2.554931640625000000e-01,8.543090820312500000e-01
8.000000000000000000e+00,6.000000000000000000e+00,3.000000000000000000e+00,1.000000000000000000e+00,1.000000000000000000e+00,-7.000000000000000000e+00,-1.000000000000000000e+00,1.000000000000000000e+00,2.508544921875000000e-02,4.519042968750000000e-01,-2.554931640625000000e-01,8.543090820312500000e-01
-7.000000000000000000e+00,1.000000000000000000e+00,-5.000000000000000000e+00,-7.000000000000000000e+00,-5.000000000000000000e+00,-1.000000000000000000e+00,-5.000000000000000000e+00,-6.000000000000000000e+00,2.508544921875000000e-02,4.519042968750000000e-01,-2.554931640625000000e-01,8.543090820312500000e-01
2.000000000000000000e+00,-9.000000000000000000e+00,-1.500000000000000000e+01,-1.000000000000000000e+00,2.000000000000000000e+00,2.000000000000000000e+00,0.000000000000000000e+00,0.000000000000000000e+00,2.508544921875000000e-02,4.519042968750000000e-01,-2.554931640625000000e-01,8.543090820312500000e-01
-3.000000000000000000e+00,-4.000000000000000000e+00,-3.000000000000000000e+01,-3.800000000000000000e+01,-1.500000000000000000e+01,-3.000000000000000000e+00,-5.000000000000000000e+00,-5.000000000000000000e+00,2.484130859375000000e-02,4.522094726562500000e-01,-2.548217773437500000e-01,8.543701171875000000e-01
-1.000000000000000000e+00,9.000000000000000000e+00,2.200000000000000000e+01,2.000000000000000000e+01,7.000000000000000000e+00,1.000000000000000000e+00,2.000000000000000000e+00,-1.000000000000000000e+00,2.484130859375000000e-02,4.522094726562500000e-01,-2.548217773437500000e-01,8.543701171875000000e-01
6.000000000000000000e+00,-8.000000000000000000e+00,-2.000000000000000000e+00,4.000000000000000000e+00,2.000000000000000000e+00,1.000000000000000000e+00,5.000000000000000000e+00,7.000000000000000000e+00,2.484130859375000000e-02,4.522094726562500000e-01,-2.548217773437500000e-01,8.543701171875000000e-01
-1.300000000000000000e+01,-5.000000000000000000e+00,-1.000000000000000000e+00,5.000000000000000000e+00,-5.000000000000000000e+00,0.000000000000000000e+00,-2.000000000000000000e+00,-3.000000000000000000e+00,2.484130859375000000e-02,4.522094726562500000e-01,-2.548217773437500000e-01,8.543701171875000000e-01
1.800000000000000000e+01,4.000000000000000000e+00,1.000000000000000000e+00,-5.000000000000000000e+00,-1.000000000000000000e+00,0.000000000000000000e+00,-5.000000000000000000e+00,-1.000000000000000000e+00,2.490234375000000000e-02,4.520874023437500000e-01,-2.545776367187500000e-01,8.544921875000000000e-01
-1.200000000000000000e+01,-1.000000000000000000e+00,1.000000000000000000e+01,1.100000000000000000e+01,-3.000000000000000000e+00,0.000000000000000000e+00,4.000000000000000000e+00,2.000000000000000000e+00,2.490234375000000000e-02,4.520874023437500000e-01,-2.545776367187500000e-01,8.544921875000000000e-01
-5.000000000000000000e+00,-8.000000000000000000e+00,-1.900000000000000000e+01,-2.000000000000000000e+01,-6.000000000000000000e+00,-1.000000000000000000e+00,6.000000000000000000e+00,1.000000000000000000e+00,2.490234375000000000e-02,4.520874023437500000e-01,-2.545776367187500000e-01,8.544921875000000000e-01
-1.200000000000000000e+01,-2.000000000000000000e+00,-3.000000000000000000e+00,1.100000000000000000e+01,2.000000000000000000e+00,-2.000000000000000000e+00,-1.000000000000000000e+00,-4.000000000000000000e+00,2.490234375000000000e-02,4.520874023437500000e-01,-2.545776367187500000e-01,8.544921875000000000e-01
1.100000000000000000e+01,6.000000000000000000e+00,1.400000000000000000e+01,-6.000000000000000000e+00,-3.000000000000000000e+00,-2.000000000000000000e+00,-5.000000000000000000e+00,-3.000000000000000000e+00,2.539062500000000000e-02,4.519653320312500000e-01,-2.542724609375000000e-01,8.546142578125000000e-01
-9.000000000000000000e+00,-7.000000000000000000e+00,-8.000000000000000000e+00,-2.000000000000000000e+00,-3.000000000000000000e+00,-4.000000000000000000e+00,2.000000000000000000e+00,1.000000000000000000e+00,2.539062500000000000e-02,4.519653320312500000e-01,-2.542724609375000000e-01,8.546142578125000000e-01
-4.000000000000000000e+00,-3.000000000000000000e+00,2.000000000000000000e+00,-1.000000000000000000e+00,-3.000000000000000000e+00,-2.000000000000000000e+00,1.000000000000000000e+00,-2.000000000000000000e+00,2.539062500000000000e-02,4.519653320312500000e-01,-2.542724609375000000e-01,8.546142578125000000e-01
7.000000000000000000e+00,1.100000000000000000e+01,9.000000000000000000e+00,1.500000000000000000e+01,-2.000000000000000000e+00,-4.000000000000000000e+00,-6.000000000000000000e+00,1.000000000000000000e+00,2.539062500000000000e-02,4.519653320312500000e-01,-2.542724609375000000e-01,8.546142578125000000e-01
-4.000000000000000000e+00,-1.000000000000000000e+01,-1.500000000000000000e+01,-4.400000000000000000e+01,8.000000000000000000e+00,0.000000000000000000e+00,1.000000000000000000e+00,0.000000000000000000e+00,2.545166015625000000e-02,4.521484375000000000e-01,-2.533569335937500000e-01,8.547973632812500000e-01
5.000000000000000000e+00,2.000000000000000000e+00,-1.200000000000000000e+01,3.100000000000000000e+01,5.000000000000000000e+00,1.000000000000000000e+00,-2.000000000000000000e+00,-1.000000000000000000e+00,2.545166015625000000e-02,4.521484375000000000e-01,-2.533569335937500000e-01,8.547973632812500000e-01
-3.000000000000000000e+00,-6.000000000000000000e+00,-6.000000000000000000e+00,-2.000000000000000000e+00,-3.000000000000000000e+00,-2.000000000000000000e+00,-1.100000000000000000e+01,-8.000000000000000000e+00,2.545166015625000000e-02,4.521484375000000000e-01,-2.533569335937500000e-01,8.547973632812500000e-01
-1.300000000000000000e+01,-9.000000000000000000e+00,1.100000000000000000e+01,2.700000000000000000e+01,1.700000000000000000e+01,3.000000000000000000e+00,-3.000000000000000000e+00,-6.000000000000000000e+00,2.545166015625000000e-02,4.521484375000000000e-01,-2.533569335937500000e-01,8.547973632812500000e-01
1.500000000000000000e+01,6.000000000000000000e+00,-2.600000000000000000e+01,-3.200000000000000000e+01,-1.400000000000000000e+01,-3.000000000000000000e+00,2.000000000000000000e+00,5.000000000000000000e+00,2.478027343750000000e-02,4.524536132812500000e-01,-2.523803710937500000e-01,8.549194335937500000e-01
1.800000000000000000e+01,-2.000000000000000000e+00,6.000000000000000000e+00,-1.500000000000000000e+01,-6.000000000000000000e+00,-2.000000000000000000e+00,-1.000000000000000000e+00,4.000000000000000000e+00,2.478027343750000000e-02,4.524536132812500000e-01,-2.523803710937500000e-01,8.549194335937500000e-01
-3.300000000000000000e+01,1.000000000000000000e+00,2.300000000000000000e+01,2.100000000000000000e+01,-5.000000000000000000e+00,-3.000000000000000000e+00,-3.000000000000000000e+00,-5.000000000000000000e+00,2.478027343750000000e-02,4.524536132812500000e-01,-2.523803710937500000e-01,8.549194335937500000e-01
8.000000000000000000e+00,1.000000000000000000e+00,1.200000000000000000e+01,7.000000000000000000e+00,1.000000000000000000e+01,2.000000000000000000e+00,-2.000000000000000000e+00,2.000000000000000000e+00,2.478027343750000000e-02,4.524536132812500000e-01,-2.523803710937500000e-01,8.549194335937500000e-01
-8.000000000000000000e+00,-2.000000000000000000e+00,-7.000000000000000000e+00,1.200000000000000000e+01,0.000000000000000000e+00,0.000000000000000000e+00,-1.000000000000000000e+00,-2.000000000000000000e+00,2.435302734375000000e-02,4.526977539062500000e-01,-2.517089843750000000e-01,8.549804687500000000e-01
9.000000000000000000e+00,1.000000000000000000e+00,-3.500000000000000000e+01,-3.100000000000000000e+01,-7.000000000000000000e+00,0.000000000000000000e+00,4.000000000000000000e+00,3.000000000000000000e+00,2.435302734375000000e-02,4.526977539062500000e-01,-2.517089843750000000e-01,8.549804687500000000e-01
-4.000000000000000000e+00,-3.000000000000000000e+00,0.000000000000000000e+00,2.300000000000000000e+01,-3.000000000000000000e+00,-2.000000000000000000e+00,-5.000000000000000000e+00,-3.000000000000000000e+00,2.435302734375000000e-02,4.526977539062500000e-01,-2.517089843750000000e-01,8.549804687500000000e-01
5.000000000000000000e+00,-2.000000000000000000e+00,1.700000000000000000e+01,7.000000000000000000e+00,3.000000000000000000e+00,-1.000000000000000000e+00,3.000000000000000000e+00,5.000000000000000000e+00,2.435302734375000000e-02,4.526977539062500000e-01,-2.517089843750000000e-01,8.549804687500000000e-01
-6.000000000000000000e+00,-5.000000000000000000e+00,-6.000000000000000000e+00,5.000000000000000000e+00,-5.000000000000000000e+00,-2.000000000000000000e+00,-1.000000000000000000e+00,-3.000000000000000000e+00,2.368164062500000000e-02,4.527587890625000000e-01,-2.516479492187500000e-01,8.550415039062500000e-01
-1.600000000000000000e+01,1.000000000000000000e+00,-2.000000000000000000e+00,-3.000000000000000000e+00,-3.000000000000000000e+00,-2.000000000000000000e+00,0.000000000000000000e+00,-2.000000000000000000e+00,2.368164062500000000e-02,4.527587890625000000e-01,-2.516479492187500000e-01,8.550415039062500000e-01
1.900000000000000000e+01,-9.000000000000000000e+00,7.000000000000000000e+00,-2.600000000000000000e+01,-1.000000000000000000e+00,4.000000000000000000e+00,2.000000000000000000e+00,4.000000000000000000e+00,2.368164062500000000e-02,4.527587890625000000e-01,-2.516479492187500000e-01,8.550415039062500000e-01
-1.200000000000000000e+01,1.100000000000000000e+01,-2.000000000000000000e+00,1.000000000000000000e+00,-5.000000000000000000e+00,0.000000000000000000e+00,-9.000000000000000000e+00,-7.000000000000000000e+00,2.368164062500000000e-02,4.527587890625000000e-01,-2.516479492187500000e-01,8.550415039062500000e-01
2.000000000000000000e+00,-2.000000000000000000e+00,1.100000000000000000e+01,-2.000000000000000000e+00,-6.000000000000000000e+00,-6.000000000000000000e+00,2.000000000000000000e+00,5.000000000000000000e+00,2.325439453125000000e-02,4.525146484375000000e-01,-2.513427734375000000e-01,8.552246093750000000e-01
-7.000000000000000000e+00,-6.000000000000000000e+00,-2.100000000000000000e+01,1.000000000000000000e+01,9.000000000000000000e+00,5.000000000000000000e+00,-1.000000000000000000e+00,-5.000000000000000000e+00,2.325439453125000000e-02,4.525146484375000000e-01,-2.513427734375000000e-01,8.552246093750000000e-01
9.000000000000000000e+00,-2.000000000000000000e+00,1.000000000000000000e+01,5.000000000000000000e+00,1.000000000000000000e+00,0.000000000000000000e+00,5.000000000000000000e+00,4.000000000000000000e+00,2.325439453125000000e-02,4.525146484375000000e-01,-2.513427734375000000e-01,8.552246093750000000e-01
-1.900000000000000000e+01,2.000000000000000000e+00,2.000000000000000000e+01,7.000000000000000000e+00,-7.000000000000000000e+00,-5.000000000000000000e+00,-4.000000000000000000e+00,-5.000000000000000000e+00,2.325439453125000000e-02,4.525146484375000000e-01,-2.513427734375000000e-01,8.552246093750000000e-01
1.000000000000000000e+00,-3.000000000000000000e+00,-1.000000000000000000e+01,1.000000000000000000e+00,-4.000000000000000000e+00,-5.000000000000000000e+00,-4.000000000000000000e+00,-5.000000000000000000e+00,2.233886718750000000e-02,4.523315429687500000e-01,-2.503051757812500000e-01,8.556518554687500000e-01
-1.100000000000000000e+01,1.000000000000000000e+00,3.000000000000000000e+00,-1.800000000000000000e+01,-3.000000000000000000e+00,0.000000000000000000e+00,-3.000000000000000000e+00,-7.000000000000000000e+00,2.233886718750000000e-02,4.523315429687500000e-01,-2.503051757812500000e-01,8.556518554687500000e-01
6.000000000000000000e+00,3.000000000000000000e+00,-1.900000000000000000e+01,-2.400000000000000000e+01,-1.500000000000000000e+01,-4.000000000000000000e+00,-1.000000000000000000e+00,2.000000000000000000e+00,2.233886718750000000e-02,4.523315429687500000e-01,-2.503051757812500000e-01,8.556518554687500000e-01
6.000000000000000000e+00,-6.000000000000000000e+00,-1.000000000000000000e+00,2.700000000000000000e+01,2.100000000000000000e+01,8.000000000000000000e+00,6.000000000000000000e+00,3.000000000000000000e+00,2.233886718750000000e-02,4.523315429687500000e-01,-2.503051757812500000e-01,8.556518554687500000e-01
-8.000000000000000000e+00,1.000000000000000000e+00,5.000000000000000000e+00,3.000000000000000000e+00,1.000000000000000000e+00,-1.000000000000000000e+00,-3.000000000000000000e+00,-1.000000000000000000e+00,2.130126953125000000e-02,4.520874023437500000e-01,-2.490844726562500000e-01,8.562011718750000000e-01
-2.000000000000000000e+00,-6.000000000000000000e+00,-2.100000000000000000e+01,-3.200000000000000000e+01,-2.000000000000000000e+00,-3.000000000000000000e+00,-5.000000000000000000e+00,0.000000000000000000e+00,2.130126953125000000e-02,4.520874023437500000e-01,-2.490844726562500000e-01,8.562011718750000000e-01
4.000000000000000000e+00,7.000000000000000000e+00,1.800000000000000000e+01,2.800000000000000000e+01,2.000000000000000000e+00,0.000000000000000000e+00,-3.000000000000000000e+00,-1.000000000000000000e+00,2.130126953125000000e-02,4.520874023437500000e-01,-2.490844726562500000e-01,8.562011718750000000e-01
-9.000000000000000000e+00,-3.000000000000000000e+00,-3.000000000000000000e+00,-1.800000000000000000e+01,-1.400000000000000000e+01,-4.000000000000000000e+00,-1.000000000000000000e+00,-1.000000000000000000e+00,2.130126953125000000e-02,4.520874023437500000e-01,-2.490844726562500000e-01,8.562011718750000000e-01
2.000000000000000000e+00,-2.000000000000000000e+00,-1.800000000000000000e+01,2.000000000000000000e+00,3.000000000000000000e+00,2.000000000000000000e+00,1.000000000000000000e+00,-3.000000000000000000e+00,2.105712890625000000e-02,4.514160156250000000e-01,-2.485961914062500000e-01,8.566894531250000000e-01
-9.000000000000000000e+00,-2.000000000000000000e+00,-7.000000000000000000e+00,-4.000000000000000000e+00,5.000000000000000000e+00,-3.000000000000000000e+00,-4.000000000000000000e+00,-3.000000000000000000e+00,2.105712890625000000e-02,4.514160156250000000e-01,-2.485961914062500000e-01,8.566894531250000000e-01
6.000000000000000000e+00,4.000000000000000000e+00,-2.000000000000000000e+00,-1.000000000000000000e+00,9.000000000000000000e+00,2.000000000000000000e+00,4.000000000000000000e+00,3.000000000000000000e+00,2.105712890625000000e-02,4.514160156250000000e-01,-2.485961914062500000e-01,8.566894531250000000e-01
-1.000000000000000000e+00,-5.000000000000000000e+00,1.200000000000000000e+01,1.000000000000000000e+00,-8.000000000000000000e+00,-8.000000000000000000e+00,-1.000000000000000000e+00,-1.000000000000000000e+00,2.105712890625000000e-02,4.514160156250000000e-01,-2.485961914062500000e-01,8.566894531250000000e-01
3.000000000000000000e+00,2.000000000000000000e+00,-4.000000000000000000e+00,0.000000000000000000e+00,2.000000000000000000e+00,4.000000000000000000e+00,0.000000000000000000e+00,1.000000000000000000e+00,2.142333984375000000e-02,4.498291015625000000e-01,-2.480468750000000000e-01,8.576660156250000000e-01
4.000000000000000000e+00,-2.000000000000000000e+00,-1.200000000000000000e+01,-3.000000000000000000e+00,-3.000000000000000000e+00,-4.000000000000000000e+00,-1.000000000000000000e+00,-3.000000000000000000e+00,2.142333984375000000e-02,4.498291015625000000e-01,-2.480468750000000000e-01,8.576660156250000000e-01
-3.000000000000000000e+00,2.000000000000000000e+00,1.600000000000000000e+01,-9.000000000000000000e+00,-4.000000000000000000e+00,-2.000000000000000000e+00,-1.000000000000000000e+00,-1.000000000000000000e+00,2.142333984375000000e-02,4.498291015625000000e-01,-2.480468750000000000e-01,8.576660156250000000e-01
-3.000000000000000000e+00,-2.400000000000000000e+01,-1.900000000000000000e+01,-6.000000000000000000e+00,-4.000000000000000000e+00,0.000000000000000000e+00,-4.000000000000000000e+00,-3.000000000000000000e+00,2.142333984375000000e-02,4.498291015625000000e-01,-2.480468750000000000e-01,8.576660156250000000e-01
4.000000000000000000e+00,2.000000000000000000e+01,1.000000000000000000e+01,2.000000000000000000e+01,2.000000000000000000e+00,4.000000000000000000e+00,2.000000000000000000e+00,5.000000000000000000e+00,2.142333984375000000e-02,4.476928710937500000e-01,-2.467651367187500000e-01,8.591308593750000000e-01
1.000000000000000000e+00,-2.000000000000000000e+00,9.000000000000000000e+00,3.000000000000000000e+00,-7.000000000000000000e+00,-6.000000000000000000e+00,-2.000000000000000000e+00,1.000000000000000000e+00,2.142333984375000000e-02,4.476928710937500000e-01,-2.467651367187500000e-01,8.591308593750000000e-01
-9.000000000000000000e+00,-7.000000000000000000e+00,0.000000000000000000e+00,-7.000000000000000000e+00,-3.000000000000000000e+00,-6.000000000000000000e+00,-7.000000000000000000e+00,-9.000000000000000000e+00,2.142333984375000000e-02,4.476928710937500000e-01,-2.467651367187500000e-01,8.591308593750000000e-01
7.000000000000000000e+00,-2.000000000000000000e+00,-1.500000000000000000e+01,6.000000000000000000e+00,5.000000000000000000e+00,3.000000000000000000e+00,2.000000000000000000e+00,1.000000000000000000e+00,2.142333984375000000e-02,4.476928710937500000e-01,-2.467651367187500000e-01,8.591308593750000000e-01
-9.000000000000000000e+00,-2.000000000000000000e+00,-1.000000000000000000e+00,-2.300000000000000000e+01,-1.300000000000000000e+01,-3.000000000000000000e+00,-7.000000000000000000e+00,-2.000000000000000000e+00,2.105712890625000000e-02,4.450683593750000000e-01,-2.457885742187500000e-01,8.607788085937500000e-01
5.000000000000000000e+00,7.000000000000000000e+00,1.300000000000000000e+01,2.400000000000000000e+01,1.000000000000000000e+01,-1.000000000000000000e+00,1.000000000000000000e+00,2.000000000000000000e+00,2.105712890625000000e-02,4.450683593750000000e-01,-2.457885742187500000e-01,8.607788085937500000e-01
6.000000000000000000e+00,-2.000000000000000000e+00,4.000000000000000000e+00,1.200000000000000000e+01,7.000000000000000000e+00,-1.000000000000000000e+00,1.000000000000000000e+00,2.000000000000000000e+00,2.105712890625000000e-02,4.450683593750000000e-01,-2.457885742187500000e-01,8.607788085937500000e-01
8.000000000000000000e+00,-2.400000000000000000e+01,-6.000000000000000000e+00,-1.500000000000000000e+01,-1.000000000000000000e+01,-5.000000000000000000e+00,-5.000000000000000000e+00,-5.000000000000000000e+00,2.105712890625000000e-02,4.450683593750000000e-01,-2.457885742187500000e-01,8.607788085937500000e-01
-1.600000000000000000e+01,2.800000000000000000e+01,9.000000000000000000e+00,-9.000000000000000000e+00,-5.000000000000000000e+00,-2.000000000000000000e+00,2.000000000000000000e+00,-1.000000000000000000e+00,2.178955078125000000e-02,4.423217773437500000e-01,-2.456665039062500000e-01,8.622436523437500000e-01
7.000000000000000000e+00,-3.000000000000000000e+00,-7.000000000000000000e+00,6.000000000000000000e+00,-3.000000000000000000e+00,-1.000000000000000000e+00,-2.000000000000000000e+00,1.000000000000000000e+00,2.178955078125000000e-02,4.423217773437500000e-01,-2.456665039062500000e-01,8.622436523437500000e-01
-6.000000000000000000e+00,-3.000000000000000000e+00,-3.300000000000000000e+01,-1.700000000000000000e+01,-7.000000000000000000e+00,-4.000000000000000000e+00,-5.000000000000000000e+00,-7.000000000000000000e+00,2.178955078125000000e-02,4.423217773437500000e-01,-2.456665039062500000e-01,8.622436523437500000e-01
7.000000000000000000e+00,1.000000000000000000e+00,-4.000000000000000000e+00,-1.300000000000000000e+01,-2.000000000000000000e+00,-2.000000000000000000e+00,8.000000000000000000e+00,9.000000000000000000e+00,2.178955078125000000e-02,4.423217773437500000e-01,-2.456665039062500000e-01,8.622436523437500000e-01
-2.000000000000000000e+00,-2.900000000000000000e+01,3.200000000000000000e+01,3.000000000000000000e+01,4.000000000000000000e+00,0.000000000000000000e+00,-5.000000000000000000e+00,-3.000000000000000000e+00,2.227783203125000000e-02,4.395751953125000000e-01,-2.459716796875000000e-01,8.635253906250000000e-01
3.000000000000000000e+00,2.300000000000000000e+01,9.000000000000000000e+00,-1.700000000000000000e+01,-7.000000000000000000e+00,-2.000000000000000000e+00,-1.000000000000000000e+00,-2.000000000000000000e+00,2.227783203125000000e-02,4.395751953125000000e-01,-2.459716796875000000e-01,8.635253906250000000e-01
3.000000000000000000e+00,-5.000000000000000000e+00,-2.300000000000000000e+01,-6.000000000000000000e+00,0.000000000000000000e+00,1.000000000000000000e+00,4.000000000000000000e+00,5.000000000000000000e+00,2.227783203125000000e-02,4.395751953125000000e-01,-2.459716796875000000e-01,8.635253906250000000e-01
0.000000000000000000e+00,8.000000000000000000e+00,-6.000000000000000000e+00,3.000000000000000000e+00,2.000000000000000000e+00,-2.000000000000000000e+00,-1.000000000000000000e+00,-2.000000000000000000e+00,2.227783203125000000e-02,4.395751953125000000e-01,-2.459716796875000000e-01,8.635253906250000000e-01
-2.000000000000000000e+00,-1.300000000000000000e+01,-2.600000000000000000e+01,-7.000000000000000000e+00,-2.000000000000000000e+00,-3.000000000000000000e+00,-3.000000000000000000e+00,-3.000000000000000000e+00,2.166748046875000000e-02,4.374389648437500000e-01,-2.460327148437500000e-01,8.646240234375000000e-01
-7.000000000000000000e+00,-1.000000000000000000e+00,2.600000000000000000e+01,-1.000000000000000000e+00,1.000000000000000000e+00,1.000000000000000000e+00,2.000000000000000000e+00,1.000000000000000000e+00,2.166748046875000000e-02,4.374389648437500000e-01,-2.460327148437500000e-01,8.646240234375000000e-01
1.300000000000000000e+01,1.000000000000000000e+00,-2.000000000000000000e+00,-4.000000000000000000e+00,5.000000000000000000e+00,-2.000000000000000000e+00,-4.000000000000000000e+00,-1.000000000000000000e+00,2.166748046875000000e-02,4.374389648437500000e-01,-2.460327148437500000e-01,8.646240234375000000e-01
-8.000000000000000000e+00,3.000000000000000000e+00,-3.000000000000000000e+00,1.400000000000000000e+01,-2.000000000000000000e+00,1.000000000000000000e+00,-2.000000000000000000e+00,-2.000000000000000000e+00,2.166748046875000000e-02,4.374389648437500000e-01,-2.460327148437500000e-01,8.646240234375000000e-01
1.000000000000000000e+00,-3.000000000000000000e+00,-1.000000000000000000e+00,0.000000000000000000e+00,5.000000000000000000e+00,-3.000000000000000000e+00,0.000000000000000000e+00,-2.000000000000000000e+00,2.069091796875000000e-02,4.359741210937500000e-01,-2.460327148437500000e-01,8.654174804687500000e-01
0.000000000000000000e+00,-7.000000000000000000e+00,1.000000000000000000e+00,-7.000000000000000000e+00,-5.000000000000000000e+00,-3.000000000000000000e+00,-3.000000000000000000e+00,-5.000000000000000000e+00,2.069091796875000000e-02,4.359741210937500000e-01,-2.460327148437500000e-01,8.654174804687500000e-01
0.000000000000000000e+00,2.000000000000000000e+00,-2.200000000000000000e+01,-7.000000000000000000e+00,1.000000000000000000e+00,1.000000000000000000e+00,-1.000000000000000000e+00,-3.000000000000000000e+00,2.069091796875000000e-02,4.359741210937500000e-01,-2.460327148437500000e-01,8.654174804687500000e-01
-4.000000000000000000e+00,-1.300000000000000000e+01,1.500000000000000000e+01,-1.700000000000000000e+01,-2.100000000000000000e+01,-1.100000000000000000e+01,-4.000000000000000000e+00,-2.000000000000000000e+00,2.069091796875000000e-02,4.359741210937500000e-01,-2.460327148437500000e-01,8.654174804687500000e-01
1.000000000000000000e+00,1.900000000000000000e+01,1.800000000000000000e+01,1.800000000000000000e+01,1.300000000000000000e+01,1.000000000000000000e+01,3.000000000000000000e+00,-1.000000000000000000e+00,1.947021484375000000e-02,4.352416992187500000e-01,-2.462158203125000000e-01,8.657226562500000000e-01
1.200000000000000000e+01,-3.000000000000000000e+00,-1.500000000000000000e+01,8.000000000000000000e+00,-2.000000000000000000e+00,-1.000000000000000000e+00,1.000000000000000000e+00,4.000000000000000000e+00,1.947021484375000000e-02,4.352416992187500000e-01,-2.462158203125000000e-01,8.657226562500000000e-01
-6.000000000000000000e+00,0.000000000000000000e+00,9.000000000000000000e+00,-2.000000000000000000e+00,-1.000000000000000000e+00,1.000000000000000000e+00,8.000000000000000000e+00,6.000000000000000000e+00,1.947021484375000000e-02,4.352416992187500000e-01,-2.462158203125000000e-01,8.657226562500000000e-01
1.400000000000000000e+01,8.000000000000000000e+00,-6.000000000000000000e+00,-1.400000000000000000e+01,-3.000000000000000000e+00,-2.000000000000000000e+00,-2.000000000000000000e+00,0.000000000000000000e+00,1.947021484375000000e-02,4.352416992187500000e-01,-2.462158203125000000e-01,8.657226562500000000e-01
-2.000000000000000000e+01,-1.000000000000000000e+01,-1.800000000000000000e+01,-3.000000000000000000e+00,-3.000000000000000000e+00,-3.000000000000000000e+00,-2.000000000000000000e+00,0.000000000000000000e+00,1.849365234375000000e-02,4.349975585937500000e-01,-2.465820312500000000e-01,8.657836914062500000e-01
-2.000000000000000000e+00,0.000000000000000000e+00,1.700000000000000000e+01,4.000000000000000000e+00,-3.000000000000000000e+00,-2.000000000000000000e+00,-9.000000000000000000e+00,-6.000000000000000000e+00,1.849365234375000000e-02,4.349975585937500000e-01,-2.465820312500000000e-01,8.657836914062500000e-01
6.000000000000000000e+00,9.000000000000000000e+00,-1.900000000000000000e+01,-1.400000000000000000e+01,-2.000000000000000000e+00,1.000000000000000000e+00,3.000000000000000000e+00,3.000000000000000000e+00,1.849365234375000000e-02,4.349975585937500000e-01,-2.465820312500000000e-01,8.657836914062500000e-01
-3.000000000000000000e+00,-3.000000000000000000e+00,3.000000000000000000e+00,1.000000000000000000e+00,3.000000000000000000e+00,2.000000000000000000e+00,1.000000000000000000e+00,4.000000000000000000e+00,1.849365234375000000e-02,4.349975585937500000e-01,-2.465820312500000000e-01,8.657836914062500000e-01
2.000000000000000000e+00,-1.100000000000000000e+01,1.400000000000000000e+01,5.000000000000000000e+00,-2.000000000000000000e+00,-3.000000000000000000e+00,1.000000000000000000e+00,-1.000000000000000000e+00,1.757812500000000000e-02,4.350585937500000000e-01,-2.470092773437500000e-01,8.656616210937500000e-01
-3.000000000000000000e+00,2.000000000000000000e+00,-1.500000000000000000e+01,-4.000000000000000000e+00,0.000000000000000000e+00,2.000000000000000000e+00,4.000000000000000000e+00,0.000000000000000000e+00,1.757812500000000000e-02,4.350585937500000000e-01,-2.470092773437500000e-01,8.656616210937500000e-01
-9.000000000000000000e+00,-5.000000000000000000e+00,9.000000000000000000e+00,-3.000000000000000000e+00,-3.000000000000000000e+00,1.000000000000000000e+00,-2.000000000000000000e+00,-3.000000000000000000e+00,1.757812500000000000e-02,4.350585937500000000e-01,-2.470092773437500000e-01,8.656616210937500000e-01
1.000000000000000000e+00,5.000000000000000000e+00,-3.000000000000000000e+01,-1.700000000000000000e+01,3.000000000000000000e+00,1.000000000000000000e+00,-1.000000000000000000e+00,-5.000000000000000000e+00,1.757812500000000000e-02,4.350585937500000000e-01,-2.470092773437500000e-01,8.656616210937500000e-01
1.000000000000000000e+00,-5.000000000000000000e+00,1.300000000000000000e+01,1.500000000000000000e+01,6.000000000000000000e+00,-4.000000000000000000e+00,-5.000000000000000000e+00,-1.000000000000000000e+00,1.660156250000000000e-02,4.353637695312500000e-01,-2.470703125000000000e-01,8.654785156250000000e-01
-5.000000000000000000e+00,-4.000000000000000000e+00,-1.000000000000000000e+01,-1.800000000000000000e+01,-1.300000000000000000e+01,-1.000000000000000000e+00,-1.000000000000000000e+00,-1.000000000000000000e+00,1.660156250000000000e-02,4.353637695312500000e-01,-2.470703125000000000e-01,8.654785156250000000e-01
2.000000000000000000e+00,0.000000000000000000e+00,1.900000000000000000e+01,2.800000000000000000e+01,9.000000000000000000e+00,-3.000000000000000000e+00,-3.000000000000000000e+00,-3.000000000000000000e+00,1.660156250000000000e-02,4.353637695312500000e-01,-2.470703125000000000e-01,8.654785156250000000e-01
-8.000000000000000000e+00,-3.000000000000000000e+00,-3.000000000000000000e+00,-3.000000000000000000e+00,0.000000000000000000e+00,1.000000000000000000e+00,-2.000000000000000000e+00,-1.000000000000000000e+00,1.660156250000000000e-02,4.353637695312500000e-01,-2.470703125000000000e-01,8.654785156250000000e-01
5.000000000000000000e+00,3.000000000000000000e+00,-1.000000000000000000e+00,-1.000000000000000000e+01,-7.000000000000000000e+00,-4.000000000000000000e+00,-2.000000000000000000e+00,0.000000000000000000e+00,1.574707031250000000e-02,4.354858398437500000e-01,-2.467651367187500000e-01,8.655395507812500000e-01
-1.000000000000000000e+00,-6.000000000000000000e+00,-1.000000000000000000e+00,-7.000000000000000000e+00,-6.000000000000000000e+00,-3.000000000000000000e+00,0.000000000000000000e+00,-1.000000000000000000e+00,1.574707031250000000e-02,4.354858398437500000e-01,-2.467651367187500000e-01,8.655395507812500000e-01
0.000000000000000000e+00,1.000000000000000000e+00,9.000000000000000000e+00,9.000000000000000000e+00,9.000000000000000000e+00,2.000000000000000000e+00,-1.000000000000000000e+00,1.000000000000000000e+00,1.574707031250000000e-02,4.354858398437500000e-01,-2.467651367187500000e-01,8.655395507812500000e-01
-8.000000000000000000e+00,4.000000000000000000e+00,-8.000000000000000000e+00,-1.400000000000000000e+01,-7.000000000000000000e+00,2.000000000000000000e+00,-1.000000000000000000e+00,-4.000000000000000000e+00,1.574707031250000000e-02,4.354858398437500000e-01,-2.467651367187500000e-01,8.655395507812500000e-01
3.000000000000000000e+00,-3.000000000000000000e+00,-1.700000000000000000e+01,-2.000000000000000000e+00,4.000000000000000000e+00,0.000000000000000000e+00,-2.000000000000000000e+00,-2.000000000000000000e+00,1.464843750000000000e-02,4.354248046875000000e-01,-2.463378906250000000e-01,8.657226562500000000e-01
0.000000000000000000e+00,0.000000000000000000e+00,1.100000000000000000e+01,7.000000000000000000e+00,-4.000000000000000000e+00,-2.000000000000000000e+00,-2.000000000000000000e+00,-2.000000000000000000e+00,1.464843750000000000e-02,4.354248046875000000e-01,-2.463378906250000000e-01,8.657226562500000000e-01
0.000000000000000000e+00,-5.000000000000000000e+00,-9.000000000000000000e+00,-2.700000000000000000e+01,-1.200000000000000000e+01,-5.000000000000000000e+00,-6.000000000000000000e+00,-2.000000000000000000e+00,1.464843750000000000e-02,4.354248046875000000e-01,-2.463378906250000000e-01,8.657226562500000000e-01
-7.000000000000000000e+00,-1.000000000000000000e+00,7.000000000000000000e+00,3.300000000000000000e+01,7.000000000000000000e+00,-3.000000000000000000e+00,-7.000000000000000000e+00,-5.000000000000000000e+00,1.464843750000000000e-02,4.354248046875000000e-01,-2.463378906250000000e-01,8.657226562500000000e-01
1.500000000000000000e+01,4.000000000000000000e+00,-4.000000000000000000e+00,-1.000000000000000000e+01,-6.000000000000000000e+00,-1.000000000000000000e+00,-2.000000000000000000e+00,-2.000000000000000000e+00,1.397705078125000000e-02,4.350585937500000000e-01,-2.464599609375000000e-01,8.658447265625000000e-01
-1.300000000000000000e+01,-1.000000000000000000e+00,1.400000000000000000e+01,3.000000000000000000e+00,2.000000000000000000e+00,-1.000000000000000000e+00,-4.000000000000000000e+00,-1.000000000000000000e+00,1.397705078125000000e-02,4.350585937500000000e-01,-2.464599609375000000e-01,8.658447265625000000e-01
-1.700000000000000000e+01,-1.100000000000000000e+01,-2.300000000000000000e+01,-9.000000000000000000e+00,-5.000000000000000000e+00,-3.000000000000000000e+00,-2.000000000000000000e+00,-4.000000000000000000e+00,1.397705078125000000e-02,4.350585937500000000e-01,-2.464599609375000000e-01,8.658447265625000000e-01
2.000000000000000000e+00,4.000000000000000000e+00,1.000000000000000000e+00,-3.000000000000000000e+00,4.000000000000000000e+00,2.000000000000000000e+00,-3.000000000000000000e+00,-3.000000000000000000e+00,1.397705078125000000e-02,4.350585937500000000e-01,-2.464599609375000000e-01,8.658447265625000000e-01
9.000000000000000000e+00,4.000000000000000000e+00,0.000000000000000000e+00,-6.000000000000000000e+00,-1.000000000000000000e+00,1.000000000000000000e+00,9.000000000000000000e+00,1.100000000000000000e+01,1.416015625000000000e-02,4.343261718750000000e-01,-2.467041015625000000e-01,8.661499023437500000e-01
0.000000000000000000e+00,-9.000000000000000000e+00,0.000000000000000000e+00,1.000000000000000000e+01,0.000000000000000000e+00,-3.000000000000000000e+00,-4.000000000000000000e+00,-5.000000000000000000e+00,1.416015625000000000e-02,4.343261718750000000e-01,-2.467041015625000000e-01,8.661499023437500000e-01
0.000000000000000000e+00,5.000000000000000000e+00,3.000000000000000000e+00,2.000000000000000000e+00,1.000000000000000000e+00,-2.000000000000000000e+00,2.000000000000000000e+00,-1.000000000000000000e+00,1.416015625000000000e-02,4.343261718750000000e-01,-2.467041015625000000e-01,8.661499023437500000e-01
2.000000000000000000e+00,1.200000000000000000e+01,6.000000000000000000e+00,-1.200000000000000000e+01,-2.000000000000000000e+00,1.000000000000000000e+00,0.000000000000000000e+00,4.000000000000000000e+00,1.416015625000000000e-02,4.343261718750000000e-01,-2.467041015625000000e-01,8.661499023437500000e-01
-5.000000000000000000e+00,-9.000000000000000000e+00,-7.000000000000000000e+00,2.600000000000000000e+01,1.500000000000000000e+01,3.000000000000000000e+00,1.000000000000000000e+00,-3.000000000000000000e+00,1.428222656250000000e-02,4.337158203125000000e-01,-2.463378906250000000e-01,8.665771484375000000e-01
1.000000000000000000e+00,8.000000000000000000e+00,2.300000000000000000e+01,2.000000000000000000e+00,2.000000000000000000e+00,-2.000000000000000000e+00,0.000000000000000000e+00,1.000000000000000000e+00,1.428222656250000000e-02,4.337158203125000000e-01,-2.463378906250000000e-01,8.665771484375000000e-01
3.000000000000000000e+00,-1.000000000000000000e+01,-1.800000000000000000e+01,-5.000000000000000000e+00,-7.000000000000000000e+00,2.000000000000000000e+00,-1.000000000000000000e+00,-1.000000000000000000e+00,1.428222656250000000e-02,4.337158203125000000e-01,-2.463378906250000000e-01,8.665771484375000000e-01
3.000000000000000000e+00,5.000000000000000000e+00,1.400000000000000000e+01,3.000000000000000000e+00,3.000000000000000000e+00,2.000000000000000000e+00,3.000000000000000000e+00,1.000000000000000000e+00,1.428222656250000000e-02,4.337158203125000000e-01,-2.463378906250000000e-01,8.665771484375000000e-01
-3.000000000000000000e+00,-4.000000000000000000e+00,-8.000000000000000000e+00,-1.600000000000000000e+01,-1.200000000000000000e+01,-3.000000000000000000e+00,1.000000000000000000e+00,-2.000000000000000000e+00,1.385498046875000000e-02,4.333496093750000000e-01,-2.456665039062500000e-01,8.669433593750000000e-01
2.000000000000000000e+00,-5.000000000000000000e+00,-1.000000000000000000e+01,0.000000000000000000e+00,1.000000000000000000e+00,-1.000000000000000000e+00,2.000000000000000000e+00,3.000000000000000000e+00,1.385498046875000000e-02,4.333496093750000000e-01,-2.456665039062500000e-01,8.669433593750000000e-01
0.000000000000000000e+00,3.000000000000000000e+00,-8.000000000000000000e+00,7.000000000000000000e+00,-1.300000000000000000e+01,-7.000000000000000000e+00,-4.000000000000000000e+00,-4.000000000000000000e+00,1.385498046875000000e-02,4.333496093750000000e-01,-2.456665039062500000e-01,8.669433593750000000e-01
1.900000000000000000e+01,-1.000000000000000000e+00,-4.000000000000000000e+00,-1.300000000000000000e+01,-9.000000000000000000e+00,-8.000000000000000000e+00,-7.000000000000000000e+00,-4.000000000000000000e+00,1.385498046875000000e-02,4.333496093750000000e-01,-2.456665039062500000e-01,8.669433593750000000e-01
-3.300000000000000000e+01,-5.000000000000000000e+00,-9.000000000000000000e+00,4.000000000000000000e+00,1.000000000000000000e+01,1.000000000000000000e+00,-4.000000000000000000e+00,-2.000000000000000000e+00,1.361083984375000000e-02,4.328613281250000000e-01,-2.455444335937500000e-01,8.672485351562500000e-01
3.000000000000000000e+00,1.000000000000000000e+00,-1.000000000000000000e+00,2.000000000000000000e+00,-2.000000000000000000e+00,-1.000000000000000000e+00,0.000000000000000000e+00,3.000000000000000000e+00,1.361083984375000000e-02,4.328613281250000000e-01,-2.455444335937500000e-01,8.672485351562500000e-01
0.000000000000000000e+00,-8.000000000000000000e+00,7.000000000000000000e+00,-7.000000000000000000e+00,-1.000000000000000000e+00,0.000000000000000000e+00,-1.000000000000000000e+00,-1.000000000000000000e+00,1.361083984375000000e-02,4.328613281250000000e-01,-2.455444335937500000e-01,8.672485351562500000e-01
-1.000000000000000000e+00,8.000000000000000000e+00,-5.000000000000000000e+00,-8.000000000000000000e+00,-9.000000000000000000e+00,-6.000000000000000000e+00,-3.000000000000000000e+00,0.000000000000000000e+00,1.361083984375000000e-02,4.328613281250000000e-01,-2.455444335937500000e-01,8.672485351562500000e-01
4.000000000000000000e+00,-3.000000000000000000e+00,-3.000000000000000000e+00,1.000000000000000000e+00,-8.000000000000000000e+00,-4.000000000000000000e+00,0.000000000000000000e+00,1.000000000000000000e+00,1.391601562500000000e-02,4.324340820312500000e-01,-2.462768554687500000e-01,8.672485351562500000e-01
-1.000000000000000000e+00,-4.000000000000000000e+00,-1.600000000000000000e+01,-1.000000000000000000e+01,1.000000000000000000e+00,1.000000000000000000e+00,0.000000000000000000e+00,0.000000000000000000e+00,1.391601562500000000e-02,4.324340820312500000e-01,-2.462768554687500000e-01,8.672485351562500000e-01
8.000000000000000000e+00,4.000000000000000000e+00,8.000000000000000000e+00,-7.000000000000000000e+00,-1.000000000000000000e+00,-2.000000000000000000e+00,-5.000000000000000000e+00,-1.000000000000000000e+00,1.391601562500000000e-02,4.324340820312500000e-01,-2.462768554687500000e-01,8.672485351562500000e-01
-1.700000000000000000e+01,-6.000000000000000000e+00,2.600000000000000000e+01,1.600000000000000000e+01,1.300000000000000000e+01,8.000000000000000000e+00,7.000000000000000000e+00,2.000000000000000000e+00,1.391601562500000000e-02,4.324340820312500000e-01,-2.462768554687500000e-01,8.672485351562500000e-01
5.000000000000000000e+00,2.000000000000000000e+00,-2.900000000000000000e+01,-1.600000000000000000e+01,-1.400000000000000000e+01,-9.000000000000000000e+00,-5.000000000000000000e+00,-3.000000000000000000e+00,1.452636718750000000e-02,4.323120117187500000e-01,-2.467651367187500000e-01,8.671264648437500000e-01
-1.100000000000000000e+01,-1.000000000000000000e+01,-3.000000000000000000e+00,3.000000000000000000e+00,7.000000000000000000e+00,1.000000000000000000e+00,-3.000000000000000000e+00,-5.000000000000000000e+00,1.452636718750000000e-02,4.323120117187500000e-01,-2.467651367187500000e-01,8.671264648437500000e-01
5.000000000000000000e+00,4.000000000000000000e+00,1.000000000000000000e+00,-2.300000000000000000e+01,-2.000000000000000000e+00,0.000000000000000000e+00,3.000000000000000000e+00,3.000000000000000000e+00,1.452636718750000000e-02,4.323120117187500000e-01,-2.467651367187500000e-01,8.671264648437500000e-01
2.000000000000000000e+00,-3.000000000000000000e+00,5.000000000000000000e+00,4.500000000000000000e+01,2.600000000000000000e+01,7.000000000000000000e+00,5.000000000000000000e+00,3.000000000000000000e+00,1.452636718750000000e-02,4.323120117187500000e-01,-2.467651367187500000e-01,8.671264648437500000e-01
2.000000000000000000e+00,5.000000000000000000e+00,7.000000000000000000e+00,-7.000000000000000000e+00,-1.000000000000000000e+00,3.000000000000000000e+00,-1.000000000000000000e+00,-3.000000000000000000e+00,1.422119140625000000e-02,4.326782226562500000e-01,-2.463378906250000000e-01,8.670654296875000000e-01
7.000000000000000000e+00,-7.000000000000000000e+00,-7.000000000000000000e+00,-4.000000000000000000e+00,-1.400000000000000000e+01,-3.000000000000000000e+00,2.000000000000000000e+00,1.000000000000000000e+00,1.422119140625000000e-02,4.326782226562500000e-01,-2.463378906250000000e-01,8.670654296875000000e-01
-6.000000000000000000e+00,-1.000000000000000000e+00,-5.000000000000000000e+00,1.000000000000000000e+00,1.300000000000000000e+01,-2.000000000000000000e+00,-1.000000000000000000e+00,-1.000000000000000000e+00,1.422119140625000000e-02,4.326782226562500000e-01,-2.463378906250000000e-01,8.670654296875000000e-01
4.000000000000000000e+00,1.000000000000000000e+01,3.000000000000000000e+01,1.900000000000000000e+01,-1.000000000000000000e+01,-6.000000000000000000e+00,-4.000000000000000000e+00,-4.000000000000000000e+00,1.422119140625000000e-02,4.326782226562500000e-01,-2.463378906250000000e-01,8.670654296875000000e-01
-1.100000000000000000e+01,-1.700000000000000000e+01,-1.300000000000000000e+01,-1.300000000000000000e+01,-2.000000000000000000e+00,1.000000000000000000e+00,-2.000000000000000000e+00,0.000000000000000000e+00,1.330566406250000000e-02,4.329833984375000000e-01,-2.461547851562500000e-01,8.670043945312500000e-01
4.000000000000000000e+00,-1.000000000000000000e+00,-1.200000000000000000e+01,-1.000000000000000000e+00,6.000000000000000000e+00,1.000000000000000000e+00,4.000000000000000000e+00,2.000000000000000000e+00,1.330566406250000000e-02,4.329833984375000000e-01,-2.461547851562500000e-01,8.670043945312500000e-01
-7.000000000000000000e+00,-1.100000000000000000e+01,-1.900000000000000000e+01,-1.100000000000000000e+01,-2.000000000000000000e+00,1.000000000000000000e+00,0.000000000000000000e+00,-2.000000000000000000e+00,1.330566406250000000e-02,4.329833984375000000e-01,-2.461547851562500000e-01,8.670043945312500000e-01
9.000000000000000000e+00,1.400000000000000000e+01,1.100000000000000000e+01,1.400000000000000000e+01,4.000000000000000000e+00,0.000000000000000000e+00,-1.000000000000000000e+00,0.000000000000000000e+00,1.330566406250000000e-02,4.329833984375000000e-01,-2.461547851562500000e-01,8.670043945312500000e-01
1.000000000000000000e+00,-3.000000000000000000e+00,1.900000000000000000e+01,6.000000000000000000e+00,0.000000000000000000e+00,1.000000000000000000e+00,0.000000000000000000e+00,3.000000000000000000e+00,1.312255859375000000e-02,4.331665039062500000e-01,-2.468261718750000000e-01,8.667602539062500000e-01
-3.000000000000000000e+00,1.000000000000000000e+01,1.600000000000000000e+01,1.000000000000000000e+00,-8.000000000000000000e+00,-3.000000000000000000e+00,-4.000000000000000000e+00,-5.000000000000000000e+00,1.312255859375000000e-02,4.331665039062500000e-01,-2.468261718750000000e-01,8.667602539062500000e-01
-2.000000000000000000e+00,-3.000000000000000000e+00,-1.600000000000000000e+01,0.000000000000000000e+00,0.000000000000000000e+00,-1.000000000000000000e+00,-1.000000000000000000e+00,-1.000000000000000000e+00,1.312255859375000000e-02,4.331665039062500000e-01,-2.468261718750000000e-01,8.667602539062500000e-01
-6.000000000000000000e+00,-8.000000000000000000e+00,-2.000000000000000000e+01,-2.200000000000000000e+01,-4.000000000000000000e+00,-2.000000000000000000e+00,0.000000000000000000e+00,-3.000000000000000000e+00,1.312255859375000000e-02,4.331665039062500000e-01,-2.468261718750000000e-01,8.667602539062500000e-01
1.200000000000000000e+01,2.000000000000000000e+00,6.000000000000000000e+00,6.000000000000000000e+00,2.000000000000000000e+00,-1.000000000000000000e+00,0.000000000000000000e+00,4.000000000000000000e+00,1.422119140625000000e-02,4.331665039062500000e-01,-2.474365234375000000e-01,8.665161132812500000e-01
0.000000000000000000e+00,1.000000000000000000e+00,8.000000000000000000e+00,2.000000000000000000e+00,2.000000000000000000e+00,-1.000000000000000000e+00,-1.000000000000000000e+00,2.000000000000000000e+00,1.422119140625000000e-02,4.331665039062500000e-01,-2.474365234375000000e-01,8.665161132812500000e-01
-4.000000000000000000e+00,0.000000000000000000e+00,1.000000000000000000e+00,-1.000000000000000000e+00,-9.000000000000000000e+00,-1.000000000000000000e+00,-1.000000000000000000e+00,-3.000000000000000000e+00,1.422119140625000000e-02,4.331665039062500000e-01,-2.474365234375000000e-01,8.665161132812500000e-01
-3.000000000000000000e+00,-7.000000000000000000e+00,-1.200000000000000000e+01,-1.300000000000000000e+01,-5.000000000000000000e+00,-4.000000000000000000e+00,-2.000000000000000000e+00,-1.000000000000000000e+00,1.422119140625000000e-02,4.331665039062500000e-01,-2.474365234375000000e-01,8.665161132812500000e-01
-1.600000000000000000e+01,-5.000000000000000000e+00,-5.000000000000000000e+00,8.000000000000000000e+00,-6.000000000000000000e+00,-4.000000000000000000e+00,-4.000000000000000000e+00,-6.000000000000000000e+00,1.434326171875000000e-02,4.331665039062500000e-01,-2.473754882812500000e-01,8.665161132812500000e-01
3.000000000000000000e+00,8.000000000000000000e+00,3.000000000000000000e+00,-1.000000000000000000e+00,9.000000000000000000e+00,3.000000000000000000e+00,0.000000000000000000e+00,-1.000000000000000000e+00,1.434326171875000000e-02,4.331665039062500000e-01,-2.473754882812500000e-01,8.665161132812500000e-01
6.000000000000000000e+00,-6.000000000000000000e+00,2.500000000000000000e+01,3.400000000000000000e+01,1.500000000000000000e+01,1.000000000000000000e+00,-2.000000000000000000e+00,1.000000000000000000e+00,1.434326171875000000e-02,4.331665039062500000e-01,-2.473754882812500000e-01,8.665161132812500000e-01
-7.000000000000000000e+00,9.000000000000000000e+00,-1.900000000000000000e+01,-1.400000000000000000e+01,-1.300000000000000000e+01,-5.000000000000000000e+00,-2.000000000000000000e+00,-2.000000000000000000e+00,1.434326171875000000e-02,4.331665039062500000e-01,-2.473754882812500000e-01,8.665161132812500000e-01
1.200000000000000000e+01,0.000000000000000000e+00,0.000000000000000000e+00,-1.900000000000000000e+01,-1.000000000000000000e+01,-8.000000000000000000e+00,-4.000000000000000000e+00,-2.000000000000000000e+00,1.391601562500000000e-02,4.334716796875000000e-01,-2.465209960937500000e-01,8.666381835937500000e-01
-6.000000000000000000e+00,-1.000000000000000000e+01,-3.200000000000000000e+01,1.000000000000000000e+01,-6.000000000000000000e+00,-1.000000000000000000e+00,1.000000000000000000e+00,-3.000000000000000000e+00,1.391601562500000000e-02,4.334716796875000000e-01,-2.465209960937500000e-01,8.666381835937500000e-01
0.000000000000000000e+00,5.000000000000000000e+00,3.900000000000000000e+01,1.700000000000000000e+01,1.300000000000000000e+01,2.000000000000000000e+00,1.000000000000000000e+00,0.000000000000000000e+00,1.367187500000000000e-02,4.337158203125000000e-01,-2.460327148437500000e-01,8.666381835937500000e-01
-4.000000000000000000e+00,6.000000000000000000e+00,-2.000000000000000000e+00,-1.000000000000000000e+01,1.000000000000000000e+00,-1.000000000000000000e+00,4.000000000000000000e+00,2.000000000000000000e+00,1.367187500000000000e-02,4.337158203125000000e-01,-2.460327148437500000e-01,8.666381835937500000e-01
4.000000000000000000e+00,-8.000000000000000000e+00,3.000000000000000000e+00,-8.000000000000000000e+00,-5.000000000000000000e+00,-2.000000000000000000e+00,-7.000000000000000000e+00,-6.000000000000000000e+00,1.367187500000000000e-02,4.337158203125000000e-01,-2.460327148437500000e-01,8.666381835937500000e-01
0.000000000000000000e+00,-1.000000000000000000e+00,-2.500000000000000000e+01,-2.300000000000000000e+01,-1.700000000000000000e+01,-5.000000000000000000e+00,-1.000000000000000000e+00,0.000000000000000000e+00,1.367187500000000000e-02,4.337158203125000000e-01,-2.460327148437500000e-01,8.666381835937500000e-01
0.000000000000000000e+00,1.000000000000000000e+00,7.000000000000000000e+00,1.300000000000000000e+01,1.500000000000000000e+01,8.000000000000000000e+00,2.000000000000000000e+00,2.000000000000000000e+00,1.434326171875000000e-02,4.335937500000000000e-01,-2.466430664062500000e-01,8.665771484375000000e-01
-2.000000000000000000e+00,-8.000000000000000000e+00,-1.500000000000000000e+01,-1.000000000000000000e+00,-1.000000000000000000e+00,-2.000000000000000000e+00,-4.000000000000000000e+00,-5.000000000000000000e+00,1.434326171875000000e-02,4.335937500000000000e-01,-2.466430664062500000e-01,8.665771484375000000e-01
2.000000000000000000e+00,5.000000000000000000e+00,6.000000000000000000e+00,-3.000000000000000000e+00,-1.000000000000000000e+00,0.000000000000000000e+00,0.000000000000000000e+00,-4.000000000000000000e+00,1.434326171875000000e-02,4.335937500000000000e-01,-2.466430664062500000e-01,8.665771484375000000e-01
-3.000000000000000000e+00,-4.000000000000000000e+00,2.000000000000000000e+00,0.000000000000000000e+00,3.000000000000000000e+00,-1.000000000000000000e+00,-1.000000000000000000e+00,-3.000000000000000000e+00,1.434326171875000000e-02,4.335937500000000000e-01,-2.466430664062500000e-01,8.665771484375000000e-01
-1.200000000000000000e+01,-4.000000000000000000e+00,-1.000000000000000000e+00,-9.000000000000000000e+00,-1.200000000000000000e+01,-5.000000000000000000e+00,-4.000000000000000000e+00,-4.000000000000000000e+00,1.544189453125000000e-02,4.334106445312500000e-01,-2.471313476562500000e-01,8.665161132812500000e-01
4.000000000000000000e+00,-7.000000000000000000e+00,-6.000000000000000000e+00,-1.100000000000000000e+01,-3.000000000000000000e+00,-1.000000000000000000e+00,-7.000000000000000000e+00,0.000000000000000000e+00,1.544189453125000000e-02,4.334106445312500000e-01,-2.471313476562500000e-01,8.665161132812500000e-01
-5.000000000000000000e+00,-3.000000000000000000e+00,-1.000000000000000000e+00,6.000000000000000000e+00,4.000000000000000000e+00,3.000000000000000000e+00,0.000000000000000000e+00,-3.000000000000000000e+00,1.544189453125000000e-02,4.334106445312500000e-01,-2.471313476562500000e-01,8.665161132812500000e-01
1.600000000000000000e+01,8.000000000000000000e+00,1.600000000000000000e+01,5.000000000000000000e+00,6.000000000000000000e+00,2.000000000000000000e+00,0.000000000000000000e+00,0.000000000000000000e+00,1.544189453125000000e-02,4.334106445312500000e-01,-2.471313476562500000e-01,8.665161132812500000e-01
-2.100000000000000000e+01,0.000000000000000000e+00,-2.000000000000000000e+00,0.000000000000000000e+00,-6.000000000000000000e+00,-3.000000000000000000e+00,0.000000000000000000e+00,-3.000000000000000000e+00,1.568603515625000000e-02,4.335937500000000000e-01,-2.466430664062500000e-01,8.665161132812500000e-01
-3.000000000000000000e+00,-5.000000000000000000e+00,-5.000000000000000000e+00,-3.000000000000000000e+00,2.000000000000000000e+00,4.000000000000000000e+00,3.000000000000000000e+00,1.000000000000000000e+00,1.568603515625000000e-02,4.335937500000000000e-01,-2.466430664062500000e-01,8.665161132812500000e-01
3.000000000000000000e+00,3.000000000000000000e+00,6.000000000000000000e+00,-8.000000000000000000e+00,-1.000000000000000000e+00,-2.000000000000000000e+00,-1.000000000000000000e+00,2.000000000000000000e+00,1.568603515625000000e-02,4.335937500000000000e-01,-2.466430664062500000e-01,8.665161132812500000e-01
3.000000000000000000e+00,-2.000000000000000000e+00,1.000000000000000000e+01,1.400000000000000000e+01,5.000000000000000000e+00,6.000000000000000000e+00,-3.000000000000000000e+00,1.000000000000000000e+00,1.568603515625000000e-02,4.335937500000000000e-01,-2.466430664062500000e-01,8.665161132812500000e-01
4.000000000000000000e+00,-1.000000000000000000e+00,-1.900000000000000000e+01,5.000000000000000000e+00,6.000000000000000000e+00,0.000000000000000000e+00,1.000000000000000000e+00,0.000000000000000000e+00,1.483154296875000000e-02,4.340820312500000000e-01,-2.457885742187500000e-01,8.665161132812500000e-01
-4.000000000000000000e+00,4.000000000000000000e+00,-5.000000000000000000e+00,-7.000000000000000000e+00,-3.000000000000000000e+00,-2.000000000000000000e+00,-2.000000000000000000e+00,0.000000000000000000e+00,1.483154296875000000e-02,4.340820312500000000e-01,-2.457885742187500000e-01,8.665161132812500000e-01
1.000000000000000000e+00,4.000000000000000000e+00,-3.000000000000000000e+00,-1.100000000000000000e+01,-2.000000000000000000e+00,1.000000000000000000e+00,4.000000000000000000e+00,2.000000000000000000e+00,1.483154296875000000e-02,4.340820312500000000e-01,-2.457885742187500000e-01,8.665161132812500000e-01
-1.000000000000000000e+00,-1.000000000000000000e+00,3.800000000000000000e+01,2.100000000000000000e+01,1.900000000000000000e+01,3.000000000000000000e+00,3.000000000000000000e+00,1.000000000000000000e+00,1.483154296875000000e-02,4.340820312500000000e-01,-2.457885742187500000e-01,8.665161132812500000e-01
2.000000000000000000e+00,-1.000000000000000000e+00,-8.000000000000000000e+00,4.000000000000000000e+00,5.000000000000000000e+00,-2.000000000000000000e+00,-4.000000000000000000e+00,-4.000000000000000000e+00,1.446533203125000000e-02,4.345703125000000000e-01,-2.454833984375000000e-01,8.663940429687500000e-01
-9.000000000000000000e+00,-7.000000000000000000e+00,-7.000000000000000000e+00,-4.000000000000000000e+00,-5.000000000000000000e+00,-3.000000000000000000e+00,-2.000000000000000000e+00,-4.000000000000000000e+00,1.446533203125000000e-02,4.345703125000000000e-01,-2.454833984375000000e-01,8.663940429687500000e-01
5.000000000000000000e+00,-3.000000000000000000e+00,-9.000000000000000000e+00,-6.000000000000000000e+00,-5.000000000000000000e+00,-1.000000000000000000e+00,-1.000000000000000000e+00,-2.000000000000000000e+00,1.446533203125000000e-02,4.345703125000000000e-01,-2.454833984375000000e-01,8.663940429687500000e-01
-4.000000000000000000e+00,-1.000000000000000000e+00,-7.000000000000000000e+00,-2.900000000000000000e+01,-3.000000000000000000e+00,-4.000000000000000000e+00,-2.000000000000000000e+00,-1.000000000000000000e+00,1.446533203125000000e-02,4.345703125000000000e-01,-2.454833984375000000e-01,8.663940429687500000e-01
-2.000000000000000000e+00,2.000000000000000000e+00,1.300000000000000000e+01,1.500000000000000000e+01,-9.000000000000000000e+00,-4.000000000000000000e+00,5.000000000000000000e+00,3.000000000000000000e+00,1.477050781250000000e-02,4.348754882812500000e-01,-2.461547851562500000e-01,8.660278320312500000e-01
0.000000000000000000e+00,-4.000000000000000000e+00,4.000000000000000000e+00,7.000000000000000000e+00,0.000000000000000000e+00,0.000000000000000000e+00,-1.000000000000000000e+00,-2.000000000000000000e+00,1.477050781250000000e-02,4.348754882812500000e-01,-2.461547851562500000e-01,8.660278320312500000e-01
6.000000000000000000e+00,6.000000000000000000e+00,-1.000000000000000000e+00,8.000000000000000000e+00,-8.000000000000000000e+00,-4.000000000000000000e+00,-2.000000000000000000e+00,2.000000000000000000e+00,1.477050781250000000e-02,4.348754882812500000e-01,-2.461547851562500000e-01,8.660278320312500000e-01
-7.000000000000000000e+00,-7.000000000000000000e+00,-1.500000000000000000e+01,-5.000000000000000000e+00,-1.000000000000000000e+00,-2.000000000000000000e+00,-3.000000000000000000e+00,-5.000000000000000000e+00,1.477050781250000000e-02,4.348754882812500000e-01,-2.461547851562500000e-01,8.660278320312500000e-01
1.000000000000000000e+00,2.000000000000000000e+00,-7.000000000000000000e+00,-1.800000000000000000e+01,-8.000000000000000000e+00,-3.000000000000000000e+00,-5.000000000000000000e+00,-2.000000000000000000e+00,1.568603515625000000e-02,4.349975585937500000e-01,-2.468261718750000000e-01,8.657226562500000000e-01
6.000000000000000000e+00,-5.000000000000000000e+00,-3.000000000000000000e+00,-7.000000000000000000e+00,-1.000000000000000000e+00,1.000000000000000000e+00,-1.000000000000000000e+00,0.000000000000000000e+00,1.568603515625000000e-02,4.349975585937500000e-01,-2.468261718750000000e-01,8.657226562500000000e-01
-1.600000000000000000e+01,-7.000000000000000000e+00,1.000000000000000000e+00,-1.000000000000000000e+00,-3.000000000000000000e+00,-2.000000000000000000e+00,-2.000000000000000000e+00,-4.000000000000000000e+00,1.568603515625000000e-02,4.349975585937500000e-01,-2.468261718750000000e-01,8.657226562500000000e-01
-1.000000000000000000e+00,-3.000000000000000000e+00,-3.000000000000000000e+00,-1.000000000000000000e+00,-5.000000000000000000e+00,-4.000000000000000000e+00,-3.000000000000000000e+00,-5.000000000000000000e+00,1.568603515625000000e-02,4.349975585937500000e-01,-2.468261718750000000e-01,8.657226562500000000e-01
2.000000000000000000e+00,4.000000000000000000e+00,5.000000000000000000e+00,1.000000000000000000e+00,-2.000000000000000000e+00,-1.000000000000000000e+00,-3.000000000000000000e+00,-1.000000000000000000e+00,1.531982421875000000e-02,4.355468750000000000e-01,-2.466430664062500000e-01,8.655395507812500000e-01
1.000000000000000000e+00,-5.000000000000000000e+00,5.000000000000000000e+00,-2.000000000000000000e+00,-5.000000000000000000e+00,-2.000000000000000000e+00,1.000000000000000000e+00,0.000000000000000000e+00,1.531982421875000000e-02,4.355468750000000000e-01,-2.466430664062500000e-01,8.655395507812500000e-01
2.000000000000000000e+00,-1.600000000000000000e+01,-2.400000000000000000e+01,-2.000000000000000000e+00,8.000000000000000000e+00,1.000000000000000000e+00,0.000000000000000000e+00,2.000000000000000000e+00,1.531982421875000000e-02,4.355468750000000000e-01,-2.466430664062500000e-01,8.655395507812500000e-01
0.000000000000000000e+00,1.700000000000000000e+01,1.400000000000000000e+01,-2.000000000000000000e+00,-8.000000000000000000e+00,-8.000000000000000000e+00,-7.000000000000000000e+00,-3.000000000000000000e+00,1.531982421875000000e-02,4.355468750000000000e-01,-2.466430664062500000e-01,8.655395507812500000e-01
-1.000000000000000000e+00,-5.000000000000000000e+00,-8.000000000000000000e+00,0.000000000000000000e+00,-2.000000000000000000e+00,-1.000000000000000000e+00,-2.000000000000000000e+00,-2.000000000000000000e+00,1.397705078125000000e-02,4.362792968750000000e-01,-2.459106445312500000e-01,8.654174804687500000e-01
-5.000000000000000000e+00,-6.000000000000000000e+00,4.000000000000000000e+00,-5.000000000000000000e+00,-1.000000000000000000e+00,-1.000000000000000000e+00,0.000000000000000000e+00,-1.000000000000000000e+00,1.397705078125000000e-02,4.362792968750000000e-01,-2.459106445312500000e-01,8.654174804687500000e-01
-5.000000000000000000e+00,-1.000000000000000000e+00,-2.000000000000000000e+00,-1.000000000000000000e+00,0.000000000000000000e+00,0.000000000000000000e+00,0.000000000000000000e+00,-3.000000000000000000e+00,1.397705078125000000e-02,4.362792968750000000e-01,-2.459106445312500000e-01,8.654174804687500000e-01
0.000000000000000000e+00,-5.000000000000000000e+00,-1.100000000000000000e+01,-5.000000000000000000e+00,-3.000000000000000000e+00,1.000000000000000000e+00,1.000000000000000000e+00,0.000000000000000000e+00,1.397705078125000000e-02,4.362792968750000000e-01,-2.459106445312500000e-01,8.654174804687500000e-01
5.000000000000000000e+00,0.000000000000000000e+00,1.000000000000000000e+00,3.000000000000000000e+00,-3.000000000000000000e+00,-2.000000000000000000e+00,0.000000000000000000e+00,-2.000000000000000000e+00,1.300048828125000000e-02,4.366455078125000000e-01,-2.458496093750000000e-01,8.652343750000000000e-01
-3.000000000000000000e+00,-4.000000000000000000e+00,-2.000000000000000000e+00,-8.000000000000000000e+00,-2.300000000000000000e+01,-5.000000000000000000e+00,0.000000000000000000e+00,1.000000000000000000e+00,1.300048828125000000e-02,4.366455078125000000e-01,-2.458496093750000000e-01,8.652343750000000000e-01
1.000000000000000000e+00,1.100000000000000000e+01,2.300000000000000000e+01,3.600000000000000000e+01,3.300000000000000000e+01,6.000000000000000000e+00,4.000000000000000000e+00,2.000000000000000000e+00,1.300048828125000000e-02,4.366455078125000000e-01,-2.458496093750000000e-01,8.652343750000000000e-01
1.100000000000000000e+01,-8.000000000000000000e+00,-3.700000000000000000e+01,-8.000000000000000000e+00,-1.200000000000000000e+01,-8.000000000000000000e+00,-7.000000000000000000e+00,-2.000000000000000000e+00,1.300048828125000000e-02,4.366455078125000000e-01,-2.458496093750000000e-01,8.652343750000000000e-01
-8.000000000000000000e+00,2.000000000000000000e+00,0.000000000000000000e+00,-1.100000000000000000e+01,-3.000000000000000000e+00,-2.000000000000000000e+00,0.000000000000000000e+00,-2.000000000000000000e+00,1.281738281250000000e-02,4.368896484375000000e-01,-2.465820312500000000e-01,8.649291992187500000e-01
-1.200000000000000000e+01,0.000000000000000000e+00,2.000000000000000000e+00,-9.000000000000000000e+00,2.000000000000000000e+00,0.000000000000000000e+00,-2.000000000000000000e+00,-1.000000000000000000e+00,1.281738281250000000e-02,4.368896484375000000e-01,-2.465820312500000000e-01,8.649291992187500000e-01
4.000000000000000000e+00,2.000000000000000000e+00,9.000000000000000000e+00,0.000000000000000000e+00,-5.000000000000000000e+00,-3.000000000000000000e+00,1.000000000000000000e+00,1.000000000000000000e+00,1.281738281250000000e-02,4.368896484375000000e-01,-2.465820312500000000e-01,8.649291992187500000e-01
-1.300000000000000000e+01,-6.000000000000000000e+00,-2.000000000000000000e+00,6.000000000000000000e+00,4.000000000000000000e+00,5.000000000000000000e+00,2.000000000000000000e+00,-3.000000000000000000e+00,1.281738281250000000e-02,4.368896484375000000e-01,-2.465820312500000000e-01,8.649291992187500000e-01
1.600000000000000000e+01,5.000000000000000000e+00,7.000000000000000000e+00,-8.000000000000000000e+00,-5.000000000000000000e+00,-1.000000000000000000e+00,1.000000000000000000e+00,3.000000000000000000e+00,1.263427734375000000e-02,4.369506835937500000e-01,-2.468872070312500000e-01,8.648071289062500000e-01
-3.000000000000000000e+00,-2.000000000000000000e+00,1.000000000000000000e+00,1.400000000000000000e+01,2.000000000000000000e+00,-1.000000000000000000e+00,-3.000000000000000000e+00,-1.000000000000000000e+00,1.263427734375000000e-02,4.369506835937500000e-01,-2.468872070312500000e-01,8.648071289062500000e-01
-1.000000000000000000e+00,-4.000000000000000000e+00,-5.000000000000000000e+00,-8.000000000000000000e+00,-5.000000000000000000e+00,-2.000000000000000000e+00,0.000000000000000000e+00,1.000000000000000000e+00,1.263427734375000000e-02,4.369506835937500000e-01,-2.468872070312500000e-01,8.648071289062500000e-01
-6.000000000000000000e+00,2.000000000000000000e+00,-1.000000000000000000e+00,-1.100000000000000000e+01,5.000000000000000000e+00,5.000000000000000000e+00,1.000000000000000000e+00,-3.000000000000000000e+00,1.263427734375000000e-02,4.369506835937500000e-01,-2.468872070312500000e-01,8.648071289062500000e-01
-8.000000000000000000e+00,-1.700000000000000000e+01,-1.700000000000000000e+01,2.800000000000000000e+01,-6.000000000000000000e+00,-3.000000000000000000e+00,-2.000000000000000000e+00,-4.000000000000000000e+00,1.141357421875000000e-02,4.369506835937500000e-01,-2.464599609375000000e-01,8.649902343750000000e-01
0.000000000000000000e+00,1.100000000000000000e+01,1.900000000000000000e+01,-1.300000000000000000e+01,-7.000000000000000000e+00,-4.000000000000000000e+00,1.000000000000000000e+00,0.000000000000000000e+00,1.141357421875000000e-02,4.369506835937500000e-01,-2.464599609375000000e-01,8.649902343750000000e-01
0.000000000000000000e+00,3.000000000000000000e+00,3.000000000000000000e+00,1.900000000000000000e+01,1.200000000000000000e+01,2.000000000000000000e+00,-4.000000000000000000e+00,-3.000000000000000000e+00,1.141357421875000000e-02,4.369506835937500000e-01,-2.464599609375000000e-01,8.649902343750000000e-01
1.000000000000000000e+00,-8.000000000000000000e+00,-2.100000000000000000e+01,-1.000000000000000000e+00,-3.000000000000000000e+00,-4.000000000000000000e+00,0.000000000000000000e+00,4.000000000000000000e+00,1.141357421875000000e-02,4.369506835937500000e-01,-2.464599609375000000e-01,8.649902343750000000e-01
-5.000000000000000000e+00,0.000000000000000000e+00,-1.000000000000000000e+00,-1.700000000000000000e+01,-1.100000000000000000e+01,-5.000000000000000000e+00,-5.000000000000000000e+00,-4.000000000000000000e+00,9.826660156250000000e-03,4.369506835937500000e-01,-2.459106445312500000e-01,8.651123046875000000e-01
3.000000000000000000e+00,-2.000000000000000000e+00,-4.000000000000000000e+00,5.000000000000000000e+00,8.000000000000000000e+00,3.000000000000000000e+00,-3.000000000000000000e+00,-5.000000000000000000e+00,9.826660156250000000e-03,4.369506835937500000e-01,-2.459106445312500000e-01,8.651123046875000000e-01
-4.000000000000000000e+00,-4.000000000000000000e+00,-9.000000000000000000e+00,-9.000000000000000000e+00,-1.000000000000000000e+01,-2.000000000000000000e+00,0.000000000000000000e+00,-3.000000000000000000e+00,9.826660156250000000e-03,4.369506835937500000e-01,-2.459106445312500000e-01,8.651123046875000000e-01
2.000000000000000000e+00,0.000000000000000000e+00,1.100000000000000000e+01,-5.000000000000000000e+00,-1.000000000000000000e+00,0.000000000000000000e+00,1.000000000000000000e+00,1.000000000000000000e+00,9.826660156250000000e-03,4.369506835937500000e-01,-2.459106445312500000e-01,8.651123046875000000e-01
1.000000000000000000e+00,2.000000000000000000e+00,-9.000000000000000000e+00,-8.000000000000000000e+00,1.000000000000000000e+00,0.000000000000000000e+00,0.000000000000000000e+00,1.000000000000000000e+00,8.972167968750000000e-03,4.366455078125000000e-01,-2.460937500000000000e-01,8.652343750000000000e-01
-2.000000000000000000e+00,1.000000000000000000e+00,9.000000000000000000e+00,1.200000000000000000e+01,3.000000000000000000e+00,-1.000000000000000000e+00,-1.000000000000000000e+00,1.000000000000000000e+00,8.972167968750000000e-03,4.366455078125000000e-01,-2.460937500000000000e-01,8.652343750000000000e-01
-1.000000000000000000e+00,-1.000000000000000000e+00,-8.000000000000000000e+00,-2.000000000000000000e+01,-1.200000000000000000e+01,-5.000000000000000000e+00,-3.000000000000000000e+00,-3.000000000000000000e+00,8.972167968750000000e-03,4.366455078125000000e-01,-2.460937500000000000e-01,8.652343750000000000e-01
2.000000000000000000e+00,0.000000000000000000e+00,6.000000000000000000e+00,1.100000000000000000e+01,4.000000000000000000e+00,1.000000000000000000e+00,1.000000000000000000e+00,3.000000000000000000e+00,8.972167968750000000e-03,4.366455078125000000e-01,-2.460937500000000000e-01,8.652343750000000000e-01
1.000000000000000000e+00,3.000000000000000000e+00,-5.000000000000000000e+00,-1.300000000000000000e+01,-3.000000000000000000e+00,2.000000000000000000e+00,2.000000000000000000e+00,2.000000000000000000e+00,9.521484375000000000e-03,4.360961914062500000e-01,-2.467651367187500000e-01,8.652954101562500000e-01
8.000000000000000000e+00,2.000000000000000000e+00,7.000000000000000000e+00,1.400000000000000000e+01,1.700000000000000000e+01,3.000000000000000000e+00,1.000000000000000000e+00,0.000000000000000000e+00,9.521484375000000000e-03,4.360961914062500000e-01,-2.467651367187500000e-01,8.652954101562500000e-01
-2.100000000000000000e+01,-6.000000000000000000e+00,-1.300000000000000000e+01,-1.500000000000000000e+01,-8.000000000000000000e+00,-3.000000000000000000e+00,-3.000000000000000000e+00,-6.000000000000000000e+00,9.521484375000000000e-03,4.360961914062500000e-01,-2.467651367187500000e-01,8.652954101562500000e-01
3.000000000000000000e+00,0.000000000000000000e+00,-8.000000000000000000e+00,-1.000000000000000000e+00,-4.000000000000000000e+00,-3.000000000000000000e+00,-1.000000000000000000e+00,2.000000000000000000e+00,9.521484375000000000e-03,4.360961914062500000e-01,-2.467651367187500000e-01,8.652954101562500000e-01
-1.000000000000000000e+00,-2.000000000000000000e+00,8.000000000000000000e+00,-4.000000000000000000e+00,-5.000000000000000000e+00,-2.000000000000000000e+00,-4.000000000000000000e+00,-1.000000000000000000e+00,1.025390625000000000e-02,4.355468750000000000e-01,-2.471923828125000000e-01,8.654785156250000000e-01
1.300000000000000000e+01,2.000000000000000000e+00,-1.400000000000000000e+01,2.000000000000000000e+00,6.000000000000000000e+00,0.000000000000000000e+00,6.000000000000000000e+00,7.000000000000000000e+00,1.025390625000000000e-02,4.355468750000000000e-01,-2.471923828125000000e-01,8.654785156250000000e-01
6.000000000000000000e+00,3.000000000000000000e+00,2.000000000000000000e+00,-1.400000000000000000e+01,-1.000000000000000000e+00,1.000000000000000000e+00,0.000000000000000000e+00,2.000000000000000000e+00,1.025390625000000000e-02,4.355468750000000000e-01,-2.471923828125000000e-01,8.654785156250000000e-01
-1.100000000000000000e+01,-5.000000000000000000e+00,5.000000000000000000e+00,2.600000000000000000e+01,9.000000000000000000e+00,0.000000000000000000e+00,1.000000000000000000e+00,-1.000000000000000000e+00,1.025390625000000000e-02,4.355468750000000000e-01,-2.471923828125000000e-01,8.654785156250000000e-01
5.000000000000000000e+00,2.000000000000000000e+00,3.000000000000000000e+00,-1.800000000000000000e+01,0.000000000000000000e+00,2.000000000000000000e+00,-3.000000000000000000e+00,-3.000000000000000000e+00,1.013183593750000000e-02,4.351196289062500000e-01,-2.469482421875000000e-01,8.657836914062500000e-01
-1.000000000000000000e+01,-3.000000000000000000e+00,8.000000000000000000e+00,1.800000000000000000e+01,4.000000000000000000e+00,-2.000000000000000000e+00,-3.000000000000000000e+00,-6.000000000000000000e+00,1.013183593750000000e-02,4.351196289062500000e-01,-2.469482421875000000e-01,8.657836914062500000e-01
