2.000000000000000000e+00,-5.000000000000000000e+00,-2.200000000000000000e+01,-1.700000000000000000e+01,-6.000000000000000000e+00,-2.000000000000000000e+00,-5.000000000000000000e+00,0.000000000000000000e+00,-2.027587890625000000e-01,-4.536132812500000000e-01,5.003662109375000000e-01,-7.091064453125000000e-01
-2.000000000000000000e+00,1.000000000000000000e+00,1.700000000000000000e+01,3.000000000000000000e+00,3.000000000000000000e+00,-5.000000000000000000e+00,2.000000000000000000e+00,-2.000000000000000000e+00,-2.027587890625000000e-01,-4.536132812500000000e-01,5.003662109375000000e-01,-7.091064453125000000e-01
-3.000000000000000000e+00,-1.700000000000000000e+01,-1.000000000000000000e+01,-4.000000000000000000e+00,-6.000000000000000000e+00,-4.000000000000000000e+00,-1.000000000000000000e+00,-1.000000000000000000e+00,-2.028198242187500000e-01,-4.533691406250000000e-01,5.003051757812500000e-01,-7.092895507812500000e-01
-3.000000000000000000e+00,-2.000000000000000000e+01,-1.200000000000000000e+01,-8.000000000000000000e+00,-5.000000000000000000e+00,3.000000000000000000e+00,3.000000000000000000e+00,-3.000000000000000000e+00,-2.028198242187500000e-01,-4.533691406250000000e-01,5.003051757812500000e-01,-7.092895507812500000e-01
-2.000000000000000000e+00,4.000000000000000000e+00,-6.000000000000000000e+00,9.000000000000000000e+00,1.000000000000000000e+00,2.000000000000000000e+00,2.000000000000000000e+00,3.000000000000000000e+00,-2.028198242187500000e-01,-4.533691406250000000e-01,5.003051757812500000e-01,-7.092895507812500000e-01
-3.000000000000000000e+00,4.000000000000000000e+00,2.400000000000000000e+01,6.000000000000000000e+00,1.000000000000000000e+00,-7.000000000000000000e+00,-5.000000000000000000e+00,-1.000000000000000000e+00,-2.028198242187500000e-01,-4.533691406250000000e-01,5.003051757812500000e-01,-7.092895507812500000e-01
-8.000000000000000000e+00,-7.000000000000000000e+00,-3.600000000000000000e+01,1.100000000000000000e+01,4.000000000000000000e+00,-2.000000000000000000e+00,3.000000000000000000e+00,-6.000000000000000000e+00,-2.022705078125000000e-01,-4.532470703125000000e-01,4.999389648437500000e-01,-7.097778320312500000e-01
5.000000000000000000e+00,-9.000000000000000000e+00,1.900000000000000000e+01,-4.000000000000000000e+00,-1.000000000000000000e+00,1.000000000000000000e+01,7.000000000000000000e+00,4.000000000000000000e+00,-2.022705078125000000e-01,-4.532470703125000000e-01,4.999389648437500000e-01,-7.097778320312500000e-01
-3.000000000000000000e+00,1.100000000000000000e+01,-4.800000000000000000e+01,-3.400000000000000000e+01,-1.100000000000000000e+01,-3.600000000000000000e+01,-2.600000000000000000e+01,-9.000000000000000000e+00,-2.022705078125000000e-01,-4.532470703125000000e-01,4.999389648437500000e-01,-7.097778320312500000e-01
5.000000000000000000e+00,-5.000000000000000000e+00,-7.000000000000000000e+00,1.300000000000000000e+01,6.000000000000000000e+00,2.200000000000000000e+01,1.300000000000000000e+01,3.000000000000000000e+00,-2.022705078125000000e-01,-4.532470703125000000e-01,4.999389648437500000e-01,-7.097778320312500000e-01
-2.000000000000000000e+00,1.700000000000000000e+01,1.200000000000000000e+01,-6.000000000000000000e+00,3.000000000000000000e+00,6.000000000000000000e+00,1.000000000000000000e+01,2.000000000000000000e+00,-2.020263671875000000e-01,-4.531250000000000000e-01,4.994506835937500000e-01,-7.102661132812500000e-01
-8.000000000000000000e+00,-2.200000000000000000e+01,-1.200000000000000000e+01,1.300000000000000000e+01,3.000000000000000000e+00,-3.000000000000000000e+00,-4.000000000000000000e+00,-3.000000000000000000e+00,-2.020263671875000000e-01,-4.531250000000000000e-01,4.994506835937500000e-01,-7.102661132812500000e-01
6.000000000000000000e+00,2.000000000000000000e+00,1.000000000000000000e+01,5.000000000000000000e+00,4.000000000000000000e+00,7.000000000000000000e+00,0.000000000000000000e+00,2.000000000000000000e+00,-2.020263671875000000e-01,-4.531250000000000000e-01,4.994506835937500000e-01,-7.102661132812500000e-01
-1.000000000000000000e+00,-1.000000000000000000e+00,-1.300000000000000000e+01,-3.000000000000000000e+00,-5.000000000000000000e+00,-1.600000000000000000e+01,-1.100000000000000000e+01,-1.000000000000000000e+00,-2.020263671875000000e-01,-4.531250000000000000e-01,4.994506835937500000e-01,-7.102661132812500000e-01
-5.000000000000000000e+00,-1.000000000000000000e+01,1.700000000000000000e+01,3.000000000000000000e+00,2.000000000000000000e+00,-3.000000000000000000e+00,-3.000000000000000000e+00,-3.000000000000000000e+00,-2.014770507812500000e-01,-4.536132812500000000e-01,4.989013671875000000e-01,-7.105102539062500000e-01
3.000000000000000000e+00,3.400000000000000000e+01,1.500000000000000000e+01,-5.000000000000000000e+00,-9.000000000000000000e+00,-7.000000000000000000e+00,2.000000000000000000e+00,1.000000000000000000e+00,-2.014770507812500000e-01,-4.536132812500000000e-01,4.989013671875000000e-01,-7.105102539062500000e-01
2.000000000000000000e+00,-6.000000000000000000e+00,2.800000000000000000e+01,1.000000000000000000e+01,5.000000000000000000e+00,2.000000000000000000e+00,-2.000000000000000000e+00,1.000000000000000000e+00,-2.014770507812500000e-01,-4.536132812500000000e-01,4.989013671875000000e-01,-7.105102539062500000e-01
-4.000000000000000000e+00,5.000000000000000000e+00,-2.400000000000000000e+01,-1.300000000000000000e+01,-4.000000000000000000e+00,-9.000000000000000000e+00,-5.000000000000000000e+00,-3.000000000000000000e+00,-2.014770507812500000e-01,-4.536132812500000000e-01,4.989013671875000000e-01,-7.105102539062500000e-01
-7.000000000000000000e+00,4.000000000000000000e+00,9.000000000000000000e+00,-4.000000000000000000e+00,-1.000000000000000000e+00,8.000000000000000000e+00,2.000000000000000000e+00,-2.000000000000000000e+00,-2.019042968750000000e-01,-4.536743164062500000e-01,4.987182617187500000e-01,-7.104492187500000000e-01
5.000000000000000000e+00,-1.400000000000000000e+01,-4.200000000000000000e+01,-1.800000000000000000e+01,-1.000000000000000000e+00,-6.000000000000000000e+00,-6.000000000000000000e+00,-4.000000000000000000e+00,-2.019042968750000000e-01,-4.536743164062500000e-01,4.987182617187500000e-01,-7.104492187500000000e-01
-2.000000000000000000e+00,2.400000000000000000e+01,6.600000000000000000e+01,1.900000000000000000e+01,-3.000000000000000000e+00,-1.000000000000000000e+00,0.000000000000000000e+00,-1.000000000000000000e+00,-2.019042968750000000e-01,-4.536743164062500000e-01,4.987182617187500000e-01,-7.104492187500000000e-01
-1.000000000000000000e+00,-1.000000000000000000e+01,-2.900000000000000000e+01,-9.000000000000000000e+00,-9.000000000000000000e+00,-5.000000000000000000e+00,-2.000000000000000000e+00,-1.000000000000000000e+00,-2.019042968750000000e-01,-4.536743164062500000e-01,4.987182617187500000e-01,-7.104492187500000000e-01
2.000000000000000000e+00,1.100000000000000000e+01,2.700000000000000000e+01,-6.000000000000000000e+00,0.000000000000000000e+00,2.000000000000000000e+00,-1.000000000000000000e+00,0.000000000000000000e+00,-2.019042968750000000e-01,-4.536132812500000000e-01,4.987182617187500000e-01,-7.105102539062500000e-01
-4.000000000000000000e+00,-1.500000000000000000e+01,-1.500000000000000000e+01,-7.000000000000000000e+00,0.000000000000000000e+00,0.000000000000000000e+00,-4.000000000000000000e+00,-3.000000000000000000e+00,-2.019042968750000000e-01,-4.536132812500000000e-01,4.987182617187500000e-01,-7.105102539062500000e-01
-2.000000000000000000e+00,-6.000000000000000000e+00,6.000000000000000000e+00,-9.000000000000000000e+00,-6.000000000000000000e+00,0.000000000000000000e+00,-5.000000000000000000e+00,0.000000000000000000e+00,-2.019042968750000000e-01,-4.536132812500000000e-01,4.987182617187500000e-01,-7.105102539062500000e-01
0.000000000000000000e+00,-4.000000000000000000e+00,-3.000000000000000000e+01,-6.000000000000000000e+00,2.000000000000000000e+00,0.000000000000000000e+00,2.000000000000000000e+00,-5.000000000000000000e+00,-2.019042968750000000e-01,-4.536132812500000000e-01,4.987182617187500000e-01,-7.105102539062500000e-01
6.000000000000000000e+00,1.000000000000000000e+00,0.000000000000000000e+00,5.000000000000000000e+00,-4.000000000000000000e+00,-1.000000000000000000e+00,-7.000000000000000000e+00,0.000000000000000000e+00,-2.014770507812500000e-01,-4.534912109375000000e-01,4.987792968750000000e-01,-7.106933593750000000e-01
-6.000000000000000000e+00,-3.000000000000000000e+00,2.000000000000000000e+00,-5.000000000000000000e+00,0.000000000000000000e+00,2.000000000000000000e+00,1.000000000000000000e+00,0.000000000000000000e+00,-2.014770507812500000e-01,-4.534912109375000000e-01,4.987792968750000000e-01,-7.106933593750000000e-01
2.000000000000000000e+00,-1.000000000000000000e+00,-1.500000000000000000e+01,-9.000000000000000000e+00,-7.000000000000000000e+00,2.000000000000000000e+00,-3.000000000000000000e+00,-1.000000000000000000e+00,-2.014770507812500000e-01,-4.534912109375000000e-01,4.987792968750000000e-01,-7.106933593750000000e-01
-6.000000000000000000e+00,4.000000000000000000e+00,2.900000000000000000e+01,2.400000000000000000e+01,4.000000000000000000e+00,-1.000000000000000000e+00,2.000000000000000000e+00,1.000000000000000000e+00,-2.014770507812500000e-01,-4.534912109375000000e-01,4.987792968750000000e-01,-7.106933593750000000e-01
-3.000000000000000000e+00,-1.600000000000000000e+01,-3.100000000000000000e+01,3.000000000000000000e+00,3.000000000000000000e+00,7.000000000000000000e+00,2.000000000000000000e+00,3.000000000000000000e+00,-2.014160156250000000e-01,-4.534301757812500000e-01,4.987792968750000000e-01,-7.106933593750000000e-01
-7.000000000000000000e+00,2.000000000000000000e+00,1.900000000000000000e+01,1.300000000000000000e+01,5.000000000000000000e+00,2.000000000000000000e+00,-2.000000000000000000e+00,-2.000000000000000000e+00,-2.014160156250000000e-01,-4.534301757812500000e-01,4.987792968750000000e-01,-7.106933593750000000e-01
-1.000000000000000000e+00,-5.000000000000000000e+00,-1.200000000000000000e+01,-1.400000000000000000e+01,-4.000000000000000000e+00,1.000000000000000000e+00,4.000000000000000000e+00,-1.000000000000000000e+00,-2.014160156250000000e-01,-4.534301757812500000e-01,4.987792968750000000e-01,-7.106933593750000000e-01
-1.000000000000000000e+00,-4.000000000000000000e+00,5.000000000000000000e+00,1.000000000000000000e+00,-2.000000000000000000e+00,-3.000000000000000000e+00,-5.000000000000000000e+00,1.000000000000000000e+00,-2.014160156250000000e-01,-4.534301757812500000e-01,4.987792968750000000e-01,-7.106933593750000000e-01
3.000000000000000000e+00,1.800000000000000000e+01,3.100000000000000000e+01,-3.000000000000000000e+00,-4.000000000000000000e+00,-5.000000000000000000e+00,-2.000000000000000000e+00,-1.000000000000000000e+00,-2.013549804687500000e-01,-4.536743164062500000e-01,4.987792968750000000e-01,-7.105712890625000000e-01
-4.000000000000000000e+00,-1.500000000000000000e+01,1.900000000000000000e+01,1.500000000000000000e+01,4.000000000000000000e+00,3.000000000000000000e+00,4.000000000000000000e+00,2.000000000000000000e+00,-2.013549804687500000e-01,-4.536743164062500000e-01,4.987792968750000000e-01,-7.105712890625000000e-01
-1.000000000000000000e+00,-8.000000000000000000e+00,-7.700000000000000000e+01,-1.900000000000000000e+01,0.000000000000000000e+00,1.000000000000000000e+00,0.000000000000000000e+00,1.000000000000000000e+00,-2.013549804687500000e-01,-4.536743164062500000e-01,4.987792968750000000e-01,-7.105712890625000000e-01
0.000000000000000000e+00,-8.000000000000000000e+00,1.000000000000000000e+01,-5.000000000000000000e+00,-6.000000000000000000e+00,1.000000000000000000e+00,1.000000000000000000e+00,-1.000000000000000000e+00,-2.013549804687500000e-01,-4.536743164062500000e-01,4.987792968750000000e-01,-7.105712890625000000e-01
-1.000000000000000000e+00,2.000000000000000000e+01,1.100000000000000000e+01,1.000000000000000000e+01,3.000000000000000000e+00,-7.000000000000000000e+00,-6.000000000000000000e+00,-3.000000000000000000e+00,-2.015380859375000000e-01,-4.536743164062500000e-01,4.989013671875000000e-01,-7.104492187500000000e-01
0.000000000000000000e+00,-1.000000000000000000e+00,-3.000000000000000000e+00,-2.000000000000000000e+00,-3.000000000000000000e+00,-4.000000000000000000e+00,-2.000000000000000000e+00,2.000000000000000000e+00,-2.015380859375000000e-01,-4.536743164062500000e-01,4.989013671875000000e-01,-7.104492187500000000e-01
-3.000000000000000000e+00,-1.000000000000000000e+01,1.200000000000000000e+01,7.000000000000000000e+00,0.000000000000000000e+00,3.000000000000000000e+00,9.000000000000000000e+00,-6.000000000000000000e+00,-2.015380859375000000e-01,-4.536743164062500000e-01,4.989013671875000000e-01,-7.104492187500000000e-01
9.000000000000000000e+00,1.100000000000000000e+01,1.100000000000000000e+01,-3.000000000000000000e+00,0.000000000000000000e+00,1.000000000000000000e+00,-1.000000000000000000e+00,0.000000000000000000e+00,-2.015380859375000000e-01,-4.536743164062500000e-01,4.989013671875000000e-01,-7.104492187500000000e-01
0.000000000000000000e+00,-1.100000000000000000e+01,-3.100000000000000000e+01,-1.500000000000000000e+01,-8.000000000000000000e+00,-1.000000000000000000e+00,-1.000000000000000000e+00,0.000000000000000000e+00,-2.014160156250000000e-01,-4.531860351562500000e-01,4.990234375000000000e-01,-7.106323242187500000e-01
-3.000000000000000000e+00,1.200000000000000000e+01,1.800000000000000000e+01,1.500000000000000000e+01,7.000000000000000000e+00,-7.000000000000000000e+00,-6.000000000000000000e+00,-4.000000000000000000e+00,-2.014160156250000000e-01,-4.531860351562500000e-01,4.990234375000000000e-01,-7.106323242187500000e-01
-1.000000000000000000e+00,1.000000000000000000e+00,2.800000000000000000e+01,-3.000000000000000000e+00,-1.000000000000000000e+01,-2.200000000000000000e+01,-2.000000000000000000e+01,-2.000000000000000000e+00,-2.014160156250000000e-01,-4.531860351562500000e-01,4.990234375000000000e-01,-7.106323242187500000e-01
-3.000000000000000000e+00,-6.000000000000000000e+00,-2.700000000000000000e+01,-3.000000000000000000e+00,3.000000000000000000e+00,1.900000000000000000e+01,2.000000000000000000e+01,1.000000000000000000e+00,-2.014160156250000000e-01,-4.531860351562500000e-01,4.990234375000000000e-01,-7.106323242187500000e-01
-1.000000000000000000e+00,5.000000000000000000e+00,2.400000000000000000e+01,4.000000000000000000e+00,-6.000000000000000000e+00,-2.000000000000000000e+00,-3.000000000000000000e+00,-2.000000000000000000e+00,-2.014160156250000000e-01,-4.526977539062500000e-01,4.993286132812500000e-01,-7.108154296875000000e-01
3.000000000000000000e+00,-2.000000000000000000e+00,-6.000000000000000000e+00,1.000000000000000000e+00,-3.000000000000000000e+00,4.000000000000000000e+00,4.000000000000000000e+00,-2.000000000000000000e+00,-2.014160156250000000e-01,-4.526977539062500000e-01,4.993286132812500000e-01,-7.108154296875000000e-01
0.000000000000000000e+00,-3.000000000000000000e+00,-4.100000000000000000e+01,-1.800000000000000000e+01,0.000000000000000000e+00,3.000000000000000000e+00,1.000000000000000000e+00,0.000000000000000000e+00,-2.014160156250000000e-01,-4.526977539062500000e-01,4.993286132812500000e-01,-7.108154296875000000e-01
-6.000000000000000000e+00,0.000000000000000000e+00,6.000000000000000000e+00,1.000000000000000000e+00,2.000000000000000000e+00,-9.000000000000000000e+00,-1.100000000000000000e+01,-5.000000000000000000e+00,-2.014160156250000000e-01,-4.526977539062500000e-01,4.993286132812500000e-01,-7.108154296875000000e-01
-4.000000000000000000e+00,-1.000000000000000000e+00,-8.000000000000000000e+00,-1.300000000000000000e+01,0.000000000000000000e+00,7.000000000000000000e+00,4.000000000000000000e+00,-3.000000000000000000e+00,-2.019042968750000000e-01,-4.521484375000000000e-01,4.995727539062500000e-01,-7.108154296875000000e-01
-2.000000000000000000e+00,-5.400000000000000000e+01,-2.300000000000000000e+01,-2.000000000000000000e+00,-4.000000000000000000e+00,-3.000000000000000000e+00,-1.000000000000000000e+00,2.000000000000000000e+00,-2.019042968750000000e-01,-4.521484375000000000e-01,4.995727539062500000e-01,-7.108154296875000000e-01
-2.000000000000000000e+00,4.400000000000000000e+01,3.100000000000000000e+01,8.000000000000000000e+00,-1.000000000000000000e+00,0.000000000000000000e+00,1.000000000000000000e+00,-1.000000000000000000e+00,-2.019042968750000000e-01,-4.521484375000000000e-01,4.995727539062500000e-01,-7.108154296875000000e-01
4.000000000000000000e+00,-1.200000000000000000e+01,4.000000000000000000e+00,2.000000000000000000e+00,3.000000000000000000e+00,7.000000000000000000e+00,1.000000000000000000e+00,4.000000000000000000e+00,-2.019042968750000000e-01,-4.521484375000000000e-01,4.995727539062500000e-01,-7.108154296875000000e-01
-2.000000000000000000e+00,-3.000000000000000000e+00,-1.800000000000000000e+01,-1.300000000000000000e+01,-3.000000000000000000e+00,1.000000000000000000e+00,-1.000000000000000000e+00,-2.000000000000000000e+00,-2.031250000000000000e-01,-4.514770507812500000e-01,5.000610351562500000e-01,-7.105712890625000000e-01
1.000000000000000000e+00,3.200000000000000000e+01,3.100000000000000000e+01,1.900000000000000000e+01,3.000000000000000000e+00,3.000000000000000000e+00,1.000000000000000000e+00,0.000000000000000000e+00,-2.031250000000000000e-01,-4.514770507812500000e-01,5.000610351562500000e-01,-7.105712890625000000e-01
-1.700000000000000000e+01,-4.600000000000000000e+01,-2.000000000000000000e+01,8.000000000000000000e+00,1.200000000000000000e+01,1.300000000000000000e+01,6.000000000000000000e+00,-3.000000000000000000e+00,-2.031250000000000000e-01,-4.514770507812500000e-01,5.000610351562500000e-01,-7.105712890625000000e-01
-5.000000000000000000e+00,7.000000000000000000e+00,-1.600000000000000000e+01,2.000000000000000000e+00,6.000000000000000000e+00,-9.000000000000000000e+00,-2.000000000000000000e+00,1.000000000000000000e+00,-2.031250000000000000e-01,-4.514770507812500000e-01,5.000610351562500000e-01,-7.105712890625000000e-01
8.000000000000000000e+00,-5.000000000000000000e+00,1.700000000000000000e+01,-6.000000000000000000e+00,1.000000000000000000e+00,3.000000000000000000e+00,-4.000000000000000000e+00,2.000000000000000000e+00,-2.041015625000000000e-01,-4.508666992187500000e-01,5.001220703125000000e-01,-7.106323242187500000e-01
-3.000000000000000000e+00,-1.000000000000000000e+01,-5.000000000000000000e+00,1.000000000000000000e+00,0.000000000000000000e+00,1.000000000000000000e+00,-2.000000000000000000e+00,-2.000000000000000000e+00,-2.041015625000000000e-01,-4.508666992187500000e-01,5.001220703125000000e-01,-7.106323242187500000e-01
2.000000000000000000e+00,-1.000000000000000000e+00,-1.200000000000000000e+01,4.000000000000000000e+00,-1.000000000000000000e+00,5.000000000000000000e+00,1.000000000000000000e+00,-1.000000000000000000e+00,-2.041015625000000000e-01,-4.508666992187500000e-01,5.001220703125000000e-01,-7.106323242187500000e-01
-5.000000000000000000e+00,-2.000000000000000000e+00,-3.000000000000000000e+00,6.000000000000000000e+00,0.000000000000000000e+00,-1.100000000000000000e+01,-9.000000000000000000e+00,-3.000000000000000000e+00,-2.041015625000000000e-01,-4.508666992187500000e-01,5.001220703125000000e-01,-7.106323242187500000e-01
-1.000000000000000000e+01,-1.000000000000000000e+01,2.000000000000000000e+00,-4.000000000000000000e+00,1.000000000000000000e+00,-3.000000000000000000e+00,1.000000000000000000e+00,-3.000000000000000000e+00,-2.052612304687500000e-01,-4.502563476562500000e-01,4.996948242187500000e-01,-7.109985351562500000e-01
1.000000000000000000e+00,4.000000000000000000e+00,-1.100000000000000000e+01,-1.200000000000000000e+01,-2.000000000000000000e+00,1.500000000000000000e+01,1.200000000000000000e+01,3.000000000000000000e+00,-2.052612304687500000e-01,-4.502563476562500000e-01,4.996948242187500000e-01,-7.109985351562500000e-01
1.000000000000000000e+00,2.000000000000000000e+00,3.300000000000000000e+01,3.000000000000000000e+01,7.000000000000000000e+00,-5.000000000000000000e+00,-1.300000000000000000e+01,1.000000000000000000e+00,-2.052612304687500000e-01,-4.502563476562500000e-01,4.996948242187500000e-01,-7.109985351562500000e-01
0.000000000000000000e+00,-1.000000000000000000e+01,1.000000000000000000e+00,-3.000000000000000000e+00,-2.000000000000000000e+00,7.000000000000000000e+00,1.100000000000000000e+01,1.000000000000000000e+00,-2.052612304687500000e-01,-4.502563476562500000e-01,4.996948242187500000e-01,-7.109985351562500000e-01
7.000000000000000000e+00,1.600000000000000000e+01,-1.000000000000000000e+00,-9.000000000000000000e+00,-6.000000000000000000e+00,-1.500000000000000000e+01,-9.000000000000000000e+00,0.000000000000000000e+00,-2.053222656250000000e-01,-4.506225585937500000e-01,4.990844726562500000e-01,-7.111206054687500000e-01
-5.000000000000000000e+00,-1.000000000000000000e+00,-6.000000000000000000e+00,-5.000000000000000000e+00,-2.000000000000000000e+00,8.000000000000000000e+00,1.000000000000000000e+01,1.000000000000000000e+00,-2.053222656250000000e-01,-4.506225585937500000e-01,4.990844726562500000e-01,-7.111206054687500000e-01
4.000000000000000000e+00,-7.000000000000000000e+00,4.000000000000000000e+00,-1.100000000000000000e+01,-4.000000000000000000e+00,0.000000000000000000e+00,0.000000000000000000e+00,0.000000000000000000e+00,-2.053222656250000000e-01,-4.506225585937500000e-01,4.990844726562500000e-01,-7.111206054687500000e-01
-1.000000000000000000e+00,-2.000000000000000000e+00,-1.000000000000000000e+01,0.000000000000000000e+00,3.000000000000000000e+00,0.000000000000000000e+00,-6.000000000000000000e+00,-5.000000000000000000e+00,-2.053222656250000000e-01,-4.506225585937500000e-01,4.990844726562500000e-01,-7.111206054687500000e-01
4.000000000000000000e+00,1.300000000000000000e+01,1.100000000000000000e+01,8.000000000000000000e+00,2.000000000000000000e+00,-3.000000000000000000e+00,1.000000000000000000e+00,1.000000000000000000e+00,-2.059936523437500000e-01,-4.508056640625000000e-01,4.991455078125000000e-01,-7.108154296875000000e-01
-5.000000000000000000e+00,-2.000000000000000000e+00,-1.000000000000000000e+00,-4.000000000000000000e+00,-3.000000000000000000e+00,-1.100000000000000000e+01,-8.000000000000000000e+00,-4.000000000000000000e+00,-2.059936523437500000e-01,-4.508056640625000000e-01,4.991455078125000000e-01,-7.108154296875000000e-01
4.000000000000000000e+00,-1.200000000000000000e+01,-1.200000000000000000e+01,-5.000000000000000000e+00,-8.000000000000000000e+00,-7.000000000000000000e+00,0.000000000000000000e+00,0.000000000000000000e+00,-2.059936523437500000e-01,-4.508056640625000000e-01,4.991455078125000000e-01,-7.108154296875000000e-01
-1.000000000000000000e+00,3.500000000000000000e+01,1.800000000000000000e+01,-1.000000000000000000e+01,-1.100000000000000000e+01,-1.000000000000000000e+01,-1.000000000000000000e+01,-3.000000000000000000e+00,-2.059936523437500000e-01,-4.508056640625000000e-01,4.991455078125000000e-01,-7.108154296875000000e-01
3.000000000000000000e+00,-5.000000000000000000e+00,-3.400000000000000000e+01,1.700000000000000000e+01,-1.000000000000000000e+00,3.000000000000000000e+00,2.000000000000000000e+00,3.000000000000000000e+00,-2.073974609375000000e-01,-4.506835937500000000e-01,4.996948242187500000e-01,-7.100830078125000000e-01
-3.000000000000000000e+00,-1.900000000000000000e+01,-1.300000000000000000e+01,-2.900000000000000000e+01,-4.000000000000000000e+00,-1.700000000000000000e+01,-2.200000000000000000e+01,-9.000000000000000000e+00,-2.073974609375000000e-01,-4.506835937500000000e-01,4.996948242187500000e-01,-7.100830078125000000e-01
6.000000000000000000e+00,1.600000000000000000e+01,-5.000000000000000000e+00,-2.000000000000000000e+00,-4.000000000000000000e+00,5.000000000000000000e+00,6.000000000000000000e+00,0.000000000000000000e+00,-2.073974609375000000e-01,-4.506835937500000000e-01,4.996948242187500000e-01,-7.100830078125000000e-01
0.000000000000000000e+00,-9.000000000000000000e+00,-5.000000000000000000e+00,-5.000000000000000000e+00,-6.000000000000000000e+00,-1.000000000000000000e+00,-3.000000000000000000e+00,-1.000000000000000000e+00,-2.073974609375000000e-01,-4.506835937500000000e-01,4.996948242187500000e-01,-7.100830078125000000e-01
-3.000000000000000000e+00,0.000000000000000000e+00,-3.000000000000000000e+00,4.000000000000000000e+00,-1.000000000000000000e+00,0.000000000000000000e+00,-2.000000000000000000e+00,0.000000000000000000e+00,-2.084350585937500000e-01,-4.507446289062500000e-01,5.000000000000000000e-01,-7.095336914062500000e-01
1.000000000000000000e+00,7.000000000000000000e+00,4.100000000000000000e+01,1.100000000000000000e+01,-1.000000000000000000e+00,-9.000000000000000000e+00,-6.000000000000000000e+00,-2.000000000000000000e+00,-2.084350585937500000e-01,-4.507446289062500000e-01,5.000000000000000000e-01,-7.095336914062500000e-01
-7.000000000000000000e+00,-1.000000000000000000e+01,-3.500000000000000000e+01,-2.200000000000000000e+01,-5.000000000000000000e+00,-9.000000000000000000e+00,-4.000000000000000000e+00,-3.000000000000000000e+00,-2.084350585937500000e-01,-4.507446289062500000e-01,5.000000000000000000e-01,-7.095336914062500000e-01
5.000000000000000000e+00,3.000000000000000000e+00,6.000000000000000000e+00,4.000000000000000000e+00,2.000000000000000000e+00,3.000000000000000000e+00,3.000000000000000000e+00,1.000000000000000000e+00,-2.084350585937500000e-01,-4.507446289062500000e-01,5.000000000000000000e-01,-7.095336914062500000e-01
-3.000000000000000000e+00,-1.000000000000000000e+00,1.200000000000000000e+01,1.000000000000000000e+01,-2.000000000000000000e+00,4.000000000000000000e+00,2.000000000000000000e+00,0.000000000000000000e+00,-2.084960937500000000e-01,-4.509887695312500000e-01,5.001831054687500000e-01,-7.092285156250000000e-01
-3.000000000000000000e+00,-4.000000000000000000e+00,4.000000000000000000e+00,4.000000000000000000e+00,9.000000000000000000e+00,-3.000000000000000000e+00,-2.000000000000000000e+00,0.000000000000000000e+00,-2.084960937500000000e-01,-4.509887695312500000e-01,5.001831054687500000e-01,-7.092285156250000000e-01
-3.000000000000000000e+00,0.000000000000000000e+00,-3.000000000000000000e+00,3.000000000000000000e+00,1.000000000000000000e+00,1.000000000000000000e+00,-1.000000000000000000e+00,-3.000000000000000000e+00,-2.084960937500000000e-01,-4.509887695312500000e-01,5.001831054687500000e-01,-7.092285156250000000e-01
-6.000000000000000000e+00,-1.200000000000000000e+01,-1.500000000000000000e+01,4.000000000000000000e+00,1.000000000000000000e+00,0.000000000000000000e+00,-1.000000000000000000e+00,-4.000000000000000000e+00,-2.084960937500000000e-01,-4.509887695312500000e-01,5.001831054687500000e-01,-7.092285156250000000e-01
-1.000000000000000000e+00,-3.000000000000000000e+00,-3.000000000000000000e+00,-8.000000000000000000e+00,2.000000000000000000e+00,0.000000000000000000e+00,0.000000000000000000e+00,1.000000000000000000e+00,-2.083740234375000000e-01,-4.511718750000000000e-01,5.002441406250000000e-01,-7.091064453125000000e-01
4.000000000000000000e+00,5.000000000000000000e+00,-1.400000000000000000e+01,-3.000000000000000000e+00,-2.000000000000000000e+00,2.000000000000000000e+00,3.000000000000000000e+00,1.000000000000000000e+00,-2.083740234375000000e-01,-4.511718750000000000e-01,5.002441406250000000e-01,-7.091064453125000000e-01
-2.000000000000000000e+00,-3.000000000000000000e+00,9.000000000000000000e+00,4.000000000000000000e+00,-2.000000000000000000e+00,2.000000000000000000e+00,4.000000000000000000e+00,1.000000000000000000e+00,-2.083740234375000000e-01,-4.511718750000000000e-01,5.002441406250000000e-01,-7.091064453125000000e-01
-3.000000000000000000e+00,-6.000000000000000000e+00,-9.000000000000000000e+00,-6.000000000000000000e+00,-1.000000000000000000e+00,-3.000000000000000000e+00,-4.000000000000000000e+00,-2.000000000000000000e+00,-2.083740234375000000e-01,-4.511718750000000000e-01,5.002441406250000000e-01,-7.091064453125000000e-01
4.000000000000000000e+00,-2.000000000000000000e+00,-1.100000000000000000e+01,-1.000000000000000000e+00,0.000000000000000000e+00,-4.000000000000000000e+00,-2.000000000000000000e+00,-1.000000000000000000e+00,-2.081298828125000000e-01,-4.514770507812500000e-01,5.004272460937500000e-01,-7.088623046875000000e-01
3.000000000000000000e+00,1.400000000000000000e+01,2.000000000000000000e+01,-3.000000000000000000e+00,-9.000000000000000000e+00,-4.000000000000000000e+00,1.000000000000000000e+00,1.000000000000000000e+00,-2.081298828125000000e-01,-4.514770507812500000e-01,5.004272460937500000e-01,-7.088623046875000000e-01
-3.000000000000000000e+00,-6.000000000000000000e+00,-4.800000000000000000e+01,-1.200000000000000000e+01,-2.000000000000000000e+00,-2.000000000000000000e+00,-3.000000000000000000e+00,-2.000000000000000000e+00,-2.081298828125000000e-01,-4.514770507812500000e-01,5.004272460937500000e-01,-7.088623046875000000e-01
1.000000000000000000e+00,1.000000000000000000e+01,7.000000000000000000e+00,1.000000000000000000e+00,2.000000000000000000e+00,8.000000000000000000e+00,4.000000000000000000e+00,0.000000000000000000e+00,-2.081298828125000000e-01,-4.514770507812500000e-01,5.004272460937500000e-01,-7.088623046875000000e-01
-1.000000000000000000e+00,0.000000000000000000e+00,2.100000000000000000e+01,-2.000000000000000000e+00,4.000000000000000000e+00,-1.000000000000000000e+00,-1.000000000000000000e+00,-3.000000000000000000e+00,-2.078857421875000000e-01,-4.516601562500000000e-01,5.007934570312500000e-01,-7.085571289062500000e-01
-6.000000000000000000e+00,-1.000000000000000000e+00,-1.100000000000000000e+01,-3.000000000000000000e+00,-3.000000000000000000e+00,2.000000000000000000e+00,3.000000000000000000e+00,-2.000000000000000000e+00,-2.078857421875000000e-01,-4.516601562500000000e-01,5.007934570312500000e-01,-7.085571289062500000e-01
-2.000000000000000000e+00,-1.100000000000000000e+01,2.400000000000000000e+01,1.000000000000000000e+00,-5.000000000000000000e+00,-2.000000000000000000e+00,1.000000000000000000e+00,-2.000000000000000000e+00,-2.078857421875000000e-01,-4.516601562500000000e-01,5.007934570312500000e-01,-7.085571289062500000e-01
-1.000000000000000000e+00,-3.200000000000000000e+01,2.100000000000000000e+01,9.000000000000000000e+00,-2.000000000000000000e+00,2.000000000000000000e+00,-3.000000000000000000e+00,1.000000000000000000e+00,-2.078857421875000000e-01,-4.516601562500000000e-01,5.007934570312500000e-01,-7.085571289062500000e-01
-2.000000000000000000e+00,2.800000000000000000e+01,-5.100000000000000000e+01,-1.200000000000000000e+01,-7.000000000000000000e+00,-4.000000000000000000e+00,-4.000000000000000000e+00,-6.000000000000000000e+00,-2.073974609375000000e-01,-4.517211914062500000e-01,5.008544921875000000e-01,-7.086181640625000000e-01
4.000000000000000000e+00,5.000000000000000000e+00,-3.000000000000000000e+00,-9.000000000000000000e+00,0.000000000000000000e+00,5.000000000000000000e+00,2.000000000000000000e+00,1.000000000000000000e+00,-2.073974609375000000e-01,-4.517211914062500000e-01,5.008544921875000000e-01,-7.086181640625000000e-01
-2.000000000000000000e+00,4.000000000000000000e+00,2.000000000000000000e+01,1.000000000000000000e+01,-2.000000000000000000e+00,4.000000000000000000e+00,-1.000000000000000000e+00,-3.000000000000000000e+00,-2.073974609375000000e-01,-4.517211914062500000e-01,5.008544921875000000e-01,-7.086181640625000000e-01
6.000000000000000000e+00,1.400000000000000000e+01,-2.200000000000000000e+01,-1.400000000000000000e+01,7.000000000000000000e+00,-6.000000000000000000e+00,-3.000000000000000000e+00,-2.000000000000000000e+00,-2.073974609375000000e-01,-4.517211914062500000e-01,5.008544921875000000e-01,-7.086181640625000000e-01
-9.000000000000000000e+00,-1.800000000000000000e+01,4.500000000000000000e+01,2.300000000000000000e+01,1.500000000000000000e+01,6.000000000000000000e+00,4.000000000000000000e+00,-1.000000000000000000e+00,-2.059936523437500000e-01,-4.522094726562500000e-01,5.000610351562500000e-01,-7.092895507812500000e-01
0.000000000000000000e+00,-1.200000000000000000e+01,-4.900000000000000000e+01,-1.300000000000000000e+01,-3.000000000000000000e+00,0.000000000000000000e+00,1.000000000000000000e+00,1.000000000000000000e+00,-2.059936523437500000e-01,-4.522094726562500000e-01,5.000610351562500000e-01,-7.092895507812500000e-01
1.000000000000000000e+00,1.400000000000000000e+01,2.400000000000000000e+01,1.900000000000000000e+01,-1.000000000000000000e+00,-8.000000000000000000e+00,-3.000000000000000000e+00,-1.000000000000000000e+00,-2.059936523437500000e-01,-4.522094726562500000e-01,5.000610351562500000e-01,-7.092895507812500000e-01
-2.000000000000000000e+00,-5.000000000000000000e+00,-1.100000000000000000e+01,-2.000000000000000000e+01,-1.200000000000000000e+01,-6.000000000000000000e+00,0.000000000000000000e+00,0.000000000000000000e+00,-2.059936523437500000e-01,-4.522094726562500000e-01,5.000610351562500000e-01,-7.092895507812500000e-01
2.000000000000000000e+00,-3.000000000000000000e+00,2.600000000000000000e+01,2.000000000000000000e+00,-5.000000000000000000e+00,-1.000000000000000000e+00,-2.000000000000000000e+00,-1.000000000000000000e+00,-2.040405273437500000e-01,-4.523925781250000000e-01,4.992065429687500000e-01,-7.102661132812500000e-01
-1.000000000000000000e+00,-4.000000000000000000e+00,-3.400000000000000000e+01,0.000000000000000000e+00,-3.000000000000000000e+00,-2.000000000000000000e+00,1.000000000000000000e+00,-1.000000000000000000e+00,-2.040405273437500000e-01,-4.523925781250000000e-01,4.992065429687500000e-01,-7.102661132812500000e-01
-5.000000000000000000e+00,-3.000000000000000000e+00,2.100000000000000000e+01,-1.000000000000000000e+00,5.000000000000000000e+00,1.000000000000000000e+00,2.000000000000000000e+00,0.000000000000000000e+00,-2.040405273437500000e-01,-4.523925781250000000e-01,4.992065429687500000e-01,-7.102661132812500000e-01
-4.000000000000000000e+00,-6.000000000000000000e+00,-9.000000000000000000e+00,-7.000000000000000000e+00,-8.000000000000000000e+00,-1.300000000000000000e+01,-9.000000000000000000e+00,-3.000000000000000000e+00,-2.040405273437500000e-01,-4.523925781250000000e-01,4.992065429687500000e-01,-7.102661132812500000e-01
5.000000000000000000e+00,-1.800000000000000000e+01,-4.000000000000000000e+00,0.000000000000000000e+00,-4.000000000000000000e+00,1.000000000000000000e+00,3.000000000000000000e+00,0.000000000000000000e+00,-2.025756835937500000e-01,-4.524536132812500000e-01,4.985351562500000000e-01,-7.111816406250000000e-01
-5.000000000000000000e+00,7.000000000000000000e+00,8.000000000000000000e+00,1.000000000000000000e+00,3.000000000000000000e+00,3.000000000000000000e+00,-4.000000000000000000e+00,2.000000000000000000e+00,-2.025756835937500000e-01,-4.524536132812500000e-01,4.985351562500000000e-01,-7.111816406250000000e-01
0.000000000000000000e+00,1.500000000000000000e+01,2.000000000000000000e+00,1.000000000000000000e+00,1.100000000000000000e+01,1.200000000000000000e+01,9.000000000000000000e+00,-2.000000000000000000e+00,-2.025756835937500000e-01,-4.524536132812500000e-01,4.985351562500000000e-01,-7.111816406250000000e-01
3.000000000000000000e+00,-8.000000000000000000e+00,7.000000000000000000e+00,3.000000000000000000e+00,-6.000000000000000000e+00,-8.000000000000000000e+00,-8.000000000000000000e+00,3.000000000000000000e+00,-2.025756835937500000e-01,-4.524536132812500000e-01,4.985351562500000000e-01,-7.111816406250000000e-01
3.000000000000000000e+00,5.000000000000000000e+00,-1.000000000000000000e+01,-1.900000000000000000e+01,-2.000000000000000000e+00,5.000000000000000000e+00,3.000000000000000000e+00,0.000000000000000000e+00,-2.023315429687500000e-01,-4.520874023437500000e-01,4.981079101562500000e-01,-7.117919921875000000e-01
-3.000000000000000000e+00,-9.000000000000000000e+00,1.700000000000000000e+01,1.500000000000000000e+01,-1.000000000000000000e+00,-1.000000000000000000e+01,-8.000000000000000000e+00,-4.000000000000000000e+00,-2.023315429687500000e-01,-4.520874023437500000e-01,4.981079101562500000e-01,-7.117919921875000000e-01
8.000000000000000000e+00,2.000000000000000000e+01,1.700000000000000000e+01,5.000000000000000000e+00,-2.000000000000000000e+00,-1.200000000000000000e+01,-6.000000000000000000e+00,1.000000000000000000e+00,-2.023315429687500000e-01,-4.520874023437500000e-01,4.981079101562500000e-01,-7.117919921875000000e-01
1.000000000000000000e+00,2.000000000000000000e+00,-4.900000000000000000e+01,-1.700000000000000000e+01,-2.000000000000000000e+00,-3.000000000000000000e+00,-1.000000000000000000e+00,1.000000000000000000e+00,-2.023315429687500000e-01,-4.520874023437500000e-01,4.981079101562500000e-01,-7.117919921875000000e-01
2.000000000000000000e+00,7.000000000000000000e+00,3.000000000000000000e+01,2.200000000000000000e+01,3.000000000000000000e+00,1.100000000000000000e+01,1.000000000000000000e+00,1.000000000000000000e+00,-2.023315429687500000e-01,-4.518432617187500000e-01,4.977416992187500000e-01,-7.121582031250000000e-01
0.000000000000000000e+00,-1.800000000000000000e+01,-4.000000000000000000e+00,-6.000000000000000000e+00,1.000000000000000000e+00,5.000000000000000000e+00,0.000000000000000000e+00,-1.000000000000000000e+00,-2.023315429687500000e-01,-4.518432617187500000e-01,4.977416992187500000e-01,-7.121582031250000000e-01
0.000000000000000000e+00,-1.000000000000000000e+01,1.700000000000000000e+01,-2.000000000000000000e+00,-3.000000000000000000e+00,-1.000000000000000000e+00,8.000000000000000000e+00,2.000000000000000000e+00,-2.023315429687500000e-01,-4.518432617187500000e-01,4.977416992187500000e-01,-7.121582031250000000e-01
-8.000000000000000000e+00,-3.000000000000000000e+00,-1.000000000000000000e+01,6.000000000000000000e+00,0.000000000000000000e+00,3.000000000000000000e+00,3.000000000000000000e+00,-3.000000000000000000e+00,-2.023315429687500000e-01,-4.518432617187500000e-01,4.977416992187500000e-01,-7.121582031250000000e-01
-1.000000000000000000e+00,-7.000000000000000000e+00,-2.500000000000000000e+01,-6.000000000000000000e+00,-2.000000000000000000e+00,3.000000000000000000e+00,3.000000000000000000e+00,3.000000000000000000e+00,-2.023315429687500000e-01,-4.515991210937500000e-01,4.977416992187500000e-01,-7.123413085937500000e-01
-3.000000000000000000e+00,6.000000000000000000e+00,8.000000000000000000e+00,5.000000000000000000e+00,-6.000000000000000000e+00,-1.200000000000000000e+01,-9.000000000000000000e+00,-5.000000000000000000e+00,-2.023315429687500000e-01,-4.515991210937500000e-01,4.977416992187500000e-01,-7.123413085937500000e-01
-3.000000000000000000e+00,-1.000000000000000000e+00,-4.000000000000000000e+00,-2.100000000000000000e+01,-8.000000000000000000e+00,-3.000000000000000000e+00,-6.000000000000000000e+00,-2.000000000000000000e+00,-2.023315429687500000e-01,-4.515991210937500000e-01,4.977416992187500000e-01,-7.123413085937500000e-01
5.000000000000000000e+00,9.000000000000000000e+00,8.000000000000000000e+00,5.000000000000000000e+00,3.000000000000000000e+00,4.000000000000000000e+00,1.000000000000000000e+00,-1.000000000000000000e+00,-2.023315429687500000e-01,-4.515991210937500000e-01,4.977416992187500000e-01,-7.123413085937500000e-01
-7.000000000000000000e+00,-7.000000000000000000e+00,-1.500000000000000000e+01,-1.000000000000000000e+01,-3.000000000000000000e+00,-9.000000000000000000e+00,-4.000000000000000000e+00,-1.000000000000000000e+00,-2.016601562500000000e-01,-4.517822265625000000e-01,4.973144531250000000e-01,-7.127075195312500000e-01
2.000000000000000000e+00,8.000000000000000000e+00,8.000000000000000000e+00,-2.000000000000000000e+00,-4.000000000000000000e+00,-1.000000000000000000e+00,7.000000000000000000e+00,4.000000000000000000e+00,-2.016601562500000000e-01,-4.517822265625000000e-01,4.973144531250000000e-01,-7.127075195312500000e-01
-5.000000000000000000e+00,-1.000000000000000000e+01,-2.400000000000000000e+01,2.000000000000000000e+00,-6.000000000000000000e+00,2.000000000000000000e+00,-6.000000000000000000e+00,-7.000000000000000000e+00,-2.016601562500000000e-01,-4.517822265625000000e-01,4.973144531250000000e-01,-7.127075195312500000e-01
5.000000000000000000e+00,2.000000000000000000e+00,4.000000000000000000e+00,2.000000000000000000e+01,3.000000000000000000e+01,8.000000000000000000e+00,1.000000000000000000e+00,0.000000000000000000e+00,-2.016601562500000000e-01,-4.517822265625000000e-01,4.973144531250000000e-01,-7.127075195312500000e-01
-1.000000000000000000e+00,7.000000000000000000e+00,5.000000000000000000e+00,-4.000000000000000000e+00,-5.000000000000000000e+00,-1.100000000000000000e+01,-7.000000000000000000e+00,-4.000000000000000000e+00,-2.006835937500000000e-01,-4.522094726562500000e-01,4.968261718750000000e-01,-7.130126953125000000e-01
1.000000000000000000e+00,-4.000000000000000000e+00,1.300000000000000000e+01,0.000000000000000000e+00,4.000000000000000000e+00,4.000000000000000000e+00,0.000000000000000000e+00,1.000000000000000000e+00,-2.006835937500000000e-01,-4.522094726562500000e-01,4.968261718750000000e-01,-7.130126953125000000e-01
6.000000000000000000e+00,-1.200000000000000000e+01,-9.000000000000000000e+00,0.000000000000000000e+00,-2.000000000000000000e+00,2.000000000000000000e+00,1.000000000000000000e+00,4.000000000000000000e+00,-2.006835937500000000e-01,-4.522094726562500000e-01,4.968261718750000000e-01,-7.130126953125000000e-01
-4.000000000000000000e+00,7.000000000000000000e+00,-3.000000000000000000e+00,-9.000000000000000000e+00,-6.000000000000000000e+00,4.000000000000000000e+00,2.000000000000000000e+00,-2.000000000000000000e+00,-2.006835937500000000e-01,-4.522094726562500000e-01,4.968261718750000000e-01,-7.130126953125000000e-01
-3.000000000000000000e+00,2.500000000000000000e+01,-1.900000000000000000e+01,0.000000000000000000e+00,0.000000000000000000e+00,-6.000000000000000000e+00,-2.000000000000000000e+00,-2.000000000000000000e+00,-1.998901367187500000e-01,-4.525146484375000000e-01,4.967041015625000000e-01,-7.131347656250000000e-01
2.000000000000000000e+00,7.000000000000000000e+00,1.900000000000000000e+01,3.000000000000000000e+00,-5.000000000000000000e+00,-3.000000000000000000e+00,0.000000000000000000e+00,-3.000000000000000000e+00,-1.998901367187500000e-01,-4.525146484375000000e-01,4.967041015625000000e-01,-7.131347656250000000e-01
-2.000000000000000000e+00,-9.000000000000000000e+00,-4.000000000000000000e+00,1.000000000000000000e+00,-3.000000000000000000e+00,-1.100000000000000000e+01,-1.300000000000000000e+01,-2.000000000000000000e+00,-1.998901367187500000e-01,-4.525146484375000000e-01,4.967041015625000000e-01,-7.131347656250000000e-01
-7.000000000000000000e+00,-2.000000000000000000e+01,3.000000000000000000e+00,-1.000000000000000000e+00,-6.000000000000000000e+00,8.000000000000000000e+00,1.500000000000000000e+01,-3.000000000000000000e+00,-1.998901367187500000e-01,-4.525146484375000000e-01,4.967041015625000000e-01,-7.131347656250000000e-01
-1.000000000000000000e+00,0.000000000000000000e+00,2.300000000000000000e+01,0.000000000000000000e+00,6.000000000000000000e+00,-1.000000000000000000e+00,-7.000000000000000000e+00,1.000000000000000000e+00,-1.994628906250000000e-01,-4.526367187500000000e-01,4.967041015625000000e-01,-7.132568359375000000e-01
-3.000000000000000000e+00,-1.300000000000000000e+01,-5.000000000000000000e+01,-9.000000000000000000e+00,1.000000000000000000e+00,1.800000000000000000e+01,1.700000000000000000e+01,0.000000000000000000e+00,-1.994628906250000000e-01,-4.526367187500000000e-01,4.967041015625000000e-01,-7.132568359375000000e-01
-5.000000000000000000e+00,2.000000000000000000e+00,3.000000000000000000e+00,-5.000000000000000000e+00,-3.000000000000000000e+00,1.300000000000000000e+01,3.000000000000000000e+00,-2.000000000000000000e+00,-1.994628906250000000e-01,-4.526367187500000000e-01,4.967041015625000000e-01,-7.132568359375000000e-01
5.000000000000000000e+00,9.000000000000000000e+00,-3.000000000000000000e+00,-1.000000000000000000e+00,-5.000000000000000000e+00,-1.000000000000000000e+00,-1.000000000000000000e+00,1.000000000000000000e+00,-1.994628906250000000e-01,-4.526367187500000000e-01,4.967041015625000000e-01,-7.132568359375000000e-01
-2.000000000000000000e+00,-1.000000000000000000e+01,-1.100000000000000000e+01,-1.000000000000000000e+01,-1.100000000000000000e+01,-1.800000000000000000e+01,-7.000000000000000000e+00,-3.000000000000000000e+00,-1.993408203125000000e-01,-4.525756835937500000e-01,4.965820312500000000e-01,-7.133789062500000000e-01
1.000000000000000000e+00,4.000000000000000000e+00,4.000000000000000000e+00,3.000000000000000000e+00,-2.000000000000000000e+00,-7.000000000000000000e+00,-6.000000000000000000e+00,-1.000000000000000000e+00,-1.993408203125000000e-01,-4.525756835937500000e-01,4.965820312500000000e-01,-7.133789062500000000e-01
-5.000000000000000000e+00,0.000000000000000000e+00,8.000000000000000000e+00,-2.600000000000000000e+01,-2.300000000000000000e+01,-1.700000000000000000e+01,-7.000000000000000000e+00,-3.000000000000000000e+00,-1.993408203125000000e-01,-4.525756835937500000e-01,4.965820312500000000e-01,-7.133789062500000000e-01
-1.000000000000000000e+00,1.000000000000000000e+00,1.300000000000000000e+01,1.200000000000000000e+01,-1.000000000000000000e+00,9.000000000000000000e+00,3.000000000000000000e+00,-2.000000000000000000e+00,-1.993408203125000000e-01,-4.525756835937500000e-01,4.965820312500000000e-01,-7.133789062500000000e-01
0.000000000000000000e+00,-1.100000000000000000e+01,-4.000000000000000000e+00,-2.900000000000000000e+01,-1.000000000000000000e+00,2.000000000000000000e+00,2.000000000000000000e+00,0.000000000000000000e+00,-2.000122070312500000e-01,-4.520263671875000000e-01,4.963378906250000000e-01,-7.136840820312500000e-01
-5.000000000000000000e+00,-5.000000000000000000e+00,-1.300000000000000000e+01,-2.500000000000000000e+01,-1.500000000000000000e+01,-1.000000000000000000e+01,-1.000000000000000000e+01,-3.000000000000000000e+00,-2.000122070312500000e-01,-4.520263671875000000e-01,4.963378906250000000e-01,-7.136840820312500000e-01
-3.000000000000000000e+00,-1.000000000000000000e+00,-4.100000000000000000e+01,1.000000000000000000e+01,-2.100000000000000000e+01,-4.000000000000000000e+00,3.000000000000000000e+00,-3.000000000000000000e+00,-2.000122070312500000e-01,-4.520263671875000000e-01,4.963378906250000000e-01,-7.136840820312500000e-01
2.000000000000000000e+00,1.000000000000000000e+00,6.800000000000000000e+01,2.600000000000000000e+01,1.800000000000000000e+01,3.000000000000000000e+00,-7.000000000000000000e+00,0.000000000000000000e+00,-2.000122070312500000e-01,-4.520263671875000000e-01,4.963378906250000000e-01,-7.136840820312500000e-01
-7.000000000000000000e+00,-3.000000000000000000e+01,-3.500000000000000000e+01,-1.000000000000000000e+00,0.000000000000000000e+00,6.000000000000000000e+00,8.000000000000000000e+00,-1.000000000000000000e+00,-2.018432617187500000e-01,-4.504394531250000000e-01,4.959716796875000000e-01,-7.144165039062500000e-01
-1.000000000000000000e+00,3.500000000000000000e+01,3.000000000000000000e+00,4.000000000000000000e+00,6.000000000000000000e+00,-6.000000000000000000e+00,-5.000000000000000000e+00,0.000000000000000000e+00,-2.018432617187500000e-01,-4.504394531250000000e-01,4.959716796875000000e-01,-7.144165039062500000e-01
-7.000000000000000000e+00,-2.300000000000000000e+01,-5.000000000000000000e+00,-2.500000000000000000e+01,-2.000000000000000000e+01,-7.000000000000000000e+00,-1.000000000000000000e+00,-2.000000000000000000e+00,-2.018432617187500000e-01,-4.504394531250000000e-01,4.959716796875000000e-01,-7.144165039062500000e-01
3.000000000000000000e+00,3.200000000000000000e+01,-2.000000000000000000e+00,-1.800000000000000000e+01,-1.800000000000000000e+01,-7.000000000000000000e+00,-1.000000000000000000e+00,0.000000000000000000e+00,-2.018432617187500000e-01,-4.504394531250000000e-01,4.959716796875000000e-01,-7.144165039062500000e-01
-3.000000000000000000e+00,-2.000000000000000000e+01,1.900000000000000000e+01,2.400000000000000000e+01,5.000000000000000000e+00,-1.600000000000000000e+01,-4.000000000000000000e+00,-1.000000000000000000e+00,-2.001342773437500000e-01,-4.513549804687500000e-01,4.949340820312500000e-01,-7.150878906250000000e-01
-1.000000000000000000e+00,-9.000000000000000000e+00,0.000000000000000000e+00,-1.400000000000000000e+01,-1.000000000000000000e+01,-5.000000000000000000e+00,-2.300000000000000000e+01,-5.000000000000000000e+00,-2.001342773437500000e-01,-4.513549804687500000e-01,4.949340820312500000e-01,-7.150878906250000000e-01
9.000000000000000000e+00,5.000000000000000000e+00,8.000000000000000000e+00,2.000000000000000000e+01,2.400000000000000000e+01,2.800000000000000000e+01,3.000000000000000000e+01,8.000000000000000000e+00,-2.001342773437500000e-01,-4.513549804687500000e-01,4.949340820312500000e-01,-7.150878906250000000e-01
-3.000000000000000000e+00,-7.000000000000000000e+00,-1.800000000000000000e+01,-1.000000000000000000e+00,4.000000000000000000e+00,-9.000000000000000000e+00,-1.800000000000000000e+01,-1.000000000000000000e+00,-2.001342773437500000e-01,-4.513549804687500000e-01,4.949340820312500000e-01,-7.150878906250000000e-01
6.000000000000000000e+00,1.300000000000000000e+01,1.600000000000000000e+01,-2.000000000000000000e+00,-2.000000000000000000e+00,0.000000000000000000e+00,9.000000000000000000e+00,2.000000000000000000e+00,-1.984863281250000000e-01,-4.514160156250000000e-01,4.949340820312500000e-01,-7.154541015625000000e-01
-5.000000000000000000e+00,-1.600000000000000000e+01,-3.000000000000000000e+00,-5.000000000000000000e+00,-5.000000000000000000e+00,6.000000000000000000e+00,1.300000000000000000e+01,-2.000000000000000000e+00,-1.984863281250000000e-01,-4.514160156250000000e-01,4.949340820312500000e-01,-7.154541015625000000e-01
4.000000000000000000e+00,1.600000000000000000e+01,2.200000000000000000e+01,1.100000000000000000e+01,1.600000000000000000e+01,0.000000000000000000e+00,-1.000000000000000000e+01,1.000000000000000000e+00,-1.984863281250000000e-01,-4.514160156250000000e-01,4.949340820312500000e-01,-7.154541015625000000e-01
0.000000000000000000e+00,-3.000000000000000000e+00,6.000000000000000000e+00,-8.000000000000000000e+00,-2.000000000000000000e+00,-4.000000000000000000e+00,-8.000000000000000000e+00,-3.000000000000000000e+00,-1.984863281250000000e-01,-4.514160156250000000e-01,4.949340820312500000e-01,-7.154541015625000000e-01
-2.000000000000000000e+00,-3.000000000000000000e+00,-4.300000000000000000e+01,-1.900000000000000000e+01,-1.900000000000000000e+01,-5.000000000000000000e+00,-3.000000000000000000e+00,-3.000000000000000000e+00,-1.990966796875000000e-01,-4.505004882812500000e-01,4.956665039062500000e-01,-7.153930664062500000e-01
-5.000000000000000000e+00,-1.300000000000000000e+01,1.200000000000000000e+01,1.600000000000000000e+01,7.000000000000000000e+00,-2.000000000000000000e+00,-1.000000000000000000e+00,-1.000000000000000000e+00,-1.990966796875000000e-01,-4.505004882812500000e-01,4.956665039062500000e-01,-7.153930664062500000e-01
-1.000000000000000000e+00,1.500000000000000000e+01,1.400000000000000000e+01,1.800000000000000000e+01,1.700000000000000000e+01,8.000000000000000000e+00,-1.000000000000000000e+00,1.000000000000000000e+00,-1.990966796875000000e-01,-4.505004882812500000e-01,4.956665039062500000e-01,-7.153930664062500000e-01
2.000000000000000000e+00,3.000000000000000000e+00,-6.000000000000000000e+00,-1.600000000000000000e+01,-1.200000000000000000e+01,-9.000000000000000000e+00,5.000000000000000000e+00,-1.000000000000000000e+00,-1.990966796875000000e-01,-4.505004882812500000e-01,4.956665039062500000e-01,-7.153930664062500000e-01
-6.000000000000000000e+00,6.000000000000000000e+00,1.200000000000000000e+01,7.000000000000000000e+00,0.000000000000000000e+00,0.000000000000000000e+00,-5.000000000000000000e+00,-3.000000000000000000e+00,-2.009887695312500000e-01,-4.502563476562500000e-01,4.951782226562500000e-01,-7.153320312500000000e-01
6.000000000000000000e+00,-8.000000000000000000e+00,-2.300000000000000000e+01,-1.000000000000000000e+00,5.000000000000000000e+00,3.000000000000000000e+00,5.000000000000000000e+00,3.000000000000000000e+00,-2.009887695312500000e-01,-4.502563476562500000e-01,4.951782226562500000e-01,-7.153320312500000000e-01
-1.000000000000000000e+00,-5.000000000000000000e+00,-3.000000000000000000e+00,3.000000000000000000e+00,9.000000000000000000e+00,1.000000000000000000e+00,-5.000000000000000000e+00,-4.000000000000000000e+00,-2.009887695312500000e-01,-4.502563476562500000e-01,4.951782226562500000e-01,-7.153320312500000000e-01
3.000000000000000000e+00,0.000000000000000000e+00,-1.100000000000000000e+01,-1.600000000000000000e+01,-2.300000000000000000e+01,-1.000000000000000000e+01,-4.000000000000000000e+00,1.000000000000000000e+00,-2.009887695312500000e-01,-4.502563476562500000e-01,4.951782226562500000e-01,-7.153320312500000000e-01
2.000000000000000000e+00,7.000000000000000000e+00,2.400000000000000000e+01,3.300000000000000000e+01,3.200000000000000000e+01,1.400000000000000000e+01,8.000000000000000000e+00,2.000000000000000000e+00,-2.020874023437500000e-01,-4.511718750000000000e-01,4.929809570312500000e-01,-7.159423828125000000e-01
-9.000000000000000000e+00,-3.000000000000000000e+00,1.200000000000000000e+01,2.300000000000000000e+01,2.000000000000000000e+01,1.500000000000000000e+01,1.000000000000000000e+00,-3.000000000000000000e+00,-2.020874023437500000e-01,-4.511718750000000000e-01,4.929809570312500000e-01,-7.159423828125000000e-01
2.000000000000000000e+00,-5.100000000000000000e+01,-1.900000000000000000e+01,-2.700000000000000000e+01,-1.400000000000000000e+01,-1.400000000000000000e+01,-6.000000000000000000e+00,-1.000000000000000000e+00,-2.020874023437500000e-01,-4.511718750000000000e-01,4.929809570312500000e-01,-7.159423828125000000e-01
-7.000000000000000000e+00,1.800000000000000000e+01,-2.000000000000000000e+00,-2.000000000000000000e+00,-7.000000000000000000e+00,-8.000000000000000000e+00,3.000000000000000000e+00,1.000000000000000000e+00,-2.020874023437500000e-01,-4.511718750000000000e-01,4.929809570312500000e-01,-7.159423828125000000e-01
4.000000000000000000e+00,6.000000000000000000e+00,1.800000000000000000e+01,-3.000000000000000000e+00,-7.000000000000000000e+00,7.000000000000000000e+00,-4.000000000000000000e+00,0.000000000000000000e+00,-2.016601562500000000e-01,-4.526367187500000000e-01,4.908447265625000000e-01,-7.166137695312500000e-01
0.000000000000000000e+00,5.000000000000000000e+00,1.000000000000000000e+01,-3.000000000000000000e+00,3.000000000000000000e+00,3.000000000000000000e+00,5.000000000000000000e+00,-1.000000000000000000e+00,-2.016601562500000000e-01,-4.526367187500000000e-01,4.908447265625000000e-01,-7.166137695312500000e-01
-1.000000000000000000e+00,-2.000000000000000000e+00,-5.000000000000000000e+00,1.200000000000000000e+01,7.000000000000000000e+00,-3.000000000000000000e+00,-5.000000000000000000e+00,-2.000000000000000000e+00,-2.016601562500000000e-01,-4.526367187500000000e-01,4.908447265625000000e-01,-7.166137695312500000e-01
-7.000000000000000000e+00,-1.000000000000000000e+01,8.000000000000000000e+00,8.000000000000000000e+00,3.000000000000000000e+00,-4.000000000000000000e+00,-2.000000000000000000e+00,-6.000000000000000000e+00,-2.016601562500000000e-01,-4.526367187500000000e-01,4.908447265625000000e-01,-7.166137695312500000e-01
-1.000000000000000000e+00,-6.000000000000000000e+00,-8.000000000000000000e+00,-1.300000000000000000e+01,-4.000000000000000000e+00,-3.000000000000000000e+00,0.000000000000000000e+00,-2.000000000000000000e+00,-2.017211914062500000e-01,-4.537963867187500000e-01,4.901123046875000000e-01,-7.163696289062500000e-01
-1.000000000000000000e+00,-3.000000000000000000e+00,-3.000000000000000000e+00,2.000000000000000000e+00,-6.000000000000000000e+00,1.000000000000000000e+01,4.000000000000000000e+00,-1.000000000000000000e+00,-2.017211914062500000e-01,-4.537963867187500000e-01,4.901123046875000000e-01,-7.163696289062500000e-01
-2.000000000000000000e+00,1.300000000000000000e+01,1.000000000000000000e+00,0.000000000000000000e+00,4.000000000000000000e+00,-2.000000000000000000e+00,2.000000000000000000e+00,2.000000000000000000e+00,-2.017211914062500000e-01,-4.537963867187500000e-01,4.901123046875000000e-01,-7.163696289062500000e-01
-5.000000000000000000e+00,-1.700000000000000000e+01,-2.100000000000000000e+01,5.000000000000000000e+00,5.000000000000000000e+00,-1.000000000000000000e+00,-1.300000000000000000e+01,-4.000000000000000000e+00,-2.017211914062500000e-01,-4.537963867187500000e-01,4.901123046875000000e-01,-7.163696289062500000e-01
1.000000000000000000e+00,8.000000000000000000e+00,2.900000000000000000e+01,-3.000000000000000000e+00,-9.000000000000000000e+00,-3.000000000000000000e+00,4.000000000000000000e+00,-2.000000000000000000e+00,-2.022094726562500000e-01,-4.543457031250000000e-01,4.898071289062500000e-01,-7.161254882812500000e-01
9.000000000000000000e+00,1.100000000000000000e+01,3.400000000000000000e+01,5.000000000000000000e+00,1.000000000000000000e+00,-2.000000000000000000e+00,2.000000000000000000e+00,5.000000000000000000e+00,-2.022094726562500000e-01,-4.543457031250000000e-01,4.898071289062500000e-01,-7.161254882812500000e-01
1.000000000000000000e+00,-2.000000000000000000e+00,-1.300000000000000000e+01,-1.400000000000000000e+01,-1.200000000000000000e+01,-1.400000000000000000e+01,-7.000000000000000000e+00,-5.000000000000000000e+00,-2.022094726562500000e-01,-4.543457031250000000e-01,4.898071289062500000e-01,-7.161254882812500000e-01
-1.000000000000000000e+00,1.800000000000000000e+01,1.600000000000000000e+01,7.000000000000000000e+00,2.000000000000000000e+00,1.400000000000000000e+01,8.000000000000000000e+00,1.000000000000000000e+00,-2.022094726562500000e-01,-4.543457031250000000e-01,4.898071289062500000e-01,-7.161254882812500000e-01
-4.000000000000000000e+00,-1.100000000000000000e+01,-1.400000000000000000e+01,0.000000000000000000e+00,-6.000000000000000000e+00,-1.500000000000000000e+01,-1.000000000000000000e+01,-2.000000000000000000e+00,-2.018432617187500000e-01,-4.550170898437500000e-01,4.880981445312500000e-01,-7.169799804687500000e-01
-1.000000000000000000e+00,-1.600000000000000000e+01,-1.900000000000000000e+01,0.000000000000000000e+00,-1.000000000000000000e+01,-3.000000000000000000e+00,-3.000000000000000000e+00,-2.000000000000000000e+00,-2.018432617187500000e-01,-4.550170898437500000e-01,4.880981445312500000e-01,-7.169799804687500000e-01
3.000000000000000000e+00,1.900000000000000000e+01,2.800000000000000000e+01,2.000000000000000000e+00,1.300000000000000000e+01,8.000000000000000000e+00,-3.000000000000000000e+00,1.000000000000000000e+00,-2.018432617187500000e-01,-4.550170898437500000e-01,4.880981445312500000e-01,-7.169799804687500000e-01
-1.000000000000000000e+00,-1.800000000000000000e+01,-3.100000000000000000e+01,6.000000000000000000e+00,7.000000000000000000e+00,2.000000000000000000e+00,1.000000000000000000e+00,-2.000000000000000000e+00,-2.018432617187500000e-01,-4.550170898437500000e-01,4.880981445312500000e-01,-7.169799804687500000e-01
-5.000000000000000000e+00,0.000000000000000000e+00,4.000000000000000000e+00,-1.500000000000000000e+01,-1.200000000000000000e+01,-3.000000000000000000e+00,-4.000000000000000000e+00,-3.000000000000000000e+00,-2.003784179687500000e-01,-4.556274414062500000e-01,4.865112304687500000e-01,-7.180786132812500000e-01
5.000000000000000000e+00,1.400000000000000000e+01,-4.000000000000000000e+00,-6.000000000000000000e+00,-4.000000000000000000e+00,-6.000000000000000000e+00,-2.000000000000000000e+00,-1.000000000000000000e+00,-2.003784179687500000e-01,-4.556274414062500000e-01,4.865112304687500000e-01,-7.180786132812500000e-01
-5.000000000000000000e+00,-3.000000000000000000e+01,-2.300000000000000000e+01,-7.000000000000000000e+00,-8.000000000000000000e+00,-6.000000000000000000e+00,-2.000000000000000000e+00,-1.000000000000000000e+00,-2.003784179687500000e-01,-4.556274414062500000e-01,4.865112304687500000e-01,-7.180786132812500000e-01
0.000000000000000000e+00,3.300000000000000000e+01,-4.000000000000000000e+01,-5.000000000000000000e+00,-4.000000000000000000e+00,-2.000000000000000000e+00,-1.000000000000000000e+00,-3.000000000000000000e+00,-2.003784179687500000e-01,-4.556274414062500000e-01,4.865112304687500000e-01,-7.180786132812500000e-01
-2.000000000000000000e+00,-2.000000000000000000e+00,2.400000000000000000e+01,1.300000000000000000e+01,9.000000000000000000e+00,1.000000000000000000e+01,2.000000000000000000e+00,1.000000000000000000e+00,-1.989746093750000000e-01,-4.564208984375000000e-01,4.860839843750000000e-01,-7.182617187500000000e-01
-4.000000000000000000e+00,-1.000000000000000000e+01,-2.300000000000000000e+01,-1.100000000000000000e+01,-9.000000000000000000e+00,-6.000000000000000000e+00,-4.000000000000000000e+00,0.000000000000000000e+00,-1.989746093750000000e-01,-4.564208984375000000e-01,4.860839843750000000e-01,-7.182617187500000000e-01
-4.000000000000000000e+00,8.000000000000000000e+00,8.000000000000000000e+00,7.000000000000000000e+00,1.000000000000000000e+00,-4.000000000000000000e+00,0.000000000000000000e+00,-2.000000000000000000e+00,-1.989746093750000000e-01,-4.564208984375000000e-01,4.860839843750000000e-01,-7.182617187500000000e-01
3.000000000000000000e+00,-2.300000000000000000e+01,2.000000000000000000e+01,1.000000000000000000e+00,2.000000000000000000e+00,-4.000000000000000000e+00,-1.000000000000000000e+00,6.000000000000000000e+00,-1.989746093750000000e-01,-4.564208984375000000e-01,4.860839843750000000e-01,-7.182617187500000000e-01
1.000000000000000000e+00,-2.000000000000000000e+00,-1.400000000000000000e+01,-6.000000000000000000e+00,-4.000000000000000000e+00,-2.600000000000000000e+01,-2.900000000000000000e+01,-5.000000000000000000e+00,-1.989135742187500000e-01,-4.559326171875000000e-01,4.868164062500000000e-01,-7.180786132812500000e-01
-1.000000000000000000e+00,1.300000000000000000e+01,7.000000000000000000e+00,-3.000000000000000000e+00,-1.000000000000000000e+00,1.000000000000000000e+00,-1.000000000000000000e+00,-5.000000000000000000e+00,-1.989135742187500000e-01,-4.559326171875000000e-01,4.868164062500000000e-01,-7.180786132812500000e-01
2.000000000000000000e+00,-4.000000000000000000e+00,-2.000000000000000000e+00,6.000000000000000000e+00,9.000000000000000000e+00,3.400000000000000000e+01,3.000000000000000000e+01,6.000000000000000000e+00,-1.989135742187500000e-01,-4.559326171875000000e-01,4.868164062500000000e-01,-7.180786132812500000e-01
-1.000000000000000000e+00,-7.000000000000000000e+00,1.800000000000000000e+01,-5.000000000000000000e+00,-2.000000000000000000e+00,5.000000000000000000e+00,1.000000000000000000e+00,0.000000000000000000e+00,-1.989135742187500000e-01,-4.559326171875000000e-01,4.868164062500000000e-01,-7.180786132812500000e-01
2.000000000000000000e+00,1.100000000000000000e+01,-4.000000000000000000e+01,5.000000000000000000e+00,-2.000000000000000000e+00,0.000000000000000000e+00,8.000000000000000000e+00,1.000000000000000000e+00,-1.993408203125000000e-01,-4.549560546875000000e-01,4.874877929687500000e-01,-7.180786132812500000e-01
-3.000000000000000000e+00,-1.000000000000000000e+00,-3.000000000000000000e+00,-2.000000000000000000e+01,-4.000000000000000000e+00,-1.800000000000000000e+01,-1.600000000000000000e+01,-3.000000000000000000e+00,-1.993408203125000000e-01,-4.549560546875000000e-01,4.874877929687500000e-01,-7.180786132812500000e-01
-6.000000000000000000e+00,-2.100000000000000000e+01,1.500000000000000000e+01,1.600000000000000000e+01,-6.000000000000000000e+00,-1.200000000000000000e+01,-9.000000000000000000e+00,-4.000000000000000000e+00,-1.993408203125000000e-01,-4.549560546875000000e-01,4.874877929687500000e-01,-7.180786132812500000e-01
2.000000000000000000e+00,1.700000000000000000e+01,2.800000000000000000e+01,9.000000000000000000e+00,-4.000000000000000000e+00,1.000000000000000000e+00,5.000000000000000000e+00,-2.000000000000000000e+00,-1.993408203125000000e-01,-4.549560546875000000e-01,4.874877929687500000e-01,-7.180786132812500000e-01
-3.000000000000000000e+00,-4.000000000000000000e+00,4.000000000000000000e+00,-1.600000000000000000e+01,-5.000000000000000000e+00,1.000000000000000000e+00,-5.000000000000000000e+00,-3.000000000000000000e+00,-1.987915039062500000e-01,-4.552001953125000000e-01,4.873657226562500000e-01,-7.182006835937500000e-01
0.000000000000000000e+00,5.000000000000000000e+00,4.000000000000000000e+00,9.000000000000000000e+00,4.000000000000000000e+00,-1.000000000000000000e+00,-1.000000000000000000e+00,-1.000000000000000000e+00,-1.987915039062500000e-01,-4.552001953125000000e-01,4.873657226562500000e-01,-7.182006835937500000e-01
-1.000000000000000000e+00,-3.000000000000000000e+00,-4.400000000000000000e+01,-1.200000000000000000e+01,-1.900000000000000000e+01,-7.000000000000000000e+00,2.000000000000000000e+00,1.000000000000000000e+00,-1.987915039062500000e-01,-4.552001953125000000e-01,4.873657226562500000e-01,-7.182006835937500000e-01
-2.000000000000000000e+00,-5.000000000000000000e+00,-1.000000000000000000e+01,1.000000000000000000e+01,3.000000000000000000e+01,1.000000000000000000e+01,6.000000000000000000e+00,4.000000000000000000e+00,-1.987915039062500000e-01,-4.552001953125000000e-01,4.873657226562500000e-01,-7.182006835937500000e-01
0.000000000000000000e+00,-3.000000000000000000e+00,1.200000000000000000e+01,9.000000000000000000e+00,1.000000000000000000e+00,-2.000000000000000000e+00,-2.000000000000000000e+00,-2.000000000000000000e+00,-1.985473632812500000e-01,-4.551391601562500000e-01,4.874877929687500000e-01,-7.182006835937500000e-01
3.000000000000000000e+00,1.300000000000000000e+01,-3.000000000000000000e+00,2.000000000000000000e+00,-1.000000000000000000e+00,0.000000000000000000e+00,6.000000000000000000e+00,0.000000000000000000e+00,-1.985473632812500000e-01,-4.551391601562500000e-01,4.874877929687500000e-01,-7.182006835937500000e-01
-9.000000000000000000e+00,-1.000000000000000000e+01,1.100000000000000000e+01,-6.000000000000000000e+00,-2.000000000000000000e+00,-1.000000000000000000e+00,-6.000000000000000000e+00,-7.000000000000000000e+00,-1.985473632812500000e-01,-4.551391601562500000e-01,4.874877929687500000e-01,-7.182006835937500000e-01
3.000000000000000000e+00,-1.200000000000000000e+01,-1.700000000000000000e+01,-1.200000000000000000e+01,-1.600000000000000000e+01,-1.000000000000000000e+01,-8.000000000000000000e+00,-1.000000000000000000e+00,-1.985473632812500000e-01,-4.551391601562500000e-01,4.874877929687500000e-01,-7.182006835937500000e-01
0.000000000000000000e+00,1.000000000000000000e+00,2.000000000000000000e+00,-3.000000000000000000e+00,1.000000000000000000e+00,5.000000000000000000e+00,4.000000000000000000e+00,-2.000000000000000000e+00,-1.981811523437500000e-01,-4.548950195312500000e-01,4.879760742187500000e-01,-7.181396484375000000e-01
3.000000000000000000e+00,-5.000000000000000000e+00,1.000000000000000000e+01,6.000000000000000000e+00,-1.000000000000000000e+00,0.000000000000000000e+00,1.000000000000000000e+00,2.000000000000000000e+00,-1.981811523437500000e-01,-4.548950195312500000e-01,4.879760742187500000e-01,-7.181396484375000000e-01
0.000000000000000000e+00,1.600000000000000000e+01,3.000000000000000000e+00,1.000000000000000000e+00,3.000000000000000000e+00,-1.000000000000000000e+01,-8.000000000000000000e+00,0.000000000000000000e+00,-1.981811523437500000e-01,-4.548950195312500000e-01,4.879760742187500000e-01,-7.181396484375000000e-01
-6.000000000000000000e+00,-1.300000000000000000e+01,8.000000000000000000e+00,-5.000000000000000000e+00,-4.000000000000000000e+00,-1.000000000000000000e+00,-8.000000000000000000e+00,-4.000000000000000000e+00,-1.981811523437500000e-01,-4.548950195312500000e-01,4.879760742187500000e-01,-7.181396484375000000e-01
0.000000000000000000e+00,0.000000000000000000e+00,1.100000000000000000e+01,0.000000000000000000e+00,3.000000000000000000e+00,9.000000000000000000e+00,1.000000000000000000e+01,-1.000000000000000000e+00,-1.975097656250000000e-01,-4.544067382812500000e-01,4.888305664062500000e-01,-7.180175781250000000e-01
-3.000000000000000000e+00,-1.000000000000000000e+01,-5.900000000000000000e+01,-9.000000000000000000e+00,-3.000000000000000000e+00,1.000000000000000000e+01,1.000000000000000000e+00,-1.000000000000000000e+00,-1.975097656250000000e-01,-4.544067382812500000e-01,4.888305664062500000e-01,-7.180175781250000000e-01
-3.000000000000000000e+00,1.000000000000000000e+01,1.800000000000000000e+01,1.400000000000000000e+01,3.000000000000000000e+00,-8.000000000000000000e+00,-4.000000000000000000e+00,-2.000000000000000000e+00,-1.975097656250000000e-01,-4.544067382812500000e-01,4.888305664062500000e-01,-7.180175781250000000e-01
-4.000000000000000000e+00,-1.000000000000000000e+01,-1.500000000000000000e+01,0.000000000000000000e+00,-3.000000000000000000e+00,0.000000000000000000e+00,-3.000000000000000000e+00,0.000000000000000000e+00,-1.975097656250000000e-01,-4.544067382812500000e-01,4.888305664062500000e-01,-7.180175781250000000e-01
4.000000000000000000e+00,5.000000000000000000e+00,1.200000000000000000e+01,-8.000000000000000000e+00,-1.000000000000000000e+01,-5.000000000000000000e+00,-3.000000000000000000e+00,-1.000000000000000000e+00,-1.974487304687500000e-01,-4.542236328125000000e-01,4.893798828125000000e-01,-7.177734375000000000e-01
-5.000000000000000000e+00,-1.400000000000000000e+01,5.000000000000000000e+00,6.000000000000000000e+00,1.000000000000000000e+00,-9.000000000000000000e+00,-3.000000000000000000e+00,-3.000000000000000000e+00,-1.974487304687500000e-01,-4.542236328125000000e-01,4.893798828125000000e-01,-7.177734375000000000e-01
3.000000000000000000e+00,2.600000000000000000e+01,-1.900000000000000000e+01,-8.000000000000000000e+00,4.000000000000000000e+00,3.000000000000000000e+00,-2.000000000000000000e+00,3.000000000000000000e+00,-1.974487304687500000e-01,-4.542236328125000000e-01,4.893798828125000000e-01,-7.177734375000000000e-01
-1.000000000000000000e+00,0.000000000000000000e+00,1.100000000000000000e+01,-6.000000000000000000e+00,-2.000000000000000000e+00,-2.000000000000000000e+00,5.000000000000000000e+00,-2.000000000000000000e+00,-1.974487304687500000e-01,-4.542236328125000000e-01,4.893798828125000000e-01,-7.177734375000000000e-01
-4.000000000000000000e+00,-1.800000000000000000e+01,6.000000000000000000e+00,1.100000000000000000e+01,2.000000000000000000e+00,3.000000000000000000e+00,-2.000000000000000000e+00,1.000000000000000000e+00,-1.973876953125000000e-01,-4.545898437500000000e-01,4.893188476562500000e-01,-7.175903320312500000e-01
-3.000000000000000000e+00,9.000000000000000000e+00,1.500000000000000000e+01,0.000000000000000000e+00,-2.000000000000000000e+00,0.000000000000000000e+00,1.000000000000000000e+00,1.000000000000000000e+00,-1.973876953125000000e-01,-4.545898437500000000e-01,4.893188476562500000e-01,-7.175903320312500000e-01
1.000000000000000000e+00,3.000000000000000000e+00,-3.300000000000000000e+01,-1.600000000000000000e+01,-1.300000000000000000e+01,-1.000000000000000000e+00,-1.000000000000000000e+00,-1.000000000000000000e+00,-1.973876953125000000e-01,-4.545898437500000000e-01,4.893188476562500000e-01,-7.175903320312500000e-01
-3.000000000000000000e+00,0.000000000000000000e+00,7.500000000000000000e+01,3.500000000000000000e+01,2.300000000000000000e+01,2.000000000000000000e+00,2.000000000000000000e+00,-4.000000000000000000e+00,-1.973876953125000000e-01,-4.545898437500000000e-01,4.893188476562500000e-01,-7.175903320312500000e-01
3.000000000000000000e+00,1.200000000000000000e+01,2.400000000000000000e+01,-4.000000000000000000e+00,-1.000000000000000000e+00,2.000000000000000000e+00,1.000000000000000000e+00,2.000000000000000000e+00,-1.978759765625000000e-01,-4.547119140625000000e-01,4.891357421875000000e-01,-7.175292968750000000e-01
-8.000000000000000000e+00,-2.500000000000000000e+01,-4.000000000000000000e+00,2.000000000000000000e+00,6.000000000000000000e+00,0.000000000000000000e+00,-2.000000000000000000e+00,-2.000000000000000000e+00,-1.978759765625000000e-01,-4.547119140625000000e-01,4.891357421875000000e-01,-7.175292968750000000e-01
2.000000000000000000e+00,1.000000000000000000e+00,1.200000000000000000e+01,-3.000000000000000000e+00,-7.000000000000000000e+00,-2.000000000000000000e+00,-2.000000000000000000e+00,0.000000000000000000e+00,-1.978759765625000000e-01,-4.547119140625000000e-01,4.891357421875000000e-01,-7.175292968750000000e-01
4.000000000000000000e+00,8.000000000000000000e+00,-1.500000000000000000e+01,-5.000000000000000000e+00,-7.000000000000000000e+00,-4.000000000000000000e+00,-4.000000000000000000e+00,1.000000000000000000e+00,-1.978759765625000000e-01,-4.547119140625000000e-01,4.891357421875000000e-01,-7.175292968750000000e-01
-1.000000000000000000e+00,-4.000000000000000000e+00,6.000000000000000000e+00,2.000000000000000000e+00,5.000000000000000000e+00,4.000000000000000000e+00,1.000000000000000000e+00,-1.000000000000000000e+00,-1.979370117187500000e-01,-4.547729492187500000e-01,4.890747070312500000e-01,-7.175292968750000000e-01
0.000000000000000000e+00,-2.000000000000000000e+00,6.000000000000000000e+00,-1.000000000000000000e+00,-7.000000000000000000e+00,-1.000000000000000000e+01,-1.000000000000000000e+00,1.000000000000000000e+00,-1.979370117187500000e-01,-4.547729492187500000e-01,4.890747070312500000e-01,-7.175292968750000000e-01
-4.000000000000000000e+00,-4.000000000000000000e+00,-4.000000000000000000e+00,-5.000000000000000000e+00,-1.000000000000000000e+00,-1.300000000000000000e+01,-1.200000000000000000e+01,-6.000000000000000000e+00,-1.979370117187500000e-01,-4.547729492187500000e-01,4.890747070312500000e-01,-7.175292968750000000e-01
2.000000000000000000e+00,-3.000000000000000000e+00,-1.600000000000000000e+01,-8.000000000000000000e+00,-8.000000000000000000e+00,2.000000000000000000e+00,-1.400000000000000000e+01,0.000000000000000000e+00,-1.979370117187500000e-01,-4.547729492187500000e-01,4.890747070312500000e-01,-7.175292968750000000e-01
-4.000000000000000000e+00,-1.000000000000000000e+00,-1.000000000000000000e+01,-3.000000000000000000e+00,4.000000000000000000e+00,-9.000000000000000000e+00,8.000000000000000000e+00,-3.000000000000000000e+00,-1.979370117187500000e-01,-4.547729492187500000e-01,4.890747070312500000e-01,-7.175292968750000000e-01
5.000000000000000000e+00,6.000000000000000000e+00,1.500000000000000000e+01,-1.000000000000000000e+00,2.000000000000000000e+00,2.700000000000000000e+01,1.100000000000000000e+01,1.000000000000000000e+00,-1.979370117187500000e-01,-4.547729492187500000e-01,4.890747070312500000e-01,-7.175292968750000000e-01
-4.000000000000000000e+00,-1.000000000000000000e+01,8.000000000000000000e+00,7.000000000000000000e+00,1.000000000000000000e+01,0.000000000000000000e+00,-5.000000000000000000e+00,-3.000000000000000000e+00,-1.979370117187500000e-01,-4.547729492187500000e-01,4.890747070312500000e-01,-7.175292968750000000e-01
-3.000000000000000000e+00,-9.000000000000000000e+00,-1.500000000000000000e+01,-1.000000000000000000e+01,-7.000000000000000000e+00,-6.000000000000000000e+00,-2.000000000000000000e+00,0.000000000000000000e+00,-1.979370117187500000e-01,-4.547729492187500000e-01,4.890747070312500000e-01,-7.175292968750000000e-01
-4.000000000000000000e+00,-1.400000000000000000e+01,-1.900000000000000000e+01,-1.000000000000000000e+00,-6.000000000000000000e+00,-5.000000000000000000e+00,-8.000000000000000000e+00,-2.000000000000000000e+00,-1.979980468750000000e-01,-4.548339843750000000e-01,4.891357421875000000e-01,-7.174072265625000000e-01
3.000000000000000000e+00,5.000000000000000000e+00,1.000000000000000000e+01,-7.000000000000000000e+00,-3.000000000000000000e+00,-1.600000000000000000e+01,-1.000000000000000000e+01,-2.000000000000000000e+00,-1.979980468750000000e-01,-4.548339843750000000e-01,4.891357421875000000e-01,-7.174072265625000000e-01
1.000000000000000000e+00,3.700000000000000000e+01,2.400000000000000000e+01,7.000000000000000000e+00,9.000000000000000000e+00,1.000000000000000000e+01,8.000000000000000000e+00,1.000000000000000000e+00,-1.979980468750000000e-01,-4.548339843750000000e-01,4.891357421875000000e-01,-7.174072265625000000e-01
-7.000000000000000000e+00,-1.000000000000000000e+01,-1.000000000000000000e+01,-8.000000000000000000e+00,-6.000000000000000000e+00,-5.000000000000000000e+00,3.000000000000000000e+00,-5.000000000000000000e+00,-1.979980468750000000e-01,-4.548339843750000000e-01,4.891357421875000000e-01,-7.174072265625000000e-01
-5.000000000000000000e+00,-8.000000000000000000e+00,2.000000000000000000e+00,-7.000000000000000000e+00,-1.300000000000000000e+01,-8.000000000000000000e+00,-5.000000000000000000e+00,-5.000000000000000000e+00,-1.981201171875000000e-01,-4.552612304687500000e-01,4.888305664062500000e-01,-7.173461914062500000e-01
2.000000000000000000e+00,-5.000000000000000000e+00,-1.700000000000000000e+01,1.200000000000000000e+01,1.500000000000000000e+01,3.000000000000000000e+00,2.000000000000000000e+00,0.000000000000000000e+00,-1.981201171875000000e-01,-4.552612304687500000e-01,4.888305664062500000e-01,-7.173461914062500000e-01
0.000000000000000000e+00,-1.400000000000000000e+01,-4.000000000000000000e+00,1.000000000000000000e+00,5.000000000000000000e+00,5.000000000000000000e+00,2.000000000000000000e+00,0.000000000000000000e+00,-1.981201171875000000e-01,-4.552612304687500000e-01,4.888305664062500000e-01,-7.173461914062500000e-01
-4.000000000000000000e+00,-6.000000000000000000e+00,-2.400000000000000000e+01,-1.100000000000000000e+01,-1.100000000000000000e+01,-8.000000000000000000e+00,0.000000000000000000e+00,-1.000000000000000000e+00,-1.981201171875000000e-01,-4.552612304687500000e-01,4.888305664062500000e-01,-7.173461914062500000e-01
