4.000000000000000000e+00,0.000000000000000000e+00,-2.900000000000000000e+01,-5.000000000000000000e+00,1.700000000000000000e+01,3.000000000000000000e+00,-1.000000000000000000e+00,4.000000000000000000e+00,4.325561523437500000e-01,3.067626953125000000e-01,-8.259277343750000000e-01,1.912231445312500000e-01
-5.000000000000000000e+00,0.000000000000000000e+00,3.200000000000000000e+01,9.000000000000000000e+00,1.000000000000000000e+01,2.000000000000000000e+00,4.000000000000000000e+00,-1.000000000000000000e+00,4.325561523437500000e-01,3.067626953125000000e-01,-8.259277343750000000e-01,1.912231445312500000e-01
-5.000000000000000000e+00,-5.000000000000000000e+00,-1.300000000000000000e+01,-6.000000000000000000e+00,-6.000000000000000000e+00,-3.000000000000000000e+00,-7.000000000000000000e+00,-1.000000000000000000e+00,4.325561523437500000e-01,3.067626953125000000e-01,-8.259277343750000000e-01,1.912231445312500000e-01
1.000000000000000000e+00,-1.000000000000000000e+00,1.000000000000000000e+00,9.000000000000000000e+00,-4.000000000000000000e+00,-3.000000000000000000e+00,-2.000000000000000000e+00,-1.000000000000000000e+00,4.325561523437500000e-01,3.067626953125000000e-01,-8.259277343750000000e-01,1.912231445312500000e-01
1.100000000000000000e+01,2.400000000000000000e+01,4.000000000000000000e+00,1.000000000000000000e+00,-7.000000000000000000e+00,-6.000000000000000000e+00,-1.300000000000000000e+01,-1.000000000000000000e+00,4.323730468750000000e-01,3.079223632812500000e-01,-8.257446289062500000e-01,1.906738281250000000e-01
-1.100000000000000000e+01,-2.900000000000000000e+01,7.000000000000000000e+00,-3.200000000000000000e+01,-9.000000000000000000e+00,2.000000000000000000e+00,1.600000000000000000e+01,-5.000000000000000000e+00,4.323730468750000000e-01,3.079223632812500000e-01,-8.257446289062500000e-01,1.906738281250000000e-01
-1.200000000000000000e+01,-4.000000000000000000e+00,-1.900000000000000000e+01,2.000000000000000000e+01,-1.000000000000000000e+00,-4.000000000000000000e+00,0.000000000000000000e+00,-1.000000000000000000e+00,4.323730468750000000e-01,3.079223632812500000e-01,-8.257446289062500000e-01,1.906738281250000000e-01
-1.000000000000000000e+01,-9.000000000000000000e+00,-4.000000000000000000e+00,-6.000000000000000000e+00,1.000000000000000000e+00,2.000000000000000000e+00,-3.000000000000000000e+00,-1.000000000000000000e+00,4.323730468750000000e-01,3.079223632812500000e-01,-8.257446289062500000e-01,1.906738281250000000e-01
0.000000000000000000e+00,2.000000000000000000e+00,-9.000000000000000000e+00,0.000000000000000000e+00,2.000000000000000000e+00,-2.000000000000000000e+00,-4.000000000000000000e+00,-3.000000000000000000e+00,4.321289062500000000e-01,3.087768554687500000e-01,-8.257446289062500000e-01,1.899414062500000000e-01
1.100000000000000000e+01,1.400000000000000000e+01,1.400000000000000000e+01,6.000000000000000000e+00,8.000000000000000000e+00,5.000000000000000000e+00,1.000000000000000000e+00,4.000000000000000000e+00,4.321289062500000000e-01,3.087768554687500000e-01,-8.257446289062500000e-01,1.899414062500000000e-01
4.000000000000000000e+00,-1.000000000000000000e+00,7.000000000000000000e+00,-1.600000000000000000e+01,-1.200000000000000000e+01,-3.000000000000000000e+00,0.000000000000000000e+00,-3.000000000000000000e+00,4.321289062500000000e-01,3.087768554687500000e-01,-8.257446289062500000e-01,1.899414062500000000e-01
4.000000000000000000e+00,4.000000000000000000e+00,-1.400000000000000000e+01,1.000000000000000000e+00,-3.000000000000000000e+00,-2.000000000000000000e+00,-4.000000000000000000e+00,-1.000000000000000000e+00,4.321289062500000000e-01,3.087768554687500000e-01,-8.257446289062500000e-01,1.899414062500000000e-01
-2.000000000000000000e+00,6.000000000000000000e+00,9.000000000000000000e+00,9.000000000000000000e+00,3.000000000000000000e+00,1.000000000000000000e+00,7.000000000000000000e+00,1.000000000000000000e+00,4.318847656250000000e-01,3.096313476562500000e-01,-8.256835937500000000e-01,1.893310546875000000e-01
-7.000000000000000000e+00,-1.000000000000000000e+00,-1.200000000000000000e+01,-6.000000000000000000e+00,-6.000000000000000000e+00,0.000000000000000000e+00,-6.000000000000000000e+00,-1.000000000000000000e+00,4.318847656250000000e-01,3.096313476562500000e-01,-8.256835937500000000e-01,1.893310546875000000e-01
-5.000000000000000000e+00,-2.000000000000000000e+01,1.600000000000000000e+01,-2.000000000000000000e+00,0.000000000000000000e+00,-6.000000000000000000e+00,-9.000000000000000000e+00,-6.000000000000000000e+00,4.318847656250000000e-01,3.096313476562500000e-01,-8.256835937500000000e-01,1.893310546875000000e-01
0.000000000000000000e+00,-3.000000000000000000e+00,2.600000000000000000e+01,-5.000000000000000000e+00,3.000000000000000000e+00,-1.000000000000000000e+00,-5.000000000000000000e+00,0.000000000000000000e+00,4.318847656250000000e-01,3.096313476562500000e-01,-8.256835937500000000e-01,1.893310546875000000e-01
-7.000000000000000000e+00,-4.000000000000000000e+00,1.000000000000000000e+00,1.000000000000000000e+00,-4.000000000000000000e+00,0.000000000000000000e+00,-2.000000000000000000e+00,0.000000000000000000e+00,4.315185546875000000e-01,3.099975585937500000e-01,-8.257446289062500000e-01,1.893920898437500000e-01
3.000000000000000000e+00,1.000000000000000000e+01,9.000000000000000000e+00,1.000000000000000000e+01,4.000000000000000000e+00,3.000000000000000000e+00,8.000000000000000000e+00,2.000000000000000000e+00,4.315185546875000000e-01,3.099975585937500000e-01,-8.257446289062500000e-01,1.893920898437500000e-01
3.000000000000000000e+00,6.000000000000000000e+00,-2.100000000000000000e+01,-4.000000000000000000e+00,0.000000000000000000e+00,0.000000000000000000e+00,-1.000000000000000000e+00,1.000000000000000000e+00,4.312744140625000000e-01,3.106079101562500000e-01,-8.255004882812500000e-01,1.898193359375000000e-01
3.000000000000000000e+00,4.000000000000000000e+00,3.000000000000000000e+00,3.000000000000000000e+00,1.000000000000000000e+00,-2.000000000000000000e+00,2.000000000000000000e+00,-2.000000000000000000e+00,4.312744140625000000e-01,3.106079101562500000e-01,-8.255004882812500000e-01,1.898193359375000000e-01
3.000000000000000000e+00,-1.000000000000000000e+00,0.000000000000000000e+00,-1.800000000000000000e+01,-1.800000000000000000e+01,-6.000000000000000000e+00,-5.000000000000000000e+00,-2.000000000000000000e+00,4.312744140625000000e-01,3.106079101562500000e-01,-8.255004882812500000e-01,1.898193359375000000e-01
5.000000000000000000e+00,1.300000000000000000e+01,1.500000000000000000e+01,1.900000000000000000e+01,1.100000000000000000e+01,-2.000000000000000000e+00,-9.000000000000000000e+00,2.000000000000000000e+00,4.312744140625000000e-01,3.106079101562500000e-01,-8.255004882812500000e-01,1.898193359375000000e-01
-1.600000000000000000e+01,-1.500000000000000000e+01,-9.000000000000000000e+00,6.000000000000000000e+00,1.800000000000000000e+01,1.000000000000000000e+01,1.800000000000000000e+01,-1.000000000000000000e+00,4.310302734375000000e-01,3.109130859375000000e-01,-8.254394531250000000e-01,1.901245117187500000e-01
2.000000000000000000e+00,-1.300000000000000000e+01,-1.700000000000000000e+01,-1.800000000000000000e+01,-1.100000000000000000e+01,-3.000000000000000000e+00,-2.000000000000000000e+00,-4.000000000000000000e+00,4.310302734375000000e-01,3.109130859375000000e-01,-8.254394531250000000e-01,1.901245117187500000e-01
-1.500000000000000000e+01,-1.900000000000000000e+01,-2.600000000000000000e+01,-7.000000000000000000e+00,3.000000000000000000e+00,1.000000000000000000e+00,-4.000000000000000000e+00,-5.000000000000000000e+00,4.310302734375000000e-01,3.109130859375000000e-01,-8.254394531250000000e-01,1.901245117187500000e-01
7.000000000000000000e+00,8.000000000000000000e+00,-1.300000000000000000e+01,0.000000000000000000e+00,-2.000000000000000000e+00,-4.000000000000000000e+00,-4.000000000000000000e+00,-1.000000000000000000e+00,4.310302734375000000e-01,3.109130859375000000e-01,-8.254394531250000000e-01,1.901245117187500000e-01
8.000000000000000000e+00,1.000000000000000000e+01,2.800000000000000000e+01,-6.000000000000000000e+00,-5.000000000000000000e+00,-2.000000000000000000e+00,-8.000000000000000000e+00,0.000000000000000000e+00,4.311523437500000000e-01,3.109130859375000000e-01,-8.254394531250000000e-01,1.900024414062500000e-01
-2.000000000000000000e+00,0.000000000000000000e+00,-2.000000000000000000e+01,6.000000000000000000e+00,0.000000000000000000e+00,1.000000000000000000e+00,1.000000000000000000e+00,1.000000000000000000e+00,4.311523437500000000e-01,3.109130859375000000e-01,-8.254394531250000000e-01,1.900024414062500000e-01
-6.000000000000000000e+00,-6.000000000000000000e+00,-6.000000000000000000e+00,-1.000000000000000000e+00,-2.000000000000000000e+00,-4.000000000000000000e+00,-1.000000000000000000e+00,-1.000000000000000000e+00,4.311523437500000000e-01,3.109130859375000000e-01,-8.254394531250000000e-01,1.900024414062500000e-01
-2.000000000000000000e+00,1.000000000000000000e+00,1.100000000000000000e+01,0.000000000000000000e+00,2.000000000000000000e+00,1.000000000000000000e+00,-3.000000000000000000e+00,-1.000000000000000000e+00,4.311523437500000000e-01,3.109130859375000000e-01,-8.254394531250000000e-01,1.900024414062500000e-01
5.000000000000000000e+00,5.000000000000000000e+00,-1.000000000000000000e+01,-6.000000000000000000e+00,-5.000000000000000000e+00,-4.000000000000000000e+00,-2.000000000000000000e+00,-1.000000000000000000e+00,4.312744140625000000e-01,3.106079101562500000e-01,-8.255615234375000000e-01,1.896972656250000000e-01
-1.000000000000000000e+01,-1.000000000000000000e+00,5.000000000000000000e+00,4.000000000000000000e+00,-5.000000000000000000e+00,-2.000000000000000000e+00,-2.000000000000000000e+00,-1.000000000000000000e+00,4.312744140625000000e-01,3.106079101562500000e-01,-8.255615234375000000e-01,1.896972656250000000e-01
2.000000000000000000e+00,-3.000000000000000000e+00,-3.000000000000000000e+00,-5.000000000000000000e+00,4.000000000000000000e+00,-2.000000000000000000e+00,3.000000000000000000e+00,0.000000000000000000e+00,4.312744140625000000e-01,3.106079101562500000e-01,-8.255615234375000000e-01,1.896972656250000000e-01
-4.000000000000000000e+00,-5.000000000000000000e+00,7.000000000000000000e+00,1.000000000000000000e+00,-5.000000000000000000e+00,-1.000000000000000000e+00,3.000000000000000000e+00,-1.000000000000000000e+00,4.312744140625000000e-01,3.106079101562500000e-01,-8.255615234375000000e-01,1.896972656250000000e-01
1.000000000000000000e+00,-1.000000000000000000e+00,-4.000000000000000000e+00,-1.100000000000000000e+01,6.000000000000000000e+00,2.000000000000000000e+00,-1.000000000000000000e+00,-1.000000000000000000e+00,4.316406250000000000e-01,3.098754882812500000e-01,-8.256835937500000000e-01,1.895141601562500000e-01
6.000000000000000000e+00,3.000000000000000000e+00,-1.100000000000000000e+01,1.000000000000000000e+00,0.000000000000000000e+00,0.000000000000000000e+00,3.000000000000000000e+00,0.000000000000000000e+00,4.316406250000000000e-01,3.098754882812500000e-01,-8.256835937500000000e-01,1.895141601562500000e-01
-1.000000000000000000e+00,2.000000000000000000e+00,4.000000000000000000e+00,8.000000000000000000e+00,-2.000000000000000000e+00,-2.000000000000000000e+00,0.000000000000000000e+00,-2.000000000000000000e+00,4.316406250000000000e-01,3.098754882812500000e-01,-8.256835937500000000e-01,1.895141601562500000e-01
-1.300000000000000000e+01,-2.000000000000000000e+00,1.100000000000000000e+01,-9.000000000000000000e+00,-9.000000000000000000e+00,-2.000000000000000000e+00,-4.000000000000000000e+00,-2.000000000000000000e+00,4.316406250000000000e-01,3.098754882812500000e-01,-8.256835937500000000e-01,1.895141601562500000e-01
0.000000000000000000e+00,-1.400000000000000000e+01,-1.100000000000000000e+01,-5.000000000000000000e+00,-1.000000000000000000e+01,-4.000000000000000000e+00,-5.000000000000000000e+00,-2.000000000000000000e+00,4.316406250000000000e-01,3.098754882812500000e-01,-8.256835937500000000e-01,1.894531250000000000e-01
2.000000000000000000e+00,3.000000000000000000e+00,7.000000000000000000e+00,2.000000000000000000e+00,-1.000000000000000000e+00,-1.000000000000000000e+00,-2.000000000000000000e+00,0.000000000000000000e+00,4.316406250000000000e-01,3.098754882812500000e-01,-8.256835937500000000e-01,1.894531250000000000e-01
-1.000000000000000000e+00,3.000000000000000000e+00,1.600000000000000000e+01,7.000000000000000000e+00,1.000000000000000000e+00,1.000000000000000000e+00,1.000000000000000000e+00,0.000000000000000000e+00,4.316406250000000000e-01,3.098754882812500000e-01,-8.256835937500000000e-01,1.894531250000000000e-01
6.000000000000000000e+00,7.000000000000000000e+00,-1.200000000000000000e+01,1.000000000000000000e+01,2.100000000000000000e+01,4.000000000000000000e+00,3.000000000000000000e+00,0.000000000000000000e+00,4.316406250000000000e-01,3.098754882812500000e-01,-8.256835937500000000e-01,1.894531250000000000e-01
4.000000000000000000e+00,1.100000000000000000e+01,4.000000000000000000e+00,2.100000000000000000e+01,-5.000000000000000000e+00,-2.000000000000000000e+00,-1.400000000000000000e+01,0.000000000000000000e+00,4.310913085937500000e-01,3.104858398437500000e-01,-8.258056640625000000e-01,1.892089843750000000e-01
-1.000000000000000000e+01,-1.800000000000000000e+01,4.000000000000000000e+00,-2.900000000000000000e+01,4.000000000000000000e+00,6.000000000000000000e+00,1.600000000000000000e+01,-1.000000000000000000e+00,4.310913085937500000e-01,3.104858398437500000e-01,-8.258056640625000000e-01,1.892089843750000000e-01
-2.000000000000000000e+00,-8.000000000000000000e+00,-6.000000000000000000e+00,-7.000000000000000000e+00,-1.500000000000000000e+01,-4.000000000000000000e+00,5.000000000000000000e+00,-3.000000000000000000e+00,4.310913085937500000e-01,3.104858398437500000e-01,-8.258056640625000000e-01,1.892089843750000000e-01
-7.000000000000000000e+00,-7.000000000000000000e+00,9.000000000000000000e+00,-4.000000000000000000e+00,-4.000000000000000000e+00,-3.000000000000000000e+00,-7.000000000000000000e+00,-4.000000000000000000e+00,4.310913085937500000e-01,3.104858398437500000e-01,-8.258056640625000000e-01,1.892089843750000000e-01
5.000000000000000000e+00,5.000000000000000000e+00,-8.000000000000000000e+00,-2.000000000000000000e+00,1.000000000000000000e+00,3.000000000000000000e+00,-2.000000000000000000e+00,0.000000000000000000e+00,4.306030273437500000e-01,3.110961914062500000e-01,-8.259277343750000000e-01,1.888427734375000000e-01
8.000000000000000000e+00,8.000000000000000000e+00,6.000000000000000000e+00,2.000000000000000000e+01,-3.000000000000000000e+00,-6.000000000000000000e+00,-5.000000000000000000e+00,1.000000000000000000e+00,4.306030273437500000e-01,3.110961914062500000e-01,-8.259277343750000000e-01,1.888427734375000000e-01
2.000000000000000000e+00,3.000000000000000000e+00,-7.000000000000000000e+00,-9.000000000000000000e+00,8.000000000000000000e+00,2.000000000000000000e+00,-1.000000000000000000e+00,1.000000000000000000e+00,4.306030273437500000e-01,3.110961914062500000e-01,-8.259277343750000000e-01,1.888427734375000000e-01
2.000000000000000000e+00,3.000000000000000000e+00,1.600000000000000000e+01,1.000000000000000000e+01,1.000000000000000000e+00,-1.000000000000000000e+00,-4.000000000000000000e+00,0.000000000000000000e+00,4.306030273437500000e-01,3.110961914062500000e-01,-8.259277343750000000e-01,1.888427734375000000e-01
3.000000000000000000e+00,6.000000000000000000e+00,-4.100000000000000000e+01,-1.100000000000000000e+01,2.000000000000000000e+00,-1.000000000000000000e+00,-4.000000000000000000e+00,2.000000000000000000e+00,4.301147460937500000e-01,3.114013671875000000e-01,-8.261718750000000000e-01,1.883544921875000000e-01
-1.200000000000000000e+01,-1.200000000000000000e+01,9.000000000000000000e+00,-4.000000000000000000e+00,-8.000000000000000000e+00,-5.000000000000000000e+00,-6.000000000000000000e+00,-4.000000000000000000e+00,4.301147460937500000e-01,3.114013671875000000e-01,-8.261718750000000000e-01,1.883544921875000000e-01
-2.000000000000000000e+00,-1.000000000000000000e+01,1.000000000000000000e+00,1.000000000000000000e+00,-8.000000000000000000e+00,-4.000000000000000000e+00,-5.000000000000000000e+00,-3.000000000000000000e+00,4.301147460937500000e-01,3.114013671875000000e-01,-8.261718750000000000e-01,1.883544921875000000e-01
-3.000000000000000000e+00,0.000000000000000000e+00,1.000000000000000000e+00,0.000000000000000000e+00,1.000000000000000000e+00,2.000000000000000000e+00,1.000000000000000000e+00,-1.000000000000000000e+00,4.301147460937500000e-01,3.114013671875000000e-01,-8.261718750000000000e-01,1.883544921875000000e-01
-7.000000000000000000e+00,4.000000000000000000e+00,7.000000000000000000e+00,-8.000000000000000000e+00,-8.000000000000000000e+00,0.000000000000000000e+00,1.000000000000000000e+01,-4.000000000000000000e+00,4.298706054687500000e-01,3.118286132812500000e-01,-8.261718750000000000e-01,1.879272460937500000e-01
2.000000000000000000e+00,5.000000000000000000e+00,-8.000000000000000000e+00,5.000000000000000000e+00,1.000000000000000000e+01,3.000000000000000000e+00,-1.100000000000000000e+01,2.000000000000000000e+00,4.298706054687500000e-01,3.118286132812500000e-01,-8.261718750000000000e-01,1.879272460937500000e-01
1.000000000000000000e+00,-1.000000000000000000e+00,-6.000000000000000000e+00,3.000000000000000000e+00,-3.000000000000000000e+00,-2.000000000000000000e+00,-6.000000000000000000e+00,0.000000000000000000e+00,4.298706054687500000e-01,3.118286132812500000e-01,-8.261718750000000000e-01,1.879272460937500000e-01
0.000000000000000000e+00,-7.000000000000000000e+00,-2.000000000000000000e+00,-1.000000000000000000e+00,-1.000000000000000000e+00,-1.000000000000000000e+00,7.000000000000000000e+00,0.000000000000000000e+00,4.298706054687500000e-01,3.118286132812500000e-01,-8.261718750000000000e-01,1.879272460937500000e-01
4.000000000000000000e+00,4.000000000000000000e+00,2.000000000000000000e+01,-6.000000000000000000e+00,3.000000000000000000e+00,-2.000000000000000000e+00,1.000000000000000000e+00,-1.000000000000000000e+00,4.297485351562500000e-01,3.117675781250000000e-01,-8.264770507812500000e-01,1.872558593750000000e-01
4.000000000000000000e+00,2.000000000000000000e+00,-1.200000000000000000e+01,0.000000000000000000e+00,0.000000000000000000e+00,-1.000000000000000000e+00,-9.000000000000000000e+00,0.000000000000000000e+00,4.297485351562500000e-01,3.117675781250000000e-01,-8.264770507812500000e-01,1.872558593750000000e-01
-2.000000000000000000e+00,3.000000000000000000e+00,2.100000000000000000e+01,-4.000000000000000000e+00,-2.000000000000000000e+00,-2.000000000000000000e+00,-8.000000000000000000e+00,-2.000000000000000000e+00,4.297485351562500000e-01,3.117675781250000000e-01,-8.264770507812500000e-01,1.872558593750000000e-01
3.000000000000000000e+00,-2.000000000000000000e+00,-4.000000000000000000e+00,-7.000000000000000000e+00,-5.000000000000000000e+00,2.000000000000000000e+00,3.100000000000000000e+01,0.000000000000000000e+00,4.297485351562500000e-01,3.117675781250000000e-01,-8.264770507812500000e-01,1.872558593750000000e-01
-4.000000000000000000e+00,1.000000000000000000e+00,1.300000000000000000e+01,0.000000000000000000e+00,1.000000000000000000e+00,-6.000000000000000000e+00,-5.300000000000000000e+01,-7.000000000000000000e+00,4.298706054687500000e-01,3.117065429687500000e-01,-8.266601562500000000e-01,1.863403320312500000e-01
-6.000000000000000000e+00,-8.000000000000000000e+00,1.200000000000000000e+01,4.000000000000000000e+00,2.000000000000000000e+00,2.000000000000000000e+00,9.000000000000000000e+00,-1.000000000000000000e+00,4.298706054687500000e-01,3.117065429687500000e-01,-8.266601562500000000e-01,1.863403320312500000e-01
-5.000000000000000000e+00,-1.900000000000000000e+01,-2.500000000000000000e+01,-4.000000000000000000e+00,-7.000000000000000000e+00,-6.000000000000000000e+00,-4.000000000000000000e+00,-1.000000000000000000e+00,4.298706054687500000e-01,3.117065429687500000e-01,-8.266601562500000000e-01,1.863403320312500000e-01
2.000000000000000000e+00,6.000000000000000000e+00,1.200000000000000000e+01,3.000000000000000000e+00,4.000000000000000000e+00,-1.000000000000000000e+00,-1.100000000000000000e+01,0.000000000000000000e+00,4.298706054687500000e-01,3.117065429687500000e-01,-8.266601562500000000e-01,1.863403320312500000e-01
4.000000000000000000e+00,0.000000000000000000e+00,-9.000000000000000000e+00,4.000000000000000000e+00,-5.000000000000000000e+00,-4.000000000000000000e+00,1.300000000000000000e+01,1.000000000000000000e+00,4.299926757812500000e-01,3.117675781250000000e-01,-8.266601562500000000e-01,1.857910156250000000e-01
0.000000000000000000e+00,-9.000000000000000000e+00,-1.200000000000000000e+01,-1.700000000000000000e+01,-4.000000000000000000e+00,0.000000000000000000e+00,0.000000000000000000e+00,-3.000000000000000000e+00,4.299926757812500000e-01,3.117675781250000000e-01,-8.266601562500000000e-01,1.857910156250000000e-01
1.000000000000000000e+00,1.200000000000000000e+01,1.800000000000000000e+01,7.000000000000000000e+00,6.000000000000000000e+00,6.000000000000000000e+00,-3.000000000000000000e+00,-1.000000000000000000e+00,4.299926757812500000e-01,3.117675781250000000e-01,-8.266601562500000000e-01,1.857910156250000000e-01
-1.100000000000000000e+01,-5.000000000000000000e+00,-2.500000000000000000e+01,-5.000000000000000000e+00,-1.000000000000000000e+00,1.000000000000000000e+00,0.000000000000000000e+00,-1.000000000000000000e+00,4.299926757812500000e-01,3.117675781250000000e-01,-8.266601562500000000e-01,1.857910156250000000e-01
-5.000000000000000000e+00,-1.200000000000000000e+01,-2.500000000000000000e+01,-1.300000000000000000e+01,-6.000000000000000000e+00,-2.000000000000000000e+00,-4.000000000000000000e+00,-4.000000000000000000e+00,4.301147460937500000e-01,3.118896484375000000e-01,-8.267211914062500000e-01,1.852416992187500000e-01
4.000000000000000000e+00,7.000000000000000000e+00,1.400000000000000000e+01,7.000000000000000000e+00,3.000000000000000000e+00,-9.000000000000000000e+00,-1.500000000000000000e+01,0.000000000000000000e+00,4.301147460937500000e-01,3.118896484375000000e-01,-8.267211914062500000e-01,1.852416992187500000e-01
-5.000000000000000000e+00,-1.000000000000000000e+00,2.500000000000000000e+01,6.000000000000000000e+00,-1.000000000000000000e+00,1.000000000000000000e+00,1.100000000000000000e+01,0.000000000000000000e+00,4.301147460937500000e-01,3.118896484375000000e-01,-8.267211914062500000e-01,1.852416992187500000e-01
7.000000000000000000e+00,3.000000000000000000e+00,4.000000000000000000e+00,-1.000000000000000000e+01,-7.000000000000000000e+00,-5.000000000000000000e+00,-1.400000000000000000e+01,-3.000000000000000000e+00,4.301147460937500000e-01,3.118896484375000000e-01,-8.267211914062500000e-01,1.852416992187500000e-01
8.000000000000000000e+00,7.000000000000000000e+00,-1.300000000000000000e+01,4.000000000000000000e+00,-6.000000000000000000e+00,-3.000000000000000000e+00,-6.000000000000000000e+00,-1.000000000000000000e+00,4.304809570312500000e-01,3.117065429687500000e-01,-8.267211914062500000e-01,1.846923828125000000e-01
-2.700000000000000000e+01,-1.500000000000000000e+01,8.000000000000000000e+00,-8.000000000000000000e+00,1.000000000000000000e+00,-1.000000000000000000e+00,4.000000000000000000e+00,-4.000000000000000000e+00,4.304809570312500000e-01,3.117065429687500000e-01,-8.267211914062500000e-01,1.846923828125000000e-01
0.000000000000000000e+00,-2.000000000000000000e+00,-2.400000000000000000e+01,-1.000000000000000000e+00,-5.000000000000000000e+00,-3.000000000000000000e+00,0.000000000000000000e+00,-1.000000000000000000e+00,4.304809570312500000e-01,3.117065429687500000e-01,-8.267211914062500000e-01,1.846923828125000000e-01
2.000000000000000000e+00,-4.000000000000000000e+00,0.000000000000000000e+00,7.000000000000000000e+00,4.000000000000000000e+00,-1.000000000000000000e+00,-5.000000000000000000e+00,-1.000000000000000000e+00,4.304809570312500000e-01,3.117065429687500000e-01,-8.267211914062500000e-01,1.846923828125000000e-01
1.000000000000000000e+00,0.000000000000000000e+00,1.000000000000000000e+00,3.000000000000000000e+00,6.000000000000000000e+00,5.000000000000000000e+00,1.000000000000000000e+01,1.000000000000000000e+00,4.308471679687500000e-01,3.113403320312500000e-01,-8.267822265625000000e-01,1.840820312500000000e-01
1.100000000000000000e+01,9.000000000000000000e+00,1.100000000000000000e+01,-7.000000000000000000e+00,-3.000000000000000000e+00,-2.000000000000000000e+00,5.000000000000000000e+00,2.000000000000000000e+00,4.308471679687500000e-01,3.113403320312500000e-01,-8.267822265625000000e-01,1.840820312500000000e-01
-6.000000000000000000e+00,7.000000000000000000e+00,1.000000000000000000e+00,3.000000000000000000e+00,-2.000000000000000000e+00,1.000000000000000000e+00,1.000000000000000000e+00,-1.000000000000000000e+00,4.308471679687500000e-01,3.113403320312500000e-01,-8.267822265625000000e-01,1.840820312500000000e-01
0.000000000000000000e+00,-1.300000000000000000e+01,2.000000000000000000e+00,-1.800000000000000000e+01,-9.000000000000000000e+00,-1.000000000000000000e+01,-2.000000000000000000e+01,-5.000000000000000000e+00,4.308471679687500000e-01,3.113403320312500000e-01,-8.267822265625000000e-01,1.840820312500000000e-01
-1.600000000000000000e+01,-1.400000000000000000e+01,-1.600000000000000000e+01,6.000000000000000000e+00,0.000000000000000000e+00,3.000000000000000000e+00,1.700000000000000000e+01,0.000000000000000000e+00,4.307861328125000000e-01,3.112182617187500000e-01,-8.269042968750000000e-01,1.836547851562500000e-01
4.000000000000000000e+00,-1.000000000000000000e+00,-3.300000000000000000e+01,-1.000000000000000000e+00,-3.000000000000000000e+00,5.000000000000000000e+00,3.000000000000000000e+00,1.000000000000000000e+00,4.307861328125000000e-01,3.112182617187500000e-01,-8.269042968750000000e-01,1.836547851562500000e-01
1.000000000000000000e+00,3.000000000000000000e+00,1.300000000000000000e+01,-4.000000000000000000e+00,1.000000000000000000e+01,1.000000000000000000e+00,4.000000000000000000e+00,1.000000000000000000e+00,4.307861328125000000e-01,3.112182617187500000e-01,-8.269042968750000000e-01,1.836547851562500000e-01
5.000000000000000000e+00,6.000000000000000000e+00,-4.200000000000000000e+01,0.000000000000000000e+00,-1.000000000000000000e+00,2.000000000000000000e+00,4.000000000000000000e+00,1.000000000000000000e+00,4.307861328125000000e-01,3.112182617187500000e-01,-8.269042968750000000e-01,1.836547851562500000e-01
1.000000000000000000e+00,-8.000000000000000000e+00,2.900000000000000000e+01,1.000000000000000000e+01,6.000000000000000000e+00,-2.000000000000000000e+00,1.000000000000000000e+00,-1.000000000000000000e+00,4.303588867187500000e-01,3.114624023437500000e-01,-8.270874023437500000e-01,1.835937500000000000e-01
2.000000000000000000e+00,1.300000000000000000e+01,1.500000000000000000e+01,4.000000000000000000e+00,2.000000000000000000e+00,0.000000000000000000e+00,-3.000000000000000000e+00,-2.000000000000000000e+00,4.303588867187500000e-01,3.114624023437500000e-01,-8.270874023437500000e-01,1.835937500000000000e-01
-3.000000000000000000e+00,-6.000000000000000000e+00,-2.900000000000000000e+01,2.000000000000000000e+00,-1.000000000000000000e+00,-1.000000000000000000e+00,-4.000000000000000000e+00,0.000000000000000000e+00,4.303588867187500000e-01,3.114624023437500000e-01,-8.270874023437500000e-01,1.835937500000000000e-01
-6.000000000000000000e+00,-2.000000000000000000e+00,4.600000000000000000e+01,-2.000000000000000000e+00,-1.800000000000000000e+01,-5.000000000000000000e+00,2.000000000000000000e+00,-1.000000000000000000e+00,4.303588867187500000e-01,3.114624023437500000e-01,-8.270874023437500000e-01,1.835937500000000000e-01
-3.000000000000000000e+00,-1.000000000000000000e+01,-3.100000000000000000e+01,-1.700000000000000000e+01,-7.000000000000000000e+00,-7.000000000000000000e+00,-2.000000000000000000e+00,-1.000000000000000000e+00,4.296875000000000000e-01,3.118896484375000000e-01,-8.273315429687500000e-01,1.832885742187500000e-01
-5.000000000000000000e+00,1.000000000000000000e+00,-7.000000000000000000e+00,2.000000000000000000e+00,1.000000000000000000e+01,5.000000000000000000e+00,0.000000000000000000e+00,-1.000000000000000000e+00,4.296875000000000000e-01,3.118896484375000000e-01,-8.273315429687500000e-01,1.832885742187500000e-01
8.000000000000000000e+00,2.000000000000000000e+00,3.000000000000000000e+00,-6.000000000000000000e+00,-5.000000000000000000e+00,-1.000000000000000000e+00,1.000000000000000000e+00,-1.000000000000000000e+00,4.296875000000000000e-01,3.118896484375000000e-01,-8.273315429687500000e-01,1.832885742187500000e-01
-1.000000000000000000e+00,0.000000000000000000e+00,2.000000000000000000e+00,3.000000000000000000e+00,3.000000000000000000e+00,0.000000000000000000e+00,-9.000000000000000000e+00,-2.000000000000000000e+00,4.296875000000000000e-01,3.118896484375000000e-01,-8.273315429687500000e-01,1.832885742187500000e-01
3.000000000000000000e+00,-4.000000000000000000e+00,1.900000000000000000e+01,-5.000000000000000000e+00,-1.300000000000000000e+01,-1.100000000000000000e+01,-1.100000000000000000e+01,-1.000000000000000000e+00,4.291992187500000000e-01,3.123779296875000000e-01,-8.275146484375000000e-01,1.827392578125000000e-01
-5.000000000000000000e+00,-1.000000000000000000e+00,-5.000000000000000000e+00,3.000000000000000000e+00,0.000000000000000000e+00,4.000000000000000000e+00,2.000000000000000000e+00,3.000000000000000000e+00,4.291992187500000000e-01,3.123779296875000000e-01,-8.275146484375000000e-01,1.827392578125000000e-01
-2.000000000000000000e+00,-4.000000000000000000e+00,-1.200000000000000000e+01,5.000000000000000000e+00,3.000000000000000000e+00,-4.000000000000000000e+00,-9.000000000000000000e+00,-6.000000000000000000e+00,4.291992187500000000e-01,3.123779296875000000e-01,-8.275146484375000000e-01,1.827392578125000000e-01
-5.000000000000000000e+00,7.000000000000000000e+00,-3.000000000000000000e+00,-2.000000000000000000e+00,-3.000000000000000000e+00,3.000000000000000000e+00,3.000000000000000000e+00,0.000000000000000000e+00,4.291992187500000000e-01,3.123779296875000000e-01,-8.275146484375000000e-01,1.827392578125000000e-01
0.000000000000000000e+00,-6.000000000000000000e+00,-1.500000000000000000e+01,-5.000000000000000000e+00,8.000000000000000000e+00,2.000000000000000000e+00,0.000000000000000000e+00,-1.000000000000000000e+00,4.287719726562500000e-01,3.126220703125000000e-01,-8.277587890625000000e-01,1.821899414062500000e-01
1.000000000000000000e+00,-3.000000000000000000e+00,-1.300000000000000000e+01,-4.000000000000000000e+00,-5.000000000000000000e+00,-8.000000000000000000e+00,-1.200000000000000000e+01,-3.000000000000000000e+00,4.287719726562500000e-01,3.126220703125000000e-01,-8.277587890625000000e-01,1.821899414062500000e-01
1.000000000000000000e+00,-3.000000000000000000e+00,-5.000000000000000000e+00,-5.000000000000000000e+00,-1.000000000000000000e+00,4.000000000000000000e+00,1.000000000000000000e+01,0.000000000000000000e+00,4.287719726562500000e-01,3.126220703125000000e-01,-8.277587890625000000e-01,1.821899414062500000e-01
0.000000000000000000e+00,-5.000000000000000000e+00,2.000000000000000000e+00,7.000000000000000000e+00,1.000000000000000000e+00,-5.000000000000000000e+00,-9.000000000000000000e+00,-1.000000000000000000e+00,4.287719726562500000e-01,3.126220703125000000e-01,-8.277587890625000000e-01,1.821899414062500000e-01
-3.000000000000000000e+00,1.400000000000000000e+01,1.300000000000000000e+01,-1.000000000000000000e+00,0.000000000000000000e+00,3.000000000000000000e+00,8.000000000000000000e+00,1.000000000000000000e+00,4.286499023437500000e-01,3.132324218750000000e-01,-8.276977539062500000e-01,1.817626953125000000e-01
4.000000000000000000e+00,-1.600000000000000000e+01,-2.100000000000000000e+01,-1.100000000000000000e+01,-8.000000000000000000e+00,-5.000000000000000000e+00,-1.000000000000000000e+00,-2.000000000000000000e+00,4.286499023437500000e-01,3.132324218750000000e-01,-8.276977539062500000e-01,1.817626953125000000e-01
1.000000000000000000e+00,-2.000000000000000000e+00,2.900000000000000000e+01,1.400000000000000000e+01,-6.000000000000000000e+00,1.000000000000000000e+00,-3.000000000000000000e+00,0.000000000000000000e+00,4.286499023437500000e-01,3.132324218750000000e-01,-8.276977539062500000e-01,1.817626953125000000e-01
0.000000000000000000e+00,-9.000000000000000000e+00,-2.000000000000000000e+01,-9.000000000000000000e+00,1.000000000000000000e+01,3.000000000000000000e+00,4.000000000000000000e+00,0.000000000000000000e+00,4.286499023437500000e-01,3.132324218750000000e-01,-8.276977539062500000e-01,1.817626953125000000e-01
-7.000000000000000000e+00,-8.000000000000000000e+00,-8.000000000000000000e+00,2.000000000000000000e+00,-1.000000000000000000e+00,-2.000000000000000000e+00,1.000000000000000000e+00,0.000000000000000000e+00,4.285888671875000000e-01,3.138427734375000000e-01,-8.275756835937500000e-01,1.813354492187500000e-01
5.000000000000000000e+00,1.000000000000000000e+01,1.800000000000000000e+01,0.000000000000000000e+00,-2.000000000000000000e+00,-2.000000000000000000e+00,2.000000000000000000e+00,-1.000000000000000000e+00,4.285888671875000000e-01,3.138427734375000000e-01,-8.275756835937500000e-01,1.813354492187500000e-01
-4.000000000000000000e+00,6.000000000000000000e+00,2.000000000000000000e+00,-1.000000000000000000e+00,-3.000000000000000000e+00,-2.000000000000000000e+00,1.000000000000000000e+00,0.000000000000000000e+00,4.285888671875000000e-01,3.138427734375000000e-01,-8.275756835937500000e-01,1.813354492187500000e-01
5.000000000000000000e+00,2.000000000000000000e+00,3.000000000000000000e+00,4.000000000000000000e+00,0.000000000000000000e+00,-3.000000000000000000e+00,-3.000000000000000000e+00,-2.000000000000000000e+00,4.285888671875000000e-01,3.138427734375000000e-01,-8.275756835937500000e-01,1.813354492187500000e-01
0.000000000000000000e+00,3.000000000000000000e+00,-1.500000000000000000e+01,-5.000000000000000000e+00,-8.000000000000000000e+00,-1.000000000000000000e+00,2.000000000000000000e+00,-1.000000000000000000e+00,4.287719726562500000e-01,3.142089843750000000e-01,-8.274536132812500000e-01,1.808471679687500000e-01
3.000000000000000000e+00,-3.000000000000000000e+00,2.500000000000000000e+01,4.000000000000000000e+00,9.000000000000000000e+00,-2.000000000000000000e+00,2.000000000000000000e+00,-3.000000000000000000e+00,4.287719726562500000e-01,3.142089843750000000e-01,-8.274536132812500000e-01,1.808471679687500000e-01
-5.000000000000000000e+00,1.000000000000000000e+00,-5.000000000000000000e+00,-1.400000000000000000e+01,-9.000000000000000000e+00,-4.000000000000000000e+00,-6.000000000000000000e+00,-1.000000000000000000e+00,4.287719726562500000e-01,3.142089843750000000e-01,-8.274536132812500000e-01,1.808471679687500000e-01
1.000000000000000000e+00,3.000000000000000000e+00,-1.000000000000000000e+01,1.200000000000000000e+01,1.100000000000000000e+01,4.000000000000000000e+00,2.000000000000000000e+00,0.000000000000000000e+00,4.287719726562500000e-01,3.142089843750000000e-01,-8.274536132812500000e-01,1.808471679687500000e-01
-8.000000000000000000e+00,-9.000000000000000000e+00,-2.000000000000000000e+00,-6.000000000000000000e+00,1.000000000000000000e+00,1.000000000000000000e+00,2.000000000000000000e+00,-1.000000000000000000e+00,4.290771484375000000e-01,3.144531250000000000e-01,-8.272705078125000000e-01,1.806030273437500000e-01
3.000000000000000000e+00,6.000000000000000000e+00,-2.000000000000000000e+00,4.000000000000000000e+00,-8.000000000000000000e+00,-3.000000000000000000e+00,6.000000000000000000e+00,-3.000000000000000000e+00,4.290771484375000000e-01,3.144531250000000000e-01,-8.272705078125000000e-01,1.806030273437500000e-01
7.000000000000000000e+00,-3.000000000000000000e+00,-8.000000000000000000e+00,-6.000000000000000000e+00,1.000000000000000000e+00,-4.000000000000000000e+00,-9.000000000000000000e+00,1.000000000000000000e+00,4.290771484375000000e-01,3.144531250000000000e-01,-8.272705078125000000e-01,1.806030273437500000e-01
-5.000000000000000000e+00,-3.000000000000000000e+00,6.000000000000000000e+00,-4.000000000000000000e+00,-2.000000000000000000e+00,-2.000000000000000000e+00,0.000000000000000000e+00,-1.000000000000000000e+00,4.290771484375000000e-01,3.144531250000000000e-01,-8.272705078125000000e-01,1.806030273437500000e-01
-1.000000000000000000e+00,1.300000000000000000e+01,2.800000000000000000e+01,7.000000000000000000e+00,-5.000000000000000000e+00,0.000000000000000000e+00,7.000000000000000000e+00,-1.000000000000000000e+00,4.291381835937500000e-01,3.148803710937500000e-01,-8.270874023437500000e-01,1.804809570312500000e-01
-2.000000000000000000e+00,-5.000000000000000000e+00,8.000000000000000000e+00,-8.000000000000000000e+00,-1.000000000000000000e+01,-5.000000000000000000e+00,-9.000000000000000000e+00,-2.000000000000000000e+00,4.291381835937500000e-01,3.148803710937500000e-01,-8.270874023437500000e-01,1.804809570312500000e-01
-3.000000000000000000e+00,-1.000000000000000000e+01,-2.200000000000000000e+01,2.000000000000000000e+00,1.800000000000000000e+01,0.000000000000000000e+00,-1.500000000000000000e+01,-1.000000000000000000e+00,4.291381835937500000e-01,3.148803710937500000e-01,-8.270874023437500000e-01,1.804809570312500000e-01
0.000000000000000000e+00,1.000000000000000000e+00,4.000000000000000000e+00,1.000000000000000000e+00,-2.000000000000000000e+00,5.000000000000000000e+00,1.400000000000000000e+01,-1.000000000000000000e+00,4.291381835937500000e-01,3.148803710937500000e-01,-8.270874023437500000e-01,1.804809570312500000e-01
5.000000000000000000e+00,-5.000000000000000000e+00,-1.900000000000000000e+01,-3.000000000000000000e+00,2.000000000000000000e+00,-2.000000000000000000e+00,-6.000000000000000000e+00,-1.000000000000000000e+00,4.291381835937500000e-01,3.149414062500000000e-01,-8.271484375000000000e-01,1.802368164062500000e-01
-5.000000000000000000e+00,7.000000000000000000e+00,-3.000000000000000000e+00,7.000000000000000000e+00,-3.000000000000000000e+00,-1.000000000000000000e+00,0.000000000000000000e+00,-1.000000000000000000e+00,4.291381835937500000e-01,3.149414062500000000e-01,-8.271484375000000000e-01,1.802368164062500000e-01
1.000000000000000000e+00,-3.000000000000000000e+00,1.000000000000000000e+00,-1.000000000000000000e+01,-3.000000000000000000e+00,-3.000000000000000000e+00,0.000000000000000000e+00,-2.000000000000000000e+00,4.291381835937500000e-01,3.149414062500000000e-01,-8.271484375000000000e-01,1.802368164062500000e-01
-2.000000000000000000e+00,6.000000000000000000e+00,2.700000000000000000e+01,5.000000000000000000e+00,-6.000000000000000000e+00,-5.000000000000000000e+00,-1.200000000000000000e+01,-2.000000000000000000e+00,4.291381835937500000e-01,3.149414062500000000e-01,-8.271484375000000000e-01,1.802368164062500000e-01
5.000000000000000000e+00,0.000000000000000000e+00,-1.100000000000000000e+01,-1.400000000000000000e+01,1.000000000000000000e+00,0.000000000000000000e+00,9.000000000000000000e+00,0.000000000000000000e+00,4.290771484375000000e-01,3.149414062500000000e-01,-8.271484375000000000e-01,1.802368164062500000e-01
-3.000000000000000000e+00,4.000000000000000000e+00,-2.900000000000000000e+01,-3.000000000000000000e+00,-5.000000000000000000e+00,1.000000000000000000e+00,-4.000000000000000000e+00,-2.000000000000000000e+00,4.290771484375000000e-01,3.149414062500000000e-01,-8.271484375000000000e-01,1.802368164062500000e-01
-1.900000000000000000e+01,-2.000000000000000000e+01,4.600000000000000000e+01,8.000000000000000000e+00,-3.000000000000000000e+00,-5.000000000000000000e+00,7.000000000000000000e+00,-2.000000000000000000e+00,4.290771484375000000e-01,3.149414062500000000e-01,-8.271484375000000000e-01,1.802368164062500000e-01
-2.000000000000000000e+00,-5.000000000000000000e+00,-5.000000000000000000e+00,-5.000000000000000000e+00,7.000000000000000000e+00,2.000000000000000000e+00,-7.000000000000000000e+00,0.000000000000000000e+00,4.290771484375000000e-01,3.149414062500000000e-01,-8.271484375000000000e-01,1.802368164062500000e-01
1.000000000000000000e+00,6.000000000000000000e+00,1.100000000000000000e+01,0.000000000000000000e+00,0.000000000000000000e+00,4.000000000000000000e+00,3.000000000000000000e+00,-1.000000000000000000e+00,4.290161132812500000e-01,3.148193359375000000e-01,-8.272705078125000000e-01,1.800537109375000000e-01
3.000000000000000000e+00,-1.000000000000000000e+00,-1.300000000000000000e+01,0.000000000000000000e+00,-3.000000000000000000e+00,-1.000000000000000000e+00,-3.000000000000000000e+00,1.000000000000000000e+00,4.290161132812500000e-01,3.148193359375000000e-01,-8.272705078125000000e-01,1.800537109375000000e-01
6.000000000000000000e+00,5.000000000000000000e+00,-3.000000000000000000e+00,-2.000000000000000000e+00,-5.000000000000000000e+00,2.000000000000000000e+00,4.000000000000000000e+00,-1.000000000000000000e+00,4.290161132812500000e-01,3.148193359375000000e-01,-8.272705078125000000e-01,1.800537109375000000e-01
-1.000000000000000000e+00,5.000000000000000000e+00,2.000000000000000000e+00,5.000000000000000000e+00,-2.000000000000000000e+00,-4.000000000000000000e+00,1.000000000000000000e+00,-1.000000000000000000e+00,4.290161132812500000e-01,3.148193359375000000e-01,-8.272705078125000000e-01,1.800537109375000000e-01
1.000000000000000000e+00,-2.000000000000000000e+00,7.000000000000000000e+00,-4.000000000000000000e+00,-3.000000000000000000e+00,-3.000000000000000000e+00,-8.000000000000000000e+00,0.000000000000000000e+00,4.290161132812500000e-01,3.148193359375000000e-01,-8.273315429687500000e-01,1.799926757812500000e-01
0.000000000000000000e+00,-8.000000000000000000e+00,-4.000000000000000000e+00,-3.000000000000000000e+00,-3.000000000000000000e+00,-1.000000000000000000e+00,4.000000000000000000e+00,0.000000000000000000e+00,4.290161132812500000e-01,3.148193359375000000e-01,-8.273315429687500000e-01,1.799926757812500000e-01
-6.000000000000000000e+00,-5.000000000000000000e+00,-2.700000000000000000e+01,0.000000000000000000e+00,4.000000000000000000e+00,2.000000000000000000e+00,-2.000000000000000000e+00,-1.000000000000000000e+00,4.290161132812500000e-01,3.148193359375000000e-01,-8.273315429687500000e-01,1.799926757812500000e-01
-2.000000000000000000e+00,-4.000000000000000000e+00,1.900000000000000000e+01,1.000000000000000000e+00,0.000000000000000000e+00,-1.000000000000000000e+00,7.000000000000000000e+00,-1.000000000000000000e+00,4.290161132812500000e-01,3.148193359375000000e-01,-8.273315429687500000e-01,1.799926757812500000e-01
6.000000000000000000e+00,6.000000000000000000e+00,-2.000000000000000000e+00,0.000000000000000000e+00,1.000000000000000000e+00,2.000000000000000000e+00,1.000000000000000000e+00,-3.000000000000000000e+00,4.289550781250000000e-01,3.147583007812500000e-01,-8.272705078125000000e-01,1.802978515625000000e-01
-3.000000000000000000e+00,-1.000000000000000000e+00,2.400000000000000000e+01,2.000000000000000000e+00,-1.000000000000000000e+00,-7.000000000000000000e+00,-2.400000000000000000e+01,-3.000000000000000000e+00,4.289550781250000000e-01,3.147583007812500000e-01,-8.272705078125000000e-01,1.802978515625000000e-01
-1.000000000000000000e+00,-6.000000000000000000e+00,-1.500000000000000000e+01,-3.000000000000000000e+00,-3.000000000000000000e+00,1.000000000000000000e+00,4.000000000000000000e+00,-1.000000000000000000e+00,4.289550781250000000e-01,3.147583007812500000e-01,-8.272705078125000000e-01,1.802978515625000000e-01
-1.000000000000000000e+00,0.000000000000000000e+00,-2.400000000000000000e+01,-5.000000000000000000e+00,-5.000000000000000000e+00,-3.000000000000000000e+00,-6.000000000000000000e+00,-1.000000000000000000e+00,4.289550781250000000e-01,3.147583007812500000e-01,-8.272705078125000000e-01,1.802978515625000000e-01
-7.000000000000000000e+00,-1.000000000000000000e+00,1.600000000000000000e+01,1.600000000000000000e+01,-6.000000000000000000e+00,-1.000000000000000000e+00,5.000000000000000000e+00,-1.000000000000000000e+00,4.288940429687500000e-01,3.148193359375000000e-01,-8.272705078125000000e-01,1.804809570312500000e-01
-1.000000000000000000e+00,0.000000000000000000e+00,-9.000000000000000000e+00,-1.100000000000000000e+01,4.000000000000000000e+00,1.000000000000000000e+00,7.000000000000000000e+00,0.000000000000000000e+00,4.288940429687500000e-01,3.148193359375000000e-01,-8.272705078125000000e-01,1.804809570312500000e-01
1.000000000000000000e+01,9.000000000000000000e+00,-4.000000000000000000e+00,-1.000000000000000000e+00,9.000000000000000000e+00,2.000000000000000000e+00,-3.000000000000000000e+00,-1.000000000000000000e+00,4.288940429687500000e-01,3.148193359375000000e-01,-8.272705078125000000e-01,1.804809570312500000e-01
-6.000000000000000000e+00,-5.000000000000000000e+00,-9.000000000000000000e+00,-2.000000000000000000e+00,-1.000000000000000000e+00,0.000000000000000000e+00,1.000000000000000000e+00,-1.000000000000000000e+00,4.288940429687500000e-01,3.148193359375000000e-01,-8.272705078125000000e-01,1.804809570312500000e-01
-4.000000000000000000e+00,-1.000000000000000000e+00,5.000000000000000000e+00,-2.000000000000000000e+00,2.000000000000000000e+00,0.000000000000000000e+00,-5.000000000000000000e+00,-1.000000000000000000e+00,4.286499023437500000e-01,3.146972656250000000e-01,-8.274536132812500000e-01,1.802978515625000000e-01
-5.000000000000000000e+00,-1.200000000000000000e+01,2.000000000000000000e+00,-1.000000000000000000e+00,-1.000000000000000000e+00,-2.000000000000000000e+00,-3.000000000000000000e+00,-3.000000000000000000e+00,4.286499023437500000e-01,3.146972656250000000e-01,-8.274536132812500000e-01,1.802978515625000000e-01
5.000000000000000000e+00,1.000000000000000000e+00,0.000000000000000000e+00,0.000000000000000000e+00,-7.000000000000000000e+00,-5.000000000000000000e+00,-2.000000000000000000e+00,0.000000000000000000e+00,4.286499023437500000e-01,3.146972656250000000e-01,-8.274536132812500000e-01,1.802978515625000000e-01
0.000000000000000000e+00,-1.000000000000000000e+00,-9.000000000000000000e+00,-7.000000000000000000e+00,-5.000000000000000000e+00,0.000000000000000000e+00,4.000000000000000000e+00,-1.000000000000000000e+00,4.286499023437500000e-01,3.146972656250000000e-01,-8.274536132812500000e-01,1.802978515625000000e-01
4.000000000000000000e+00,4.000000000000000000e+00,8.000000000000000000e+00,0.000000000000000000e+00,-2.000000000000000000e+00,-1.000000000000000000e+00,-6.000000000000000000e+00,1.000000000000000000e+00,4.284667968750000000e-01,3.147583007812500000e-01,-8.275756835937500000e-01,1.799926757812500000e-01
3.000000000000000000e+00,1.000000000000000000e+01,3.000000000000000000e+00,9.000000000000000000e+00,4.000000000000000000e+00,-1.000000000000000000e+00,5.000000000000000000e+00,3.000000000000000000e+00,4.284667968750000000e-01,3.147583007812500000e-01,-8.275756835937500000e-01,1.799926757812500000e-01
-2.000000000000000000e+00,-6.000000000000000000e+00,-1.000000000000000000e+00,-1.100000000000000000e+01,-1.000000000000000000e+01,1.000000000000000000e+00,3.000000000000000000e+00,-4.000000000000000000e+00,4.284667968750000000e-01,3.147583007812500000e-01,-8.275756835937500000e-01,1.799926757812500000e-01
-2.000000000000000000e+00,-4.000000000000000000e+00,-3.500000000000000000e+01,3.000000000000000000e+00,2.000000000000000000e+00,-6.000000000000000000e+00,-7.000000000000000000e+00,-2.000000000000000000e+00,4.284667968750000000e-01,3.147583007812500000e-01,-8.275756835937500000e-01,1.799926757812500000e-01
-1.000000000000000000e+01,-2.300000000000000000e+01,3.600000000000000000e+01,-4.000000000000000000e+00,-1.000000000000000000e+00,1.000000000000000000e+00,0.000000000000000000e+00,0.000000000000000000e+00,4.282226562500000000e-01,3.147583007812500000e-01,-8.278198242187500000e-01,1.796264648437500000e-01
5.000000000000000000e+00,9.000000000000000000e+00,1.300000000000000000e+01,6.000000000000000000e+00,1.000000000000000000e+00,3.000000000000000000e+00,0.000000000000000000e+00,2.000000000000000000e+00,4.282226562500000000e-01,3.147583007812500000e-01,-8.278198242187500000e-01,1.796264648437500000e-01
0.000000000000000000e+00,6.000000000000000000e+00,1.000000000000000000e+00,6.000000000000000000e+00,1.000000000000000000e+00,2.000000000000000000e+00,4.000000000000000000e+00,1.000000000000000000e+00,4.282226562500000000e-01,3.147583007812500000e-01,-8.278198242187500000e-01,1.796264648437500000e-01
-3.000000000000000000e+00,2.000000000000000000e+00,-2.000000000000000000e+00,-1.000000000000000000e+01,-5.000000000000000000e+00,0.000000000000000000e+00,-3.000000000000000000e+00,-2.000000000000000000e+00,4.282226562500000000e-01,3.147583007812500000e-01,-8.278198242187500000e-01,1.796264648437500000e-01
0.000000000000000000e+00,1.000000000000000000e+00,-3.000000000000000000e+01,0.000000000000000000e+00,3.000000000000000000e+00,-4.000000000000000000e+00,-5.000000000000000000e+00,-1.000000000000000000e+00,4.277343750000000000e-01,3.152465820312500000e-01,-8.278808593750000000e-01,1.796264648437500000e-01
5.000000000000000000e+00,-2.000000000000000000e+00,9.000000000000000000e+00,7.000000000000000000e+00,-1.000000000000000000e+01,-2.000000000000000000e+00,5.000000000000000000e+00,0.000000000000000000e+00,4.277343750000000000e-01,3.152465820312500000e-01,-8.278808593750000000e-01,1.796264648437500000e-01
-6.000000000000000000e+00,1.400000000000000000e+01,2.100000000000000000e+01,2.000000000000000000e+00,7.000000000000000000e+00,-3.000000000000000000e+00,1.000000000000000000e+00,1.000000000000000000e+00,4.277343750000000000e-01,3.152465820312500000e-01,-8.278808593750000000e-01,1.796264648437500000e-01
-5.000000000000000000e+00,-2.200000000000000000e+01,-2.400000000000000000e+01,-1.000000000000000000e+01,4.000000000000000000e+00,-6.000000000000000000e+00,-1.100000000000000000e+01,-4.000000000000000000e+00,4.277343750000000000e-01,3.152465820312500000e-01,-8.278808593750000000e-01,1.796264648437500000e-01
2.000000000000000000e+00,2.000000000000000000e+00,-3.000000000000000000e+00,-5.000000000000000000e+00,2.000000000000000000e+00,5.000000000000000000e+00,2.000000000000000000e+00,1.000000000000000000e+00,4.270019531250000000e-01,3.158569335937500000e-01,-8.280029296875000000e-01,1.797485351562500000e-01
-4.000000000000000000e+00,-5.000000000000000000e+00,-6.000000000000000000e+00,6.000000000000000000e+00,0.000000000000000000e+00,-1.000000000000000000e+00,-3.000000000000000000e+00,-2.000000000000000000e+00,4.270019531250000000e-01,3.158569335937500000e-01,-8.280029296875000000e-01,1.797485351562500000e-01
0.000000000000000000e+00,1.000000000000000000e+01,-8.000000000000000000e+00,-1.000000000000000000e+00,-7.000000000000000000e+00,-1.000000000000000000e+00,4.000000000000000000e+00,0.000000000000000000e+00,4.270019531250000000e-01,3.158569335937500000e-01,-8.280029296875000000e-01,1.797485351562500000e-01
2.000000000000000000e+00,-8.000000000000000000e+00,1.900000000000000000e+01,-2.000000000000000000e+00,-4.000000000000000000e+00,-2.000000000000000000e+00,2.000000000000000000e+00,-1.000000000000000000e+00,4.270019531250000000e-01,3.158569335937500000e-01,-8.280029296875000000e-01,1.797485351562500000e-01
-4.000000000000000000e+00,-3.000000000000000000e+00,-8.000000000000000000e+00,3.000000000000000000e+00,-2.000000000000000000e+00,-4.000000000000000000e+00,-1.000000000000000000e+01,-3.000000000000000000e+00,4.265136718750000000e-01,3.164062500000000000e-01,-8.280029296875000000e-01,1.798095703125000000e-01
3.000000000000000000e+00,2.000000000000000000e+00,-3.000000000000000000e+00,0.000000000000000000e+00,3.000000000000000000e+00,-2.000000000000000000e+00,-1.000000000000000000e+01,0.000000000000000000e+00,4.265136718750000000e-01,3.164062500000000000e-01,-8.280029296875000000e-01,1.798095703125000000e-01
2.000000000000000000e+00,2.000000000000000000e+00,-1.200000000000000000e+01,-1.000000000000000000e+00,-3.000000000000000000e+00,4.000000000000000000e+00,1.000000000000000000e+01,1.000000000000000000e+00,4.265136718750000000e-01,3.164062500000000000e-01,-8.280029296875000000e-01,1.798095703125000000e-01
-1.000000000000000000e+00,-3.000000000000000000e+00,1.000000000000000000e+01,-4.000000000000000000e+00,-3.000000000000000000e+00,-2.000000000000000000e+00,6.000000000000000000e+00,-1.000000000000000000e+00,4.265136718750000000e-01,3.164062500000000000e-01,-8.280029296875000000e-01,1.798095703125000000e-01
5.000000000000000000e+00,-7.000000000000000000e+00,6.000000000000000000e+00,-7.000000000000000000e+00,2.000000000000000000e+00,-9.000000000000000000e+00,-7.000000000000000000e+00,-2.000000000000000000e+00,4.265136718750000000e-01,3.164672851562500000e-01,-8.280029296875000000e-01,1.797485351562500000e-01
-1.700000000000000000e+01,-1.100000000000000000e+01,-3.200000000000000000e+01,-1.100000000000000000e+01,1.000000000000000000e+00,9.000000000000000000e+00,2.400000000000000000e+01,-3.000000000000000000e+00,4.265136718750000000e-01,3.164672851562500000e-01,-8.280029296875000000e-01,1.797485351562500000e-01
0.000000000000000000e+00,-2.000000000000000000e+00,-2.700000000000000000e+01,-2.000000000000000000e+00,-3.000000000000000000e+00,-8.000000000000000000e+00,-1.400000000000000000e+01,-2.000000000000000000e+00,4.265136718750000000e-01,3.164672851562500000e-01,-8.280029296875000000e-01,1.797485351562500000e-01
0.000000000000000000e+00,2.000000000000000000e+00,3.600000000000000000e+01,7.000000000000000000e+00,1.000000000000000000e+00,5.000000000000000000e+00,1.000000000000000000e+00,2.000000000000000000e+00,4.265136718750000000e-01,3.164672851562500000e-01,-8.280029296875000000e-01,1.797485351562500000e-01
3.000000000000000000e+00,5.000000000000000000e+00,-5.000000000000000000e+00,-1.000000000000000000e+00,-3.000000000000000000e+00,0.000000000000000000e+00,6.000000000000000000e+00,2.000000000000000000e+00,4.264526367187500000e-01,3.164672851562500000e-01,-8.280639648437500000e-01,1.797485351562500000e-01
-1.000000000000000000e+00,6.000000000000000000e+00,1.700000000000000000e+01,-1.000000000000000000e+00,-3.000000000000000000e+00,-7.000000000000000000e+00,-1.000000000000000000e+01,1.000000000000000000e+00,4.264526367187500000e-01,3.164672851562500000e-01,-8.280639648437500000e-01,1.797485351562500000e-01
-1.000000000000000000e+00,-5.000000000000000000e+00,-5.000000000000000000e+00,5.000000000000000000e+00,6.000000000000000000e+00,2.000000000000000000e+00,0.000000000000000000e+00,-1.000000000000000000e+00,4.264526367187500000e-01,3.164672851562500000e-01,-8.280639648437500000e-01,1.797485351562500000e-01
0.000000000000000000e+00,3.000000000000000000e+00,-8.000000000000000000e+00,-2.000000000000000000e+00,-5.000000000000000000e+00,-1.000000000000000000e+00,0.000000000000000000e+00,0.000000000000000000e+00,4.264526367187500000e-01,3.164672851562500000e-01,-8.280639648437500000e-01,1.797485351562500000e-01
-3.000000000000000000e+00,1.000000000000000000e+00,3.000000000000000000e+00,3.000000000000000000e+00,5.000000000000000000e+00,-2.000000000000000000e+00,-4.000000000000000000e+00,0.000000000000000000e+00,4.264526367187500000e-01,3.165283203125000000e-01,-8.280029296875000000e-01,1.797485351562500000e-01
1.000000000000000000e+00,-4.000000000000000000e+00,-2.000000000000000000e+00,2.000000000000000000e+00,-3.000000000000000000e+00,-1.000000000000000000e+00,0.000000000000000000e+00,-2.000000000000000000e+00,4.264526367187500000e-01,3.165283203125000000e-01,-8.280029296875000000e-01,1.797485351562500000e-01
-5.000000000000000000e+00,-6.000000000000000000e+00,3.000000000000000000e+00,-1.400000000000000000e+01,-2.000000000000000000e+00,0.000000000000000000e+00,2.000000000000000000e+00,-1.000000000000000000e+00,4.264526367187500000e-01,3.165283203125000000e-01,-8.280029296875000000e-01,1.797485351562500000e-01
5.000000000000000000e+00,1.000000000000000000e+01,-8.000000000000000000e+00,6.000000000000000000e+00,3.000000000000000000e+00,-4.000000000000000000e+00,-6.000000000000000000e+00,-2.000000000000000000e+00,4.264526367187500000e-01,3.165283203125000000e-01,-8.280029296875000000e-01,1.797485351562500000e-01
-4.000000000000000000e+00,-7.000000000000000000e+00,-9.000000000000000000e+00,-3.000000000000000000e+00,-2.000000000000000000e+00,0.000000000000000000e+00,-5.000000000000000000e+00,-1.000000000000000000e+00,4.262084960937500000e-01,3.165893554687500000e-01,-8.281250000000000000e-01,1.796875000000000000e-01
1.000000000000000000e+00,-7.000000000000000000e+00,-3.000000000000000000e+00,4.000000000000000000e+00,3.000000000000000000e+00,8.000000000000000000e+00,2.800000000000000000e+01,-2.000000000000000000e+00,4.262084960937500000e-01,3.165893554687500000e-01,-8.281250000000000000e-01,1.796875000000000000e-01
0.000000000000000000e+00,-1.000000000000000000e+00,9.000000000000000000e+00,-5.000000000000000000e+00,-1.200000000000000000e+01,-7.000000000000000000e+00,2.000000000000000000e+00,-2.000000000000000000e+00,4.262084960937500000e-01,3.165893554687500000e-01,-8.281250000000000000e-01,1.796875000000000000e-01
-7.000000000000000000e+00,-2.000000000000000000e+01,1.200000000000000000e+01,-5.000000000000000000e+00,-5.000000000000000000e+00,-3.000000000000000000e+00,-1.400000000000000000e+01,-2.000000000000000000e+00,4.262084960937500000e-01,3.165893554687500000e-01,-8.281250000000000000e-01,1.796875000000000000e-01
-3.000000000000000000e+00,1.100000000000000000e+01,-2.900000000000000000e+01,9.000000000000000000e+00,9.000000000000000000e+00,1.000000000000000000e+00,3.000000000000000000e+00,1.000000000000000000e+00,4.258422851562500000e-01,3.169555664062500000e-01,-8.281860351562500000e-01,1.797485351562500000e-01
3.000000000000000000e+00,1.000000000000000000e+00,2.200000000000000000e+01,-1.100000000000000000e+01,-1.000000000000000000e+01,-9.000000000000000000e+00,-2.000000000000000000e+01,-3.000000000000000000e+00,4.258422851562500000e-01,3.169555664062500000e-01,-8.281860351562500000e-01,1.797485351562500000e-01
-1.000000000000000000e+00,1.000000000000000000e+00,-1.600000000000000000e+01,1.500000000000000000e+01,1.200000000000000000e+01,5.000000000000000000e+00,2.000000000000000000e+00,0.000000000000000000e+00,4.258422851562500000e-01,3.169555664062500000e-01,-8.281860351562500000e-01,1.797485351562500000e-01
4.000000000000000000e+00,5.000000000000000000e+00,-5.000000000000000000e+00,-1.300000000000000000e+01,-5.000000000000000000e+00,6.000000000000000000e+00,1.900000000000000000e+01,1.000000000000000000e+00,4.258422851562500000e-01,3.169555664062500000e-01,-8.281860351562500000e-01,1.797485351562500000e-01
-2.000000000000000000e+00,-1.000000000000000000e+00,2.300000000000000000e+01,5.000000000000000000e+00,2.000000000000000000e+00,-2.000000000000000000e+00,-9.000000000000000000e+00,-1.000000000000000000e+00,4.251708984375000000e-01,3.173828125000000000e-01,-8.283081054687500000e-01,1.798706054687500000e-01
-2.000000000000000000e+00,0.000000000000000000e+00,-4.000000000000000000e+00,-7.000000000000000000e+00,-3.000000000000000000e+00,0.000000000000000000e+00,9.000000000000000000e+00,0.000000000000000000e+00,4.251708984375000000e-01,3.173828125000000000e-01,-8.283081054687500000e-01,1.798706054687500000e-01
9.000000000000000000e+00,4.000000000000000000e+00,9.000000000000000000e+00,-2.000000000000000000e+00,-3.000000000000000000e+00,-5.000000000000000000e+00,-9.000000000000000000e+00,0.000000000000000000e+00,4.251708984375000000e-01,3.173828125000000000e-01,-8.283081054687500000e-01,1.798706054687500000e-01
-7.000000000000000000e+00,0.000000000000000000e+00,-2.000000000000000000e+01,1.000000000000000000e+00,1.000000000000000000e+00,-3.000000000000000000e+00,-3.000000000000000000e+00,3.000000000000000000e+00,4.251708984375000000e-01,3.173828125000000000e-01,-8.283081054687500000e-01,1.798706054687500000e-01
-4.000000000000000000e+00,-8.000000000000000000e+00,0.000000000000000000e+00,-1.000000000000000000e+00,2.000000000000000000e+00,4.000000000000000000e+00,5.000000000000000000e+00,-3.000000000000000000e+00,4.248046875000000000e-01,3.174438476562500000e-01,-8.285522460937500000e-01,1.796264648437500000e-01
-6.000000000000000000e+00,-5.000000000000000000e+00,-7.000000000000000000e+00,-3.000000000000000000e+00,-1.000000000000000000e+00,-3.000000000000000000e+00,-1.100000000000000000e+01,-4.000000000000000000e+00,4.248046875000000000e-01,3.174438476562500000e-01,-8.285522460937500000e-01,1.796264648437500000e-01
-4.000000000000000000e+00,-9.000000000000000000e+00,-1.000000000000000000e+00,-6.000000000000000000e+00,-1.000000000000000000e+00,-4.000000000000000000e+00,1.000000000000000000e+00,-2.000000000000000000e+00,4.248046875000000000e-01,3.174438476562500000e-01,-8.285522460937500000e-01,1.796264648437500000e-01
2.000000000000000000e+00,4.000000000000000000e+00,-1.300000000000000000e+01,1.000000000000000000e+00,-1.100000000000000000e+01,0.000000000000000000e+00,0.000000000000000000e+00,0.000000000000000000e+00,4.248046875000000000e-01,3.174438476562500000e-01,-8.285522460937500000e-01,1.796264648437500000e-01
0.000000000000000000e+00,4.000000000000000000e+00,1.400000000000000000e+01,-2.000000000000000000e+00,-2.000000000000000000e+00,-4.000000000000000000e+00,-2.000000000000000000e+00,-2.000000000000000000e+00,4.246826171875000000e-01,3.176879882812500000e-01,-8.285522460937500000e-01,1.793823242187500000e-01
0.000000000000000000e+00,3.000000000000000000e+00,-1.000000000000000000e+00,5.000000000000000000e+00,4.000000000000000000e+00,-3.000000000000000000e+00,-2.000000000000000000e+00,2.000000000000000000e+00,4.246826171875000000e-01,3.176879882812500000e-01,-8.285522460937500000e-01,1.793823242187500000e-01
-3.000000000000000000e+00,-4.000000000000000000e+00,-3.000000000000000000e+00,6.000000000000000000e+00,4.000000000000000000e+00,4.000000000000000000e+00,1.000000000000000000e+00,2.000000000000000000e+00,4.246826171875000000e-01,3.176879882812500000e-01,-8.285522460937500000e-01,1.793823242187500000e-01
0.000000000000000000e+00,2.000000000000000000e+00,2.900000000000000000e+01,0.000000000000000000e+00,-2.000000000000000000e+00,0.000000000000000000e+00,-3.000000000000000000e+00,-1.000000000000000000e+00,4.246826171875000000e-01,3.176879882812500000e-01,-8.285522460937500000e-01,1.793823242187500000e-01
9.000000000000000000e+00,6.000000000000000000e+00,-2.700000000000000000e+01,-3.000000000000000000e+00,1.000000000000000000e+00,0.000000000000000000e+00,0.000000000000000000e+00,1.000000000000000000e+00,4.243774414062500000e-01,3.178710937500000000e-01,-8.286743164062500000e-01,1.791381835937500000e-01
-1.300000000000000000e+01,-1.200000000000000000e+01,-2.900000000000000000e+01,-7.000000000000000000e+00,-4.000000000000000000e+00,-2.000000000000000000e+00,0.000000000000000000e+00,-3.000000000000000000e+00,4.243774414062500000e-01,3.178710937500000000e-01,-8.286743164062500000e-01,1.791381835937500000e-01
-7.000000000000000000e+00,-5.000000000000000000e+00,4.000000000000000000e+00,-5.000000000000000000e+00,-5.000000000000000000e+00,0.000000000000000000e+00,5.000000000000000000e+00,-2.000000000000000000e+00,4.243774414062500000e-01,3.178710937500000000e-01,-8.286743164062500000e-01,1.791381835937500000e-01
-3.000000000000000000e+00,2.000000000000000000e+00,2.300000000000000000e+01,-7.000000000000000000e+00,-3.000000000000000000e+00,-4.000000000000000000e+00,-3.000000000000000000e+00,-3.000000000000000000e+00,4.243774414062500000e-01,3.178710937500000000e-01,-8.286743164062500000e-01,1.791381835937500000e-01
1.000000000000000000e+00,-6.000000000000000000e+00,-2.200000000000000000e+01,9.000000000000000000e+00,-1.000000000000000000e+01,-2.000000000000000000e+00,3.000000000000000000e+00,-1.000000000000000000e+00,4.240112304687500000e-01,3.182373046875000000e-01,-8.287963867187500000e-01,1.790161132812500000e-01
9.000000000000000000e+00,1.400000000000000000e+01,7.000000000000000000e+00,-7.000000000000000000e+00,1.200000000000000000e+01,-1.000000000000000000e+01,-3.900000000000000000e+01,3.000000000000000000e+00,4.240112304687500000e-01,3.182373046875000000e-01,-8.287963867187500000e-01,1.790161132812500000e-01
-5.000000000000000000e+00,-7.000000000000000000e+00,-1.600000000000000000e+01,-1.200000000000000000e+01,-1.000000000000000000e+01,8.000000000000000000e+00,2.100000000000000000e+01,0.000000000000000000e+00,4.240112304687500000e-01,3.182373046875000000e-01,-8.287963867187500000e-01,1.790161132812500000e-01
0.000000000000000000e+00,-5.000000000000000000e+00,8.000000000000000000e+00,0.000000000000000000e+00,5.000000000000000000e+00,3.000000000000000000e+00,-5.000000000000000000e+00,-1.000000000000000000e+00,4.240112304687500000e-01,3.182373046875000000e-01,-8.287963867187500000e-01,1.790161132812500000e-01
-7.000000000000000000e+00,-6.000000000000000000e+00,-2.000000000000000000e+00,-6.000000000000000000e+00,-5.000000000000000000e+00,0.000000000000000000e+00,6.000000000000000000e+00,-1.000000000000000000e+00,4.236450195312500000e-01,3.187255859375000000e-01,-8.287963867187500000e-01,1.790161132812500000e-01
6.000000000000000000e+00,1.000000000000000000e+00,-4.000000000000000000e+00,6.000000000000000000e+00,-1.000000000000000000e+00,-1.000000000000000000e+00,-7.000000000000000000e+00,-3.000000000000000000e+00,4.236450195312500000e-01,3.187255859375000000e-01,-8.287963867187500000e-01,1.790161132812500000e-01
-9.000000000000000000e+00,-1.000000000000000000e+01,4.000000000000000000e+00,3.000000000000000000e+00,3.000000000000000000e+00,-6.000000000000000000e+00,-1.100000000000000000e+01,-2.000000000000000000e+00,4.236450195312500000e-01,3.187255859375000000e-01,-8.287963867187500000e-01,1.790161132812500000e-01
4.000000000000000000e+00,9.000000000000000000e+00,-3.000000000000000000e+00,1.000000000000000000e+00,-1.000000000000000000e+00,-3.000000000000000000e+00,-5.000000000000000000e+00,-2.000000000000000000e+00,4.236450195312500000e-01,3.187255859375000000e-01,-8.287963867187500000e-01,1.790161132812500000e-01
1.000000000000000000e+00,5.000000000000000000e+00,-1.400000000000000000e+01,-3.000000000000000000e+00,-5.000000000000000000e+00,-1.000000000000000000e+00,4.000000000000000000e+00,0.000000000000000000e+00,4.234619140625000000e-01,3.191528320312500000e-01,-8.287963867187500000e-01,1.788330078125000000e-01
0.000000000000000000e+00,2.000000000000000000e+00,2.300000000000000000e+01,5.000000000000000000e+00,-7.000000000000000000e+00,0.000000000000000000e+00,7.000000000000000000e+00,1.000000000000000000e+00,4.234619140625000000e-01,3.191528320312500000e-01,-8.287963867187500000e-01,1.788330078125000000e-01
1.000000000000000000e+00,4.000000000000000000e+00,-2.000000000000000000e+00,-2.000000000000000000e+00,1.500000000000000000e+01,0.000000000000000000e+00,-9.000000000000000000e+00,1.000000000000000000e+00,4.234619140625000000e-01,3.191528320312500000e-01,-8.287963867187500000e-01,1.788330078125000000e-01
-1.000000000000000000e+00,-1.300000000000000000e+01,-3.500000000000000000e+01,1.000000000000000000e+00,-1.000000000000000000e+00,4.000000000000000000e+00,8.000000000000000000e+00,-2.000000000000000000e+00,4.234619140625000000e-01,3.191528320312500000e-01,-8.287963867187500000e-01,1.788330078125000000e-01
4.000000000000000000e+00,2.000000000000000000e+00,6.000000000000000000e+00,-4.000000000000000000e+00,-3.000000000000000000e+00,-4.000000000000000000e+00,-2.000000000000000000e+00,0.000000000000000000e+00,4.235839843750000000e-01,3.190307617187500000e-01,-8.288574218750000000e-01,1.784667968750000000e-01
-5.000000000000000000e+00,-1.000000000000000000e+00,0.000000000000000000e+00,1.000000000000000000e+00,-1.000000000000000000e+00,4.000000000000000000e+00,9.000000000000000000e+00,-2.000000000000000000e+00,4.235839843750000000e-01,3.190307617187500000e-01,-8.288574218750000000e-01,1.784667968750000000e-01
-2.000000000000000000e+00,-2.000000000000000000e+00,1.300000000000000000e+01,3.000000000000000000e+00,-4.000000000000000000e+00,-2.000000000000000000e+00,-3.000000000000000000e+00,-2.000000000000000000e+00,4.235839843750000000e-01,3.190307617187500000e-01,-8.288574218750000000e-01,1.784667968750000000e-01
-2.000000000000000000e+00,5.000000000000000000e+00,2.000000000000000000e+00,1.000000000000000000e+00,1.000000000000000000e+00,-3.000000000000000000e+00,-7.000000000000000000e+00,-1.000000000000000000e+00,4.235839843750000000e-01,3.190307617187500000e-01,-8.288574218750000000e-01,1.784667968750000000e-01
3.000000000000000000e+00,1.000000000000000000e+00,1.000000000000000000e+00,-2.000000000000000000e+00,0.000000000000000000e+00,-1.000000000000000000e+00,0.000000000000000000e+00,-1.000000000000000000e+00,4.235839843750000000e-01,3.190307617187500000e-01,-8.287963867187500000e-01,1.784667968750000000e-01
7.000000000000000000e+00,8.000000000000000000e+00,1.500000000000000000e+01,1.000000000000000000e+01,2.000000000000000000e+00,4.000000000000000000e+00,2.000000000000000000e+00,0.000000000000000000e+00,4.235839843750000000e-01,3.190307617187500000e-01,-8.287963867187500000e-01,1.784667968750000000e-01
-4.000000000000000000e+00,-5.000000000000000000e+00,1.100000000000000000e+01,-9.000000000000000000e+00,-5.000000000000000000e+00,-4.000000000000000000e+00,-1.000000000000000000e+00,-1.000000000000000000e+00,4.235839843750000000e-01,3.190307617187500000e-01,-8.287963867187500000e-01,1.784667968750000000e-01
-1.300000000000000000e+01,-2.800000000000000000e+01,-3.300000000000000000e+01,-1.300000000000000000e+01,0.000000000000000000e+00,-3.000000000000000000e+00,-3.000000000000000000e+00,-3.000000000000000000e+00,4.235839843750000000e-01,3.190307617187500000e-01,-8.287963867187500000e-01,1.784667968750000000e-01
-5.000000000000000000e+00,-2.000000000000000000e+00,2.100000000000000000e+01,-1.000000000000000000e+00,0.000000000000000000e+00,-3.000000000000000000e+00,-1.100000000000000000e+01,-2.000000000000000000e+00,4.235839843750000000e-01,3.190307617187500000e-01,-8.287963867187500000e-01,1.784667968750000000e-01
0.000000000000000000e+00,0.000000000000000000e+00,-2.500000000000000000e+01,1.000000000000000000e+00,-3.000000000000000000e+00,2.000000000000000000e+00,7.000000000000000000e+00,-2.000000000000000000e+00,4.235839843750000000e-01,3.190307617187500000e-01,-8.287963867187500000e-01,1.784667968750000000e-01
6.000000000000000000e+00,1.000000000000000000e+01,2.000000000000000000e+01,3.000000000000000000e+00,-4.000000000000000000e+00,-3.000000000000000000e+00,-8.000000000000000000e+00,-1.000000000000000000e+00,4.235839843750000000e-01,3.190307617187500000e-01,-8.287963867187500000e-01,1.784667968750000000e-01
5.000000000000000000e+00,9.000000000000000000e+00,-3.000000000000000000e+00,7.000000000000000000e+00,-3.000000000000000000e+00,0.000000000000000000e+00,8.000000000000000000e+00,0.000000000000000000e+00,4.235839843750000000e-01,3.190307617187500000e-01,-8.287963867187500000e-01,1.784667968750000000e-01
-5.000000000000000000e+00,-5.000000000000000000e+00,3.000000000000000000e+00,-2.000000000000000000e+00,4.000000000000000000e+00,2.000000000000000000e+00,0.000000000000000000e+00,-3.000000000000000000e+00,4.232788085937500000e-01,3.193359375000000000e-01,-8.287963867187500000e-01,1.788330078125000000e-01
-2.000000000000000000e+00,-4.000000000000000000e+00,-1.000000000000000000e+00,-3.000000000000000000e+00,3.000000000000000000e+00,-3.000000000000000000e+00,-2.000000000000000000e+00,-2.000000000000000000e+00,4.232788085937500000e-01,3.193359375000000000e-01,-8.287963867187500000e-01,1.788330078125000000e-01
5.000000000000000000e+00,5.000000000000000000e+00,1.000000000000000000e+00,3.000000000000000000e+00,-2.000000000000000000e+00,1.000000000000000000e+00,0.000000000000000000e+00,1.000000000000000000e+00,4.232788085937500000e-01,3.193359375000000000e-01,-8.287963867187500000e-01,1.788330078125000000e-01
6.000000000000000000e+00,1.300000000000000000e+01,5.000000000000000000e+00,-3.000000000000000000e+00,0.000000000000000000e+00,-3.000000000000000000e+00,-1.700000000000000000e+01,0.000000000000000000e+00,4.232788085937500000e-01,3.193359375000000000e-01,-8.287963867187500000e-01,1.788330078125000000e-01
-1.100000000000000000e+01,-2.000000000000000000e+01,-6.000000000000000000e+00,-3.000000000000000000e+00,-7.000000000000000000e+00,6.000000000000000000e+00,3.700000000000000000e+01,0.000000000000000000e+00,4.229736328125000000e-01,3.195800781250000000e-01,-8.287963867187500000e-01,1.790771484375000000e-01
-3.000000000000000000e+00,0.000000000000000000e+00,2.400000000000000000e+01,0.000000000000000000e+00,0.000000000000000000e+00,-3.000000000000000000e+00,-1.000000000000000000e+00,-3.000000000000000000e+00,4.229736328125000000e-01,3.195800781250000000e-01,-8.287963867187500000e-01,1.790771484375000000e-01
1.000000000000000000e+00,-1.000000000000000000e+00,-8.000000000000000000e+00,0.000000000000000000e+00,-1.000000000000000000e+00,-3.000000000000000000e+00,-2.000000000000000000e+00,-1.000000000000000000e+00,4.229736328125000000e-01,3.195800781250000000e-01,-8.287963867187500000e-01,1.790771484375000000e-01
9.000000000000000000e+00,8.000000000000000000e+00,3.700000000000000000e+01,8.000000000000000000e+00,2.000000000000000000e+00,0.000000000000000000e+00,1.200000000000000000e+01,1.000000000000000000e+00,4.229736328125000000e-01,3.195800781250000000e-01,-8.287963867187500000e-01,1.790771484375000000e-01
-3.000000000000000000e+00,-1.000000000000000000e+00,-2.400000000000000000e+01,0.000000000000000000e+00,-2.000000000000000000e+00,-2.000000000000000000e+00,-1.500000000000000000e+01,0.000000000000000000e+00,4.227905273437500000e-01,3.197021484375000000e-01,-8.287963867187500000e-01,1.792602539062500000e-01
0.000000000000000000e+00,-1.000000000000000000e+00,-1.700000000000000000e+01,-8.000000000000000000e+00,-1.000000000000000000e+00,-1.000000000000000000e+00,2.000000000000000000e+00,0.000000000000000000e+00,4.227905273437500000e-01,3.197021484375000000e-01,-8.287963867187500000e-01,1.792602539062500000e-01
0.000000000000000000e+00,3.000000000000000000e+00,8.000000000000000000e+00,-1.000000000000000000e+00,1.000000000000000000e+00,5.000000000000000000e+00,7.000000000000000000e+00,-1.000000000000000000e+00,4.227905273437500000e-01,3.197021484375000000e-01,-8.287963867187500000e-01,1.792602539062500000e-01
-2.000000000000000000e+00,-2.000000000000000000e+00,-7.000000000000000000e+00,0.000000000000000000e+00,0.000000000000000000e+00,-3.000000000000000000e+00,-6.000000000000000000e+00,1.000000000000000000e+00,4.227905273437500000e-01,3.197021484375000000e-01,-8.287963867187500000e-01,1.792602539062500000e-01
-3.000000000000000000e+00,0.000000000000000000e+00,5.000000000000000000e+00,-1.000000000000000000e+00,-4.000000000000000000e+00,-3.000000000000000000e+00,-1.200000000000000000e+01,0.000000000000000000e+00,4.227905273437500000e-01,3.193359375000000000e-01,-8.289184570312500000e-01,1.793212890625000000e-01
-3.000000000000000000e+00,-6.000000000000000000e+00,-9.000000000000000000e+00,-8.000000000000000000e+00,-4.000000000000000000e+00,-1.000000000000000000e+00,-1.000000000000000000e+00,-2.000000000000000000e+00,4.227905273437500000e-01,3.193359375000000000e-01,-8.289184570312500000e-01,1.793212890625000000e-01
2.000000000000000000e+00,-4.000000000000000000e+00,-4.000000000000000000e+00,0.000000000000000000e+00,-5.000000000000000000e+00,-2.000000000000000000e+00,-6.000000000000000000e+00,-2.000000000000000000e+00,4.227905273437500000e-01,3.193359375000000000e-01,-8.289184570312500000e-01,1.793212890625000000e-01
-4.000000000000000000e+00,0.000000000000000000e+00,-4.000000000000000000e+00,3.000000000000000000e+00,-2.000000000000000000e+00,0.000000000000000000e+00,0.000000000000000000e+00,-1.000000000000000000e+00,4.227905273437500000e-01,3.193359375000000000e-01,-8.289184570312500000e-01,1.793212890625000000e-01
2.000000000000000000e+00,0.000000000000000000e+00,2.000000000000000000e+00,-1.200000000000000000e+01,-1.000000000000000000e+00,0.000000000000000000e+00,6.000000000000000000e+00,0.000000000000000000e+00,4.228515625000000000e-01,3.190307617187500000e-01,-8.289184570312500000e-01,1.796264648437500000e-01
-3.000000000000000000e+00,-1.000000000000000000e+00,-5.000000000000000000e+00,8.000000000000000000e+00,3.000000000000000000e+00,0.000000000000000000e+00,-3.000000000000000000e+00,0.000000000000000000e+00,4.228515625000000000e-01,3.190307617187500000e-01,-8.289184570312500000e-01,1.796264648437500000e-01
4.000000000000000000e+00,1.400000000000000000e+01,1.000000000000000000e+01,1.600000000000000000e+01,-1.000000000000000000e+00,0.000000000000000000e+00,-2.000000000000000000e+00,1.000000000000000000e+00,4.228515625000000000e-01,3.190307617187500000e-01,-8.289184570312500000e-01,1.796264648437500000e-01
-9.000000000000000000e+00,-2.500000000000000000e+01,-3.200000000000000000e+01,-2.200000000000000000e+01,-1.000000000000000000e+00,-2.000000000000000000e+00,1.000000000000000000e+00,-5.000000000000000000e+00,4.228515625000000000e-01,3.190307617187500000e-01,-8.289184570312500000e-01,1.796264648437500000e-01
