1.000000000000000000e+00,2.000000000000000000e+00,1.200000000000000000e+01,1.000000000000000000e+00,-6.000000000000000000e+00,-1.500000000000000000e+01,2.000000000000000000e+00,-2.000000000000000000e+00,-1.539916992187500000e-01,5.151977539062500000e-01,-4.425048828125000000e-02,8.419189453125000000e-01
1.000000000000000000e+00,-5.000000000000000000e+00,-2.300000000000000000e+01,-1.400000000000000000e+01,-2.000000000000000000e+00,4.000000000000000000e+00,3.000000000000000000e+00,0.000000000000000000e+00,-1.539916992187500000e-01,5.151977539062500000e-01,-4.425048828125000000e-02,8.419189453125000000e-01
2.000000000000000000e+00,1.000000000000000000e+00,-8.000000000000000000e+00,-4.100000000000000000e+01,-1.000000000000000000e+01,2.000000000000000000e+00,8.000000000000000000e+00,0.000000000000000000e+00,-1.539916992187500000e-01,5.151977539062500000e-01,-4.425048828125000000e-02,8.419189453125000000e-01
0.000000000000000000e+00,-3.000000000000000000e+00,1.200000000000000000e+01,2.700000000000000000e+01,5.000000000000000000e+00,3.000000000000000000e+00,2.000000000000000000e+00,-1.000000000000000000e+00,-1.539916992187500000e-01,5.151977539062500000e-01,-4.425048828125000000e-02,8.419189453125000000e-01
-4.000000000000000000e+00,-1.000000000000000000e+00,-1.900000000000000000e+01,1.200000000000000000e+01,1.000000000000000000e+00,0.000000000000000000e+00,-1.000000000000000000e+01,-3.000000000000000000e+00,-1.533813476562500000e-01,5.153198242187500000e-01,-4.479980468750000000e-02,8.419189453125000000e-01
-4.000000000000000000e+00,1.000000000000000000e+00,2.400000000000000000e+01,-7.000000000000000000e+00,-6.000000000000000000e+00,-1.500000000000000000e+01,-1.300000000000000000e+01,-3.000000000000000000e+00,-1.533813476562500000e-01,5.153198242187500000e-01,-4.479980468750000000e-02,8.419189453125000000e-01
-2.000000000000000000e+00,-3.000000000000000000e+00,5.000000000000000000e+00,1.500000000000000000e+01,-1.000000000000000000e+00,-3.000000000000000000e+00,-1.000000000000000000e+00,-1.000000000000000000e+00,-1.533813476562500000e-01,5.153198242187500000e-01,-4.479980468750000000e-02,8.419189453125000000e-01
0.000000000000000000e+00,4.000000000000000000e+00,-4.400000000000000000e+01,1.000000000000000000e+00,-4.000000000000000000e+00,-1.000000000000000000e+00,0.000000000000000000e+00,-1.000000000000000000e+00,-1.533813476562500000e-01,5.153198242187500000e-01,-4.479980468750000000e-02,8.419189453125000000e-01
1.000000000000000000e+00,4.000000000000000000e+00,8.000000000000000000e+00,-3.900000000000000000e+01,-5.000000000000000000e+00,4.000000000000000000e+00,3.000000000000000000e+00,0.000000000000000000e+00,-1.528320312500000000e-01,5.155639648437500000e-01,-4.498291015625000000e-02,8.418579101562500000e-01
-2.000000000000000000e+00,-1.600000000000000000e+01,1.000000000000000000e+00,-7.000000000000000000e+00,5.000000000000000000e+00,0.000000000000000000e+00,-3.000000000000000000e+00,1.000000000000000000e+00,-1.528320312500000000e-01,5.155639648437500000e-01,-4.498291015625000000e-02,8.418579101562500000e-01
2.000000000000000000e+00,1.500000000000000000e+01,-5.000000000000000000e+00,3.800000000000000000e+01,-2.000000000000000000e+00,-2.000000000000000000e+00,-6.000000000000000000e+00,0.000000000000000000e+00,-1.528320312500000000e-01,5.155639648437500000e-01,-4.498291015625000000e-02,8.418579101562500000e-01
1.000000000000000000e+00,-3.000000000000000000e+00,-4.000000000000000000e+00,-2.200000000000000000e+01,-2.000000000000000000e+00,1.000000000000000000e+00,3.000000000000000000e+00,-2.000000000000000000e+00,-1.528320312500000000e-01,5.155639648437500000e-01,-4.498291015625000000e-02,8.418579101562500000e-01
1.000000000000000000e+00,-3.000000000000000000e+00,-9.000000000000000000e+00,-1.100000000000000000e+01,-2.000000000000000000e+00,8.000000000000000000e+00,1.900000000000000000e+01,1.000000000000000000e+00,-1.525878906250000000e-01,5.157470703125000000e-01,-4.486083984375000000e-02,8.417968750000000000e-01
-2.000000000000000000e+00,3.000000000000000000e+00,1.000000000000000000e+00,-7.000000000000000000e+00,-4.000000000000000000e+00,-1.400000000000000000e+01,-1.000000000000000000e+00,-1.000000000000000000e+00,-1.525878906250000000e-01,5.157470703125000000e-01,-4.486083984375000000e-02,8.417968750000000000e-01
-6.000000000000000000e+00,-9.000000000000000000e+00,-1.000000000000000000e+00,1.000000000000000000e+00,5.000000000000000000e+00,3.000000000000000000e+00,-1.200000000000000000e+01,-2.000000000000000000e+00,-1.525878906250000000e-01,5.157470703125000000e-01,-4.486083984375000000e-02,8.417968750000000000e-01
5.000000000000000000e+00,4.000000000000000000e+00,7.000000000000000000e+00,1.900000000000000000e+01,6.000000000000000000e+00,2.000000000000000000e+00,-6.000000000000000000e+00,0.000000000000000000e+00,-1.525878906250000000e-01,5.157470703125000000e-01,-4.486083984375000000e-02,8.417968750000000000e-01
-3.000000000000000000e+00,-4.000000000000000000e+00,-8.000000000000000000e+00,1.000000000000000000e+00,3.000000000000000000e+00,6.000000000000000000e+00,7.000000000000000000e+00,-1.000000000000000000e+00,-1.527099609375000000e-01,5.156250000000000000e-01,-4.455566406250000000e-02,8.418579101562500000e-01
-4.000000000000000000e+00,-1.000000000000000000e+00,4.000000000000000000e+00,1.200000000000000000e+01,1.000000000000000000e+00,2.000000000000000000e+00,-2.000000000000000000e+00,-1.000000000000000000e+00,-1.527099609375000000e-01,5.156250000000000000e-01,-4.455566406250000000e-02,8.418579101562500000e-01
-5.000000000000000000e+00,-3.000000000000000000e+00,4.000000000000000000e+00,1.200000000000000000e+01,-7.000000000000000000e+00,-1.300000000000000000e+01,-1.000000000000000000e+00,-5.000000000000000000e+00,-1.527099609375000000e-01,5.156250000000000000e-01,-4.455566406250000000e-02,8.418579101562500000e-01
3.000000000000000000e+00,1.000000000000000000e+00,-1.000000000000000000e+00,-6.100000000000000000e+01,-4.000000000000000000e+00,-2.000000000000000000e+00,-2.000000000000000000e+00,4.000000000000000000e+00,-1.527099609375000000e-01,5.156250000000000000e-01,-4.455566406250000000e-02,8.418579101562500000e-01
-2.000000000000000000e+00,-2.000000000000000000e+00,-1.000000000000000000e+00,-1.400000000000000000e+01,-1.000000000000000000e+00,0.000000000000000000e+00,-5.000000000000000000e+00,-1.000000000000000000e+00,-1.527709960937500000e-01,5.153808593750000000e-01,-4.406738281250000000e-02,8.420410156250000000e-01
1.000000000000000000e+00,2.000000000000000000e+00,-6.000000000000000000e+00,8.000000000000000000e+00,1.000000000000000000e+00,1.000000000000000000e+00,-3.000000000000000000e+00,-1.000000000000000000e+00,-1.527709960937500000e-01,5.153808593750000000e-01,-4.406738281250000000e-02,8.420410156250000000e-01
0.000000000000000000e+00,4.000000000000000000e+00,7.000000000000000000e+00,-1.000000000000000000e+00,-1.000000000000000000e+00,-3.000000000000000000e+00,0.000000000000000000e+00,0.000000000000000000e+00,-1.527709960937500000e-01,5.153808593750000000e-01,-4.406738281250000000e-02,8.420410156250000000e-01
-4.000000000000000000e+00,-8.000000000000000000e+00,1.000000000000000000e+00,2.200000000000000000e+01,7.000000000000000000e+00,5.000000000000000000e+00,-2.000000000000000000e+00,-2.000000000000000000e+00,-1.527709960937500000e-01,5.153808593750000000e-01,-4.406738281250000000e-02,8.420410156250000000e-01
0.000000000000000000e+00,-1.000000000000000000e+00,5.000000000000000000e+00,1.400000000000000000e+01,0.000000000000000000e+00,-5.000000000000000000e+00,-3.000000000000000000e+00,2.000000000000000000e+00,-1.529541015625000000e-01,5.151977539062500000e-01,-4.345703125000000000e-02,8.421630859375000000e-01
-3.000000000000000000e+00,-1.300000000000000000e+01,-2.300000000000000000e+01,-3.500000000000000000e+01,2.000000000000000000e+00,5.000000000000000000e+00,1.000000000000000000e+01,-2.000000000000000000e+00,-1.529541015625000000e-01,5.151977539062500000e-01,-4.345703125000000000e-02,8.421630859375000000e-01
3.000000000000000000e+00,1.000000000000000000e+01,2.500000000000000000e+01,4.400000000000000000e+01,7.000000000000000000e+00,5.000000000000000000e+00,4.000000000000000000e+00,1.000000000000000000e+00,-1.529541015625000000e-01,5.151977539062500000e-01,-4.345703125000000000e-02,8.421630859375000000e-01
-3.000000000000000000e+00,-4.000000000000000000e+00,-5.500000000000000000e+01,-2.700000000000000000e+01,-8.000000000000000000e+00,-3.000000000000000000e+00,-5.000000000000000000e+00,-2.000000000000000000e+00,-1.529541015625000000e-01,5.151977539062500000e-01,-4.345703125000000000e-02,8.421630859375000000e-01
-1.000000000000000000e+00,-2.000000000000000000e+00,2.100000000000000000e+01,3.000000000000000000e+00,-2.000000000000000000e+00,-1.200000000000000000e+01,-2.000000000000000000e+00,-1.000000000000000000e+00,-1.536254882812500000e-01,5.151367187500000000e-01,-4.272460937500000000e-02,8.421020507812500000e-01
-2.000000000000000000e+00,2.000000000000000000e+00,-2.000000000000000000e+00,-2.000000000000000000e+00,2.000000000000000000e+00,1.300000000000000000e+01,1.300000000000000000e+01,-1.000000000000000000e+00,-1.536254882812500000e-01,5.151367187500000000e-01,-4.272460937500000000e-02,8.421020507812500000e-01
1.000000000000000000e+00,-8.000000000000000000e+00,-6.000000000000000000e+00,-2.000000000000000000e+01,0.000000000000000000e+00,0.000000000000000000e+00,-1.000000000000000000e+00,-1.000000000000000000e+00,-1.536254882812500000e-01,5.151367187500000000e-01,-4.272460937500000000e-02,8.421020507812500000e-01
2.000000000000000000e+00,2.000000000000000000e+00,1.100000000000000000e+01,1.100000000000000000e+01,-2.000000000000000000e+00,1.000000000000000000e+00,3.000000000000000000e+00,1.000000000000000000e+00,-1.536254882812500000e-01,5.151367187500000000e-01,-4.272460937500000000e-02,8.421020507812500000e-01
-3.000000000000000000e+00,3.000000000000000000e+00,-3.000000000000000000e+00,4.300000000000000000e+01,8.000000000000000000e+00,-2.000000000000000000e+00,-1.200000000000000000e+01,-5.000000000000000000e+00,-1.542358398437500000e-01,5.149536132812500000e-01,-4.199218750000000000e-02,8.421630859375000000e-01
2.000000000000000000e+00,0.000000000000000000e+00,-4.000000000000000000e+00,-4.000000000000000000e+01,-1.100000000000000000e+01,-8.000000000000000000e+00,-8.000000000000000000e+00,0.000000000000000000e+00,-1.542358398437500000e-01,5.149536132812500000e-01,-4.199218750000000000e-02,8.421630859375000000e-01
-6.000000000000000000e+00,-6.000000000000000000e+00,-2.700000000000000000e+01,-2.100000000000000000e+01,4.000000000000000000e+00,3.000000000000000000e+00,5.000000000000000000e+00,-1.000000000000000000e+00,-1.542358398437500000e-01,5.149536132812500000e-01,-4.199218750000000000e-02,8.421630859375000000e-01
1.200000000000000000e+01,1.400000000000000000e+01,5.200000000000000000e+01,1.400000000000000000e+01,-8.000000000000000000e+00,-5.000000000000000000e+00,-2.000000000000000000e+00,-1.000000000000000000e+00,-1.542358398437500000e-01,5.149536132812500000e-01,-4.199218750000000000e-02,8.421630859375000000e-01
-5.000000000000000000e+00,-1.000000000000000000e+00,3.000000000000000000e+00,8.000000000000000000e+00,-2.000000000000000000e+00,-4.000000000000000000e+00,-8.000000000000000000e+00,-3.000000000000000000e+00,-1.551513671875000000e-01,5.150146484375000000e-01,-4.138183593750000000e-02,8.419799804687500000e-01
3.000000000000000000e+00,3.000000000000000000e+00,2.200000000000000000e+01,1.400000000000000000e+01,6.000000000000000000e+00,1.200000000000000000e+01,6.000000000000000000e+00,5.000000000000000000e+00,-1.551513671875000000e-01,5.150146484375000000e-01,-4.138183593750000000e-02,8.419799804687500000e-01
1.000000000000000000e+00,-1.000000000000000000e+00,-4.000000000000000000e+00,-1.700000000000000000e+01,-2.000000000000000000e+00,-4.000000000000000000e+00,-7.000000000000000000e+00,0.000000000000000000e+00,-1.551513671875000000e-01,5.150146484375000000e-01,-4.138183593750000000e-02,8.419799804687500000e-01
-6.000000000000000000e+00,-8.000000000000000000e+00,-1.000000000000000000e+00,1.000000000000000000e+01,2.000000000000000000e+00,-1.000000000000000000e+01,-8.000000000000000000e+00,-2.000000000000000000e+00,-1.551513671875000000e-01,5.150146484375000000e-01,-4.138183593750000000e-02,8.419799804687500000e-01
2.000000000000000000e+00,1.000000000000000000e+00,2.000000000000000000e+00,-1.000000000000000000e+00,2.000000000000000000e+00,2.500000000000000000e+01,3.300000000000000000e+01,3.000000000000000000e+00,-1.558227539062500000e-01,5.151977539062500000e-01,-4.119873046875000000e-02,8.417358398437500000e-01
-1.000000000000000000e+00,0.000000000000000000e+00,-3.000000000000000000e+00,8.000000000000000000e+00,-4.000000000000000000e+00,-9.000000000000000000e+00,-8.000000000000000000e+00,0.000000000000000000e+00,-1.558227539062500000e-01,5.151977539062500000e-01,-4.119873046875000000e-02,8.417358398437500000e-01
0.000000000000000000e+00,1.000000000000000000e+00,3.000000000000000000e+00,-1.000000000000000000e+00,-5.000000000000000000e+00,-2.000000000000000000e+00,-5.000000000000000000e+00,-1.000000000000000000e+00,-1.558227539062500000e-01,5.151977539062500000e-01,-4.119873046875000000e-02,8.417358398437500000e-01
-4.000000000000000000e+00,-3.000000000000000000e+00,-1.000000000000000000e+00,-4.000000000000000000e+00,2.000000000000000000e+00,1.000000000000000000e+00,1.100000000000000000e+01,-1.000000000000000000e+00,-1.558227539062500000e-01,5.151977539062500000e-01,-4.119873046875000000e-02,8.417358398437500000e-01
0.000000000000000000e+00,-1.000000000000000000e+00,-3.000000000000000000e+00,-2.900000000000000000e+01,-4.000000000000000000e+00,-4.000000000000000000e+00,-9.000000000000000000e+00,1.000000000000000000e+00,-1.558227539062500000e-01,5.151977539062500000e-01,-4.119873046875000000e-02,8.417358398437500000e-01
-1.000000000000000000e+00,5.000000000000000000e+00,-4.000000000000000000e+00,1.600000000000000000e+01,7.000000000000000000e+00,3.000000000000000000e+00,4.000000000000000000e+00,-3.000000000000000000e+00,-1.558227539062500000e-01,5.151977539062500000e-01,-4.119873046875000000e-02,8.417358398437500000e-01
2.000000000000000000e+00,-5.000000000000000000e+00,2.000000000000000000e+00,-3.100000000000000000e+01,-1.100000000000000000e+01,-3.000000000000000000e+00,-4.000000000000000000e+00,-1.000000000000000000e+00,-1.558227539062500000e-01,5.151977539062500000e-01,-4.119873046875000000e-02,8.417358398437500000e-01
-4.000000000000000000e+00,-5.000000000000000000e+00,6.000000000000000000e+00,8.000000000000000000e+00,4.000000000000000000e+00,1.000000000000000000e+00,1.000000000000000000e+00,-2.000000000000000000e+00,-1.558227539062500000e-01,5.151977539062500000e-01,-4.119873046875000000e-02,8.417358398437500000e-01
3.000000000000000000e+00,0.000000000000000000e+00,-1.000000000000000000e+00,1.800000000000000000e+01,-5.000000000000000000e+00,-4.000000000000000000e+00,-5.000000000000000000e+00,-2.000000000000000000e+00,-1.565551757812500000e-01,5.150146484375000000e-01,-3.997802734375000000e-02,8.417358398437500000e-01
-2.000000000000000000e+00,-3.000000000000000000e+00,-2.500000000000000000e+01,1.300000000000000000e+01,-1.000000000000000000e+00,-4.000000000000000000e+00,-9.000000000000000000e+00,-2.000000000000000000e+00,-1.565551757812500000e-01,5.150146484375000000e-01,-3.997802734375000000e-02,8.417358398437500000e-01
-1.000000000000000000e+00,6.000000000000000000e+00,-1.600000000000000000e+01,-3.800000000000000000e+01,-5.000000000000000000e+00,-7.000000000000000000e+00,-3.000000000000000000e+00,-1.000000000000000000e+00,-1.565551757812500000e-01,5.150146484375000000e-01,-3.997802734375000000e-02,8.417358398437500000e-01
-2.000000000000000000e+00,-4.000000000000000000e+00,1.000000000000000000e+00,4.200000000000000000e+01,8.000000000000000000e+00,0.000000000000000000e+00,3.000000000000000000e+00,-2.000000000000000000e+00,-1.565551757812500000e-01,5.150146484375000000e-01,-3.997802734375000000e-02,8.417358398437500000e-01
1.000000000000000000e+00,2.000000000000000000e+00,0.000000000000000000e+00,-2.500000000000000000e+01,-5.000000000000000000e+00,9.000000000000000000e+00,1.700000000000000000e+01,2.000000000000000000e+00,-1.577148437500000000e-01,5.145874023437500000e-01,-3.912353515625000000e-02,8.418579101562500000e-01
-1.000000000000000000e+00,4.000000000000000000e+00,1.200000000000000000e+01,2.000000000000000000e+00,-7.000000000000000000e+00,-1.000000000000000000e+01,-1.300000000000000000e+01,-3.000000000000000000e+00,-1.577148437500000000e-01,5.145874023437500000e-01,-3.912353515625000000e-02,8.418579101562500000e-01
-2.000000000000000000e+00,-4.000000000000000000e+00,-2.000000000000000000e+00,1.500000000000000000e+01,0.000000000000000000e+00,9.000000000000000000e+00,8.000000000000000000e+00,-1.000000000000000000e+00,-1.577148437500000000e-01,5.145874023437500000e-01,-3.912353515625000000e-02,8.418579101562500000e-01
-1.000000000000000000e+00,-1.000000000000000000e+00,4.000000000000000000e+00,-2.100000000000000000e+01,-4.000000000000000000e+00,0.000000000000000000e+00,2.000000000000000000e+00,2.000000000000000000e+00,-1.577148437500000000e-01,5.145874023437500000e-01,-3.912353515625000000e-02,8.418579101562500000e-01
-1.000000000000000000e+00,-3.000000000000000000e+00,-1.700000000000000000e+01,3.000000000000000000e+00,-1.000000000000000000e+00,-7.000000000000000000e+00,-1.100000000000000000e+01,-2.000000000000000000e+00,-1.582031250000000000e-01,5.144042968750000000e-01,-3.857421875000000000e-02,8.419189453125000000e-01
-3.000000000000000000e+00,-1.000000000000000000e+00,1.000000000000000000e+00,-1.600000000000000000e+01,-5.000000000000000000e+00,-2.000000000000000000e+00,2.000000000000000000e+00,-4.000000000000000000e+00,-1.582031250000000000e-01,5.144042968750000000e-01,-3.857421875000000000e-02,8.419189453125000000e-01
0.000000000000000000e+00,-2.000000000000000000e+00,0.000000000000000000e+00,-1.400000000000000000e+01,-3.000000000000000000e+00,-2.000000000000000000e+00,-1.000000000000000000e+00,1.000000000000000000e+00,-1.582031250000000000e-01,5.144042968750000000e-01,-3.857421875000000000e-02,8.419189453125000000e-01
0.000000000000000000e+00,-1.000000000000000000e+00,3.000000000000000000e+00,9.000000000000000000e+00,6.000000000000000000e+00,4.000000000000000000e+00,6.000000000000000000e+00,1.000000000000000000e+00,-1.582031250000000000e-01,5.144042968750000000e-01,-3.857421875000000000e-02,8.419189453125000000e-01
-1.000000000000000000e+00,0.000000000000000000e+00,4.000000000000000000e+00,1.000000000000000000e+00,2.000000000000000000e+00,-4.000000000000000000e+00,-3.000000000000000000e+00,0.000000000000000000e+00,-1.584472656250000000e-01,5.145874023437500000e-01,-3.820800781250000000e-02,8.417968750000000000e-01
0.000000000000000000e+00,2.000000000000000000e+00,3.000000000000000000e+00,9.000000000000000000e+00,0.000000000000000000e+00,-2.000000000000000000e+00,-8.000000000000000000e+00,-2.000000000000000000e+00,-1.584472656250000000e-01,5.145874023437500000e-01,-3.820800781250000000e-02,8.417968750000000000e-01
-3.000000000000000000e+00,-6.000000000000000000e+00,1.000000000000000000e+00,6.000000000000000000e+00,3.000000000000000000e+00,-2.000000000000000000e+00,-8.000000000000000000e+00,-2.000000000000000000e+00,-1.584472656250000000e-01,5.145874023437500000e-01,-3.820800781250000000e-02,8.417968750000000000e-01
-2.000000000000000000e+00,-5.000000000000000000e+00,-2.000000000000000000e+00,-1.100000000000000000e+01,-4.000000000000000000e+00,0.000000000000000000e+00,-4.000000000000000000e+00,-1.000000000000000000e+00,-1.584472656250000000e-01,5.145874023437500000e-01,-3.820800781250000000e-02,8.417968750000000000e-01
-1.000000000000000000e+00,3.000000000000000000e+00,-9.000000000000000000e+00,2.000000000000000000e+00,-4.000000000000000000e+00,-6.000000000000000000e+00,-3.000000000000000000e+00,-1.000000000000000000e+00,-1.584472656250000000e-01,5.147094726562500000e-01,-3.833007812500000000e-02,8.416748046875000000e-01
-4.000000000000000000e+00,-4.000000000000000000e+00,0.000000000000000000e+00,9.200000000000000000e+01,8.000000000000000000e+00,1.000000000000000000e+00,1.000000000000000000e+00,-1.000000000000000000e+00,-1.584472656250000000e-01,5.147094726562500000e-01,-3.833007812500000000e-02,8.416748046875000000e-01
3.000000000000000000e+00,-1.000000000000000000e+00,-1.000000000000000000e+00,-7.000000000000000000e+01,-1.300000000000000000e+01,-5.000000000000000000e+00,1.000000000000000000e+00,-1.000000000000000000e+00,-1.584472656250000000e-01,5.147094726562500000e-01,-3.833007812500000000e-02,8.416748046875000000e-01
-1.000000000000000000e+00,2.000000000000000000e+00,9.000000000000000000e+00,-2.000000000000000000e+00,1.000000000000000000e+00,-4.000000000000000000e+00,-1.000000000000000000e+00,1.000000000000000000e+00,-1.584472656250000000e-01,5.147094726562500000e-01,-3.833007812500000000e-02,8.416748046875000000e-01
0.000000000000000000e+00,-1.000000000000000000e+00,-9.000000000000000000e+00,-2.100000000000000000e+01,-5.000000000000000000e+00,2.000000000000000000e+00,-7.000000000000000000e+00,-5.000000000000000000e+00,-1.584472656250000000e-01,5.145874023437500000e-01,-3.778076171875000000e-02,8.417968750000000000e-01
-1.000000000000000000e+00,-3.000000000000000000e+00,9.000000000000000000e+00,-1.500000000000000000e+01,-5.000000000000000000e+00,3.000000000000000000e+00,5.000000000000000000e+00,0.000000000000000000e+00,-1.584472656250000000e-01,5.145874023437500000e-01,-3.778076171875000000e-02,8.417968750000000000e-01
-3.000000000000000000e+00,0.000000000000000000e+00,5.000000000000000000e+00,4.300000000000000000e+01,7.000000000000000000e+00,1.000000000000000000e+00,2.000000000000000000e+00,1.000000000000000000e+00,-1.584472656250000000e-01,5.145874023437500000e-01,-3.778076171875000000e-02,8.417968750000000000e-01
-1.000000000000000000e+00,0.000000000000000000e+00,4.000000000000000000e+00,2.000000000000000000e+01,-1.000000000000000000e+00,0.000000000000000000e+00,-2.000000000000000000e+00,-2.000000000000000000e+00,-1.584472656250000000e-01,5.145874023437500000e-01,-3.778076171875000000e-02,8.417968750000000000e-01
-3.000000000000000000e+00,-4.000000000000000000e+00,5.000000000000000000e+00,2.000000000000000000e+01,2.000000000000000000e+00,-9.000000000000000000e+00,-1.000000000000000000e+01,-2.000000000000000000e+00,-1.590576171875000000e-01,5.139160156250000000e-01,-3.668212890625000000e-02,8.421020507812500000e-01
1.000000000000000000e+00,1.000000000000000000e+00,1.500000000000000000e+01,-4.500000000000000000e+01,-5.000000000000000000e+00,-1.000000000000000000e+00,-2.000000000000000000e+00,-2.000000000000000000e+00,-1.590576171875000000e-01,5.139160156250000000e-01,-3.668212890625000000e-02,8.421020507812500000e-01
1.000000000000000000e+00,-1.000000000000000000e+00,-3.400000000000000000e+01,-2.700000000000000000e+01,-6.000000000000000000e+00,1.000000000000000000e+00,3.000000000000000000e+00,-2.000000000000000000e+00,-1.590576171875000000e-01,5.139160156250000000e-01,-3.668212890625000000e-02,8.421020507812500000e-01
-5.000000000000000000e+00,-8.000000000000000000e+00,6.000000000000000000e+00,0.000000000000000000e+00,-3.000000000000000000e+00,-4.000000000000000000e+00,-8.000000000000000000e+00,-2.000000000000000000e+00,-1.590576171875000000e-01,5.139160156250000000e-01,-3.668212890625000000e-02,8.421020507812500000e-01
-2.000000000000000000e+00,-1.000000000000000000e+00,-5.000000000000000000e+00,-2.000000000000000000e+00,0.000000000000000000e+00,-1.000000000000000000e+00,1.000000000000000000e+00,-1.000000000000000000e+00,-1.597290039062500000e-01,5.128784179687500000e-01,-3.582763671875000000e-02,8.426513671875000000e-01
1.000000000000000000e+00,0.000000000000000000e+00,7.000000000000000000e+00,3.800000000000000000e+01,5.000000000000000000e+00,-2.000000000000000000e+00,-2.000000000000000000e+00,-2.000000000000000000e+00,-1.597290039062500000e-01,5.128784179687500000e-01,-3.582763671875000000e-02,8.426513671875000000e-01
-3.000000000000000000e+00,-2.000000000000000000e+00,1.000000000000000000e+01,-2.700000000000000000e+01,-4.000000000000000000e+00,-4.000000000000000000e+00,-5.000000000000000000e+00,-1.000000000000000000e+00,-1.597290039062500000e-01,5.128784179687500000e-01,-3.582763671875000000e-02,8.426513671875000000e-01
-1.000000000000000000e+00,1.000000000000000000e+00,-1.100000000000000000e+01,-2.000000000000000000e+00,-1.000000000000000000e+00,2.000000000000000000e+00,8.000000000000000000e+00,-1.000000000000000000e+00,-1.597290039062500000e-01,5.128784179687500000e-01,-3.582763671875000000e-02,8.426513671875000000e-01
0.000000000000000000e+00,1.000000000000000000e+00,-2.000000000000000000e+00,2.100000000000000000e+01,4.000000000000000000e+00,1.000000000000000000e+00,2.000000000000000000e+00,1.000000000000000000e+00,-1.596069335937500000e-01,5.119628906250000000e-01,-3.588867187500000000e-02,8.432617187500000000e-01
0.000000000000000000e+00,-2.000000000000000000e+00,-7.000000000000000000e+00,-3.500000000000000000e+01,-1.100000000000000000e+01,-6.000000000000000000e+00,-6.000000000000000000e+00,-1.000000000000000000e+00,-1.596069335937500000e-01,5.119628906250000000e-01,-3.588867187500000000e-02,8.432617187500000000e-01
1.000000000000000000e+00,2.000000000000000000e+00,0.000000000000000000e+00,2.100000000000000000e+01,-2.000000000000000000e+00,-6.000000000000000000e+00,-8.000000000000000000e+00,-2.000000000000000000e+00,-1.596069335937500000e-01,5.119628906250000000e-01,-3.588867187500000000e-02,8.432617187500000000e-01
-2.000000000000000000e+00,-7.000000000000000000e+00,-1.800000000000000000e+01,-6.000000000000000000e+00,1.000000000000000000e+00,-5.000000000000000000e+00,-1.000000000000000000e+00,-1.000000000000000000e+00,-1.596069335937500000e-01,5.119628906250000000e-01,-3.588867187500000000e-02,8.432617187500000000e-01
-2.000000000000000000e+00,-2.000000000000000000e+00,1.000000000000000000e+00,-2.000000000000000000e+00,-5.000000000000000000e+00,1.300000000000000000e+01,1.300000000000000000e+01,0.000000000000000000e+00,-1.588745117187500000e-01,5.112915039062500000e-01,-3.637695312500000000e-02,8.437500000000000000e-01
1.000000000000000000e+00,3.000000000000000000e+00,-6.000000000000000000e+00,-3.100000000000000000e+01,4.000000000000000000e+00,-4.000000000000000000e+00,-4.000000000000000000e+00,0.000000000000000000e+00,-1.588745117187500000e-01,5.112915039062500000e-01,-3.637695312500000000e-02,8.437500000000000000e-01
0.000000000000000000e+00,-3.000000000000000000e+00,-3.000000000000000000e+00,-9.000000000000000000e+00,-2.000000000000000000e+00,0.000000000000000000e+00,0.000000000000000000e+00,1.000000000000000000e+00,-1.588745117187500000e-01,5.112915039062500000e-01,-3.637695312500000000e-02,8.437500000000000000e-01
-1.000000000000000000e+00,0.000000000000000000e+00,1.100000000000000000e+01,1.000000000000000000e+00,0.000000000000000000e+00,3.000000000000000000e+00,3.000000000000000000e+00,1.000000000000000000e+00,-1.588745117187500000e-01,5.112915039062500000e-01,-3.637695312500000000e-02,8.437500000000000000e-01
-1.000000000000000000e+00,-4.000000000000000000e+00,-1.100000000000000000e+01,4.500000000000000000e+01,5.000000000000000000e+00,-6.000000000000000000e+00,-6.000000000000000000e+00,-3.000000000000000000e+00,-1.580810546875000000e-01,5.109252929687500000e-01,-3.668212890625000000e-02,8.441162109375000000e-01
-4.000000000000000000e+00,-3.000000000000000000e+00,-2.100000000000000000e+01,-4.100000000000000000e+01,-7.000000000000000000e+00,-4.000000000000000000e+00,-2.000000000000000000e+00,-1.000000000000000000e+00,-1.580810546875000000e-01,5.109252929687500000e-01,-3.668212890625000000e-02,8.441162109375000000e-01
0.000000000000000000e+00,3.000000000000000000e+00,1.500000000000000000e+01,-1.000000000000000000e+01,-4.000000000000000000e+00,2.000000000000000000e+00,1.000000000000000000e+00,0.000000000000000000e+00,-1.580810546875000000e-01,5.109252929687500000e-01,-3.668212890625000000e-02,8.441162109375000000e-01
-1.000000000000000000e+00,0.000000000000000000e+00,2.400000000000000000e+01,1.000000000000000000e+01,3.000000000000000000e+00,-3.000000000000000000e+00,-6.000000000000000000e+00,0.000000000000000000e+00,-1.580810546875000000e-01,5.109252929687500000e-01,-3.668212890625000000e-02,8.441162109375000000e-01
-3.000000000000000000e+00,-5.000000000000000000e+00,-3.000000000000000000e+01,-3.500000000000000000e+01,0.000000000000000000e+00,-2.000000000000000000e+00,-2.000000000000000000e+00,-3.000000000000000000e+00,-1.579589843750000000e-01,5.106811523437500000e-01,-3.704833984375000000e-02,8.442382812500000000e-01
1.000000000000000000e+00,2.000000000000000000e+00,1.600000000000000000e+01,7.200000000000000000e+01,7.000000000000000000e+00,2.000000000000000000e+00,1.000000000000000000e+00,-3.000000000000000000e+00,-1.579589843750000000e-01,5.106811523437500000e-01,-3.704833984375000000e-02,8.442382812500000000e-01
-1.000000000000000000e+00,1.000000000000000000e+00,2.000000000000000000e+00,-2.900000000000000000e+01,-1.000000000000000000e+00,-2.000000000000000000e+00,4.000000000000000000e+00,0.000000000000000000e+00,-1.579589843750000000e-01,5.106811523437500000e-01,-3.704833984375000000e-02,8.442382812500000000e-01
-1.000000000000000000e+00,-1.000000000000000000e+00,1.100000000000000000e+01,9.000000000000000000e+00,-2.000000000000000000e+00,-2.000000000000000000e+00,-8.000000000000000000e+00,2.000000000000000000e+00,-1.579589843750000000e-01,5.106811523437500000e-01,-3.704833984375000000e-02,8.442382812500000000e-01
5.000000000000000000e+00,0.000000000000000000e+00,0.000000000000000000e+00,-7.000000000000000000e+00,-2.000000000000000000e+00,-1.000000000000000000e+01,-5.000000000000000000e+00,-2.000000000000000000e+00,-1.577148437500000000e-01,5.107421875000000000e-01,-3.771972656250000000e-02,8.442993164062500000e-01
0.000000000000000000e+00,1.000000000000000000e+00,2.900000000000000000e+01,-5.000000000000000000e+00,-1.000000000000000000e+00,5.000000000000000000e+00,5.000000000000000000e+00,2.000000000000000000e+00,-1.577148437500000000e-01,5.107421875000000000e-01,-3.771972656250000000e-02,8.442993164062500000e-01
-2.000000000000000000e+00,-2.000000000000000000e+00,-2.000000000000000000e+00,9.000000000000000000e+00,1.000000000000000000e+00,3.000000000000000000e+00,5.000000000000000000e+00,-1.000000000000000000e+00,-1.577148437500000000e-01,5.107421875000000000e-01,-3.771972656250000000e-02,8.442993164062500000e-01
1.000000000000000000e+00,1.000000000000000000e+00,-9.000000000000000000e+00,3.000000000000000000e+00,1.000000000000000000e+00,2.000000000000000000e+00,-3.000000000000000000e+00,-3.000000000000000000e+00,-1.577148437500000000e-01,5.107421875000000000e-01,-3.771972656250000000e-02,8.442993164062500000e-01
-5.000000000000000000e+00,-7.000000000000000000e+00,1.100000000000000000e+01,8.000000000000000000e+00,-2.000000000000000000e+00,-7.000000000000000000e+00,-5.000000000000000000e+00,0.000000000000000000e+00,-1.567993164062500000e-01,5.108032226562500000e-01,-3.851318359375000000e-02,8.443603515625000000e-01
-1.000000000000000000e+00,3.000000000000000000e+00,-3.100000000000000000e+01,-4.900000000000000000e+01,-8.000000000000000000e+00,-2.000000000000000000e+00,2.000000000000000000e+00,0.000000000000000000e+00,-1.567993164062500000e-01,5.108032226562500000e-01,-3.851318359375000000e-02,8.443603515625000000e-01
3.000000000000000000e+00,-1.000000000000000000e+00,3.000000000000000000e+00,4.100000000000000000e+01,4.000000000000000000e+00,0.000000000000000000e+00,-4.000000000000000000e+00,-1.000000000000000000e+00,-1.567993164062500000e-01,5.108032226562500000e-01,-3.851318359375000000e-02,8.443603515625000000e-01
-2.000000000000000000e+00,-2.000000000000000000e+00,-1.100000000000000000e+01,-5.000000000000000000e+00,-1.000000000000000000e+00,-1.000000000000000000e+00,8.000000000000000000e+00,-2.000000000000000000e+00,-1.567993164062500000e-01,5.108032226562500000e-01,-3.851318359375000000e-02,8.443603515625000000e-01
1.000000000000000000e+00,0.000000000000000000e+00,8.000000000000000000e+00,2.000000000000000000e+00,1.000000000000000000e+00,-4.000000000000000000e+00,-1.700000000000000000e+01,2.000000000000000000e+00,-1.558837890625000000e-01,5.109863281250000000e-01,-3.894042968750000000e-02,8.444213867187500000e-01
-2.000000000000000000e+00,-2.000000000000000000e+00,-3.000000000000000000e+00,-4.000000000000000000e+00,0.000000000000000000e+00,-3.000000000000000000e+00,2.000000000000000000e+00,-2.000000000000000000e+00,-1.558837890625000000e-01,5.109863281250000000e-01,-3.894042968750000000e-02,8.444213867187500000e-01
-4.000000000000000000e+00,-1.000000000000000000e+00,8.000000000000000000e+00,8.000000000000000000e+00,2.000000000000000000e+00,-4.000000000000000000e+00,-7.000000000000000000e+00,-1.000000000000000000e+00,-1.558837890625000000e-01,5.109863281250000000e-01,-3.894042968750000000e-02,8.444213867187500000e-01
1.000000000000000000e+00,2.000000000000000000e+00,-1.100000000000000000e+01,-2.000000000000000000e+00,3.000000000000000000e+00,1.200000000000000000e+01,1.000000000000000000e+01,0.000000000000000000e+00,-1.558837890625000000e-01,5.109863281250000000e-01,-3.894042968750000000e-02,8.444213867187500000e-01
-2.000000000000000000e+00,0.000000000000000000e+00,3.000000000000000000e+00,-1.200000000000000000e+01,-2.000000000000000000e+00,-1.000000000000000000e+00,-6.000000000000000000e+00,-2.000000000000000000e+00,-1.550903320312500000e-01,5.111083984375000000e-01,-3.875732421875000000e-02,8.444824218750000000e-01
-3.000000000000000000e+00,-6.000000000000000000e+00,-3.000000000000000000e+00,5.500000000000000000e+01,3.000000000000000000e+00,-3.000000000000000000e+00,0.000000000000000000e+00,-3.000000000000000000e+00,-1.550903320312500000e-01,5.111083984375000000e-01,-3.875732421875000000e-02,8.444824218750000000e-01
-1.000000000000000000e+00,-5.000000000000000000e+00,0.000000000000000000e+00,-5.300000000000000000e+01,-9.000000000000000000e+00,-4.000000000000000000e+00,-4.000000000000000000e+00,0.000000000000000000e+00,-1.550903320312500000e-01,5.111083984375000000e-01,-3.875732421875000000e-02,8.444824218750000000e-01
2.000000000000000000e+00,8.000000000000000000e+00,2.400000000000000000e+01,0.000000000000000000e+00,-3.000000000000000000e+00,0.000000000000000000e+00,5.000000000000000000e+00,0.000000000000000000e+00,-1.550903320312500000e-01,5.111083984375000000e-01,-3.875732421875000000e-02,8.444824218750000000e-01
-3.000000000000000000e+00,-6.000000000000000000e+00,-2.300000000000000000e+01,3.000000000000000000e+00,-3.000000000000000000e+00,3.000000000000000000e+00,4.000000000000000000e+00,-1.000000000000000000e+00,-1.547851562500000000e-01,5.113525390625000000e-01,-3.784179687500000000e-02,8.444213867187500000e-01
1.000000000000000000e+00,2.000000000000000000e+00,-2.000000000000000000e+00,-1.500000000000000000e+01,1.000000000000000000e+00,0.000000000000000000e+00,-1.000000000000000000e+00,0.000000000000000000e+00,-1.547851562500000000e-01,5.113525390625000000e-01,-3.784179687500000000e-02,8.444213867187500000e-01
-1.000000000000000000e+00,-9.000000000000000000e+00,-1.100000000000000000e+01,3.300000000000000000e+01,4.000000000000000000e+00,-3.000000000000000000e+00,-4.000000000000000000e+00,-5.000000000000000000e+00,-1.547851562500000000e-01,5.113525390625000000e-01,-3.784179687500000000e-02,8.444213867187500000e-01
0.000000000000000000e+00,6.000000000000000000e+00,1.900000000000000000e+01,1.600000000000000000e+01,4.000000000000000000e+00,-5.000000000000000000e+00,-8.000000000000000000e+00,-2.000000000000000000e+00,-1.547851562500000000e-01,5.113525390625000000e-01,-3.784179687500000000e-02,8.444213867187500000e-01
-5.000000000000000000e+00,2.000000000000000000e+00,-1.900000000000000000e+01,-5.400000000000000000e+01,-1.300000000000000000e+01,0.000000000000000000e+00,6.000000000000000000e+00,0.000000000000000000e+00,-1.550903320312500000e-01,5.112915039062500000e-01,-3.668212890625000000e-02,8.444824218750000000e-01
7.000000000000000000e+00,-6.000000000000000000e+00,-9.000000000000000000e+00,6.000000000000000000e+00,1.000000000000000000e+00,8.000000000000000000e+00,5.000000000000000000e+00,5.000000000000000000e+00,-1.550903320312500000e-01,5.112915039062500000e-01,-3.668212890625000000e-02,8.444824218750000000e-01
-1.000000000000000000e+00,2.000000000000000000e+00,3.000000000000000000e+00,2.300000000000000000e+01,1.000000000000000000e+00,-3.000000000000000000e+00,-6.000000000000000000e+00,-2.000000000000000000e+00,-1.550903320312500000e-01,5.112915039062500000e-01,-3.668212890625000000e-02,8.444824218750000000e-01
-3.000000000000000000e+00,-3.000000000000000000e+00,-1.000000000000000000e+01,-1.500000000000000000e+01,0.000000000000000000e+00,0.000000000000000000e+00,6.000000000000000000e+00,-1.000000000000000000e+00,-1.550903320312500000e-01,5.112915039062500000e-01,-3.668212890625000000e-02,8.444824218750000000e-01
-2.000000000000000000e+00,-3.000000000000000000e+00,6.000000000000000000e+00,2.200000000000000000e+01,0.000000000000000000e+00,-5.000000000000000000e+00,-1.000000000000000000e+01,-4.000000000000000000e+00,-1.557006835937500000e-01,5.109252929687500000e-01,-3.552246093750000000e-02,8.446044921875000000e-01
-2.000000000000000000e+00,4.000000000000000000e+00,1.500000000000000000e+01,-3.800000000000000000e+01,-7.000000000000000000e+00,-3.000000000000000000e+00,-5.000000000000000000e+00,0.000000000000000000e+00,-1.557006835937500000e-01,5.109252929687500000e-01,-3.552246093750000000e-02,8.446044921875000000e-01
2.000000000000000000e+00,-2.000000000000000000e+00,-3.000000000000000000e+00,9.000000000000000000e+00,2.000000000000000000e+00,2.000000000000000000e+00,1.000000000000000000e+00,2.000000000000000000e+00,-1.557006835937500000e-01,5.109252929687500000e-01,-3.552246093750000000e-02,8.446044921875000000e-01
-2.000000000000000000e+00,-4.000000000000000000e+00,-9.000000000000000000e+00,-2.000000000000000000e+00,-2.000000000000000000e+00,-5.000000000000000000e+00,1.000000000000000000e+00,-3.000000000000000000e+00,-1.557006835937500000e-01,5.109252929687500000e-01,-3.552246093750000000e-02,8.446044921875000000e-01
-2.000000000000000000e+00,-4.000000000000000000e+00,-1.000000000000000000e+01,-1.000000000000000000e+00,4.000000000000000000e+00,-4.000000000000000000e+00,-1.000000000000000000e+00,-2.000000000000000000e+00,-1.569213867187500000e-01,5.100097656250000000e-01,-3.399658203125000000e-02,8.449707031250000000e-01
-3.000000000000000000e+00,0.000000000000000000e+00,1.000000000000000000e+00,3.300000000000000000e+01,-5.000000000000000000e+00,-4.000000000000000000e+00,-3.000000000000000000e+00,-1.000000000000000000e+00,-1.569213867187500000e-01,5.100097656250000000e-01,-3.399658203125000000e-02,8.449707031250000000e-01
-2.000000000000000000e+00,0.000000000000000000e+00,4.000000000000000000e+00,-3.600000000000000000e+01,-1.000000000000000000e+00,-1.000000000000000000e+00,-2.000000000000000000e+00,1.000000000000000000e+00,-1.569213867187500000e-01,5.100097656250000000e-01,-3.399658203125000000e-02,8.449707031250000000e-01
-5.000000000000000000e+00,-5.000000000000000000e+00,-1.200000000000000000e+01,1.400000000000000000e+01,-5.000000000000000000e+00,-8.000000000000000000e+00,-1.100000000000000000e+01,-3.000000000000000000e+00,-1.569213867187500000e-01,5.100097656250000000e-01,-3.399658203125000000e-02,8.449707031250000000e-01
1.000000000000000000e+00,2.000000000000000000e+00,8.000000000000000000e+00,-4.000000000000000000e+00,-6.000000000000000000e+00,4.000000000000000000e+00,7.000000000000000000e+00,-2.000000000000000000e+00,-1.589355468750000000e-01,5.083007812500000000e-01,-3.161621093750000000e-02,8.457031250000000000e-01
1.000000000000000000e+00,0.000000000000000000e+00,9.000000000000000000e+00,-1.000000000000000000e+01,-1.000000000000000000e+00,-2.000000000000000000e+00,-4.000000000000000000e+00,0.000000000000000000e+00,-1.589355468750000000e-01,5.083007812500000000e-01,-3.161621093750000000e-02,8.457031250000000000e-01
-4.000000000000000000e+00,-4.000000000000000000e+00,-2.800000000000000000e+01,3.500000000000000000e+01,4.000000000000000000e+00,-3.000000000000000000e+00,-1.000000000000000000e+00,-4.000000000000000000e+00,-1.589355468750000000e-01,5.083007812500000000e-01,-3.161621093750000000e-02,8.457031250000000000e-01
1.000000000000000000e+00,3.000000000000000000e+00,1.500000000000000000e+01,-1.400000000000000000e+01,-1.000000000000000000e+01,3.000000000000000000e+00,4.000000000000000000e+00,2.000000000000000000e+00,-1.589355468750000000e-01,5.083007812500000000e-01,-3.161621093750000000e-02,8.457031250000000000e-01
2.000000000000000000e+00,1.000000000000000000e+00,-2.500000000000000000e+01,-9.000000000000000000e+00,1.000000000000000000e+00,3.000000000000000000e+00,9.000000000000000000e+00,0.000000000000000000e+00,-1.610107421875000000e-01,5.056152343750000000e-01,-2.795410156250000000e-02,8.471069335937500000e-01
-4.000000000000000000e+00,-6.000000000000000000e+00,2.000000000000000000e+00,3.000000000000000000e+00,0.000000000000000000e+00,-3.000000000000000000e+00,-4.000000000000000000e+00,-2.000000000000000000e+00,-1.610107421875000000e-01,5.056152343750000000e-01,-2.795410156250000000e-02,8.471069335937500000e-01
0.000000000000000000e+00,3.000000000000000000e+00,1.300000000000000000e+01,3.300000000000000000e+01,1.000000000000000000e+00,-2.000000000000000000e+00,-4.000000000000000000e+00,-2.000000000000000000e+00,-1.610107421875000000e-01,5.056152343750000000e-01,-2.795410156250000000e-02,8.471069335937500000e-01
-6.000000000000000000e+00,-1.000000000000000000e+01,-1.600000000000000000e+01,-6.600000000000000000e+01,-7.000000000000000000e+00,-8.000000000000000000e+00,-8.000000000000000000e+00,-5.000000000000000000e+00,-1.610107421875000000e-01,5.056152343750000000e-01,-2.795410156250000000e-02,8.471069335937500000e-01
4.000000000000000000e+00,5.000000000000000000e+00,3.400000000000000000e+01,1.300000000000000000e+01,9.000000000000000000e+00,1.700000000000000000e+01,1.500000000000000000e+01,5.000000000000000000e+00,-1.647338867187500000e-01,5.023193359375000000e-01,-2.416992187500000000e-02,8.484497070312500000e-01
-6.000000000000000000e+00,-5.000000000000000000e+00,1.000000000000000000e+00,-4.000000000000000000e+00,0.000000000000000000e+00,-1.000000000000000000e+00,-1.000000000000000000e+00,-2.000000000000000000e+00,-1.647338867187500000e-01,5.023193359375000000e-01,-2.416992187500000000e-02,8.484497070312500000e-01
2.000000000000000000e+00,-4.000000000000000000e+00,-1.000000000000000000e+01,7.000000000000000000e+00,-1.000000000000000000e+00,-3.000000000000000000e+00,6.000000000000000000e+00,1.000000000000000000e+00,-1.647338867187500000e-01,5.023193359375000000e-01,-2.416992187500000000e-02,8.484497070312500000e-01
1.000000000000000000e+00,1.000000000000000000e+00,2.000000000000000000e+00,1.600000000000000000e+01,-1.000000000000000000e+00,-6.000000000000000000e+00,-2.100000000000000000e+01,2.000000000000000000e+00,-1.647338867187500000e-01,5.023193359375000000e-01,-2.416992187500000000e-02,8.484497070312500000e-01
-1.000000000000000000e+00,7.000000000000000000e+00,2.000000000000000000e+00,-1.700000000000000000e+01,-2.000000000000000000e+00,-1.000000000000000000e+00,1.000000000000000000e+00,-2.000000000000000000e+00,-1.676635742187500000e-01,4.989013671875000000e-01,-2.124023437500000000e-02,8.499755859375000000e-01
-2.000000000000000000e+00,-3.000000000000000000e+00,-1.400000000000000000e+01,-1.200000000000000000e+01,-4.000000000000000000e+00,-5.000000000000000000e+00,1.000000000000000000e+00,-1.000000000000000000e+00,-1.676635742187500000e-01,4.989013671875000000e-01,-2.124023437500000000e-02,8.499755859375000000e-01
-3.000000000000000000e+00,-1.000000000000000000e+00,1.000000000000000000e+00,3.000000000000000000e+01,2.000000000000000000e+00,3.000000000000000000e+00,3.000000000000000000e+00,-3.000000000000000000e+00,-1.676635742187500000e-01,4.989013671875000000e-01,-2.124023437500000000e-02,8.499755859375000000e-01
2.000000000000000000e+00,0.000000000000000000e+00,-8.000000000000000000e+00,-5.400000000000000000e+01,-9.000000000000000000e+00,-1.000000000000000000e+00,-5.000000000000000000e+00,0.000000000000000000e+00,-1.676635742187500000e-01,4.989013671875000000e-01,-2.124023437500000000e-02,8.499755859375000000e-01
-1.000000000000000000e+00,-1.000000000000000000e+00,1.300000000000000000e+01,4.900000000000000000e+01,6.000000000000000000e+00,0.000000000000000000e+00,-4.000000000000000000e+00,0.000000000000000000e+00,-1.687622070312500000e-01,4.957275390625000000e-01,-1.885986328125000000e-02,8.516845703125000000e-01
2.000000000000000000e+00,1.000000000000000000e+00,-2.700000000000000000e+01,-3.700000000000000000e+01,1.000000000000000000e+00,-1.000000000000000000e+00,-2.100000000000000000e+01,0.000000000000000000e+00,-1.687622070312500000e-01,4.957275390625000000e-01,-1.885986328125000000e-02,8.516845703125000000e-01
0.000000000000000000e+00,5.000000000000000000e+00,1.500000000000000000e+01,-8.000000000000000000e+00,-8.000000000000000000e+00,-2.000000000000000000e+00,2.100000000000000000e+01,-3.000000000000000000e+00,-1.687622070312500000e-01,4.957275390625000000e-01,-1.885986328125000000e-02,8.516845703125000000e-01
-2.000000000000000000e+00,-4.000000000000000000e+00,-7.000000000000000000e+00,2.000000000000000000e+01,7.000000000000000000e+00,8.000000000000000000e+00,1.300000000000000000e+01,0.000000000000000000e+00,-1.687622070312500000e-01,4.957275390625000000e-01,-1.885986328125000000e-02,8.516845703125000000e-01
-2.000000000000000000e+00,-4.000000000000000000e+00,0.000000000000000000e+00,0.000000000000000000e+00,1.000000000000000000e+00,-5.000000000000000000e+00,-4.000000000000000000e+00,-1.000000000000000000e+00,-1.696166992187500000e-01,4.927978515625000000e-01,-1.605224609375000000e-02,8.532714843750000000e-01
-3.000000000000000000e+00,-2.000000000000000000e+00,7.000000000000000000e+00,1.900000000000000000e+01,0.000000000000000000e+00,-4.000000000000000000e+00,-3.000000000000000000e+00,-3.000000000000000000e+00,-1.696166992187500000e-01,4.927978515625000000e-01,-1.605224609375000000e-02,8.532714843750000000e-01
-1.000000000000000000e+00,-2.000000000000000000e+00,-2.000000000000000000e+00,1.100000000000000000e+01,-3.000000000000000000e+00,-3.000000000000000000e+00,-9.000000000000000000e+00,-2.000000000000000000e+00,-1.696166992187500000e-01,4.927978515625000000e-01,-1.605224609375000000e-02,8.532714843750000000e-01
0.000000000000000000e+00,1.000000000000000000e+00,-9.000000000000000000e+00,3.000000000000000000e+00,1.100000000000000000e+01,3.000000000000000000e+00,0.000000000000000000e+00,0.000000000000000000e+00,-1.696166992187500000e-01,4.927978515625000000e-01,-1.605224609375000000e-02,8.532714843750000000e-01
0.000000000000000000e+00,1.000000000000000000e+00,2.900000000000000000e+01,-3.000000000000000000e+01,-5.000000000000000000e+00,-3.000000000000000000e+00,0.000000000000000000e+00,3.000000000000000000e+00,-1.703491210937500000e-01,4.898071289062500000e-01,-1.330566406250000000e-02,8.548583984375000000e-01
0.000000000000000000e+00,-1.000000000000000000e+00,-2.200000000000000000e+01,1.000000000000000000e+01,-1.000000000000000000e+00,-4.000000000000000000e+00,-4.000000000000000000e+00,-2.000000000000000000e+00,-1.703491210937500000e-01,4.898071289062500000e-01,-1.330566406250000000e-02,8.548583984375000000e-01
-2.000000000000000000e+00,1.000000000000000000e+00,7.000000000000000000e+00,2.000000000000000000e+00,5.000000000000000000e+00,4.000000000000000000e+00,0.000000000000000000e+00,1.000000000000000000e+00,-1.703491210937500000e-01,4.898071289062500000e-01,-1.330566406250000000e-02,8.548583984375000000e-01
-1.000000000000000000e+00,-2.000000000000000000e+00,1.000000000000000000e+00,1.300000000000000000e+01,-4.000000000000000000e+00,1.000000000000000000e+00,8.000000000000000000e+00,-1.000000000000000000e+00,-1.703491210937500000e-01,4.898071289062500000e-01,-1.330566406250000000e-02,8.548583984375000000e-01
-2.000000000000000000e+00,-4.000000000000000000e+00,-1.300000000000000000e+01,-2.400000000000000000e+01,-1.000000000000000000e+00,-4.000000000000000000e+00,-5.000000000000000000e+00,-4.000000000000000000e+00,-1.708984375000000000e-01,4.870605468750000000e-01,-1.055908203125000000e-02,8.563842773437500000e-01
0.000000000000000000e+00,4.000000000000000000e+00,9.000000000000000000e+00,-2.600000000000000000e+01,-3.000000000000000000e+00,-1.100000000000000000e+01,-5.000000000000000000e+00,-1.000000000000000000e+00,-1.708984375000000000e-01,4.870605468750000000e-01,-1.055908203125000000e-02,8.563842773437500000e-01
-4.000000000000000000e+00,-3.000000000000000000e+00,-1.000000000000000000e+00,2.200000000000000000e+01,5.000000000000000000e+00,2.300000000000000000e+01,1.900000000000000000e+01,-2.000000000000000000e+00,-1.708984375000000000e-01,4.870605468750000000e-01,-1.055908203125000000e-02,8.563842773437500000e-01
3.000000000000000000e+00,4.000000000000000000e+00,-1.400000000000000000e+01,2.900000000000000000e+01,-5.000000000000000000e+00,-1.500000000000000000e+01,-2.000000000000000000e+01,5.000000000000000000e+00,-1.708984375000000000e-01,4.870605468750000000e-01,-1.055908203125000000e-02,8.563842773437500000e-01
7.000000000000000000e+00,-1.100000000000000000e+01,-2.800000000000000000e+01,-2.500000000000000000e+01,-3.000000000000000000e+00,2.400000000000000000e+01,3.700000000000000000e+01,5.000000000000000000e+00,-1.715698242187500000e-01,4.845581054687500000e-01,-8.605957031250000000e-03,8.576660156250000000e-01
-1.000000000000000000e+00,4.000000000000000000e+00,-1.000000000000000000e+00,6.000000000000000000e+00,0.000000000000000000e+00,1.000000000000000000e+00,5.000000000000000000e+00,0.000000000000000000e+00,-1.715698242187500000e-01,4.845581054687500000e-01,-8.605957031250000000e-03,8.576660156250000000e-01
-4.000000000000000000e+00,-5.000000000000000000e+00,-1.000000000000000000e+00,-3.500000000000000000e+01,-3.000000000000000000e+00,-6.000000000000000000e+00,-6.000000000000000000e+00,-1.000000000000000000e+00,-1.715698242187500000e-01,4.845581054687500000e-01,-8.605957031250000000e-03,8.576660156250000000e-01
1.000000000000000000e+00,-1.000000000000000000e+00,1.200000000000000000e+01,5.800000000000000000e+01,7.000000000000000000e+00,-6.000000000000000000e+00,-1.000000000000000000e+01,-7.000000000000000000e+00,-1.715698242187500000e-01,4.845581054687500000e-01,-8.605957031250000000e-03,8.576660156250000000e-01
-5.000000000000000000e+00,-3.000000000000000000e+00,2.000000000000000000e+00,-5.500000000000000000e+01,-1.300000000000000000e+01,-1.300000000000000000e+01,-1.900000000000000000e+01,-4.000000000000000000e+00,-1.712646484375000000e-01,4.826660156250000000e-01,-7.751464843750000000e-03,8.588256835937500000e-01
1.000000000000000000e+00,1.000000000000000000e+00,1.000000000000000000e+00,1.700000000000000000e+01,1.000000000000000000e+00,6.000000000000000000e+00,1.000000000000000000e+01,1.000000000000000000e+00,-1.712646484375000000e-01,4.826660156250000000e-01,-7.751464843750000000e-03,8.588256835937500000e-01
1.000000000000000000e+00,2.000000000000000000e+00,7.000000000000000000e+00,-2.900000000000000000e+01,-4.000000000000000000e+00,-1.000000000000000000e+00,-5.000000000000000000e+00,1.000000000000000000e+00,-1.712646484375000000e-01,4.826660156250000000e-01,-7.751464843750000000e-03,8.588256835937500000e-01
-3.000000000000000000e+00,-8.000000000000000000e+00,-4.100000000000000000e+01,-2.200000000000000000e+01,2.000000000000000000e+00,2.000000000000000000e+00,-1.000000000000000000e+00,-1.000000000000000000e+00,-1.712646484375000000e-01,4.826660156250000000e-01,-7.751464843750000000e-03,8.588256835937500000e-01
-2.000000000000000000e+00,6.000000000000000000e+00,2.000000000000000000e+00,4.900000000000000000e+01,2.000000000000000000e+00,-1.300000000000000000e+01,-1.200000000000000000e+01,-3.000000000000000000e+00,-1.700439453125000000e-01,4.815063476562500000e-01,-7.507324218750000000e-03,8.596801757812500000e-01
-1.000000000000000000e+00,-4.000000000000000000e+00,5.000000000000000000e+00,-2.800000000000000000e+01,-6.000000000000000000e+00,5.000000000000000000e+00,4.000000000000000000e+00,-3.000000000000000000e+00,-1.700439453125000000e-01,4.815063476562500000e-01,-7.507324218750000000e-03,8.596801757812500000e-01
1.000000000000000000e+00,3.000000000000000000e+00,1.000000000000000000e+01,-5.000000000000000000e+00,-3.000000000000000000e+00,-6.000000000000000000e+00,-5.000000000000000000e+00,0.000000000000000000e+00,-1.700439453125000000e-01,4.815063476562500000e-01,-7.507324218750000000e-03,8.596801757812500000e-01
-2.000000000000000000e+00,-4.000000000000000000e+00,-7.000000000000000000e+00,-8.000000000000000000e+00,-2.000000000000000000e+00,1.000000000000000000e+00,5.000000000000000000e+00,-2.000000000000000000e+00,-1.700439453125000000e-01,4.815063476562500000e-01,-7.507324218750000000e-03,8.596801757812500000e-01
2.000000000000000000e+00,7.000000000000000000e+00,1.700000000000000000e+01,9.000000000000000000e+00,-3.000000000000000000e+00,-4.000000000000000000e+00,0.000000000000000000e+00,1.000000000000000000e+00,-1.692504882812500000e-01,4.808959960937500000e-01,-7.141113281250000000e-03,8.602294921875000000e-01
-2.000000000000000000e+00,-7.000000000000000000e+00,-1.600000000000000000e+01,-2.400000000000000000e+01,-2.000000000000000000e+00,0.000000000000000000e+00,-1.000000000000000000e+00,-1.000000000000000000e+00,-1.692504882812500000e-01,4.808959960937500000e-01,-7.141113281250000000e-03,8.602294921875000000e-01
0.000000000000000000e+00,0.000000000000000000e+00,1.100000000000000000e+01,-4.000000000000000000e+00,-2.000000000000000000e+00,-9.000000000000000000e+00,-4.000000000000000000e+00,0.000000000000000000e+00,-1.692504882812500000e-01,4.808959960937500000e-01,-7.141113281250000000e-03,8.602294921875000000e-01
0.000000000000000000e+00,-1.000000000000000000e+00,-1.400000000000000000e+01,5.500000000000000000e+01,1.100000000000000000e+01,1.500000000000000000e+01,1.400000000000000000e+01,2.000000000000000000e+00,-1.692504882812500000e-01,4.808959960937500000e-01,-7.141113281250000000e-03,8.602294921875000000e-01
-4.000000000000000000e+00,-4.000000000000000000e+00,6.000000000000000000e+00,-1.700000000000000000e+01,-2.000000000000000000e+00,-7.000000000000000000e+00,-8.000000000000000000e+00,-1.000000000000000000e+00,-1.692504882812500000e-01,4.802246093750000000e-01,-6.408691406250000000e-03,8.605957031250000000e-01
0.000000000000000000e+00,4.000000000000000000e+00,1.100000000000000000e+01,5.000000000000000000e+00,-1.000000000000000000e+01,-8.000000000000000000e+00,-8.000000000000000000e+00,-3.000000000000000000e+00,-1.692504882812500000e-01,4.802246093750000000e-01,-6.408691406250000000e-03,8.605957031250000000e-01
-2.000000000000000000e+00,-3.000000000000000000e+00,-7.000000000000000000e+00,3.000000000000000000e+00,-2.000000000000000000e+00,-9.000000000000000000e+00,-2.200000000000000000e+01,-3.000000000000000000e+00,-1.692504882812500000e-01,4.802246093750000000e-01,-6.408691406250000000e-03,8.605957031250000000e-01
-1.000000000000000000e+00,0.000000000000000000e+00,1.500000000000000000e+01,-5.000000000000000000e+00,0.000000000000000000e+00,8.000000000000000000e+00,2.600000000000000000e+01,3.000000000000000000e+00,-1.692504882812500000e-01,4.802246093750000000e-01,-6.408691406250000000e-03,8.605957031250000000e-01
6.000000000000000000e+00,1.000000000000000000e+00,5.000000000000000000e+00,3.800000000000000000e+01,3.000000000000000000e+00,5.000000000000000000e+00,-1.000000000000000000e+00,-1.000000000000000000e+00,-1.696166992187500000e-01,4.797973632812500000e-01,-5.737304687500000000e-03,8.607788085937500000e-01
-2.000000000000000000e+00,-5.000000000000000000e+00,-1.700000000000000000e+01,-2.100000000000000000e+01,1.000000000000000000e+00,-3.000000000000000000e+00,2.000000000000000000e+00,1.000000000000000000e+00,-1.696166992187500000e-01,4.797973632812500000e-01,-5.737304687500000000e-03,8.607788085937500000e-01
-1.000000000000000000e+00,-5.000000000000000000e+00,-1.000000000000000000e+01,8.000000000000000000e+00,-2.000000000000000000e+00,4.000000000000000000e+00,-2.000000000000000000e+00,-2.000000000000000000e+00,-1.696166992187500000e-01,4.797973632812500000e-01,-5.737304687500000000e-03,8.607788085937500000e-01
-3.000000000000000000e+00,1.000000000000000000e+00,-8.000000000000000000e+00,-3.800000000000000000e+01,-7.000000000000000000e+00,-7.000000000000000000e+00,-1.100000000000000000e+01,-1.000000000000000000e+00,-1.696166992187500000e-01,4.797973632812500000e-01,-5.737304687500000000e-03,8.607788085937500000e-01
0.000000000000000000e+00,2.000000000000000000e+00,1.000000000000000000e+01,2.800000000000000000e+01,1.000000000000000000e+00,2.000000000000000000e+00,2.000000000000000000e+00,0.000000000000000000e+00,-1.699218750000000000e-01,4.795532226562500000e-01,-5.615234375000000000e-03,8.608398437500000000e-01
-1.000000000000000000e+00,-1.000000000000000000e+00,7.000000000000000000e+00,-2.300000000000000000e+01,0.000000000000000000e+00,-6.000000000000000000e+00,-4.000000000000000000e+00,-3.000000000000000000e+00,-1.699218750000000000e-01,4.795532226562500000e-01,-5.615234375000000000e-03,8.608398437500000000e-01
-2.000000000000000000e+00,-1.000000000000000000e+00,-5.000000000000000000e+00,-1.000000000000000000e+00,-2.000000000000000000e+00,-1.000000000000000000e+01,-1.000000000000000000e+01,2.000000000000000000e+00,-1.699218750000000000e-01,4.795532226562500000e-01,-5.615234375000000000e-03,8.608398437500000000e-01
0.000000000000000000e+00,-2.000000000000000000e+00,-3.000000000000000000e+00,7.000000000000000000e+00,5.000000000000000000e+00,2.900000000000000000e+01,3.400000000000000000e+01,2.000000000000000000e+00,-1.699218750000000000e-01,4.795532226562500000e-01,-5.615234375000000000e-03,8.608398437500000000e-01
-2.000000000000000000e+00,-3.000000000000000000e+00,8.000000000000000000e+00,8.000000000000000000e+00,-6.000000000000000000e+00,-5.000000000000000000e+00,-5.000000000000000000e+00,-1.000000000000000000e+00,-1.695556640625000000e-01,4.795532226562500000e-01,-5.798339843750000000e-03,8.609008789062500000e-01
-3.000000000000000000e+00,4.000000000000000000e+00,-1.200000000000000000e+01,8.000000000000000000e+00,-4.000000000000000000e+00,-4.000000000000000000e+00,-8.000000000000000000e+00,-3.000000000000000000e+00,-1.695556640625000000e-01,4.795532226562500000e-01,-5.798339843750000000e-03,8.609008789062500000e-01
-2.000000000000000000e+00,-3.000000000000000000e+00,-1.400000000000000000e+01,-8.000000000000000000e+00,5.000000000000000000e+00,2.000000000000000000e+00,7.000000000000000000e+00,-1.000000000000000000e+00,-1.695556640625000000e-01,4.795532226562500000e-01,-5.798339843750000000e-03,8.609008789062500000e-01
-2.000000000000000000e+00,-7.000000000000000000e+00,3.400000000000000000e+01,5.600000000000000000e+01,3.000000000000000000e+00,-5.000000000000000000e+00,-1.400000000000000000e+01,-2.000000000000000000e+00,-1.695556640625000000e-01,4.795532226562500000e-01,-5.798339843750000000e-03,8.609008789062500000e-01
-1.000000000000000000e+00,1.000000000000000000e+00,-1.900000000000000000e+01,-6.700000000000000000e+01,-1.500000000000000000e+01,-9.000000000000000000e+00,-1.000000000000000000e+00,-2.000000000000000000e+00,-1.690673828125000000e-01,4.797363281250000000e-01,-6.042480468750000000e-03,8.609008789062500000e-01
-2.000000000000000000e+00,-1.000000000000000000e+01,-3.600000000000000000e+01,1.100000000000000000e+01,0.000000000000000000e+00,4.000000000000000000e+00,3.000000000000000000e+00,1.000000000000000000e+00,-1.690673828125000000e-01,4.797363281250000000e-01,-6.042480468750000000e-03,8.609008789062500000e-01
0.000000000000000000e+00,-1.000000000000000000e+00,2.000000000000000000e+00,-2.300000000000000000e+01,-2.000000000000000000e+00,-3.000000000000000000e+00,4.000000000000000000e+00,0.000000000000000000e+00,-1.690673828125000000e-01,4.797363281250000000e-01,-6.042480468750000000e-03,8.609008789062500000e-01
1.000000000000000000e+00,-2.000000000000000000e+00,-4.000000000000000000e+00,-9.000000000000000000e+00,-1.000000000000000000e+00,-7.000000000000000000e+00,-7.000000000000000000e+00,-3.000000000000000000e+00,-1.690673828125000000e-01,4.797363281250000000e-01,-6.042480468750000000e-03,8.609008789062500000e-01
-5.000000000000000000e+00,-4.000000000000000000e+00,0.000000000000000000e+00,2.000000000000000000e+01,4.000000000000000000e+00,0.000000000000000000e+00,-5.000000000000000000e+00,-3.000000000000000000e+00,-1.687011718750000000e-01,4.800415039062500000e-01,-6.408691406250000000e-03,8.607788085937500000e-01
1.000000000000000000e+00,3.000000000000000000e+00,1.000000000000000000e+01,1.000000000000000000e+00,-3.000000000000000000e+00,3.000000000000000000e+00,3.000000000000000000e+00,1.000000000000000000e+00,-1.687011718750000000e-01,4.800415039062500000e-01,-6.408691406250000000e-03,8.607788085937500000e-01
1.000000000000000000e+00,-1.000000000000000000e+00,4.000000000000000000e+00,8.000000000000000000e+00,3.000000000000000000e+00,4.000000000000000000e+00,8.000000000000000000e+00,0.000000000000000000e+00,-1.687011718750000000e-01,4.800415039062500000e-01,-6.408691406250000000e-03,8.607788085937500000e-01
-3.000000000000000000e+00,-1.000000000000000000e+00,-4.000000000000000000e+00,-1.900000000000000000e+01,-6.000000000000000000e+00,-8.000000000000000000e+00,-1.600000000000000000e+01,-5.000000000000000000e+00,-1.687011718750000000e-01,4.800415039062500000e-01,-6.408691406250000000e-03,8.607788085937500000e-01
1.000000000000000000e+00,-2.000000000000000000e+00,-7.000000000000000000e+00,5.000000000000000000e+00,2.000000000000000000e+00,-6.000000000000000000e+00,-8.000000000000000000e+00,3.000000000000000000e+00,-1.681518554687500000e-01,4.805908203125000000e-01,-6.835937500000000000e-03,8.605957031250000000e-01
1.000000000000000000e+00,2.000000000000000000e+00,5.000000000000000000e+00,0.000000000000000000e+00,3.000000000000000000e+00,7.000000000000000000e+00,5.000000000000000000e+00,1.000000000000000000e+00,-1.681518554687500000e-01,4.805908203125000000e-01,-6.835937500000000000e-03,8.605957031250000000e-01
-1.000000000000000000e+00,-1.000000000000000000e+00,-6.000000000000000000e+00,-6.000000000000000000e+00,-3.000000000000000000e+00,-5.000000000000000000e+00,-4.000000000000000000e+00,-3.000000000000000000e+00,-1.681518554687500000e-01,4.805908203125000000e-01,-6.835937500000000000e-03,8.605957031250000000e-01
-2.000000000000000000e+00,1.000000000000000000e+00,1.300000000000000000e+01,0.000000000000000000e+00,-5.000000000000000000e+00,-1.400000000000000000e+01,-1.600000000000000000e+01,-4.000000000000000000e+00,-1.681518554687500000e-01,4.805908203125000000e-01,-6.835937500000000000e-03,8.605957031250000000e-01
-3.000000000000000000e+00,-9.000000000000000000e+00,-4.300000000000000000e+01,-3.400000000000000000e+01,2.000000000000000000e+00,1.200000000000000000e+01,1.100000000000000000e+01,-1.000000000000000000e+00,-1.674804687500000000e-01,4.812011718750000000e-01,-7.324218750000000000e-03,8.603515625000000000e-01
7.000000000000000000e+00,1.200000000000000000e+01,3.700000000000000000e+01,-1.100000000000000000e+01,1.000000000000000000e+00,5.000000000000000000e+00,1.300000000000000000e+01,5.000000000000000000e+00,-1.674804687500000000e-01,4.812011718750000000e-01,-7.324218750000000000e-03,8.603515625000000000e-01
0.000000000000000000e+00,2.000000000000000000e+00,-1.200000000000000000e+01,8.000000000000000000e+00,-2.000000000000000000e+00,8.000000000000000000e+00,1.000000000000000000e+01,-2.000000000000000000e+00,-1.674804687500000000e-01,4.812011718750000000e-01,-7.324218750000000000e-03,8.603515625000000000e-01
1.000000000000000000e+00,5.000000000000000000e+00,6.000000000000000000e+00,-3.200000000000000000e+01,-1.000000000000000000e+01,-1.400000000000000000e+01,-1.900000000000000000e+01,-1.000000000000000000e+00,-1.674804687500000000e-01,4.812011718750000000e-01,-7.324218750000000000e-03,8.603515625000000000e-01
-3.000000000000000000e+00,-4.000000000000000000e+00,-1.100000000000000000e+01,2.400000000000000000e+01,3.000000000000000000e+00,-6.000000000000000000e+00,-9.000000000000000000e+00,-3.000000000000000000e+00,-1.671142578125000000e-01,4.818725585937500000e-01,-7.751464843750000000e-03,8.601074218750000000e-01
-3.000000000000000000e+00,-3.000000000000000000e+00,1.400000000000000000e+01,2.000000000000000000e+01,5.000000000000000000e+00,-2.000000000000000000e+00,-5.000000000000000000e+00,-2.000000000000000000e+00,-1.671142578125000000e-01,4.818725585937500000e-01,-7.751464843750000000e-03,8.601074218750000000e-01
0.000000000000000000e+00,-3.000000000000000000e+00,-2.000000000000000000e+00,-1.400000000000000000e+01,-2.000000000000000000e+00,-2.000000000000000000e+00,-3.000000000000000000e+00,0.000000000000000000e+00,-1.671142578125000000e-01,4.818725585937500000e-01,-7.751464843750000000e-03,8.601074218750000000e-01
1.000000000000000000e+00,0.000000000000000000e+00,-5.000000000000000000e+00,-8.000000000000000000e+00,3.000000000000000000e+00,4.000000000000000000e+00,8.000000000000000000e+00,0.000000000000000000e+00,-1.671142578125000000e-01,4.818725585937500000e-01,-7.751464843750000000e-03,8.601074218750000000e-01
-1.000000000000000000e+00,-2.000000000000000000e+00,2.000000000000000000e+00,4.800000000000000000e+01,8.000000000000000000e+00,0.000000000000000000e+00,-1.000000000000000000e+00,0.000000000000000000e+00,-1.662597656250000000e-01,4.827880859375000000e-01,-8.422851562500000000e-03,8.597412109375000000e-01
-3.000000000000000000e+00,-4.000000000000000000e+00,9.000000000000000000e+00,-5.200000000000000000e+01,-1.800000000000000000e+01,-1.100000000000000000e+01,-9.000000000000000000e+00,-7.000000000000000000e+00,-1.662597656250000000e-01,4.827880859375000000e-01,-8.422851562500000000e-03,8.597412109375000000e-01
1.000000000000000000e+00,1.000000000000000000e+00,-1.100000000000000000e+01,-4.200000000000000000e+01,-6.000000000000000000e+00,-3.000000000000000000e+00,-5.000000000000000000e+00,-1.000000000000000000e+00,-1.662597656250000000e-01,4.827880859375000000e-01,-8.422851562500000000e-03,8.597412109375000000e-01
-3.000000000000000000e+00,-2.000000000000000000e+00,-4.000000000000000000e+00,8.000000000000000000e+00,2.000000000000000000e+00,3.000000000000000000e+00,7.000000000000000000e+00,1.000000000000000000e+00,-1.662597656250000000e-01,4.827880859375000000e-01,-8.422851562500000000e-03,8.597412109375000000e-01
2.000000000000000000e+00,2.000000000000000000e+00,1.900000000000000000e+01,-5.000000000000000000e+00,-3.000000000000000000e+00,0.000000000000000000e+00,-1.000000000000000000e+00,-1.000000000000000000e+00,-1.654052734375000000e-01,4.836425781250000000e-01,-8.972167968750000000e-03,8.594360351562500000e-01
-5.000000000000000000e+00,-7.000000000000000000e+00,-1.200000000000000000e+01,3.400000000000000000e+01,6.000000000000000000e+00,-8.000000000000000000e+00,-5.000000000000000000e+00,-4.000000000000000000e+00,-1.654052734375000000e-01,4.836425781250000000e-01,-8.972167968750000000e-03,8.594360351562500000e-01
-2.000000000000000000e+00,-3.000000000000000000e+00,0.000000000000000000e+00,1.100000000000000000e+01,1.000000000000000000e+00,-3.000000000000000000e+00,-1.700000000000000000e+01,-4.000000000000000000e+00,-1.654052734375000000e-01,4.836425781250000000e-01,-8.972167968750000000e-03,8.594360351562500000e-01
1.000000000000000000e+00,2.000000000000000000e+00,-1.000000000000000000e+00,-2.400000000000000000e+01,-6.000000000000000000e+00,2.000000000000000000e+00,3.000000000000000000e+00,1.000000000000000000e+00,-1.654052734375000000e-01,4.836425781250000000e-01,-8.972167968750000000e-03,8.594360351562500000e-01
-6.000000000000000000e+00,-6.000000000000000000e+00,-1.100000000000000000e+01,4.900000000000000000e+01,2.000000000000000000e+01,1.000000000000000000e+00,0.000000000000000000e+00,-3.000000000000000000e+00,-1.646728515625000000e-01,4.843139648437500000e-01,-9.643554687500000000e-03,8.591308593750000000e-01
1.000000000000000000e+01,1.100000000000000000e+01,2.200000000000000000e+01,-5.000000000000000000e+01,-1.100000000000000000e+01,6.000000000000000000e+00,7.000000000000000000e+00,1.100000000000000000e+01,-1.646728515625000000e-01,4.843139648437500000e-01,-9.643554687500000000e-03,8.591308593750000000e-01
2.000000000000000000e+00,4.000000000000000000e+00,1.400000000000000000e+01,1.600000000000000000e+01,-1.000000000000000000e+00,3.000000000000000000e+00,1.000000000000000000e+01,-1.000000000000000000e+00,-1.646728515625000000e-01,4.843139648437500000e-01,-9.643554687500000000e-03,8.591308593750000000e-01
-2.000000000000000000e+00,-3.000000000000000000e+00,-2.000000000000000000e+00,-7.000000000000000000e+00,2.000000000000000000e+00,0.000000000000000000e+00,-3.000000000000000000e+00,-4.000000000000000000e+00,-1.646728515625000000e-01,4.843139648437500000e-01,-9.643554687500000000e-03,8.591308593750000000e-01
0.000000000000000000e+00,3.000000000000000000e+00,6.000000000000000000e+00,5.000000000000000000e+00,-2.000000000000000000e+00,-8.000000000000000000e+00,-1.000000000000000000e+01,-1.000000000000000000e+00,-1.641845703125000000e-01,4.849243164062500000e-01,-1.019287109375000000e-02,8.588867187500000000e-01
-4.000000000000000000e+00,-9.000000000000000000e+00,-1.500000000000000000e+01,2.200000000000000000e+01,4.000000000000000000e+00,1.000000000000000000e+00,-9.000000000000000000e+00,-5.000000000000000000e+00,-1.641845703125000000e-01,4.849243164062500000e-01,-1.019287109375000000e-02,8.588867187500000000e-01
-1.000000000000000000e+00,-4.000000000000000000e+00,-7.000000000000000000e+00,-5.000000000000000000e+00,-1.000000000000000000e+00,-1.000000000000000000e+00,5.000000000000000000e+00,1.000000000000000000e+00,-1.641845703125000000e-01,4.849243164062500000e-01,-1.019287109375000000e-02,8.588867187500000000e-01
2.000000000000000000e+00,-2.000000000000000000e+00,0.000000000000000000e+00,3.400000000000000000e+01,0.000000000000000000e+00,-6.000000000000000000e+00,-3.000000000000000000e+00,-1.000000000000000000e+00,-1.641845703125000000e-01,4.849243164062500000e-01,-1.019287109375000000e-02,8.588867187500000000e-01
-2.000000000000000000e+00,-3.000000000000000000e+00,-9.000000000000000000e+00,-6.300000000000000000e+01,-7.000000000000000000e+00,3.000000000000000000e+00,3.000000000000000000e+00,0.000000000000000000e+00,-1.635742187500000000e-01,4.855346679687500000e-01,-1.068115234375000000e-02,8.586425781250000000e-01
-2.000000000000000000e+00,1.000000000000000000e+00,5.000000000000000000e+00,1.000000000000000000e+01,-1.000000000000000000e+00,0.000000000000000000e+00,-2.000000000000000000e+00,-2.000000000000000000e+00,-1.635742187500000000e-01,4.855346679687500000e-01,-1.068115234375000000e-02,8.586425781250000000e-01
-1.000000000000000000e+00,0.000000000000000000e+00,1.300000000000000000e+01,1.900000000000000000e+01,5.000000000000000000e+00,1.000000000000000000e+00,-1.000000000000000000e+00,-1.000000000000000000e+00,-1.635742187500000000e-01,4.855346679687500000e-01,-1.068115234375000000e-02,8.586425781250000000e-01
-1.000000000000000000e+00,0.000000000000000000e+00,1.000000000000000000e+00,-5.000000000000000000e+00,-2.000000000000000000e+00,-1.000000000000000000e+00,8.000000000000000000e+00,-1.000000000000000000e+00,-1.635742187500000000e-01,4.855346679687500000e-01,-1.068115234375000000e-02,8.586425781250000000e-01
-1.000000000000000000e+00,0.000000000000000000e+00,3.000000000000000000e+00,-1.300000000000000000e+01,-3.000000000000000000e+00,-2.000000000000000000e+00,-3.000000000000000000e+00,-1.000000000000000000e+00,-1.629638671875000000e-01,4.861450195312500000e-01,-1.110839843750000000e-02,8.584594726562500000e-01
-1.000000000000000000e+00,-6.000000000000000000e+00,-1.200000000000000000e+01,5.900000000000000000e+01,1.200000000000000000e+01,-2.000000000000000000e+00,-3.000000000000000000e+00,-2.000000000000000000e+00,-1.629638671875000000e-01,4.861450195312500000e-01,-1.110839843750000000e-02,8.584594726562500000e-01
-2.000000000000000000e+00,0.000000000000000000e+00,2.300000000000000000e+01,-4.500000000000000000e+01,-1.100000000000000000e+01,5.000000000000000000e+00,4.000000000000000000e+00,0.000000000000000000e+00,-1.629638671875000000e-01,4.861450195312500000e-01,-1.110839843750000000e-02,8.584594726562500000e-01
0.000000000000000000e+00,3.000000000000000000e+00,-1.200000000000000000e+01,1.600000000000000000e+01,4.000000000000000000e+00,-7.000000000000000000e+00,-1.000000000000000000e+01,0.000000000000000000e+00,-1.629638671875000000e-01,4.861450195312500000e-01,-1.110839843750000000e-02,8.584594726562500000e-01
-4.000000000000000000e+00,-4.000000000000000000e+00,8.000000000000000000e+00,-1.100000000000000000e+01,-1.000000000000000000e+01,6.000000000000000000e+00,1.100000000000000000e+01,-1.000000000000000000e+00,-1.625366210937500000e-01,4.865722656250000000e-01,-1.123046875000000000e-02,8.582763671875000000e-01
1.000000000000000000e+00,1.000000000000000000e+00,-1.000000000000000000e+00,1.800000000000000000e+01,8.000000000000000000e+00,3.000000000000000000e+00,-1.000000000000000000e+00,1.000000000000000000e+00,-1.625366210937500000e-01,4.865722656250000000e-01,-1.123046875000000000e-02,8.582763671875000000e-01
-3.000000000000000000e+00,-8.000000000000000000e+00,-8.000000000000000000e+00,1.000000000000000000e+01,3.000000000000000000e+00,-3.000000000000000000e+00,8.000000000000000000e+00,-1.000000000000000000e+00,-1.625366210937500000e-01,4.865722656250000000e-01,-1.123046875000000000e-02,8.582763671875000000e-01
-1.000000000000000000e+00,0.000000000000000000e+00,0.000000000000000000e+00,-6.000000000000000000e+00,-4.000000000000000000e+00,0.000000000000000000e+00,-2.000000000000000000e+00,-2.000000000000000000e+00,-1.625366210937500000e-01,4.865722656250000000e-01,-1.123046875000000000e-02,8.582763671875000000e-01
1.000000000000000000e+00,1.000000000000000000e+00,-1.000000000000000000e+00,-2.500000000000000000e+01,-6.000000000000000000e+00,-3.000000000000000000e+00,-3.000000000000000000e+00,0.000000000000000000e+00,-1.622314453125000000e-01,4.866943359375000000e-01,-1.129150390625000000e-02,8.582763671875000000e-01
-2.000000000000000000e+00,2.000000000000000000e+00,0.000000000000000000e+00,-4.000000000000000000e+00,-3.000000000000000000e+00,-7.000000000000000000e+00,-1.500000000000000000e+01,-5.000000000000000000e+00,-1.622314453125000000e-01,4.866943359375000000e-01,-1.129150390625000000e-02,8.582763671875000000e-01
-1.000000000000000000e+00,-2.000000000000000000e+00,-7.000000000000000000e+00,-2.000000000000000000e+00,3.000000000000000000e+00,-1.000000000000000000e+00,-1.000000000000000000e+00,-1.000000000000000000e+00,-1.622314453125000000e-01,4.866943359375000000e-01,-1.129150390625000000e-02,8.582763671875000000e-01
-2.000000000000000000e+00,-3.000000000000000000e+00,-9.000000000000000000e+00,-2.500000000000000000e+01,-1.000000000000000000e+00,8.000000000000000000e+00,3.000000000000000000e+00,0.000000000000000000e+00,-1.622314453125000000e-01,4.866943359375000000e-01,-1.129150390625000000e-02,8.582763671875000000e-01
2.000000000000000000e+00,4.000000000000000000e+00,1.100000000000000000e+01,7.200000000000000000e+01,5.000000000000000000e+00,-3.000000000000000000e+00,2.000000000000000000e+00,0.000000000000000000e+00,-1.621704101562500000e-01,4.867553710937500000e-01,-1.123046875000000000e-02,8.582763671875000000e-01
-2.000000000000000000e+00,-7.000000000000000000e+00,-5.000000000000000000e+00,-6.100000000000000000e+01,-7.000000000000000000e+00,1.000000000000000000e+00,4.000000000000000000e+00,1.000000000000000000e+00,-1.621704101562500000e-01,4.867553710937500000e-01,-1.123046875000000000e-02,8.582763671875000000e-01
-1.000000000000000000e+00,2.000000000000000000e+00,-3.000000000000000000e+00,-1.000000000000000000e+01,-3.000000000000000000e+00,-3.000000000000000000e+00,-8.000000000000000000e+00,0.000000000000000000e+00,-1.621704101562500000e-01,4.867553710937500000e-01,-1.123046875000000000e-02,8.582763671875000000e-01
0.000000000000000000e+00,0.000000000000000000e+00,2.000000000000000000e+00,-1.100000000000000000e+01,-8.000000000000000000e+00,-9.000000000000000000e+00,-6.000000000000000000e+00,-2.000000000000000000e+00,-1.621704101562500000e-01,4.867553710937500000e-01,-1.123046875000000000e-02,8.582763671875000000e-01
1.000000000000000000e+00,-2.000000000000000000e+00,-4.000000000000000000e+00,1.200000000000000000e+01,3.000000000000000000e+00,1.000000000000000000e+00,4.000000000000000000e+00,-1.000000000000000000e+00,-1.621704101562500000e-01,4.867553710937500000e-01,-1.123046875000000000e-02,8.582153320312500000e-01
-2.000000000000000000e+00,-2.000000000000000000e+00,-1.100000000000000000e+01,2.000000000000000000e+01,1.000000000000000000e+00,2.000000000000000000e+00,3.000000000000000000e+00,-1.000000000000000000e+00,-1.621704101562500000e-01,4.867553710937500000e-01,-1.123046875000000000e-02,8.582153320312500000e-01
