-1.000000000000000000e+00,0.000000000000000000e+00,-1.000000000000000000e+00,2.000000000000000000e+01,1.000000000000000000e+00,1.000000000000000000e+00,-3.000000000000000000e+00,-1.000000000000000000e+00,-4.028930664062500000e-01,2.252807617187500000e-01,6.284790039062500000e-01,6.260375976562500000e-01
-2.000000000000000000e+00,-4.000000000000000000e+00,6.000000000000000000e+00,-1.000000000000000000e+01,-6.000000000000000000e+00,-4.000000000000000000e+00,-4.000000000000000000e+00,-3.000000000000000000e+00,-4.028930664062500000e-01,2.252807617187500000e-01,6.284790039062500000e-01,6.260375976562500000e-01
1.000000000000000000e+00,-1.000000000000000000e+00,-2.100000000000000000e+01,-1.100000000000000000e+01,-1.000000000000000000e+00,-1.000000000000000000e+00,-2.000000000000000000e+00,0.000000000000000000e+00,-4.028930664062500000e-01,2.252807617187500000e-01,6.284790039062500000e-01,6.260375976562500000e-01
-1.000000000000000000e+00,1.000000000000000000e+00,3.600000000000000000e+01,-1.000000000000000000e+00,-2.500000000000000000e+01,-8.000000000000000000e+00,-1.000000000000000000e+00,0.000000000000000000e+00,-4.028930664062500000e-01,2.252807617187500000e-01,6.284790039062500000e-01,6.260375976562500000e-01
1.000000000000000000e+00,1.000000000000000000e+00,-2.800000000000000000e+01,-1.600000000000000000e+01,1.200000000000000000e+01,1.000000000000000000e+00,0.000000000000000000e+00,-2.000000000000000000e+00,-4.035644531250000000e-01,2.246704101562500000e-01,6.282958984375000000e-01,6.259155273437500000e-01
-2.000000000000000000e+00,-1.000000000000000000e+00,1.100000000000000000e+01,1.700000000000000000e+01,0.000000000000000000e+00,-1.000000000000000000e+00,-1.000000000000000000e+00,-1.000000000000000000e+00,-4.035644531250000000e-01,2.246704101562500000e-01,6.282958984375000000e-01,6.259155273437500000e-01
1.000000000000000000e+00,-3.000000000000000000e+00,1.000000000000000000e+01,3.000000000000000000e+00,9.000000000000000000e+00,3.000000000000000000e+00,0.000000000000000000e+00,1.000000000000000000e+00,-4.035644531250000000e-01,2.246704101562500000e-01,6.282958984375000000e-01,6.259155273437500000e-01
-1.000000000000000000e+00,-2.000000000000000000e+00,-2.600000000000000000e+01,-1.300000000000000000e+01,-1.700000000000000000e+01,-7.000000000000000000e+00,-3.000000000000000000e+00,-2.000000000000000000e+00,-4.035644531250000000e-01,2.246704101562500000e-01,6.282958984375000000e-01,6.259155273437500000e-01
-1.000000000000000000e+00,3.000000000000000000e+00,2.100000000000000000e+01,0.000000000000000000e+00,-1.400000000000000000e+01,-4.000000000000000000e+00,3.000000000000000000e+00,5.000000000000000000e+00,-4.036254882812500000e-01,2.246093750000000000e-01,6.279907226562500000e-01,6.262817382812500000e-01
-2.000000000000000000e+00,-1.000000000000000000e+00,-7.000000000000000000e+00,-1.500000000000000000e+01,1.000000000000000000e+00,-1.000000000000000000e+00,-2.000000000000000000e+00,-3.000000000000000000e+00,-4.036254882812500000e-01,2.246093750000000000e-01,6.279907226562500000e-01,6.262817382812500000e-01
-2.000000000000000000e+00,-1.000000000000000000e+00,-7.000000000000000000e+00,5.000000000000000000e+00,1.100000000000000000e+01,0.000000000000000000e+00,1.000000000000000000e+00,1.000000000000000000e+00,-4.036254882812500000e-01,2.246093750000000000e-01,6.279907226562500000e-01,6.262817382812500000e-01
-4.000000000000000000e+00,-4.000000000000000000e+00,4.000000000000000000e+00,-5.000000000000000000e+00,-2.100000000000000000e+01,-7.000000000000000000e+00,-3.000000000000000000e+00,-5.000000000000000000e+00,-4.036254882812500000e-01,2.246093750000000000e-01,6.279907226562500000e-01,6.262817382812500000e-01
0.000000000000000000e+00,-1.000000000000000000e+00,7.000000000000000000e+00,-1.000000000000000000e+01,-1.000000000000000000e+00,0.000000000000000000e+00,-2.000000000000000000e+00,-2.000000000000000000e+00,-4.026489257812500000e-01,2.255249023437500000e-01,6.275634765625000000e-01,6.270141601562500000e-01
1.000000000000000000e+00,0.000000000000000000e+00,-1.100000000000000000e+01,1.700000000000000000e+01,3.000000000000000000e+00,-1.000000000000000000e+00,3.000000000000000000e+00,0.000000000000000000e+00,-4.026489257812500000e-01,2.255249023437500000e-01,6.275634765625000000e-01,6.270141601562500000e-01
-3.000000000000000000e+00,0.000000000000000000e+00,4.000000000000000000e+00,3.600000000000000000e+01,2.000000000000000000e+01,4.000000000000000000e+00,-8.000000000000000000e+00,-7.000000000000000000e+00,-4.026489257812500000e-01,2.255249023437500000e-01,6.275634765625000000e-01,6.270141601562500000e-01
2.000000000000000000e+00,-1.000000000000000000e+00,-4.000000000000000000e+00,-2.800000000000000000e+01,-1.800000000000000000e+01,-5.000000000000000000e+00,7.000000000000000000e+00,7.000000000000000000e+00,-4.026489257812500000e-01,2.255249023437500000e-01,6.275634765625000000e-01,6.270141601562500000e-01
0.000000000000000000e+00,-7.000000000000000000e+00,-1.700000000000000000e+01,-5.000000000000000000e+00,-1.000000000000000000e+01,-3.000000000000000000e+00,-3.000000000000000000e+00,-2.000000000000000000e+00,-4.008789062500000000e-01,2.279663085937500000e-01,6.269531250000000000e-01,6.278686523437500000e-01
1.000000000000000000e+00,-1.000000000000000000e+00,1.000000000000000000e+00,-1.000000000000000000e+01,-9.000000000000000000e+00,-2.000000000000000000e+00,-1.000000000000000000e+00,0.000000000000000000e+00,-4.008789062500000000e-01,2.279663085937500000e-01,6.269531250000000000e-01,6.278686523437500000e-01
-3.000000000000000000e+00,-1.000000000000000000e+00,2.000000000000000000e+00,-7.000000000000000000e+00,6.000000000000000000e+00,0.000000000000000000e+00,-4.000000000000000000e+00,-4.000000000000000000e+00,-4.008789062500000000e-01,2.279663085937500000e-01,6.269531250000000000e-01,6.278686523437500000e-01
-1.000000000000000000e+00,-3.000000000000000000e+00,-6.000000000000000000e+00,1.000000000000000000e+00,-1.000000000000000000e+01,-3.000000000000000000e+00,-1.000000000000000000e+00,-2.000000000000000000e+00,-4.008789062500000000e-01,2.279663085937500000e-01,6.269531250000000000e-01,6.278686523437500000e-01
-1.000000000000000000e+00,-1.000000000000000000e+00,1.000000000000000000e+00,3.000000000000000000e+00,-2.200000000000000000e+01,-7.000000000000000000e+00,-5.000000000000000000e+00,-3.000000000000000000e+00,-3.993530273437500000e-01,2.309570312500000000e-01,6.259765625000000000e-01,6.287231445312500000e-01
4.000000000000000000e+00,5.000000000000000000e+00,1.900000000000000000e+01,-1.800000000000000000e+01,3.700000000000000000e+01,1.600000000000000000e+01,6.000000000000000000e+00,5.000000000000000000e+00,-3.993530273437500000e-01,2.309570312500000000e-01,6.259765625000000000e-01,6.287231445312500000e-01
-2.000000000000000000e+00,-1.000000000000000000e+00,-1.000000000000000000e+01,1.900000000000000000e+01,1.000000000000000000e+00,-1.000000000000000000e+00,-1.000000000000000000e+00,0.000000000000000000e+00,-3.993530273437500000e-01,2.309570312500000000e-01,6.259765625000000000e-01,6.287231445312500000e-01
6.000000000000000000e+00,7.000000000000000000e+00,2.300000000000000000e+01,1.000000000000000000e+01,1.000000000000000000e+01,0.000000000000000000e+00,-1.000000000000000000e+00,1.000000000000000000e+00,-3.993530273437500000e-01,2.309570312500000000e-01,6.259765625000000000e-01,6.287231445312500000e-01
-1.600000000000000000e+01,-1.500000000000000000e+01,-4.300000000000000000e+01,-1.100000000000000000e+01,-3.000000000000000000e+00,-5.000000000000000000e+00,-4.000000000000000000e+00,-4.000000000000000000e+00,-3.990478515625000000e-01,2.331542968750000000e-01,6.251831054687500000e-01,6.289062500000000000e-01
0.000000000000000000e+00,1.000000000000000000e+00,-2.000000000000000000e+00,7.000000000000000000e+00,-2.000000000000000000e+00,-4.000000000000000000e+00,-3.000000000000000000e+00,-2.000000000000000000e+00,-3.990478515625000000e-01,2.331542968750000000e-01,6.251831054687500000e-01,6.289062500000000000e-01
3.000000000000000000e+00,-1.000000000000000000e+00,-3.000000000000000000e+00,-9.000000000000000000e+00,-7.000000000000000000e+00,-1.000000000000000000e+00,2.000000000000000000e+00,3.000000000000000000e+00,-3.990478515625000000e-01,2.331542968750000000e-01,6.251831054687500000e-01,6.289062500000000000e-01
-2.000000000000000000e+00,-1.000000000000000000e+00,-5.000000000000000000e+00,2.000000000000000000e+00,3.000000000000000000e+00,0.000000000000000000e+00,-3.000000000000000000e+00,0.000000000000000000e+00,-3.990478515625000000e-01,2.331542968750000000e-01,6.251831054687500000e-01,6.289062500000000000e-01
4.000000000000000000e+00,5.000000000000000000e+00,2.300000000000000000e+01,-1.100000000000000000e+01,-7.000000000000000000e+00,-3.000000000000000000e+00,-2.000000000000000000e+00,-2.000000000000000000e+00,-3.992919921875000000e-01,2.351074218750000000e-01,6.243896484375000000e-01,6.287841796875000000e-01
-6.000000000000000000e+00,-9.000000000000000000e+00,-2.100000000000000000e+01,4.000000000000000000e+00,-1.400000000000000000e+01,-4.000000000000000000e+00,-2.000000000000000000e+00,-2.000000000000000000e+00,-3.992919921875000000e-01,2.351074218750000000e-01,6.243896484375000000e-01,6.287841796875000000e-01
-3.000000000000000000e+00,1.000000000000000000e+00,-4.000000000000000000e+00,-3.000000000000000000e+00,9.000000000000000000e+00,2.000000000000000000e+00,0.000000000000000000e+00,-1.000000000000000000e+00,-3.992919921875000000e-01,2.351074218750000000e-01,6.243896484375000000e-01,6.287841796875000000e-01
-2.000000000000000000e+00,-2.000000000000000000e+00,1.000000000000000000e+01,-5.000000000000000000e+00,-2.000000000000000000e+01,-6.000000000000000000e+00,-6.000000000000000000e+00,-6.000000000000000000e+00,-3.992919921875000000e-01,2.351074218750000000e-01,6.243896484375000000e-01,6.287841796875000000e-01
2.000000000000000000e+00,1.000000000000000000e+00,1.300000000000000000e+01,-1.000000000000000000e+00,7.000000000000000000e+00,3.000000000000000000e+00,2.000000000000000000e+00,1.000000000000000000e+00,-3.992919921875000000e-01,2.371826171875000000e-01,6.236572265625000000e-01,6.287231445312500000e-01
-5.000000000000000000e+00,-4.000000000000000000e+00,-2.300000000000000000e+01,-2.800000000000000000e+01,-9.000000000000000000e+00,-3.000000000000000000e+00,-3.000000000000000000e+00,-2.000000000000000000e+00,-3.992919921875000000e-01,2.371826171875000000e-01,6.236572265625000000e-01,6.287231445312500000e-01
2.000000000000000000e+00,2.000000000000000000e+00,1.100000000000000000e+01,3.200000000000000000e+01,8.000000000000000000e+00,6.000000000000000000e+00,5.000000000000000000e+00,1.000000000000000000e+00,-3.992919921875000000e-01,2.371826171875000000e-01,6.236572265625000000e-01,6.287231445312500000e-01
1.000000000000000000e+00,0.000000000000000000e+00,-9.000000000000000000e+00,2.000000000000000000e+00,1.200000000000000000e+01,0.000000000000000000e+00,-2.000000000000000000e+00,0.000000000000000000e+00,-3.992919921875000000e-01,2.371826171875000000e-01,6.236572265625000000e-01,6.287231445312500000e-01
1.000000000000000000e+00,2.000000000000000000e+00,1.600000000000000000e+01,7.000000000000000000e+00,-3.000000000000000000e+00,1.000000000000000000e+00,-1.000000000000000000e+00,-1.000000000000000000e+00,-3.997802734375000000e-01,2.389526367187500000e-01,6.231689453125000000e-01,6.282348632812500000e-01
4.000000000000000000e+00,2.000000000000000000e+00,1.400000000000000000e+01,-3.000000000000000000e+00,-3.000000000000000000e+00,-1.000000000000000000e+00,2.000000000000000000e+00,3.000000000000000000e+00,-3.997802734375000000e-01,2.389526367187500000e-01,6.231689453125000000e-01,6.282348632812500000e-01
-2.000000000000000000e+00,-1.000000000000000000e+00,-4.000000000000000000e+00,-5.100000000000000000e+01,-2.000000000000000000e+01,-7.000000000000000000e+00,-4.000000000000000000e+00,-3.000000000000000000e+00,-3.997802734375000000e-01,2.389526367187500000e-01,6.231689453125000000e-01,6.282348632812500000e-01
-5.000000000000000000e+00,-6.000000000000000000e+00,0.000000000000000000e+00,4.900000000000000000e+01,3.500000000000000000e+01,7.000000000000000000e+00,-1.000000000000000000e+00,-5.000000000000000000e+00,-3.997802734375000000e-01,2.389526367187500000e-01,6.231689453125000000e-01,6.282348632812500000e-01
0.000000000000000000e+00,-2.000000000000000000e+00,-9.000000000000000000e+00,1.000000000000000000e+00,1.000000000000000000e+00,-1.000000000000000000e+00,1.000000000000000000e+00,2.000000000000000000e+00,-4.004516601562500000e-01,2.406005859375000000e-01,6.234130859375000000e-01,6.269531250000000000e-01
3.000000000000000000e+00,2.000000000000000000e+00,6.000000000000000000e+00,1.400000000000000000e+01,-2.000000000000000000e+01,-7.000000000000000000e+00,-3.000000000000000000e+00,0.000000000000000000e+00,-4.004516601562500000e-01,2.406005859375000000e-01,6.234130859375000000e-01,6.269531250000000000e-01
1.000000000000000000e+00,-1.000000000000000000e+00,-4.000000000000000000e+00,-9.000000000000000000e+00,1.700000000000000000e+01,6.000000000000000000e+00,3.000000000000000000e+00,2.000000000000000000e+00,-4.004516601562500000e-01,2.406005859375000000e-01,6.234130859375000000e-01,6.269531250000000000e-01
-3.000000000000000000e+00,1.000000000000000000e+00,1.400000000000000000e+01,-1.300000000000000000e+01,-1.400000000000000000e+01,-1.000000000000000000e+00,0.000000000000000000e+00,-2.000000000000000000e+00,-4.004516601562500000e-01,2.406005859375000000e-01,6.234130859375000000e-01,6.269531250000000000e-01
0.000000000000000000e+00,-4.000000000000000000e+00,-3.300000000000000000e+01,-2.000000000000000000e+01,-1.300000000000000000e+01,-6.000000000000000000e+00,-2.000000000000000000e+00,-2.000000000000000000e+00,-4.019165039062500000e-01,2.416381835937500000e-01,6.234741210937500000e-01,6.254882812500000000e-01
-1.000000000000000000e+00,-1.000000000000000000e+00,0.000000000000000000e+00,8.000000000000000000e+00,8.000000000000000000e+00,4.000000000000000000e+00,2.000000000000000000e+00,0.000000000000000000e+00,-4.019165039062500000e-01,2.416381835937500000e-01,6.234741210937500000e-01,6.254882812500000000e-01
-2.000000000000000000e+00,-2.000000000000000000e+00,1.300000000000000000e+01,1.100000000000000000e+01,-9.000000000000000000e+00,-6.000000000000000000e+00,-2.000000000000000000e+00,-3.000000000000000000e+00,-4.019165039062500000e-01,2.416381835937500000e-01,6.234741210937500000e-01,6.254882812500000000e-01
-1.000000000000000000e+00,0.000000000000000000e+00,1.000000000000000000e+00,9.000000000000000000e+00,1.100000000000000000e+01,1.000000000000000000e+00,1.000000000000000000e+00,-2.000000000000000000e+00,-4.019165039062500000e-01,2.416381835937500000e-01,6.234741210937500000e-01,6.254882812500000000e-01
-2.000000000000000000e+00,-4.000000000000000000e+00,-9.000000000000000000e+00,8.000000000000000000e+00,-3.000000000000000000e+00,-3.000000000000000000e+00,0.000000000000000000e+00,2.000000000000000000e+00,-4.036254882812500000e-01,2.420043945312500000e-01,6.234741210937500000e-01,6.243286132812500000e-01
3.000000000000000000e+00,1.000000000000000000e+01,1.200000000000000000e+01,-2.000000000000000000e+01,-7.000000000000000000e+00,1.000000000000000000e+00,0.000000000000000000e+00,2.000000000000000000e+00,-4.036254882812500000e-01,2.420043945312500000e-01,6.234741210937500000e-01,6.243286132812500000e-01
-1.000000000000000000e+00,-1.100000000000000000e+01,-4.400000000000000000e+01,-1.400000000000000000e+01,8.000000000000000000e+00,0.000000000000000000e+00,-2.000000000000000000e+00,0.000000000000000000e+00,-4.036254882812500000e-01,2.420043945312500000e-01,6.234741210937500000e-01,6.243286132812500000e-01
0.000000000000000000e+00,-1.000000000000000000e+00,-1.400000000000000000e+01,6.000000000000000000e+00,-5.000000000000000000e+00,0.000000000000000000e+00,-3.000000000000000000e+00,-3.000000000000000000e+00,-4.036254882812500000e-01,2.420043945312500000e-01,6.234741210937500000e-01,6.243286132812500000e-01
-4.000000000000000000e+00,-3.000000000000000000e+00,2.000000000000000000e+00,6.000000000000000000e+00,2.000000000000000000e+00,0.000000000000000000e+00,0.000000000000000000e+00,-1.000000000000000000e+00,-4.049072265625000000e-01,2.418823242187500000e-01,6.232299804687500000e-01,6.237792968750000000e-01
-4.000000000000000000e+00,-1.000000000000000000e+00,2.000000000000000000e+00,-1.100000000000000000e+01,-9.000000000000000000e+00,-5.000000000000000000e+00,-2.000000000000000000e+00,-3.000000000000000000e+00,-4.049072265625000000e-01,2.418823242187500000e-01,6.232299804687500000e-01,6.237792968750000000e-01
-2.000000000000000000e+00,4.000000000000000000e+00,1.900000000000000000e+01,3.800000000000000000e+01,-3.000000000000000000e+00,-2.000000000000000000e+00,-2.000000000000000000e+00,-1.000000000000000000e+00,-4.049072265625000000e-01,2.418823242187500000e-01,6.232299804687500000e-01,6.237792968750000000e-01
-1.000000000000000000e+00,-1.000000000000000000e+00,1.300000000000000000e+01,-2.400000000000000000e+01,-8.000000000000000000e+00,-2.000000000000000000e+00,-1.000000000000000000e+00,2.000000000000000000e+00,-4.049072265625000000e-01,2.418823242187500000e-01,6.232299804687500000e-01,6.237792968750000000e-01
2.000000000000000000e+00,-1.000000000000000000e+00,-7.000000000000000000e+00,-5.000000000000000000e+00,3.000000000000000000e+00,1.000000000000000000e+00,-2.000000000000000000e+00,-1.000000000000000000e+00,-4.055175781250000000e-01,2.418212890625000000e-01,6.229248046875000000e-01,6.237182617187500000e-01
-3.000000000000000000e+00,-4.000000000000000000e+00,-7.000000000000000000e+00,2.300000000000000000e+01,1.700000000000000000e+01,4.000000000000000000e+00,-3.000000000000000000e+00,-4.000000000000000000e+00,-4.055175781250000000e-01,2.418212890625000000e-01,6.229248046875000000e-01,6.237182617187500000e-01
0.000000000000000000e+00,2.000000000000000000e+00,-1.000000000000000000e+00,1.100000000000000000e+01,1.000000000000000000e+00,-2.000000000000000000e+00,3.000000000000000000e+00,-2.000000000000000000e+00,-4.055175781250000000e-01,2.418212890625000000e-01,6.229248046875000000e-01,6.237182617187500000e-01
2.000000000000000000e+00,5.000000000000000000e+00,8.000000000000000000e+00,-1.500000000000000000e+01,-1.100000000000000000e+01,-4.000000000000000000e+00,0.000000000000000000e+00,2.000000000000000000e+00,-4.055175781250000000e-01,2.418212890625000000e-01,6.229248046875000000e-01,6.237182617187500000e-01
-2.000000000000000000e+00,-2.000000000000000000e+00,-3.000000000000000000e+00,-3.000000000000000000e+00,-6.000000000000000000e+00,-2.000000000000000000e+00,0.000000000000000000e+00,-2.000000000000000000e+00,-4.048461914062500000e-01,2.416381835937500000e-01,6.230468750000000000e-01,6.240234375000000000e-01
-1.000000000000000000e+00,-4.000000000000000000e+00,-3.000000000000000000e+00,-1.500000000000000000e+01,-5.000000000000000000e+00,-3.000000000000000000e+00,-1.000000000000000000e+00,-1.000000000000000000e+00,-4.048461914062500000e-01,2.416381835937500000e-01,6.230468750000000000e-01,6.240234375000000000e-01
-1.000000000000000000e+00,1.000000000000000000e+00,3.900000000000000000e+01,6.000000000000000000e+00,-2.000000000000000000e+00,-1.000000000000000000e+00,-2.000000000000000000e+00,-2.000000000000000000e+00,-4.048461914062500000e-01,2.416381835937500000e-01,6.230468750000000000e-01,6.240234375000000000e-01
-4.000000000000000000e+00,-8.000000000000000000e+00,-6.200000000000000000e+01,-2.000000000000000000e+01,-1.300000000000000000e+01,-3.000000000000000000e+00,-3.000000000000000000e+00,0.000000000000000000e+00,-4.048461914062500000e-01,2.416381835937500000e-01,6.230468750000000000e-01,6.240234375000000000e-01
-2.000000000000000000e+00,-1.000000000000000000e+00,1.500000000000000000e+01,1.300000000000000000e+01,1.800000000000000000e+01,5.000000000000000000e+00,0.000000000000000000e+00,-2.000000000000000000e+00,-4.031982421875000000e-01,2.415771484375000000e-01,6.234741210937500000e-01,6.247558593750000000e-01
-2.000000000000000000e+00,-3.000000000000000000e+00,-2.100000000000000000e+01,-2.000000000000000000e+01,-2.200000000000000000e+01,-5.000000000000000000e+00,-1.000000000000000000e+00,0.000000000000000000e+00,-4.031982421875000000e-01,2.415771484375000000e-01,6.234741210937500000e-01,6.247558593750000000e-01
-1.000000000000000000e+00,0.000000000000000000e+00,1.600000000000000000e+01,2.100000000000000000e+01,1.400000000000000000e+01,1.000000000000000000e+00,0.000000000000000000e+00,3.000000000000000000e+00,-4.031982421875000000e-01,2.415771484375000000e-01,6.234741210937500000e-01,6.247558593750000000e-01
-2.000000000000000000e+00,-1.000000000000000000e+00,-7.000000000000000000e+00,-1.700000000000000000e+01,-1.200000000000000000e+01,-4.000000000000000000e+00,0.000000000000000000e+00,-2.000000000000000000e+00,-4.031982421875000000e-01,2.415771484375000000e-01,6.234741210937500000e-01,6.247558593750000000e-01
2.000000000000000000e+00,3.000000000000000000e+00,6.000000000000000000e+00,-1.200000000000000000e+01,6.000000000000000000e+00,5.000000000000000000e+00,-2.000000000000000000e+00,2.000000000000000000e+00,-4.001464843750000000e-01,2.415161132812500000e-01,6.244506835937500000e-01,6.257324218750000000e-01
0.000000000000000000e+00,-1.000000000000000000e+00,-2.000000000000000000e+00,9.000000000000000000e+00,8.000000000000000000e+00,0.000000000000000000e+00,-2.000000000000000000e+00,-4.000000000000000000e+00,-4.001464843750000000e-01,2.415161132812500000e-01,6.244506835937500000e-01,6.257324218750000000e-01
0.000000000000000000e+00,-4.000000000000000000e+00,-1.400000000000000000e+01,-9.000000000000000000e+00,-6.000000000000000000e+00,-2.000000000000000000e+00,1.000000000000000000e+00,2.000000000000000000e+00,-4.001464843750000000e-01,2.415161132812500000e-01,6.244506835937500000e-01,6.257324218750000000e-01
-6.000000000000000000e+00,-7.000000000000000000e+00,-6.000000000000000000e+00,-3.100000000000000000e+01,-2.000000000000000000e+01,-9.000000000000000000e+00,-3.000000000000000000e+00,-2.000000000000000000e+00,-4.001464843750000000e-01,2.415161132812500000e-01,6.244506835937500000e-01,6.257324218750000000e-01
-1.000000000000000000e+00,5.000000000000000000e+00,1.100000000000000000e+01,1.000000000000000000e+00,8.000000000000000000e+00,-1.000000000000000000e+00,0.000000000000000000e+00,-3.000000000000000000e+00,-3.961791992187500000e-01,2.403564453125000000e-01,6.256713867187500000e-01,6.275024414062500000e-01
-3.000000000000000000e+00,-2.000000000000000000e+00,1.000000000000000000e+01,0.000000000000000000e+00,-9.000000000000000000e+00,-4.000000000000000000e+00,-4.000000000000000000e+00,-4.000000000000000000e+00,-3.961791992187500000e-01,2.403564453125000000e-01,6.256713867187500000e-01,6.275024414062500000e-01
0.000000000000000000e+00,0.000000000000000000e+00,1.000000000000000000e+01,3.300000000000000000e+01,3.400000000000000000e+01,1.100000000000000000e+01,2.000000000000000000e+00,-5.000000000000000000e+00,-3.961791992187500000e-01,2.403564453125000000e-01,6.256713867187500000e-01,6.275024414062500000e-01
1.000000000000000000e+00,3.000000000000000000e+00,-2.400000000000000000e+01,1.100000000000000000e+01,1.500000000000000000e+01,3.000000000000000000e+00,3.000000000000000000e+00,2.000000000000000000e+00,-3.961791992187500000e-01,2.403564453125000000e-01,6.256713867187500000e-01,6.275024414062500000e-01
-2.000000000000000000e+00,-1.200000000000000000e+01,-5.000000000000000000e+01,-4.000000000000000000e+01,-2.100000000000000000e+01,-4.000000000000000000e+00,0.000000000000000000e+00,2.000000000000000000e+00,-3.914794921875000000e-01,2.382202148437500000e-01,6.270141601562500000e-01,6.298828125000000000e-01
-3.000000000000000000e+00,-1.000000000000000000e+00,-4.000000000000000000e+00,2.200000000000000000e+01,-4.000000000000000000e+00,-7.000000000000000000e+00,-1.000000000000000000e+00,0.000000000000000000e+00,-3.914794921875000000e-01,2.382202148437500000e-01,6.270141601562500000e-01,6.298828125000000000e-01
-2.000000000000000000e+00,-4.000000000000000000e+00,-1.800000000000000000e+01,-1.500000000000000000e+01,-1.000000000000000000e+00,-4.000000000000000000e+00,-5.000000000000000000e+00,-5.000000000000000000e+00,-3.914794921875000000e-01,2.382202148437500000e-01,6.270141601562500000e-01,6.298828125000000000e-01
2.000000000000000000e+00,3.000000000000000000e+00,1.200000000000000000e+01,0.000000000000000000e+00,2.000000000000000000e+00,4.000000000000000000e+00,2.000000000000000000e+00,1.000000000000000000e+00,-3.914794921875000000e-01,2.382202148437500000e-01,6.270141601562500000e-01,6.298828125000000000e-01
-1.000000000000000000e+00,4.000000000000000000e+00,2.700000000000000000e+01,2.700000000000000000e+01,1.700000000000000000e+01,3.000000000000000000e+00,2.000000000000000000e+00,0.000000000000000000e+00,-3.872680664062500000e-01,2.333984375000000000e-01,6.281738281250000000e-01,6.331176757812500000e-01
1.000000000000000000e+00,-1.000000000000000000e+00,-1.400000000000000000e+01,-1.600000000000000000e+01,-2.000000000000000000e+01,-4.000000000000000000e+00,-5.000000000000000000e+00,-1.000000000000000000e+00,-3.872680664062500000e-01,2.333984375000000000e-01,6.281738281250000000e-01,6.331176757812500000e-01
-2.000000000000000000e+00,-1.000000000000000000e+00,-2.400000000000000000e+01,-3.000000000000000000e+01,-1.300000000000000000e+01,-4.000000000000000000e+00,0.000000000000000000e+00,0.000000000000000000e+00,-3.872680664062500000e-01,2.333984375000000000e-01,6.281738281250000000e-01,6.331176757812500000e-01
-1.000000000000000000e+00,-2.000000000000000000e+00,1.300000000000000000e+01,0.000000000000000000e+00,-1.200000000000000000e+01,-4.000000000000000000e+00,-2.000000000000000000e+00,0.000000000000000000e+00,-3.872680664062500000e-01,2.333984375000000000e-01,6.281738281250000000e-01,6.331176757812500000e-01
1.000000000000000000e+00,4.000000000000000000e+00,4.000000000000000000e+00,2.100000000000000000e+01,8.000000000000000000e+00,3.000000000000000000e+00,4.000000000000000000e+00,2.000000000000000000e+00,-3.840942382812500000e-01,2.270507812500000000e-01,6.284179687500000000e-01,6.371459960937500000e-01
-1.000000000000000000e+00,-2.000000000000000000e+00,2.200000000000000000e+01,-1.000000000000000000e+00,1.000000000000000000e+00,-3.000000000000000000e+00,-1.000000000000000000e+00,0.000000000000000000e+00,-3.840942382812500000e-01,2.270507812500000000e-01,6.284179687500000000e-01,6.371459960937500000e-01
-1.000000000000000000e+00,2.000000000000000000e+00,7.000000000000000000e+00,-1.700000000000000000e+01,-1.200000000000000000e+01,-2.000000000000000000e+00,-3.000000000000000000e+00,-4.000000000000000000e+00,-3.840942382812500000e-01,2.270507812500000000e-01,6.284179687500000000e-01,6.371459960937500000e-01
-4.000000000000000000e+00,-8.000000000000000000e+00,-4.000000000000000000e+01,-1.400000000000000000e+01,-2.200000000000000000e+01,-4.000000000000000000e+00,-2.000000000000000000e+00,-2.000000000000000000e+00,-3.840942382812500000e-01,2.270507812500000000e-01,6.284179687500000000e-01,6.371459960937500000e-01
2.000000000000000000e+00,3.000000000000000000e+00,1.000000000000000000e+01,5.000000000000000000e+00,2.000000000000000000e+00,-2.000000000000000000e+00,-3.000000000000000000e+00,-3.000000000000000000e+00,-3.818969726562500000e-01,2.207641601562500000e-01,6.269531250000000000e-01,6.420898437500000000e-01
0.000000000000000000e+00,0.000000000000000000e+00,1.000000000000000000e+00,4.000000000000000000e+00,1.000000000000000000e+01,5.000000000000000000e+00,1.000000000000000000e+00,0.000000000000000000e+00,-3.818969726562500000e-01,2.207641601562500000e-01,6.269531250000000000e-01,6.420898437500000000e-01
-1.000000000000000000e+00,-1.000000000000000000e+00,-6.000000000000000000e+00,-1.300000000000000000e+01,-9.000000000000000000e+00,-2.000000000000000000e+00,0.000000000000000000e+00,-1.000000000000000000e+00,-3.818969726562500000e-01,2.207641601562500000e-01,6.269531250000000000e-01,6.420898437500000000e-01
1.000000000000000000e+00,-3.000000000000000000e+00,8.000000000000000000e+00,-6.000000000000000000e+00,-4.000000000000000000e+00,-4.000000000000000000e+00,-3.000000000000000000e+00,-2.000000000000000000e+00,-3.818969726562500000e-01,2.207641601562500000e-01,6.269531250000000000e-01,6.420898437500000000e-01
-1.000000000000000000e+00,0.000000000000000000e+00,1.000000000000000000e+00,3.000000000000000000e+00,-1.200000000000000000e+01,-3.000000000000000000e+00,-4.000000000000000000e+00,-3.000000000000000000e+00,-3.789672851562500000e-01,2.168579101562500000e-01,6.245117187500000000e-01,6.475219726562500000e-01
1.000000000000000000e+00,1.000000000000000000e+00,0.000000000000000000e+00,-1.000000000000000000e+00,1.800000000000000000e+01,3.000000000000000000e+00,1.000000000000000000e+00,1.000000000000000000e+00,-3.789672851562500000e-01,2.168579101562500000e-01,6.245117187500000000e-01,6.475219726562500000e-01
-3.000000000000000000e+00,-3.000000000000000000e+00,-7.000000000000000000e+00,-2.000000000000000000e+01,-2.000000000000000000e+00,-3.000000000000000000e+00,-2.000000000000000000e+00,-1.000000000000000000e+00,-3.789672851562500000e-01,2.168579101562500000e-01,6.245117187500000000e-01,6.475219726562500000e-01
-1.000000000000000000e+00,-1.000000000000000000e+00,1.800000000000000000e+01,3.600000000000000000e+01,1.900000000000000000e+01,2.000000000000000000e+00,-1.000000000000000000e+00,0.000000000000000000e+00,-3.789672851562500000e-01,2.168579101562500000e-01,6.245117187500000000e-01,6.475219726562500000e-01
3.000000000000000000e+00,0.000000000000000000e+00,9.000000000000000000e+00,-2.000000000000000000e+00,1.000000000000000000e+00,-2.000000000000000000e+00,2.000000000000000000e+00,4.000000000000000000e+00,-3.752441406250000000e-01,2.159423828125000000e-01,6.220703125000000000e-01,6.522827148437500000e-01
0.000000000000000000e+00,-2.000000000000000000e+00,-5.000000000000000000e+00,-1.700000000000000000e+01,-6.000000000000000000e+00,-2.000000000000000000e+00,-3.000000000000000000e+00,-4.000000000000000000e+00,-3.752441406250000000e-01,2.159423828125000000e-01,6.220703125000000000e-01,6.522827148437500000e-01
-2.000000000000000000e+00,-3.000000000000000000e+00,-9.000000000000000000e+00,3.000000000000000000e+00,-5.000000000000000000e+00,-2.000000000000000000e+00,0.000000000000000000e+00,1.000000000000000000e+00,-3.752441406250000000e-01,2.159423828125000000e-01,6.220703125000000000e-01,6.522827148437500000e-01
-2.000000000000000000e+00,-3.000000000000000000e+00,1.600000000000000000e+01,-2.000000000000000000e+00,7.000000000000000000e+00,-1.000000000000000000e+00,0.000000000000000000e+00,-6.000000000000000000e+00,-3.752441406250000000e-01,2.159423828125000000e-01,6.220703125000000000e-01,6.522827148437500000e-01
-1.000000000000000000e+00,-2.000000000000000000e+00,0.000000000000000000e+00,-2.000000000000000000e+00,-1.400000000000000000e+01,-4.000000000000000000e+00,1.000000000000000000e+00,1.000000000000000000e+00,-3.729858398437500000e-01,2.159423828125000000e-01,6.207275390625000000e-01,6.548461914062500000e-01
-1.000000000000000000e+00,-2.000000000000000000e+00,-6.000000000000000000e+00,-9.000000000000000000e+00,4.000000000000000000e+00,3.000000000000000000e+00,2.000000000000000000e+00,1.000000000000000000e+00,-3.729858398437500000e-01,2.159423828125000000e-01,6.207275390625000000e-01,6.548461914062500000e-01
2.000000000000000000e+00,1.000000000000000000e+00,-1.000000000000000000e+00,1.800000000000000000e+01,6.000000000000000000e+00,0.000000000000000000e+00,1.000000000000000000e+00,0.000000000000000000e+00,-3.729858398437500000e-01,2.159423828125000000e-01,6.207275390625000000e-01,6.548461914062500000e-01
0.000000000000000000e+00,1.000000000000000000e+00,-5.000000000000000000e+00,-5.000000000000000000e+00,-2.000000000000000000e+00,-1.000000000000000000e+00,-2.000000000000000000e+00,0.000000000000000000e+00,-3.729858398437500000e-01,2.159423828125000000e-01,6.207275390625000000e-01,6.548461914062500000e-01
-4.000000000000000000e+00,-3.000000000000000000e+00,-7.000000000000000000e+00,1.200000000000000000e+01,2.000000000000000000e+00,-3.000000000000000000e+00,-5.000000000000000000e+00,-5.000000000000000000e+00,-3.733520507812500000e-01,2.159423828125000000e-01,6.203613281250000000e-01,6.549682617187500000e-01
0.000000000000000000e+00,2.000000000000000000e+00,8.000000000000000000e+00,-2.500000000000000000e+01,1.000000000000000000e+00,5.000000000000000000e+00,2.000000000000000000e+00,1.000000000000000000e+00,-3.733520507812500000e-01,2.159423828125000000e-01,6.203613281250000000e-01,6.549682617187500000e-01
-2.000000000000000000e+00,-5.000000000000000000e+00,-1.900000000000000000e+01,4.100000000000000000e+01,2.600000000000000000e+01,2.000000000000000000e+00,-2.000000000000000000e+00,-1.000000000000000000e+00,-3.733520507812500000e-01,2.159423828125000000e-01,6.203613281250000000e-01,6.549682617187500000e-01
-1.000000000000000000e+00,-3.000000000000000000e+00,8.000000000000000000e+00,-1.000000000000000000e+01,-6.000000000000000000e+00,-2.000000000000000000e+00,-3.000000000000000000e+00,-3.000000000000000000e+00,-3.733520507812500000e-01,2.159423828125000000e-01,6.203613281250000000e-01,6.549682617187500000e-01
3.000000000000000000e+00,3.000000000000000000e+00,4.000000000000000000e+00,-2.500000000000000000e+01,-1.500000000000000000e+01,-5.000000000000000000e+00,1.000000000000000000e+00,2.000000000000000000e+00,-3.755493164062500000e-01,2.168579101562500000e-01,6.204833984375000000e-01,6.533203125000000000e-01
-1.000000000000000000e+00,-5.000000000000000000e+00,-1.700000000000000000e+01,5.000000000000000000e+00,6.000000000000000000e+00,-2.000000000000000000e+00,-1.000000000000000000e+00,0.000000000000000000e+00,-3.755493164062500000e-01,2.168579101562500000e-01,6.204833984375000000e-01,6.533203125000000000e-01
1.000000000000000000e+00,2.000000000000000000e+00,1.400000000000000000e+01,-9.000000000000000000e+00,-1.200000000000000000e+01,-2.000000000000000000e+00,0.000000000000000000e+00,0.000000000000000000e+00,-3.755493164062500000e-01,2.168579101562500000e-01,6.204833984375000000e-01,6.533203125000000000e-01
0.000000000000000000e+00,-1.000000000000000000e+00,-1.000000000000000000e+00,0.000000000000000000e+00,5.000000000000000000e+00,2.000000000000000000e+00,0.000000000000000000e+00,-1.000000000000000000e+00,-3.755493164062500000e-01,2.168579101562500000e-01,6.204833984375000000e-01,6.533203125000000000e-01
-4.000000000000000000e+00,2.000000000000000000e+00,2.200000000000000000e+01,1.100000000000000000e+01,2.000000000000000000e+00,-2.000000000000000000e+00,-3.000000000000000000e+00,-6.000000000000000000e+00,-3.786010742187500000e-01,2.179565429687500000e-01,6.207275390625000000e-01,6.510009765625000000e-01
-2.000000000000000000e+00,-8.000000000000000000e+00,-5.500000000000000000e+01,-1.000000000000000000e+00,-8.000000000000000000e+00,-3.000000000000000000e+00,1.000000000000000000e+00,-1.000000000000000000e+00,-3.786010742187500000e-01,2.179565429687500000e-01,6.207275390625000000e-01,6.510009765625000000e-01
4.000000000000000000e+00,1.000000000000000000e+00,1.800000000000000000e+01,-2.000000000000000000e+01,-7.000000000000000000e+00,-1.000000000000000000e+00,4.000000000000000000e+00,5.000000000000000000e+00,-3.786010742187500000e-01,2.179565429687500000e-01,6.207275390625000000e-01,6.510009765625000000e-01
0.000000000000000000e+00,-1.000000000000000000e+00,-1.600000000000000000e+01,4.000000000000000000e+00,4.000000000000000000e+00,3.000000000000000000e+00,0.000000000000000000e+00,1.000000000000000000e+00,-3.786010742187500000e-01,2.179565429687500000e-01,6.207275390625000000e-01,6.510009765625000000e-01
-2.000000000000000000e+00,0.000000000000000000e+00,8.000000000000000000e+00,5.000000000000000000e+00,1.000000000000000000e+00,-1.000000000000000000e+00,-4.000000000000000000e+00,-3.000000000000000000e+00,-3.819580078125000000e-01,2.190551757812500000e-01,6.207885742187500000e-01,6.485595703125000000e-01
-1.000000000000000000e+00,0.000000000000000000e+00,1.400000000000000000e+01,-3.000000000000000000e+00,-2.000000000000000000e+00,-2.000000000000000000e+00,-2.000000000000000000e+00,1.000000000000000000e+00,-3.819580078125000000e-01,2.190551757812500000e-01,6.207885742187500000e-01,6.485595703125000000e-01
-1.000000000000000000e+00,1.000000000000000000e+00,-1.000000000000000000e+01,-2.300000000000000000e+01,-2.400000000000000000e+01,-9.000000000000000000e+00,-5.000000000000000000e+00,-2.000000000000000000e+00,-3.819580078125000000e-01,2.190551757812500000e-01,6.207885742187500000e-01,6.485595703125000000e-01
-1.000000000000000000e+00,0.000000000000000000e+00,1.700000000000000000e+01,4.400000000000000000e+01,3.300000000000000000e+01,9.000000000000000000e+00,3.000000000000000000e+00,1.000000000000000000e+00,-3.819580078125000000e-01,2.190551757812500000e-01,6.207885742187500000e-01,6.485595703125000000e-01
-2.000000000000000000e+00,-6.000000000000000000e+00,-4.500000000000000000e+01,-2.100000000000000000e+01,-6.000000000000000000e+00,-1.000000000000000000e+00,-2.000000000000000000e+00,-1.000000000000000000e+00,-3.845214843750000000e-01,2.207641601562500000e-01,6.204223632812500000e-01,6.468505859375000000e-01
-3.000000000000000000e+00,-1.000000000000000000e+00,2.800000000000000000e+01,1.800000000000000000e+01,0.000000000000000000e+00,-1.000000000000000000e+00,-1.000000000000000000e+00,-3.000000000000000000e+00,-3.845214843750000000e-01,2.207641601562500000e-01,6.204223632812500000e-01,6.468505859375000000e-01
-1.000000000000000000e+00,-3.000000000000000000e+00,-2.900000000000000000e+01,-1.700000000000000000e+01,-4.000000000000000000e+00,0.000000000000000000e+00,-2.000000000000000000e+00,0.000000000000000000e+00,-3.845214843750000000e-01,2.207641601562500000e-01,6.204223632812500000e-01,6.468505859375000000e-01
0.000000000000000000e+00,4.000000000000000000e+00,1.300000000000000000e+01,-9.000000000000000000e+00,-5.000000000000000000e+00,-5.000000000000000000e+00,-3.000000000000000000e+00,0.000000000000000000e+00,-3.845214843750000000e-01,2.207641601562500000e-01,6.204223632812500000e-01,6.468505859375000000e-01
2.000000000000000000e+00,0.000000000000000000e+00,8.000000000000000000e+00,1.000000000000000000e+00,-1.000000000000000000e+00,1.000000000000000000e+00,0.000000000000000000e+00,2.000000000000000000e+00,-3.866577148437500000e-01,2.226562500000000000e-01,6.197509765625000000e-01,6.456298828125000000e-01
-1.000000000000000000e+00,2.000000000000000000e+00,2.000000000000000000e+01,2.800000000000000000e+01,1.200000000000000000e+01,1.000000000000000000e+00,0.000000000000000000e+00,-1.000000000000000000e+00,-3.866577148437500000e-01,2.226562500000000000e-01,6.197509765625000000e-01,6.456298828125000000e-01
-2.000000000000000000e+00,-6.000000000000000000e+00,-2.200000000000000000e+01,-1.800000000000000000e+01,-1.000000000000000000e+01,-1.000000000000000000e+00,-4.000000000000000000e+00,-5.000000000000000000e+00,-3.866577148437500000e-01,2.226562500000000000e-01,6.197509765625000000e-01,6.456298828125000000e-01
-3.000000000000000000e+00,-3.000000000000000000e+00,-9.000000000000000000e+00,-1.100000000000000000e+01,-8.000000000000000000e+00,-3.000000000000000000e+00,2.000000000000000000e+00,0.000000000000000000e+00,-3.866577148437500000e-01,2.226562500000000000e-01,6.197509765625000000e-01,6.456298828125000000e-01
1.000000000000000000e+00,0.000000000000000000e+00,-2.000000000000000000e+00,2.000000000000000000e+00,0.000000000000000000e+00,-2.000000000000000000e+00,-2.000000000000000000e+00,2.000000000000000000e+00,-3.883056640625000000e-01,2.240600585937500000e-01,6.193847656250000000e-01,6.444702148437500000e-01
0.000000000000000000e+00,1.000000000000000000e+00,2.000000000000000000e+00,-5.000000000000000000e+00,-9.000000000000000000e+00,-5.000000000000000000e+00,1.000000000000000000e+00,-2.000000000000000000e+00,-3.883056640625000000e-01,2.240600585937500000e-01,6.193847656250000000e-01,6.444702148437500000e-01
-5.000000000000000000e+00,-1.000000000000000000e+00,2.000000000000000000e+01,-2.400000000000000000e+01,-1.300000000000000000e+01,-4.000000000000000000e+00,-4.000000000000000000e+00,-3.000000000000000000e+00,-3.883056640625000000e-01,2.240600585937500000e-01,6.193847656250000000e-01,6.444702148437500000e-01
0.000000000000000000e+00,3.000000000000000000e+00,1.000000000000000000e+00,3.200000000000000000e+01,1.000000000000000000e+01,3.000000000000000000e+00,1.000000000000000000e+00,-2.000000000000000000e+00,-3.883056640625000000e-01,2.240600585937500000e-01,6.193847656250000000e-01,6.444702148437500000e-01
-2.000000000000000000e+00,-5.000000000000000000e+00,-2.100000000000000000e+01,-7.000000000000000000e+00,1.200000000000000000e+01,4.000000000000000000e+00,-2.000000000000000000e+00,-4.000000000000000000e+00,-3.902587890625000000e-01,2.237548828125000000e-01,6.195068359375000000e-01,6.432495117187500000e-01
4.000000000000000000e+00,2.000000000000000000e+00,1.000000000000000000e+00,2.000000000000000000e+00,0.000000000000000000e+00,-1.000000000000000000e+00,3.000000000000000000e+00,4.000000000000000000e+00,-3.902587890625000000e-01,2.237548828125000000e-01,6.195068359375000000e-01,6.432495117187500000e-01
0.000000000000000000e+00,2.000000000000000000e+00,1.300000000000000000e+01,7.000000000000000000e+00,2.000000000000000000e+00,1.000000000000000000e+00,-1.000000000000000000e+00,-2.000000000000000000e+00,-3.902587890625000000e-01,2.237548828125000000e-01,6.195068359375000000e-01,6.432495117187500000e-01
-2.000000000000000000e+00,-2.000000000000000000e+00,-2.400000000000000000e+01,-1.700000000000000000e+01,-1.600000000000000000e+01,-6.000000000000000000e+00,-7.000000000000000000e+00,-5.000000000000000000e+00,-3.902587890625000000e-01,2.237548828125000000e-01,6.195068359375000000e-01,6.432495117187500000e-01
-4.000000000000000000e+00,-2.000000000000000000e+00,2.000000000000000000e+00,5.000000000000000000e+00,8.000000000000000000e+00,0.000000000000000000e+00,2.000000000000000000e+00,-2.000000000000000000e+00,-3.917846679687500000e-01,2.228393554687500000e-01,6.196289062500000000e-01,6.425170898437500000e-01
2.000000000000000000e+00,2.000000000000000000e+00,1.600000000000000000e+01,-6.000000000000000000e+00,-9.000000000000000000e+00,-4.000000000000000000e+00,2.000000000000000000e+00,3.000000000000000000e+00,-3.917846679687500000e-01,2.228393554687500000e-01,6.196289062500000000e-01,6.425170898437500000e-01
-1.000000000000000000e+00,-3.000000000000000000e+00,-3.200000000000000000e+01,0.000000000000000000e+00,8.000000000000000000e+00,2.000000000000000000e+00,2.000000000000000000e+00,1.000000000000000000e+00,-3.917846679687500000e-01,2.228393554687500000e-01,6.196289062500000000e-01,6.425170898437500000e-01
1.000000000000000000e+00,1.000000000000000000e+00,4.000000000000000000e+00,-1.200000000000000000e+01,-1.700000000000000000e+01,-5.000000000000000000e+00,-1.000000000000000000e+00,0.000000000000000000e+00,-3.917846679687500000e-01,2.228393554687500000e-01,6.196289062500000000e-01,6.425170898437500000e-01
1.000000000000000000e+00,3.000000000000000000e+00,3.200000000000000000e+01,2.800000000000000000e+01,1.000000000000000000e+01,3.000000000000000000e+00,2.000000000000000000e+00,-2.000000000000000000e+00,-3.924560546875000000e-01,2.221069335937500000e-01,6.196899414062500000e-01,6.422729492187500000e-01
-1.000000000000000000e+00,-3.000000000000000000e+00,-3.600000000000000000e+01,-2.000000000000000000e+01,-1.100000000000000000e+01,-4.000000000000000000e+00,-5.000000000000000000e+00,-4.000000000000000000e+00,-3.924560546875000000e-01,2.221069335937500000e-01,6.196899414062500000e-01,6.422729492187500000e-01
-5.000000000000000000e+00,-8.000000000000000000e+00,-1.300000000000000000e+01,-1.600000000000000000e+01,-1.400000000000000000e+01,-6.000000000000000000e+00,-3.000000000000000000e+00,-2.000000000000000000e+00,-3.924560546875000000e-01,2.221069335937500000e-01,6.196899414062500000e-01,6.422729492187500000e-01
1.000000000000000000e+00,1.000000000000000000e+00,1.100000000000000000e+01,4.300000000000000000e+01,3.300000000000000000e+01,6.000000000000000000e+00,1.000000000000000000e+00,0.000000000000000000e+00,-3.924560546875000000e-01,2.221069335937500000e-01,6.196899414062500000e-01,6.422729492187500000e-01
-3.000000000000000000e+00,1.000000000000000000e+00,3.000000000000000000e+00,-1.100000000000000000e+01,-1.800000000000000000e+01,-5.000000000000000000e+00,-4.000000000000000000e+00,-3.000000000000000000e+00,-3.925170898437500000e-01,2.214355468750000000e-01,6.198120117187500000e-01,6.423950195312500000e-01
0.000000000000000000e+00,2.000000000000000000e+00,2.800000000000000000e+01,-2.000000000000000000e+00,1.900000000000000000e+01,3.000000000000000000e+00,-2.000000000000000000e+00,0.000000000000000000e+00,-3.925170898437500000e-01,2.214355468750000000e-01,6.198120117187500000e-01,6.423950195312500000e-01
-1.000000000000000000e+00,-2.000000000000000000e+00,0.000000000000000000e+00,-5.000000000000000000e+00,-1.500000000000000000e+01,-6.000000000000000000e+00,-3.000000000000000000e+00,-3.000000000000000000e+00,-3.925170898437500000e-01,2.214355468750000000e-01,6.198120117187500000e-01,6.423950195312500000e-01
-1.000000000000000000e+00,-3.000000000000000000e+00,-1.200000000000000000e+01,-2.400000000000000000e+01,-1.200000000000000000e+01,-3.000000000000000000e+00,-7.000000000000000000e+00,-6.000000000000000000e+00,-3.925170898437500000e-01,2.214355468750000000e-01,6.198120117187500000e-01,6.423950195312500000e-01
-1.000000000000000000e+00,-1.000000000000000000e+00,9.000000000000000000e+00,1.000000000000000000e+01,1.000000000000000000e+00,-1.000000000000000000e+00,0.000000000000000000e+00,-2.000000000000000000e+00,-3.924560546875000000e-01,2.204589843750000000e-01,6.196899414062500000e-01,6.428833007812500000e-01
0.000000000000000000e+00,-3.000000000000000000e+00,-1.500000000000000000e+01,-2.000000000000000000e+01,-1.900000000000000000e+01,-5.000000000000000000e+00,4.000000000000000000e+00,4.000000000000000000e+00,-3.924560546875000000e-01,2.204589843750000000e-01,6.196899414062500000e-01,6.428833007812500000e-01
3.000000000000000000e+00,4.000000000000000000e+00,7.000000000000000000e+00,2.700000000000000000e+01,1.500000000000000000e+01,4.000000000000000000e+00,3.000000000000000000e+00,0.000000000000000000e+00,-3.924560546875000000e-01,2.204589843750000000e-01,6.196899414062500000e-01,6.428833007812500000e-01
1.000000000000000000e+00,1.000000000000000000e+00,4.000000000000000000e+00,-2.600000000000000000e+01,-1.300000000000000000e+01,-2.000000000000000000e+00,2.000000000000000000e+00,1.000000000000000000e+00,-3.924560546875000000e-01,2.204589843750000000e-01,6.196899414062500000e-01,6.428833007812500000e-01
0.000000000000000000e+00,2.000000000000000000e+00,1.400000000000000000e+01,1.900000000000000000e+01,5.000000000000000000e+00,-1.000000000000000000e+00,-4.000000000000000000e+00,-2.000000000000000000e+00,-3.924560546875000000e-01,2.190551757812500000e-01,6.195678710937500000e-01,6.434936523437500000e-01
-2.000000000000000000e+00,2.000000000000000000e+00,-1.800000000000000000e+01,4.000000000000000000e+00,-6.000000000000000000e+00,-3.000000000000000000e+00,-3.000000000000000000e+00,-4.000000000000000000e+00,-3.924560546875000000e-01,2.190551757812500000e-01,6.195678710937500000e-01,6.434936523437500000e-01
-5.000000000000000000e+00,-6.000000000000000000e+00,1.000000000000000000e+01,2.000000000000000000e+00,-2.000000000000000000e+00,-1.000000000000000000e+00,0.000000000000000000e+00,-1.000000000000000000e+00,-3.924560546875000000e-01,2.190551757812500000e-01,6.195678710937500000e-01,6.434936523437500000e-01
2.000000000000000000e+00,2.000000000000000000e+00,-9.000000000000000000e+00,-2.700000000000000000e+01,-1.600000000000000000e+01,-5.000000000000000000e+00,-2.000000000000000000e+00,1.000000000000000000e+00,-3.924560546875000000e-01,2.190551757812500000e-01,6.195678710937500000e-01,6.434936523437500000e-01
0.000000000000000000e+00,1.000000000000000000e+00,1.400000000000000000e+01,3.000000000000000000e+00,-2.000000000000000000e+00,-3.000000000000000000e+00,1.000000000000000000e+00,3.000000000000000000e+00,-3.927001953125000000e-01,2.177734375000000000e-01,6.194458007812500000e-01,6.438598632812500000e-01
-3.000000000000000000e+00,-5.000000000000000000e+00,-2.200000000000000000e+01,2.500000000000000000e+01,2.000000000000000000e+01,7.000000000000000000e+00,1.000000000000000000e+00,-5.000000000000000000e+00,-3.927001953125000000e-01,2.177734375000000000e-01,6.194458007812500000e-01,6.438598632812500000e-01
3.000000000000000000e+00,6.000000000000000000e+00,2.300000000000000000e+01,2.000000000000000000e+00,1.300000000000000000e+01,3.000000000000000000e+00,2.000000000000000000e+00,1.000000000000000000e+00,-3.927001953125000000e-01,2.177734375000000000e-01,6.194458007812500000e-01,6.438598632812500000e-01
-4.000000000000000000e+00,-8.000000000000000000e+00,-3.100000000000000000e+01,-1.800000000000000000e+01,-1.500000000000000000e+01,0.000000000000000000e+00,-2.000000000000000000e+00,-2.000000000000000000e+00,-3.927001953125000000e-01,2.177734375000000000e-01,6.194458007812500000e-01,6.438598632812500000e-01
0.000000000000000000e+00,-2.000000000000000000e+00,0.000000000000000000e+00,-3.100000000000000000e+01,-1.600000000000000000e+01,-6.000000000000000000e+00,-4.000000000000000000e+00,-3.000000000000000000e+00,-3.928833007812500000e-01,2.170410156250000000e-01,6.195678710937500000e-01,6.439208984375000000e-01
0.000000000000000000e+00,-2.000000000000000000e+00,4.000000000000000000e+00,6.000000000000000000e+00,-4.000000000000000000e+00,-2.000000000000000000e+00,-1.000000000000000000e+00,0.000000000000000000e+00,-3.928833007812500000e-01,2.170410156250000000e-01,6.195678710937500000e-01,6.439208984375000000e-01
2.000000000000000000e+00,1.000000000000000000e+00,0.000000000000000000e+00,1.300000000000000000e+01,-8.000000000000000000e+00,-2.000000000000000000e+00,-1.000000000000000000e+00,1.000000000000000000e+00,-3.928833007812500000e-01,2.170410156250000000e-01,6.195678710937500000e-01,6.439208984375000000e-01
-2.000000000000000000e+00,0.000000000000000000e+00,1.000000000000000000e+01,-4.000000000000000000e+00,8.000000000000000000e+00,-2.000000000000000000e+00,0.000000000000000000e+00,-1.000000000000000000e+00,-3.928833007812500000e-01,2.170410156250000000e-01,6.195678710937500000e-01,6.439208984375000000e-01
-2.000000000000000000e+00,-3.000000000000000000e+00,-1.200000000000000000e+01,2.000000000000000000e+00,4.000000000000000000e+00,0.000000000000000000e+00,-1.000000000000000000e+00,-2.000000000000000000e+00,-3.928833007812500000e-01,2.165527343750000000e-01,6.201171875000000000e-01,6.434936523437500000e-01
-1.000000000000000000e+00,-3.000000000000000000e+00,2.000000000000000000e+00,-2.000000000000000000e+00,-4.000000000000000000e+00,1.000000000000000000e+00,-3.000000000000000000e+00,-4.000000000000000000e+00,-3.928833007812500000e-01,2.165527343750000000e-01,6.201171875000000000e-01,6.434936523437500000e-01
1.000000000000000000e+00,4.000000000000000000e+00,5.000000000000000000e+00,4.000000000000000000e+00,-3.000000000000000000e+00,-2.000000000000000000e+00,1.000000000000000000e+00,-2.000000000000000000e+00,-3.928833007812500000e-01,2.165527343750000000e-01,6.201171875000000000e-01,6.434936523437500000e-01
2.000000000000000000e+00,1.000000000000000000e+00,1.400000000000000000e+01,-1.000000000000000000e+00,2.000000000000000000e+00,0.000000000000000000e+00,1.000000000000000000e+00,4.000000000000000000e+00,-3.928833007812500000e-01,2.165527343750000000e-01,6.201171875000000000e-01,6.434936523437500000e-01
-2.000000000000000000e+00,-5.000000000000000000e+00,-2.800000000000000000e+01,-8.000000000000000000e+00,-5.000000000000000000e+00,-1.000000000000000000e+00,0.000000000000000000e+00,1.000000000000000000e+00,-3.928222656250000000e-01,2.164916992187500000e-01,6.206054687500000000e-01,6.430664062500000000e-01
-2.000000000000000000e+00,-2.000000000000000000e+00,7.000000000000000000e+00,-1.500000000000000000e+01,-1.300000000000000000e+01,-3.000000000000000000e+00,-4.000000000000000000e+00,-4.000000000000000000e+00,-3.928222656250000000e-01,2.164916992187500000e-01,6.206054687500000000e-01,6.430664062500000000e-01
-1.000000000000000000e+00,-2.000000000000000000e+00,-1.000000000000000000e+01,1.500000000000000000e+01,1.000000000000000000e+00,-4.000000000000000000e+00,-5.000000000000000000e+00,-2.000000000000000000e+00,-3.928222656250000000e-01,2.164916992187500000e-01,6.206054687500000000e-01,6.430664062500000000e-01
0.000000000000000000e+00,-1.000000000000000000e+00,1.400000000000000000e+01,2.400000000000000000e+01,4.600000000000000000e+01,1.100000000000000000e+01,0.000000000000000000e+00,0.000000000000000000e+00,-3.928222656250000000e-01,2.164916992187500000e-01,6.206054687500000000e-01,6.430664062500000000e-01
-1.000000000000000000e+00,0.000000000000000000e+00,0.000000000000000000e+00,-1.000000000000000000e+01,-5.000000000000000000e+00,0.000000000000000000e+00,2.000000000000000000e+00,0.000000000000000000e+00,-3.915405273437500000e-01,2.182006835937500000e-01,6.210327148437500000e-01,6.428833007812500000e-01
0.000000000000000000e+00,-3.000000000000000000e+00,-6.000000000000000000e+00,1.200000000000000000e+01,1.000000000000000000e+00,-3.000000000000000000e+00,-1.000000000000000000e+00,2.000000000000000000e+00,-3.915405273437500000e-01,2.182006835937500000e-01,6.210327148437500000e-01,6.428833007812500000e-01
-3.000000000000000000e+00,-3.000000000000000000e+00,-1.500000000000000000e+01,-1.900000000000000000e+01,-1.200000000000000000e+01,-2.000000000000000000e+00,-1.000000000000000000e+00,1.000000000000000000e+00,-3.915405273437500000e-01,2.182006835937500000e-01,6.210327148437500000e-01,6.428833007812500000e-01
-2.000000000000000000e+00,-3.000000000000000000e+00,-2.000000000000000000e+00,1.000000000000000000e+00,-1.200000000000000000e+01,-7.000000000000000000e+00,-2.000000000000000000e+00,-1.000000000000000000e+00,-3.915405273437500000e-01,2.182006835937500000e-01,6.210327148437500000e-01,6.428833007812500000e-01
2.000000000000000000e+00,0.000000000000000000e+00,1.000000000000000000e+00,1.100000000000000000e+01,1.200000000000000000e+01,0.000000000000000000e+00,-2.000000000000000000e+00,-1.000000000000000000e+00,-3.881835937500000000e-01,2.221679687500000000e-01,6.223144531250000000e-01,6.423950195312500000e-01
-1.000000000000000000e+00,2.000000000000000000e+00,5.000000000000000000e+00,-9.000000000000000000e+00,-1.000000000000000000e+00,-1.000000000000000000e+00,0.000000000000000000e+00,-3.000000000000000000e+00,-3.881835937500000000e-01,2.221679687500000000e-01,6.223144531250000000e-01,6.423950195312500000e-01
-1.000000000000000000e+00,2.000000000000000000e+00,1.200000000000000000e+01,0.000000000000000000e+00,2.000000000000000000e+00,0.000000000000000000e+00,-3.000000000000000000e+00,-1.000000000000000000e+00,-3.881835937500000000e-01,2.221679687500000000e-01,6.223144531250000000e-01,6.423950195312500000e-01
-4.000000000000000000e+00,-6.000000000000000000e+00,-1.200000000000000000e+01,1.000000000000000000e+01,-3.000000000000000000e+00,0.000000000000000000e+00,-1.000000000000000000e+00,-2.000000000000000000e+00,-3.881835937500000000e-01,2.221679687500000000e-01,6.223144531250000000e-01,6.423950195312500000e-01
-2.000000000000000000e+00,0.000000000000000000e+00,2.000000000000000000e+00,-1.100000000000000000e+01,-8.000000000000000000e+00,-4.000000000000000000e+00,-1.000000000000000000e+00,0.000000000000000000e+00,-3.836059570312500000e-01,2.268676757812500000e-01,6.257324218750000000e-01,6.401367187500000000e-01
-2.000000000000000000e+00,-3.000000000000000000e+00,-1.000000000000000000e+00,-1.000000000000000000e+01,-1.100000000000000000e+01,-2.000000000000000000e+00,-4.000000000000000000e+00,-3.000000000000000000e+00,-3.836059570312500000e-01,2.268676757812500000e-01,6.257324218750000000e-01,6.401367187500000000e-01
0.000000000000000000e+00,6.000000000000000000e+00,2.300000000000000000e+01,1.100000000000000000e+01,4.000000000000000000e+00,-1.000000000000000000e+00,-2.000000000000000000e+00,-1.000000000000000000e+00,-3.836059570312500000e-01,2.268676757812500000e-01,6.257324218750000000e-01,6.401367187500000000e-01
-3.000000000000000000e+00,-4.000000000000000000e+00,-4.000000000000000000e+01,-1.100000000000000000e+01,-6.000000000000000000e+00,0.000000000000000000e+00,0.000000000000000000e+00,0.000000000000000000e+00,-3.836059570312500000e-01,2.268676757812500000e-01,6.257324218750000000e-01,6.401367187500000000e-01
-1.000000000000000000e+00,-6.000000000000000000e+00,-3.800000000000000000e+01,-2.000000000000000000e+01,1.400000000000000000e+01,1.100000000000000000e+01,4.000000000000000000e+00,2.000000000000000000e+00,-3.790283203125000000e-01,2.290039062500000000e-01,6.315307617187500000e-01,6.364135742187500000e-01
-2.000000000000000000e+00,-2.000000000000000000e+00,3.000000000000000000e+00,-2.600000000000000000e+01,-1.300000000000000000e+01,-5.000000000000000000e+00,-1.000000000000000000e+00,-1.000000000000000000e+00,-3.790283203125000000e-01,2.290039062500000000e-01,6.315307617187500000e-01,6.364135742187500000e-01
2.000000000000000000e+00,0.000000000000000000e+00,-1.000000000000000000e+00,2.100000000000000000e+01,1.000000000000000000e+01,6.000000000000000000e+00,-1.000000000000000000e+00,-2.000000000000000000e+00,-3.733520507812500000e-01,2.298583984375000000e-01,6.376342773437500000e-01,6.333618164062500000e-01
-2.000000000000000000e+00,1.000000000000000000e+00,2.400000000000000000e+01,1.000000000000000000e+00,-9.000000000000000000e+00,-6.000000000000000000e+00,2.000000000000000000e+00,1.000000000000000000e+00,-3.733520507812500000e-01,2.298583984375000000e-01,6.376342773437500000e-01,6.333618164062500000e-01
-1.000000000000000000e+00,-1.000000000000000000e+00,1.200000000000000000e+01,-4.000000000000000000e+00,-1.400000000000000000e+01,-5.000000000000000000e+00,-2.000000000000000000e+00,0.000000000000000000e+00,-3.733520507812500000e-01,2.298583984375000000e-01,6.376342773437500000e-01,6.333618164062500000e-01
-1.000000000000000000e+00,1.000000000000000000e+00,-6.000000000000000000e+00,9.000000000000000000e+00,-5.000000000000000000e+00,-4.000000000000000000e+00,-4.000000000000000000e+00,-3.000000000000000000e+00,-3.733520507812500000e-01,2.298583984375000000e-01,6.376342773437500000e-01,6.333618164062500000e-01
-3.000000000000000000e+00,-5.000000000000000000e+00,-2.000000000000000000e+00,-5.000000000000000000e+00,3.000000000000000000e+00,1.000000000000000000e+00,0.000000000000000000e+00,-3.000000000000000000e+00,-3.665161132812500000e-01,2.310791015625000000e-01,6.427612304687500000e-01,6.317138671875000000e-01
0.000000000000000000e+00,5.000000000000000000e+00,1.000000000000000000e+01,0.000000000000000000e+00,-3.000000000000000000e+00,-1.000000000000000000e+00,0.000000000000000000e+00,-1.000000000000000000e+00,-3.665161132812500000e-01,2.310791015625000000e-01,6.427612304687500000e-01,6.317138671875000000e-01
0.000000000000000000e+00,-4.000000000000000000e+00,-2.100000000000000000e+01,-2.000000000000000000e+00,-8.000000000000000000e+00,-4.000000000000000000e+00,1.000000000000000000e+00,-1.000000000000000000e+00,-3.665161132812500000e-01,2.310791015625000000e-01,6.427612304687500000e-01,6.317138671875000000e-01
-2.000000000000000000e+00,1.000000000000000000e+00,5.000000000000000000e+00,5.000000000000000000e+00,1.500000000000000000e+01,-2.000000000000000000e+00,-7.000000000000000000e+00,-4.000000000000000000e+00,-3.665161132812500000e-01,2.310791015625000000e-01,6.427612304687500000e-01,6.317138671875000000e-01
3.000000000000000000e+00,7.000000000000000000e+00,1.000000000000000000e+01,8.000000000000000000e+00,0.000000000000000000e+00,-4.000000000000000000e+00,0.000000000000000000e+00,3.000000000000000000e+00,-3.606567382812500000e-01,2.322387695312500000e-01,6.467895507812500000e-01,6.305541992187500000e-01
-1.000000000000000000e+00,-5.000000000000000000e+00,-6.000000000000000000e+00,3.000000000000000000e+00,9.000000000000000000e+00,6.000000000000000000e+00,3.000000000000000000e+00,2.000000000000000000e+00,-3.606567382812500000e-01,2.322387695312500000e-01,6.467895507812500000e-01,6.305541992187500000e-01
-4.000000000000000000e+00,-2.000000000000000000e+00,8.000000000000000000e+00,6.000000000000000000e+00,-3.000000000000000000e+00,-4.000000000000000000e+00,-3.000000000000000000e+00,-4.000000000000000000e+00,-3.606567382812500000e-01,2.322387695312500000e-01,6.467895507812500000e-01,6.305541992187500000e-01
-1.000000000000000000e+00,-5.000000000000000000e+00,-8.000000000000000000e+00,4.000000000000000000e+00,-1.000000000000000000e+00,2.000000000000000000e+00,3.000000000000000000e+00,2.000000000000000000e+00,-3.606567382812500000e-01,2.322387695312500000e-01,6.467895507812500000e-01,6.305541992187500000e-01
-1.000000000000000000e+00,-1.000000000000000000e+00,1.000000000000000000e+00,-7.000000000000000000e+00,-3.000000000000000000e+00,-2.000000000000000000e+00,-1.000000000000000000e+00,-1.000000000000000000e+00,-3.565063476562500000e-01,2.327880859375000000e-01,6.501464843750000000e-01,6.292724609375000000e-01
3.000000000000000000e+00,3.000000000000000000e+00,5.000000000000000000e+00,4.000000000000000000e+00,1.200000000000000000e+01,-1.000000000000000000e+00,-3.000000000000000000e+00,0.000000000000000000e+00,-3.565063476562500000e-01,2.327880859375000000e-01,6.501464843750000000e-01,6.292724609375000000e-01
-1.000000000000000000e+00,3.000000000000000000e+00,-2.000000000000000000e+00,-3.000000000000000000e+00,-7.000000000000000000e+00,-3.000000000000000000e+00,-3.000000000000000000e+00,0.000000000000000000e+00,-3.565063476562500000e-01,2.327880859375000000e-01,6.501464843750000000e-01,6.292724609375000000e-01
-3.000000000000000000e+00,-3.000000000000000000e+00,-1.400000000000000000e+01,0.000000000000000000e+00,-4.000000000000000000e+00,-4.000000000000000000e+00,1.000000000000000000e+00,-2.000000000000000000e+00,-3.565063476562500000e-01,2.327880859375000000e-01,6.501464843750000000e-01,6.292724609375000000e-01
-4.000000000000000000e+00,-5.000000000000000000e+00,6.000000000000000000e+00,3.000000000000000000e+00,3.000000000000000000e+00,-2.000000000000000000e+00,-7.000000000000000000e+00,-4.000000000000000000e+00,-3.544921875000000000e-01,2.313842773437500000e-01,6.535034179687500000e-01,6.274414062500000000e-01
3.000000000000000000e+00,5.000000000000000000e+00,6.000000000000000000e+00,-7.000000000000000000e+00,-1.300000000000000000e+01,-4.000000000000000000e+00,4.000000000000000000e+00,3.000000000000000000e+00,-3.544921875000000000e-01,2.313842773437500000e-01,6.535034179687500000e-01,6.274414062500000000e-01
1.000000000000000000e+00,-7.000000000000000000e+00,-3.300000000000000000e+01,-2.000000000000000000e+00,-7.000000000000000000e+00,-1.000000000000000000e+00,-2.000000000000000000e+00,2.000000000000000000e+00,-3.544921875000000000e-01,2.313842773437500000e-01,6.535034179687500000e-01,6.274414062500000000e-01
2.000000000000000000e+00,1.000000000000000000e+00,-4.000000000000000000e+00,2.100000000000000000e+01,1.300000000000000000e+01,3.000000000000000000e+00,-1.000000000000000000e+00,1.000000000000000000e+00,-3.544921875000000000e-01,2.313842773437500000e-01,6.535034179687500000e-01,6.274414062500000000e-01
-3.000000000000000000e+00,-3.000000000000000000e+00,-1.600000000000000000e+01,-1.700000000000000000e+01,0.000000000000000000e+00,0.000000000000000000e+00,-2.000000000000000000e+00,-5.000000000000000000e+00,-3.556518554687500000e-01,2.271118164062500000e-01,6.567993164062500000e-01,6.248779296875000000e-01
-1.000000000000000000e+00,0.000000000000000000e+00,1.900000000000000000e+01,-3.000000000000000000e+00,-8.000000000000000000e+00,-3.000000000000000000e+00,-2.000000000000000000e+00,-1.000000000000000000e+00,-3.556518554687500000e-01,2.271118164062500000e-01,6.567993164062500000e-01,6.248779296875000000e-01
-4.000000000000000000e+00,-4.000000000000000000e+00,8.000000000000000000e+00,1.300000000000000000e+01,8.000000000000000000e+00,1.000000000000000000e+00,-2.000000000000000000e+00,-4.000000000000000000e+00,-3.556518554687500000e-01,2.271118164062500000e-01,6.567993164062500000e-01,6.248779296875000000e-01
3.000000000000000000e+00,3.000000000000000000e+00,5.000000000000000000e+00,2.000000000000000000e+00,6.000000000000000000e+00,4.000000000000000000e+00,4.000000000000000000e+00,5.000000000000000000e+00,-3.556518554687500000e-01,2.271118164062500000e-01,6.567993164062500000e-01,6.248779296875000000e-01
-7.000000000000000000e+00,-1.100000000000000000e+01,-2.000000000000000000e+01,-1.500000000000000000e+01,-1.000000000000000000e+01,-2.000000000000000000e+00,0.000000000000000000e+00,-3.000000000000000000e+00,-3.602294921875000000e-01,2.208251953125000000e-01,6.589965820312500000e-01,6.221923828125000000e-01
-3.000000000000000000e+00,-5.000000000000000000e+00,-1.100000000000000000e+01,-2.700000000000000000e+01,-1.900000000000000000e+01,-6.000000000000000000e+00,-1.200000000000000000e+01,-1.100000000000000000e+01,-3.602294921875000000e-01,2.208251953125000000e-01,6.589965820312500000e-01,6.221923828125000000e-01
5.000000000000000000e+00,7.000000000000000000e+00,3.200000000000000000e+01,1.800000000000000000e+01,1.800000000000000000e+01,0.000000000000000000e+00,4.000000000000000000e+00,3.000000000000000000e+00,-3.602294921875000000e-01,2.208251953125000000e-01,6.589965820312500000e-01,6.221923828125000000e-01
0.000000000000000000e+00,-4.000000000000000000e+00,-2.000000000000000000e+01,7.000000000000000000e+00,-1.000000000000000000e+00,3.000000000000000000e+00,5.000000000000000000e+00,2.000000000000000000e+00,-3.602294921875000000e-01,2.208251953125000000e-01,6.589965820312500000e-01,6.221923828125000000e-01
2.000000000000000000e+00,2.000000000000000000e+00,1.700000000000000000e+01,1.100000000000000000e+01,1.600000000000000000e+01,0.000000000000000000e+00,-1.000000000000000000e+00,1.000000000000000000e+00,-3.656005859375000000e-01,2.158203125000000000e-01,6.594848632812500000e-01,6.203613281250000000e-01
-1.000000000000000000e+00,1.000000000000000000e+00,-7.000000000000000000e+00,8.000000000000000000e+00,-1.400000000000000000e+01,-3.000000000000000000e+00,0.000000000000000000e+00,-2.000000000000000000e+00,-3.656005859375000000e-01,2.158203125000000000e-01,6.594848632812500000e-01,6.203613281250000000e-01
-1.000000000000000000e+00,1.000000000000000000e+00,3.000000000000000000e+00,-1.900000000000000000e+01,7.000000000000000000e+00,2.000000000000000000e+00,-1.000000000000000000e+00,1.000000000000000000e+00,-3.656005859375000000e-01,2.158203125000000000e-01,6.594848632812500000e-01,6.203613281250000000e-01
-5.000000000000000000e+00,-5.000000000000000000e+00,-1.400000000000000000e+01,-2.000000000000000000e+01,-2.400000000000000000e+01,-8.000000000000000000e+00,-5.000000000000000000e+00,-5.000000000000000000e+00,-3.656005859375000000e-01,2.158203125000000000e-01,6.594848632812500000e-01,6.203613281250000000e-01
3.000000000000000000e+00,3.000000000000000000e+00,2.000000000000000000e+00,2.900000000000000000e+01,2.800000000000000000e+01,1.000000000000000000e+01,5.000000000000000000e+00,0.000000000000000000e+00,-3.697509765625000000e-01,2.124633789062500000e-01,6.589965820312500000e-01,6.195068359375000000e-01
-4.000000000000000000e+00,-7.000000000000000000e+00,4.000000000000000000e+00,-4.000000000000000000e+00,-5.000000000000000000e+00,-6.000000000000000000e+00,-3.000000000000000000e+00,0.000000000000000000e+00,-3.697509765625000000e-01,2.124633789062500000e-01,6.589965820312500000e-01,6.195068359375000000e-01
-2.000000000000000000e+00,-1.000000000000000000e+00,3.000000000000000000e+00,1.500000000000000000e+01,-4.000000000000000000e+00,-1.000000000000000000e+00,-5.000000000000000000e+00,-5.000000000000000000e+00,-3.697509765625000000e-01,2.124633789062500000e-01,6.589965820312500000e-01,6.195068359375000000e-01
0.000000000000000000e+00,0.000000000000000000e+00,-1.000000000000000000e+00,-4.900000000000000000e+01,-1.700000000000000000e+01,-3.000000000000000000e+00,-3.000000000000000000e+00,-2.000000000000000000e+00,-3.697509765625000000e-01,2.124633789062500000e-01,6.589965820312500000e-01,6.195068359375000000e-01
0.000000000000000000e+00,1.000000000000000000e+00,1.200000000000000000e+01,1.900000000000000000e+01,-3.000000000000000000e+00,0.000000000000000000e+00,-1.000000000000000000e+00,1.000000000000000000e+00,-3.721313476562500000e-01,2.102050781250000000e-01,6.584472656250000000e-01,6.194458007812500000e-01
-1.000000000000000000e+00,-4.000000000000000000e+00,-2.800000000000000000e+01,-5.000000000000000000e+00,7.000000000000000000e+00,4.000000000000000000e+00,5.000000000000000000e+00,3.000000000000000000e+00,-3.721313476562500000e-01,2.102050781250000000e-01,6.584472656250000000e-01,6.194458007812500000e-01
-2.000000000000000000e+00,2.000000000000000000e+00,2.800000000000000000e+01,-1.000000000000000000e+00,-9.000000000000000000e+00,0.000000000000000000e+00,0.000000000000000000e+00,-2.000000000000000000e+00,-3.721313476562500000e-01,2.102050781250000000e-01,6.584472656250000000e-01,6.194458007812500000e-01
-3.000000000000000000e+00,-9.000000000000000000e+00,-3.500000000000000000e+01,-7.000000000000000000e+00,1.300000000000000000e+01,1.000000000000000000e+00,-5.000000000000000000e+00,-7.000000000000000000e+00,-3.721313476562500000e-01,2.102050781250000000e-01,6.584472656250000000e-01,6.194458007812500000e-01
-1.000000000000000000e+00,-3.000000000000000000e+00,-8.000000000000000000e+00,-8.000000000000000000e+00,-1.500000000000000000e+01,-4.000000000000000000e+00,-1.000000000000000000e+00,-1.000000000000000000e+00,-3.739624023437500000e-01,2.078857421875000000e-01,6.583862304687500000e-01,6.192016601562500000e-01
0.000000000000000000e+00,4.000000000000000000e+00,7.000000000000000000e+00,1.900000000000000000e+01,8.000000000000000000e+00,0.000000000000000000e+00,-2.000000000000000000e+00,1.000000000000000000e+00,-3.739624023437500000e-01,2.078857421875000000e-01,6.583862304687500000e-01,6.192016601562500000e-01
0.000000000000000000e+00,-1.000000000000000000e+00,-8.000000000000000000e+00,-1.300000000000000000e+01,-1.800000000000000000e+01,-4.000000000000000000e+00,-4.000000000000000000e+00,-2.000000000000000000e+00,-3.739624023437500000e-01,2.078857421875000000e-01,6.583862304687500000e-01,6.192016601562500000e-01
1.000000000000000000e+00,4.000000000000000000e+00,2.400000000000000000e+01,2.000000000000000000e+00,1.000000000000000000e+01,1.000000000000000000e+00,3.000000000000000000e+00,2.000000000000000000e+00,-3.739624023437500000e-01,2.078857421875000000e-01,6.583862304687500000e-01,6.192016601562500000e-01
0.000000000000000000e+00,0.000000000000000000e+00,-1.000000000000000000e+01,1.300000000000000000e+01,-6.000000000000000000e+00,-1.000000000000000000e+00,4.000000000000000000e+00,2.000000000000000000e+00,-3.764038085937500000e-01,2.048339843750000000e-01,6.583251953125000000e-01,6.187744140625000000e-01
-3.000000000000000000e+00,-2.000000000000000000e+00,1.200000000000000000e+01,-2.000000000000000000e+00,4.000000000000000000e+00,0.000000000000000000e+00,0.000000000000000000e+00,-1.000000000000000000e+00,-3.764038085937500000e-01,2.048339843750000000e-01,6.583251953125000000e-01,6.187744140625000000e-01
0.000000000000000000e+00,-4.000000000000000000e+00,-2.300000000000000000e+01,-8.000000000000000000e+00,2.000000000000000000e+00,0.000000000000000000e+00,-2.000000000000000000e+00,0.000000000000000000e+00,-3.764038085937500000e-01,2.048339843750000000e-01,6.583251953125000000e-01,6.187744140625000000e-01
-2.000000000000000000e+00,3.000000000000000000e+00,4.000000000000000000e+01,1.900000000000000000e+01,1.000000000000000000e+00,-3.000000000000000000e+00,-1.000000000000000000e+01,-6.000000000000000000e+00,-3.764038085937500000e-01,2.048339843750000000e-01,6.583251953125000000e-01,6.187744140625000000e-01
-1.000000000000000000e+00,-4.000000000000000000e+00,-2.900000000000000000e+01,-2.500000000000000000e+01,-5.000000000000000000e+00,2.000000000000000000e+00,9.000000000000000000e+00,6.000000000000000000e+00,-3.783569335937500000e-01,2.025146484375000000e-01,6.575317382812500000e-01,6.192626953125000000e-01
0.000000000000000000e+00,3.000000000000000000e+00,1.000000000000000000e+01,2.000000000000000000e+00,0.000000000000000000e+00,-1.000000000000000000e+00,0.000000000000000000e+00,0.000000000000000000e+00,-3.783569335937500000e-01,2.025146484375000000e-01,6.575317382812500000e-01,6.192626953125000000e-01
-4.000000000000000000e+00,-3.000000000000000000e+00,2.100000000000000000e+01,-1.000000000000000000e+00,2.000000000000000000e+00,-3.000000000000000000e+00,-3.000000000000000000e+00,-7.000000000000000000e+00,-3.783569335937500000e-01,2.025146484375000000e-01,6.575317382812500000e-01,6.192626953125000000e-01
-1.000000000000000000e+00,-2.000000000000000000e+00,-2.000000000000000000e+00,1.900000000000000000e+01,1.000000000000000000e+00,4.000000000000000000e+00,2.000000000000000000e+00,0.000000000000000000e+00,-3.783569335937500000e-01,2.025146484375000000e-01,6.575317382812500000e-01,6.192626953125000000e-01
1.000000000000000000e+00,2.000000000000000000e+00,1.000000000000000000e+00,-2.100000000000000000e+01,-7.000000000000000000e+00,-3.000000000000000000e+00,-3.000000000000000000e+00,-2.000000000000000000e+00,-3.784790039062500000e-01,2.015380859375000000e-01,6.562500000000000000e-01,6.207885742187500000e-01
0.000000000000000000e+00,-2.000000000000000000e+00,5.000000000000000000e+00,2.200000000000000000e+01,3.000000000000000000e+00,-1.000000000000000000e+00,-3.000000000000000000e+00,-2.000000000000000000e+00,-3.784790039062500000e-01,2.015380859375000000e-01,6.562500000000000000e-01,6.207885742187500000e-01
-6.000000000000000000e+00,-1.000000000000000000e+01,-2.400000000000000000e+01,-2.100000000000000000e+01,0.000000000000000000e+00,1.000000000000000000e+00,1.000000000000000000e+00,0.000000000000000000e+00,-3.784790039062500000e-01,2.015380859375000000e-01,6.562500000000000000e-01,6.207885742187500000e-01
-1.000000000000000000e+00,4.000000000000000000e+00,5.000000000000000000e+00,1.200000000000000000e+01,-6.000000000000000000e+00,-3.000000000000000000e+00,0.000000000000000000e+00,-2.000000000000000000e+00,-3.784790039062500000e-01,2.015380859375000000e-01,6.562500000000000000e-01,6.207885742187500000e-01
-1.000000000000000000e+00,2.000000000000000000e+00,1.000000000000000000e+00,-2.300000000000000000e+01,-1.000000000000000000e+00,2.000000000000000000e+00,2.000000000000000000e+00,2.000000000000000000e+00,-3.771972656250000000e-01,2.019042968750000000e-01,6.549682617187500000e-01,6.228637695312500000e-01
-2.000000000000000000e+00,-2.000000000000000000e+00,5.000000000000000000e+00,-6.000000000000000000e+00,-7.000000000000000000e+00,-4.000000000000000000e+00,-4.000000000000000000e+00,-5.000000000000000000e+00,-3.771972656250000000e-01,2.019042968750000000e-01,6.549682617187500000e-01,6.228637695312500000e-01
3.000000000000000000e+00,3.000000000000000000e+00,0.000000000000000000e+00,1.200000000000000000e+01,0.000000000000000000e+00,-2.000000000000000000e+00,0.000000000000000000e+00,2.000000000000000000e+00,-3.771972656250000000e-01,2.019042968750000000e-01,6.549682617187500000e-01,6.228637695312500000e-01
-4.000000000000000000e+00,-7.000000000000000000e+00,-3.000000000000000000e+00,7.000000000000000000e+00,3.000000000000000000e+00,-1.000000000000000000e+00,3.000000000000000000e+00,2.000000000000000000e+00,-3.771972656250000000e-01,2.019042968750000000e-01,6.549682617187500000e-01,6.228637695312500000e-01
0.000000000000000000e+00,-2.000000000000000000e+00,-1.000000000000000000e+01,-9.000000000000000000e+00,-8.000000000000000000e+00,-6.000000000000000000e+00,-6.000000000000000000e+00,-3.000000000000000000e+00,-3.753662109375000000e-01,2.027587890625000000e-01,6.543579101562500000e-01,6.243286132812500000e-01
-4.000000000000000000e+00,-4.000000000000000000e+00,-1.100000000000000000e+01,-4.000000000000000000e+00,-1.000000000000000000e+00,-1.000000000000000000e+00,-6.000000000000000000e+00,-7.000000000000000000e+00,-3.753662109375000000e-01,2.027587890625000000e-01,6.543579101562500000e-01,6.243286132812500000e-01
0.000000000000000000e+00,1.000000000000000000e+00,1.200000000000000000e+01,2.000000000000000000e+00,0.000000000000000000e+00,1.000000000000000000e+00,-3.000000000000000000e+00,-1.000000000000000000e+00,-3.753662109375000000e-01,2.027587890625000000e-01,6.543579101562500000e-01,6.243286132812500000e-01
3.000000000000000000e+00,3.000000000000000000e+00,1.700000000000000000e+01,0.000000000000000000e+00,8.000000000000000000e+00,2.000000000000000000e+00,7.000000000000000000e+00,8.000000000000000000e+00,-3.753662109375000000e-01,2.027587890625000000e-01,6.543579101562500000e-01,6.243286132812500000e-01
